data_inversa;horario;municipio;causa_acidente;tipo_acidente;classificacao_acidente;fase_dia;sentido_via;condicao_metereologica;tipo_pista;tracado_via;latitude;longitude
21/01/2023;10:45:00;GUARAPUAVA;Ultrapassagem Indevida;Colisão frontal;Com Vítimas Fatais;Pleno dia;Decrescente;Céu Claro;Simples;Curva;-25,36845518;-51,49535
23/01/2023;14:00:00;SANTA LUCIA;Ultrapassagem Indevida;Colisão frontal;Com Vítimas Fatais;Pleno dia;Crescente;Sol;Simples;Reta;-25,38467195;-53,57633054
23/01/2023;05:10:00;GUARULHOS;Carga excessiva e/ou mal acondicionada;Derramamento de carga;Sem Vítimas;Amanhecer;Decrescente;Céu Claro;Dupla;Reta;-23,48586772;-46,54075317
21/01/2023;21:55:00;CAMPOS DOS GOYTACAZES;Ingestão de álcool pelo condutor;Tombamento;Com Vítimas Feridas;Plena Noite;Crescente;Céu Claro;Simples;Curva;-21,82198875;-41,46111095
21/01/2023;08:10:00;FEIRA DE SANTANA;Condutor deixou de manter distância do veículo da frente;Tombamento;Com Vítimas Feridas;Pleno dia;Crescente;Céu Claro;Simples;"Curva;Declive";-12,24034412;-38,98298621
20/01/2023;21:28:00;PORTO VELHO;Acessar a via sem observar a presença dos outros veículos;Tombamento;Com Vítimas Feridas;Plena Noite;Crescente;Ignorado;Dupla;"Retorno Regulamentado;Reta";-8,79554083;-63,84072487
23/01/2023;12:00:00;LAJEDINHO;Ultrapassagem Indevida;Colisão frontal;Com Vítimas Fatais;Pleno dia;Crescente;Céu Claro;Simples;Curva;-12,45893011;-40,99413001
20/01/2023;18:30:00;SANTOS DUMONT;Restrição de visibilidade em curvas horizontais;Colisão transversal;Sem Vítimas;Anoitecer;Decrescente;Chuva;Simples;Curva;-21,37609516;-43,56993701
23/01/2023;18:30:00;POUSO REDONDO;Velocidade Incompatível;Saída de leito carroçável;Com Vítimas Feridas;Plena Noite;Decrescente;Chuva;Simples;Curva;-27,28423073;-50,07761478
23/01/2023;22:30:00;SAO GONCALO;Manobra de mudança de faixa;Colisão lateral sentido oposto;Com Vítimas Feridas;Plena Noite;Decrescente;Garoa/Chuvisco;Dupla;Reta;-22,79717023;-43,04404993
24/01/2023;07:05:00;SAO JOSE;Manobra de mudança de faixa;Colisão transversal;Sem Vítimas;Pleno dia;Decrescente;Céu Claro;Dupla;Curva;-27,58313237;-48,61532885
22/01/2023;01:00:00;VARZEA GRANDE;Chuva;Colisão frontal;Sem Vítimas;Plena Noite;Crescente;Chuva;Simples;Reta;-15,691133;-56,169357
24/01/2023;10:40:00;ATALAIA;Falta de acostamento;Saída de leito carroçável;Com Vítimas Feridas;Pleno dia;Crescente;Céu Claro;Simples;Aclive;-9,50948818;-36,01302293
24/01/2023;08:20:00;EXTREMA;Velocidade Incompatível;Tombamento;Com Vítimas Feridas;Pleno dia;Crescente;Nublado;Dupla;"Curva;Declive";-22,81198015;-46,28431295
24/01/2023;10:40:00;MINEIROS;Ultrapassagem Indevida;Saída de leito carroçável;Com Vítimas Feridas;Pleno dia;Decrescente;Céu Claro;Simples;Reta;-17,668106;-52,302914
24/01/2023;14:30:00;CAMPO LARGO;Manobra de mudança de faixa;Colisão traseira;Com Vítimas Feridas;Pleno dia;Decrescente;Céu Claro;Dupla;Curva;-25,44558428;-49,46924586
24/01/2023;14:55:00;NAVEGANTES;Reação tardia ou ineficiente do condutor;Tombamento;Com Vítimas Feridas;Pleno dia;Decrescente;Céu Claro;Simples;Curva;-26,83955734;-48,71418074
22/01/2023;18:00:00;NOVO PROGRESSO;Velocidade Incompatível;Colisão com objeto;Com Vítimas Feridas;Plena Noite;Crescente;Ignorado;Simples;Reta;-7,17762002;-55,36468489
24/01/2023;13:30:00;TIBAGI;Velocidade Incompatível;Colisão lateral mesmo sentido;Com Vítimas Feridas;Pleno dia;Decrescente;Sol;Simples;"Reta;Ponte";-24,47979436;-50,44374704
24/01/2023;18:00:00;SANTA MARIA;Manobra de mudança de faixa;Colisão lateral mesmo sentido;Sem Vítimas;Pleno dia;Decrescente;Céu Claro;Dupla;Reta;-29,69762558;-53,78846438
24/01/2023;17:45:00;NITEROI;Manobra de mudança de faixa;Colisão lateral mesmo sentido;Sem Vítimas;Anoitecer;Crescente;Nublado;Dupla;Reta;-22,87206203;-43,146105
24/01/2023;18:50:00;PLANALTO;Velocidade Incompatível;Tombamento;Com Vítimas Fatais;Plena Noite;Decrescente;Céu Claro;Simples;"Aclive;Reta";-14,680267;-40,520978
24/01/2023;07:45:00;OURO PRETO DO OESTE;Demais falhas mecânicas ou elétricas;Tombamento;Sem Vítimas;Pleno dia;Crescente;Garoa/Chuvisco;Simples;"Reta;Declive";-10,61764701;-62,33150501
24/01/2023;17:00:00;MONTE CARMELO;Pista Escorregadia;Saída de leito carroçável;Com Vítimas Feridas;Anoitecer;Crescente;Chuva;Simples;Reta;-18,91496818;-47,377739
21/01/2023;12:00:00;BARRA DO TURVO;Ingestão de álcool pelo condutor;Tombamento;Com Vítimas Feridas;Pleno dia;Crescente;Céu Claro;Múltipla;Curva;-24,97447301;-48,504597
22/01/2023;11:37:00;OLIVEIRA DOS BREJINHOS;Chuva;Tombamento;Sem Vítimas;Pleno dia;Crescente;Garoa/Chuvisco;Múltipla;"Curva;Declive";-12,41360616;-42,36805991
22/01/2023;09:10:00;OLIVEIRA DOS BREJINHOS;Chuva;Colisão transversal;Com Vítimas Feridas;Pleno dia;Decrescente;Chuva;Simples;Reta;-12,37707239;-42,42469314
25/01/2023;05:20:00;IBIRACU;Acumulo de água sobre o pavimento;Colisão frontal;Com Vítimas Feridas;Pleno dia;Crescente;Chuva;Dupla;Curva;-19,86460092;-40,38336629
12/01/2023;13:40:00;LARANJAL;Ultrapassagem Indevida;Colisão frontal;Com Vítimas Fatais;Pleno dia;Crescente;Céu Claro;Simples;"Ponte;Reta";-21,39205;-42,489685
25/01/2023;07:00:00;GUAXUPE;Velocidade Incompatível;Colisão traseira;Com Vítimas Feridas;Pleno dia;Decrescente;Céu Claro;Simples;"Reta;Declive;Rotatória";-21,29793127;-46,67412758
21/01/2023;10:11:00;INDIANOPOLIS;Pista esburacada;Colisão lateral sentido oposto;Com Vítimas Feridas;Pleno dia;Decrescente;Céu Claro;Simples;Curva;-18,91312283;-47,86289793
21/01/2023;14:30:00;JACIARA;Ultrapassagem Indevida;Colisão lateral mesmo sentido;Sem Vítimas;Pleno dia;Crescente;Nublado;Dupla;"Reta;Aclive";-16,06464917;-54,8799054
21/01/2023;13:40:00;DESCANSO;Velocidade Incompatível;Saída de leito carroçável;Com Vítimas Feridas;Pleno dia;Decrescente;Céu Claro;Simples;"Curva;Declive";-26,824224;-53,412407
23/01/2023;05:33:00;RIO GRANDE;Neblina;Colisão traseira;Sem Vítimas;Amanhecer;Crescente;Nevoeiro/Neblina;Dupla;Reta;-31,86521207;-52,32379036
25/01/2023;07:00:00;ITAPUA DO OESTE;Ultrapassagem Indevida;Colisão lateral mesmo sentido;Com Vítimas Feridas;Amanhecer;Decrescente;Garoa/Chuvisco;Simples;Reta;-9,14732013;-63,23310013
25/01/2023;09:40:00;MARINGA;Reação tardia ou ineficiente do condutor;Tombamento;Com Vítimas Feridas;Pleno dia;Decrescente;Céu Claro;Dupla;"Curva;Declive";-23,4273;-51,9375
21/01/2023;17:10:00;PRIMAVERA DO LESTE;Demais falhas mecânicas ou elétricas;Tombamento;Sem Vítimas;Pleno dia;Crescente;Chuva;Simples;Reta;-15,61663061;-54,18521404
25/01/2023;12:25:00;ORTIGUEIRA;Velocidade Incompatível;Tombamento;Com Vítimas Feridas;Pleno dia;Crescente;Céu Claro;Dupla;"Curva;Declive";-23,980556;-51,085541
25/01/2023;08:30:00;BARRA DO GARCAS;Velocidade Incompatível;Tombamento;Sem Vítimas;Pleno dia;Decrescente;Nublado;Simples;Curva;-15,81393036;-52,47756134
25/01/2023;13:00:00;CAJATI;Reação tardia ou ineficiente do condutor;Tombamento;Com Vítimas Feridas;Pleno dia;Decrescente;Sol;Dupla;"Curva;Declive";-24,83558399;-48,2223738
21/01/2023;19:00:00;PELOTAS;Velocidade Incompatível;Tombamento;Com Vítimas Feridas;Anoitecer;Crescente;Nublado;Dupla;Interseção de Vias;-31,7302021;-52,38891721
25/01/2023;15:50:00;PATOS DE MINAS;Velocidade Incompatível;Colisão frontal;Com Vítimas Feridas;Pleno dia;Decrescente;Chuva;Simples;Curva;-18,63481872;-46,34836686
25/01/2023;16:00:00;PEDRA PRETA;Falta de elemento de contenção que evite a saída do leito carroçável;Saída de leito carroçável;Com Vítimas Feridas;Pleno dia;Crescente;Nublado;Simples;"Aclive;Reta";-16,603064;-54,479123
25/01/2023;14:45:00;FILADELFIA;Ultrapassagem Indevida;Colisão lateral sentido oposto;Com Vítimas Feridas;Pleno dia;Crescente;Céu Claro;Simples;Reta;-10,78532804;-40,11780243
25/01/2023;18:40:00;CAMPO LARGO;Trafegar com motocicleta (ou similar) entre as faixas;Tombamento;Com Vítimas Feridas;Anoitecer;Crescente;Céu Claro;Dupla;"Curva;Aclive";-25,44353337;-49,46404696
25/01/2023;06:40:00;POCOES;Velocidade Incompatível;Colisão frontal;Com Vítimas Feridas;Pleno dia;Decrescente;Céu Claro;Simples;Reta;-14,512942;-40,365989
25/01/2023;18:15:00;SEABRA;Velocidade Incompatível;Colisão traseira;Com Vítimas Feridas;Anoitecer;Decrescente;Céu Claro;Simples;"Aclive;Reta";-12,427427;-41,77020288
25/01/2023;15:00:00;SOBRAL;Chuva;Colisão frontal;Com Vítimas Fatais;Pleno dia;Decrescente;Chuva;Simples;Reta;-3,71550187;-40,44425006
25/01/2023;20:45:00;PICOS;Ultrapassagem Indevida;Colisão frontal;Com Vítimas Feridas;Plena Noite;Decrescente;Céu Claro;Simples;"Reta;Aclive";-7,08317297;-41,41458999
25/01/2023;18:10:00;EWBANK DA CAMARA;Velocidade Incompatível;Tombamento;Com Vítimas Feridas;Anoitecer;Crescente;Nublado;Simples;"Reta;Declive";-21,47980333;-43,54250614
25/01/2023;22:30:00;APARECIDA DE GOIANIA;Falta de acostamento;Colisão traseira;Sem Vítimas;Plena Noite;Crescente;Chuva;Dupla;"Curva;Declive";-16,7804;-49,2371
26/01/2023;01:30:00;IBATIBA;Velocidade Incompatível;Capotamento;Com Vítimas Feridas;Plena Noite;Decrescente;Céu Claro;Simples;"Curva;Declive";-20,28062181;-41,64687634
26/01/2023;00:50:00;GAMELEIRA;Curva acentuada;Saída de leito carroçável;Sem Vítimas;Plena Noite;Decrescente;Céu Claro;Dupla;Curva;-8,55039544;-35,44619699
22/01/2023;16:50:00;SERRA;Velocidade Incompatível;Colisão traseira;Com Vítimas Feridas;Pleno dia;Decrescente;Céu Claro;Simples;Reta;-20,0321348;-40,39675773
21/01/2023;01:10:00;GANDU;Velocidade Incompatível;Colisão lateral sentido oposto;Sem Vítimas;Plena Noite;Crescente;Nublado;Simples;Curva;-13,856841;-39,49252598
26/01/2023;08:30:00;BRASILIA;Redutor de velocidade em desacordo;Colisão lateral mesmo sentido;Sem Vítimas;Pleno dia;Crescente;Céu Claro;Dupla;Reta;-16,020903;-47,980541
14/01/2023;07:50:00;CURITIBA;Velocidade Incompatível;Colisão traseira;Com Vítimas Feridas;Pleno dia;Decrescente;Céu Claro;Dupla;Reta;-25,53375211;-49,31824405
26/01/2023;12:28:00;IGARASSU;Ausência de reação do condutor;Tombamento;Com Vítimas Fatais;Pleno dia;Decrescente;Céu Claro;Múltipla;Reta;-7,882596;-34,904723
22/01/2023;13:35:00;BALNEARIO CAMBORIU;Manobra de mudança de faixa;Colisão traseira;Com Vítimas Feridas;Pleno dia;Crescente;Nublado;Múltipla;"Reta;Ponte";-27,0050108;-48,62677494
26/01/2023;11:30:00;RIO VERDE;Manobra de mudança de faixa;Colisão traseira;Com Vítimas Feridas;Pleno dia;Crescente;Céu Claro;Dupla;Aclive;-17,7727;-50,8862
26/01/2023;16:22:00;TIMBAUBA;Ultrapassagem Indevida;Colisão frontal;Com Vítimas Feridas;Pleno dia;Crescente;Céu Claro;Simples;Reta;-7,522575;-35,298534
26/01/2023;18:15:00;JUIZ DE FORA;Afundamento ou ondulação no pavimento;Saída de leito carroçável;Com Vítimas Feridas;Pleno dia;Decrescente;Céu Claro;Simples;Reta;-21,58922593;-43,4583538
26/01/2023;15:10:00;MONTE ALEGRE DOS CAMPOS;Velocidade Incompatível;Tombamento;Com Vítimas Feridas;Pleno dia;Crescente;Céu Claro;Simples;Curva;-28,59857;-50,732716
21/01/2023;12:30:00;CONTAGEM;Acumulo de água sobre o pavimento;Saída de leito carroçável;Sem Vítimas;Pleno dia;Crescente;Nublado;Dupla;"Curva;Declive";-19,8638731;-44,06749809
22/01/2023;17:00:00;CAMANDUCAIA;Velocidade Incompatível;Tombamento;Com Vítimas Feridas;Pleno dia;Crescente;Céu Claro;Dupla;"Curva;Declive";-22,7629281;-46,17041731
26/01/2023;16:33:00;LAVRAS;Ultrapassagem Indevida;Queda de ocupante de veículo;Com Vítimas Feridas;Pleno dia;Crescente;Céu Claro;Dupla;"Curva;Aclive";-21,225698;-45,130486
26/01/2023;18:20:00;BELA VISTA DO MARANHAO;Manobra de mudança de faixa;Colisão frontal;Com Vítimas Feridas;Anoitecer;Crescente;Céu Claro;Simples;Reta;-3,701196;-45,31544
26/01/2023;18:00:00;GLORINHA;Avarias e/ou desgaste excessivo no pneu;Tombamento;Com Vítimas Feridas;Anoitecer;Decrescente;Chuva;Dupla;Reta;-29,912643;-50,798103
26/01/2023;16:30:00;FLORES;Manobra de mudança de faixa;Colisão frontal;Com Vítimas Feridas;Pleno dia;Decrescente;Sol;Simples;"Reta;Declive";-8,04030787;-38,05014604
26/01/2023;20:14:00;FELIXLANDIA;Carga excessiva e/ou mal acondicionada;Derramamento de carga;Com Vítimas Feridas;Plena Noite;Decrescente;Nublado;Simples;Reta;-18,73166974;-44,87334188
26/01/2023;20:00:00;BOM DESPACHO;Chuva;Colisão frontal;Com Vítimas Feridas;Plena Noite;Decrescente;Chuva;Simples;Reta;-19,78610881;-45,30392798
26/01/2023;23:10:00;PIRAI;Velocidade Incompatível;Tombamento;Com Vítimas Feridas;Plena Noite;Decrescente;Céu Claro;Dupla;"Declive;Curva";-22,660623;-43,82667
27/01/2023;03:30:00;NIOAQUE;Velocidade Incompatível;Tombamento;Com Vítimas Feridas;Plena Noite;Crescente;Céu Claro;Simples;"Curva;Declive";-21,20258895;-55,57734365
27/01/2023;05:50:00;FUNDAO;Ultrapassagem Indevida;Colisão frontal;Com Vítimas Fatais;Pleno dia;Decrescente;Céu Claro;Simples;Reta;-19,95224103;-40,40879816
26/01/2023;23:30:00;BLUMENAU;Reação tardia ou ineficiente do condutor;Tombamento;Sem Vítimas;Plena Noite;Decrescente;Céu Claro;Simples;"Interseção de Vias;Reta";-26,88138;-49,164543
27/01/2023;00:30:00;MANHUACU;Ausência de reação do condutor;Tombamento;Com Vítimas Feridas;Plena Noite;Crescente;Nublado;Simples;Curva;-20,18726337;-42,18489254
27/01/2023;10:00:00;ESMERALDAS;Acumulo de areia ou detritos sobre o pavimento;Eventos atípicos;Sem Vítimas;Pleno dia;Decrescente;Céu Claro;Dupla;"Aclive;Curva";-19,66258914;-44,19686822
27/01/2023;11:35:00;BOA VIAGEM;Demais falhas na via;Tombamento;Com Vítimas Feridas;Pleno dia;Crescente;Céu Claro;Simples;"Declive;Ponte";-5,287862;-39,893627
27/01/2023;09:30:00;COMENDADOR GOMES;Demais falhas mecânicas ou elétricas;Tombamento;Com Vítimas Feridas;Pleno dia;Crescente;Céu Claro;Dupla;"Reta;Declive";-19,64975778;-48,82869244
27/01/2023;14:40:00;POSSE;Chuva;Saída de leito carroçável;Com Vítimas Feridas;Pleno dia;Crescente;Chuva;Simples;"Curva;Aclive";-14,268924;-46,380203
27/01/2023;14:00:00;PORTO UNIAO;Manobra de mudança de faixa;Colisão lateral mesmo sentido;Com Vítimas Feridas;Pleno dia;Crescente;Sol;Simples;Reta;-26,28524961;-51,02104389
27/01/2023;17:10:00;BALNEARIO CAMBORIU;Ultrapassagem Indevida;Colisão lateral mesmo sentido;Com Vítimas Feridas;Pleno dia;Crescente;Céu Claro;Múltipla;Reta;-26,99064209;-48,66310912
27/01/2023;17:35:00;CURITIBA;Manobra de mudança de faixa;Colisão lateral mesmo sentido;Com Vítimas Feridas;Pleno dia;Decrescente;Céu Claro;Dupla;"Curva;Declive";-25,542501;-49,313011
22/01/2023;18:30:00;TERRA NOVA DO NORTE;Manobra de mudança de faixa;Colisão lateral sentido oposto;Com Vítimas Fatais;Anoitecer;Crescente;Céu Claro;Simples;Curva;-10,67709001;-55,13921885
27/01/2023;18:00:00;ALTO ALEGRE DO MARANHAO;Velocidade Incompatível;Colisão transversal;Com Vítimas Feridas;Anoitecer;Decrescente;Céu Claro;Simples;Reta;-4,306536;-44,411728
27/01/2023;21:05:00;SETE LAGOAS;Pista esburacada;Colisão com objeto;Com Vítimas Feridas;Plena Noite;Decrescente;Céu Claro;Dupla;"Curva;Declive";-19,57184;-44,231534
27/01/2023;20:45:00;TIJUCAS DO SUL;Carga excessiva e/ou mal acondicionada;Derramamento de carga;Sem Vítimas;Plena Noite;Decrescente;Céu Claro;Simples;"Declive;Reta";-25,8516758;-49,00332398
28/01/2023;00:45:00;TRES MARIAS;Carga excessiva e/ou mal acondicionada;Tombamento;Com Vítimas Feridas;Plena Noite;Crescente;Garoa/Chuvisco;Simples;"Curva;Aclive";-18,21264695;-45,22480595
28/01/2023;03:00:00;MIRACATU;Velocidade Incompatível;Tombamento;Com Vítimas Feridas;Plena Noite;Crescente;Céu Claro;Dupla;"Curva;Declive";-24,00189616;-47,15224743
28/01/2023;05:00:00;TAUBATE;Manobra de mudança de faixa;Colisão lateral mesmo sentido;Sem Vítimas;Amanhecer;Crescente;Céu Claro;Dupla;Reta;-23,01250593;-45,52256005
28/01/2023;07:05:00;ALFREDO WAGNER;Ultrapassagem Indevida;Colisão lateral mesmo sentido;Com Vítimas Fatais;Pleno dia;Decrescente;Céu Claro;Simples;Curva;-27,679737;-49,218879
28/01/2023;07:30:00;CAUCAIA;Ultrapassagem Indevida;Colisão lateral mesmo sentido;Com Vítimas Feridas;Pleno dia;Crescente;Céu Claro;Simples;Reta;-3,83210212;-38,7581689
28/01/2023;07:00:00;SAO MIGUEL DO OESTE;Ultrapassagem Indevida;Colisão lateral sentido oposto;Com Vítimas Feridas;Pleno dia;Decrescente;Céu Claro;Simples;Reta;-26,68603933;-53,51444721
28/01/2023;11:50:00;PETROPOLIS;Velocidade Incompatível;Tombamento;Com Vítimas Feridas;Pleno dia;Decrescente;Céu Claro;Dupla;Curva;-22,378777;-43,131523
28/01/2023;09:30:00;CARAI;Reação tardia ou ineficiente do condutor;Tombamento;Com Vítimas Feridas;Pleno dia;Decrescente;Céu Claro;Dupla;"Reta;Aclive";-17,275456;-41,51381
28/01/2023;08:30:00;SAO GONCALO DO RIO ABAIXO;Reação tardia ou ineficiente do condutor;Tombamento;Com Vítimas Feridas;Pleno dia;Crescente;Céu Claro;Simples;Curva;-19,83666149;-43,33681685
28/01/2023;17:35:00;LUZIANIA;Manobra de mudança de faixa;Colisão traseira;Sem Vítimas;Pleno dia;Crescente;Céu Claro;Dupla;Reta;-16,145123;-47,945382
28/01/2023;14:50:00;MONTEIRO;Ultrapassagem Indevida;Colisão frontal;Com Vítimas Fatais;Pleno dia;Crescente;Céu Claro;Simples;"Declive;Reta";-7,878574;-37,099098
28/01/2023;15:40:00;GRAO MOGOL;Velocidade Incompatível;Colisão lateral sentido oposto;Com Vítimas Feridas;Pleno dia;Crescente;Chuva;Simples;"Reta;Declive";-16,42559253;-43,33498612
28/01/2023;15:30:00;TERRA NOVA DO NORTE;Manobra de mudança de faixa;Colisão lateral mesmo sentido;Com Vítimas Feridas;Pleno dia;Decrescente;Garoa/Chuvisco;Simples;Reta;-10,68977276;-55,12810486
29/01/2023;00:10:00;LINHARES;Condutor Dormindo;Tombamento;Com Vítimas Feridas;Plena Noite;Crescente;Céu Claro;Simples;"Declive;Reta";-19,16016593;-40,08315314
27/01/2023;08:50:00;CUIABA;Acumulo de óleo sobre o pavimento;Colisão com objeto;Sem Vítimas;Pleno dia;Decrescente;Chuva;Dupla;Curva;-15,70133417;-55,863696
29/01/2023;03:57:00;GOVERNADOR VALADARES;Demais falhas na via;Colisão lateral sentido oposto;Com Vítimas Feridas;Plena Noite;Crescente;Céu Claro;Simples;Reta;-18,9848253;-42,1076068
29/01/2023;12:15:00;PORTO BELO;Manobra de mudança de faixa;Saída de leito carroçável;Com Vítimas Feridas;Pleno dia;Decrescente;Nublado;Dupla;Retorno Regulamentado;-27,181625;-48,6121179
29/01/2023;12:50:00;PELOTAS;Manobra de mudança de faixa;Colisão lateral mesmo sentido;Com Vítimas Feridas;Pleno dia;Crescente;Céu Claro;Simples;Reta;-31,71122878;-52,39860535
29/01/2023;15:00:00;LAVRINHAS;Velocidade Incompatível;Saída de leito carroçável;Com Vítimas Feridas;Pleno dia;Decrescente;Céu Claro;Dupla;"Declive;Curva";-22,58368521;-44,87772952
29/01/2023;15:15:00;IBIA;Curva acentuada;Saída de leito carroçável;Com Vítimas Feridas;Pleno dia;Decrescente;Garoa/Chuvisco;Simples;"Curva;Declive";-19,59587062;-46,30033692
29/01/2023;15:25:00;ACRELANDIA;Pista esburacada;Colisão transversal;Com Vítimas Feridas;Pleno dia;Crescente;Céu Claro;Simples;"Declive;Reta";-9,81434266;-66,86525345
29/01/2023;16:50:00;BARROLANDIA;Pista Escorregadia;Colisão frontal;Com Vítimas Feridas;Pleno dia;Crescente;Chuva;Simples;Reta;-9,870686;-48,72482897
29/01/2023;17:10:00;SEVERIANO DE ALMEIDA;Ultrapassagem Indevida;Colisão frontal;Com Vítimas Feridas;Pleno dia;Crescente;Chuva;Simples;Curva;-27,457563;-52,088527
29/01/2023;17:00:00;ITATIAIA;Chuva;Colisão com objeto;Com Vítimas Feridas;Anoitecer;Crescente;Chuva;Dupla;"Curva;Declive";-22,50162452;-44,58807495
29/01/2023;17:04:00;ESTIVA;Velocidade Incompatível;Tombamento;Com Vítimas Feridas;Pleno dia;Crescente;Nublado;Dupla;"Curva;Declive";-22,450796;-46,000139
29/01/2023;18:30:00;JUQUITIBA;Ausência de reação do condutor;Tombamento;Com Vítimas Feridas;Anoitecer;Decrescente;Céu Claro;Dupla;Curva;-23,9983939;-47,14927316
30/01/2023;01:00:00;POUSO ALTO;Velocidade Incompatível;Eventos atípicos;Com Vítimas Feridas;Plena Noite;Crescente;Nublado;Simples;"Curva;Declive";-22,2393211;-44,93648355
28/01/2023;22:30:00;SAO GONCALO DO RIO ABAIXO;Avarias e/ou desgaste excessivo no pneu;Tombamento;Com Vítimas Feridas;Plena Noite;Decrescente;Céu Claro;Simples;Curva;-19,80675104;-43,4020021
30/01/2023;08:30:00;ANCHIETA;Velocidade Incompatível;Tombamento;Com Vítimas Feridas;Pleno dia;Crescente;Céu Claro;Simples;Curva;-20,665676;-40,655926
30/01/2023;13:00:00;VITORIA DA CONQUISTA;Velocidade Incompatível;Colisão lateral mesmo sentido;Com Vítimas Feridas;Pleno dia;Decrescente;Sol;Simples;Aclive;-15,16992312;-41,06280781
30/01/2023;13:20:00;DIAMANTE DO SUL;Velocidade Incompatível;Tombamento;Com Vítimas Feridas;Pleno dia;Decrescente;Céu Claro;Simples;"Curva;Declive";-25,14324156;-52,70593386
18/01/2023;16:50:00;SETE LAGOAS;Acumulo de água sobre o pavimento;Saída de leito carroçável;Sem Vítimas;Pleno dia;Crescente;Chuva;Dupla;"Reta;Declive";-19,42224803;-44,33870213
30/01/2023;16:45:00;ITUIUTABA;Acumulo de água sobre o pavimento;Saída de leito carroçável;Com Vítimas Feridas;Pleno dia;Decrescente;Chuva;Simples;Aclive;-18,93793339;-49,43876589
30/01/2023;14:00:00;RESENDE;Velocidade Incompatível;Tombamento;Com Vítimas Feridas;Pleno dia;Decrescente;Nublado;Simples;"Curva;Declive";-22,445492;-44,728962
30/01/2023;14:40:00;COLINAS DO TOCANTINS;Acesso irregular;Tombamento;Com Vítimas Feridas;Pleno dia;Crescente;Céu Claro;Simples;Reta;-8,09852503;-48,46791884
30/01/2023;17:15:00;MAUA DA SERRA;Velocidade Incompatível;Tombamento;Com Vítimas Feridas;Anoitecer;Crescente;Nublado;Dupla;Curva;-23,94468403;-51,12359047
30/01/2023;20:50:00;UMBAUBA;Ausência de reação do condutor;Tombamento;Com Vítimas Feridas;Plena Noite;Crescente;Céu Claro;Simples;Curva;-11,36791417;-37,63159909
31/01/2023;05:40:00;BETIM;Manobra de mudança de faixa;Colisão lateral sentido oposto;Com Vítimas Feridas;Amanhecer;Crescente;Céu Claro;Dupla;"Declive;Reta";-19,95547679;-44,11408246
31/01/2023;08:00:00;GENERAL CARNEIRO;Ausência de reação do condutor;Tombamento;Sem Vítimas;Pleno dia;Decrescente;Céu Claro;Simples;Curva;-15,62211981;-52,83378091
15/01/2023;21:05:00;IBIRAMA;Velocidade Incompatível;Colisão frontal;Com Vítimas Fatais;Plena Noite;Decrescente;Chuva;Simples;Curva;-27,10696417;-49,52216148
31/01/2023;09:15:00;MALHADA DOS BOIS;Pista Escorregadia;Colisão com objeto;Sem Vítimas;Pleno dia;Crescente;Chuva;Dupla;Curva;-10,34642149;-36,8979388
31/01/2023;04:30:00;GUARANTA DO NORTE;Velocidade Incompatível;Tombamento;Com Vítimas Fatais;Amanhecer;Crescente;Céu Claro;Simples;"Curva;Declive";-9,601078;-54,891042
31/01/2023;10:40:00;BARRA DO RIBEIRO;Ausência de sinalização;Colisão lateral mesmo sentido;Sem Vítimas;Pleno dia;Decrescente;Céu Claro;Dupla;Curva;-30,32702593;-51,42171417
31/01/2023;12:00:00;PORTO ALEGRE;Manobra de mudança de faixa;Colisão lateral mesmo sentido;Sem Vítimas;Pleno dia;Decrescente;Céu Claro;Dupla;Retorno Regulamentado;-29,969055;-51,167439
31/01/2023;09:30:00;MONTE ALEGRE DE MINAS;Acessar a via sem observar a presença dos outros veículos;Tombamento;Com Vítimas Feridas;Pleno dia;Decrescente;Céu Claro;Dupla;Retorno Regulamentado;-18,879038;-48,967991
31/01/2023;10:55:00;FORTALEZA;Pista esburacada;Tombamento;Com Vítimas Fatais;Pleno dia;Decrescente;Céu Claro;Múltipla;Reta;-3,872406;-38,498646
31/01/2023;12:45:00;NOVA MUTUM;Manobra de mudança de faixa;Colisão lateral mesmo sentido;Com Vítimas Feridas;Pleno dia;Crescente;Nublado;Simples;Reta;-13,56662999;-56,0289131
31/01/2023;09:50:00;PATOS DE MINAS;Velocidade Incompatível;Colisão frontal;Com Vítimas Fatais;Pleno dia;Crescente;Nublado;Simples;Reta;-18,77949359;-46,69622198
31/01/2023;15:45:00;AGUAS MORNAS;Velocidade Incompatível;Colisão lateral mesmo sentido;Sem Vítimas;Pleno dia;Crescente;Chuva;Simples;"Curva;Declive";-27,706587;-48,808144
31/01/2023;15:10:00;NOVA LARANJEIRAS;Curva acentuada;Tombamento;Com Vítimas Feridas;Pleno dia;Decrescente;Sol;Simples;"Curva;Declive";-25,27437517;-52,59403497
25/01/2023;23:30:00;FAXINAL DOS GUEDES;Demais falhas mecânicas ou elétricas;Tombamento;Com Vítimas Feridas;Plena Noite;Crescente;Céu Claro;Simples;Reta;-26,857132;-52,245258
31/01/2023;19:30:00;CACHOEIRA DOS INDIOS;Afundamento ou ondulação no pavimento;Saída de leito carroçável;Com Vítimas Feridas;Plena Noite;Crescente;Céu Claro;Simples;Reta;-6,956637;-38,723457
01/02/2023;00:05:00;SAO JOSE DO BELMONTE;Demais falhas mecânicas ou elétricas;Tombamento;Com Vítimas Feridas;Plena Noite;Crescente;Nublado;Simples;"Curva;Aclive";-7,99961227;-38,61712517