data_inversa;horario;municipio;causa_acidente;tipo_acidente;classificacao_acidente;fase_dia;sentido_via;condicao_metereologica;tipo_pista;tracado_via;latitude;longitude
10/02/2023;21:50:00;JATAI;Ausência de reação do condutor;Tombamento;Com Vítimas Feridas;Plena Noite;Decrescente;Nublado;Simples;Curva;-17,928156;-51,659107
11/02/2023;03:24:00;CENTRALINA;Ausência de reação do condutor;Tombamento;Com Vítimas Feridas;Plena Noite;Crescente;Garoa/Chuvisco;Dupla;Aclive;-18,66327211;-49,16526319
10/02/2023;23:20:00;JARU;Ultrapassagem Indevida;Colisão lateral mesmo sentido;Com Vítimas Feridas;Plena Noite;Decrescente;Nublado;Simples;"Reta;Ponte";-10,45220802;-62,46072003
11/02/2023;05:00:00;ALTO GARCAS;Ultrapassagem Indevida;Saída de leito carroçável;Com Vítimas Feridas;Amanhecer;Decrescente;Céu Claro;Simples;Reta;-16,84187857;-53,79768419
07/02/2023;19:00:00;BOCAIUVA DO SUL;Velocidade Incompatível;Capotamento;Com Vítimas Feridas;Anoitecer;Decrescente;Nublado;Simples;"Aclive;Curva";-25,152304;-49,110638
11/02/2023;05:30:00;MANOEL VITORINO;Manobra de mudança de faixa;Colisão lateral sentido oposto;Com Vítimas Feridas;Pleno dia;Decrescente;Céu Claro;Simples;Reta;-14,24600195;-40,28404121
11/02/2023;10:30:00;CALIFORNIA;Velocidade Incompatível;Tombamento;Com Vítimas Feridas;Pleno dia;Decrescente;Nublado;Dupla;Curva;-23,69676029;-51,33773804
11/02/2023;11:09:00;LINHARES;Manobra de mudança de faixa;Colisão lateral mesmo sentido;Com Vítimas Feridas;Pleno dia;Crescente;Chuva;Múltipla;Reta;-19,37887202;-40,06657892
11/02/2023;08:20:00;FORQUILHA;Velocidade Incompatível;Tombamento;Com Vítimas Feridas;Pleno dia;Crescente;Céu Claro;Simples;Curva;-3,79695907;-40,21547705
20/01/2023;14:20:00;TERRA NOVA DO NORTE;Acessar a via sem observar a presença dos outros veículos;Tombamento;Com Vítimas Feridas;Pleno dia;Decrescente;Céu Claro;Simples;Reta;-10,58824596;-55,09321322
11/02/2023;12:30:00;SAO JOSE DOS PINHAIS;Reação tardia ou ineficiente do condutor;Tombamento;Com Vítimas Feridas;Pleno dia;Crescente;Céu Claro;Dupla;"Aclive;Curva";-25,51026676;-49,12906229
11/02/2023;12:00:00;RIO GRANDE;Reação tardia ou ineficiente do condutor;Tombamento;Com Vítimas Feridas;Pleno dia;Decrescente;Céu Claro;Simples;Reta;-32,10246718;-52,11069415
08/02/2023;17:40:00;SAO RAIMUNDO DAS MANGABEIRAS;Acostamento em desnível;Saída de leito carroçável;Sem Vítimas;Pleno dia;Decrescente;Céu Claro;Simples;Reta;-7,21414714;-45,83724395
11/02/2023;19:10:00;GRAVATAI;Manobra de mudança de faixa;Colisão lateral mesmo sentido;Com Vítimas Feridas;Anoitecer;Decrescente;Céu Claro;Dupla;Reta;-29,95343;-51,058449
11/02/2023;20:00:00;TUCANO;Ausência de sinalização;Colisão lateral sentido oposto;Com Vítimas Fatais;Plena Noite;Decrescente;Céu Claro;Simples;Reta;-11,191222;-38,867627
11/02/2023;22:35:00;IBIRACU;Velocidade Incompatível;Tombamento;Com Vítimas Feridas;Plena Noite;Decrescente;Céu Claro;Simples;Curva;-19,87635624;-40,41496163
11/02/2023;21:30:00;IRAJUBA;Carga excessiva e/ou mal acondicionada;Tombamento;Com Vítimas Feridas;Plena Noite;Crescente;Céu Claro;Simples;Aclive;-13,2251602;-40,020031
11/02/2023;10:45:00;SUCUPIRA DO RIACHAO;Ausência de reação do condutor;Tombamento;Com Vítimas Feridas;Pleno dia;Decrescente;Nublado;Simples;Reta;-6,60796518;-43,4056311
11/02/2023;17:25:00;AGUA BOA;Reação tardia ou ineficiente do condutor;Tombamento;Sem Vítimas;Pleno dia;Crescente;Céu Claro;Simples;Curva;-14,53691046;-52,32954037
31/01/2023;20:10:00;PRANCHITA;Iluminação deficiente;Colisão traseira;Com Vítimas Feridas;Plena Noite;Crescente;Céu Claro;Simples;"Reta;Declive";-25,96681899;-53,72229007
12/02/2023;09:11:00;JANGADA;Ultrapassagem Indevida;Colisão lateral mesmo sentido;Com Vítimas Feridas;Pleno dia;Decrescente;Céu Claro;Simples;Aclive;-15,18215397;-56,52038195
12/02/2023;14:00:00;RIO NOVO DO SUL;Curva acentuada;Tombamento;Sem Vítimas;Pleno dia;Decrescente;Céu Claro;Simples;Curva;-20,85689511;-40,8767812
12/02/2023;02:00:00;CAIAPONIA;Reação tardia ou ineficiente do condutor;Tombamento;Sem Vítimas;Plena Noite;Decrescente;Nublado;Simples;"Aclive;Reta";-16,92992171;-51,81418301
12/02/2023;16:50:00;CONTAGEM;Velocidade Incompatível;Colisão com objeto;Com Vítimas Feridas;Pleno dia;Crescente;Chuva;Dupla;Reta;-19,90149502;-44,04938939
12/02/2023;21:20:00;IGARAPE;Manobra de mudança de faixa;Tombamento;Com Vítimas Feridas;Plena Noite;Decrescente;Céu Claro;Simples;"Reta;Declive";-20,11382303;-44,30720801
13/02/2023;07:00:00;FAZENDA RIO GRANDE;Manobra de mudança de faixa;Colisão lateral mesmo sentido;Sem Vítimas;Pleno dia;Crescente;Nublado;Dupla;Reta;-25,626437;-49,314697
12/02/2023;17:00:00;PORTO VITORIA;Pista esburacada;Colisão lateral sentido oposto;Com Vítimas Feridas;Pleno dia;Crescente;Céu Claro;Simples;Reta;-26,32542196;-51,22924805
13/02/2023;06:00:00;MAUA DA SERRA;Ausência de reação do condutor;Tombamento;Sem Vítimas;Amanhecer;Crescente;Nublado;Dupla;"Curva;Declive";-23,9743171;-51,1035821
13/02/2023;09:15:00;SALVADOR;Ultrapassagem Indevida;Colisão lateral mesmo sentido;Com Vítimas Feridas;Pleno dia;Crescente;Céu Claro;Dupla;Reta;-12,85531601;-38,42055197
08/02/2023;15:20:00;PRATA;Pista Escorregadia;Colisão lateral sentido oposto;Com Vítimas Feridas;Pleno dia;Crescente;Chuva;Simples;"Reta;Declive";-19,26347485;-48,92260343
13/02/2023;12:15:00;PARANAGUA;Velocidade Incompatível;Tombamento;Com Vítimas Feridas;Pleno dia;Crescente;Sol;Dupla;"Retorno Regulamentado;Reta";-25,566187;-48,624023
13/02/2023;12:30:00;ABREU E LIMA;Manobra de mudança de faixa;Colisão lateral mesmo sentido;Sem Vítimas;Pleno dia;Decrescente;Céu Claro;Múltipla;Reta;-7,9169968;-34,89689272
13/02/2023;10:40:00;MONTE CASTELO;Frear bruscamente;Tombamento;Com Vítimas Feridas;Pleno dia;Decrescente;Céu Claro;Simples;"Curva;Declive";-26,75432875;-50,33254266
13/02/2023;09:40:00;PRESIDENTE MEDICI;Acostamento em desnível;Tombamento;Com Vítimas Feridas;Pleno dia;Crescente;Céu Claro;Simples;"Reta;Declive";-11,262843;-61,90205
13/02/2023;15:00:00;SAO CRISTOVAO;Manobra de mudança de faixa;Colisão traseira;Sem Vítimas;Pleno dia;Crescente;Céu Claro;Dupla;Retorno Regulamentado;-10,94880037;-37,21099182
13/02/2023;19:50:00;CAMBIRA;Velocidade Incompatível;Saída de leito carroçável;Com Vítimas Feridas;Plena Noite;Decrescente;Chuva;Dupla;"Reta;Declive";-23,59389645;-51,57860577
13/02/2023;20:05:00;SAO GONCALO DO PARA;Velocidade Incompatível;Colisão traseira;Com Vítimas Feridas;Plena Noite;Decrescente;Céu Claro;Dupla;"Aclive;Reta";-19,8939514;-44,84275818
13/02/2023;21:15:00;APIUNA;Ultrapassagem Indevida;Tombamento;Com Vítimas Feridas;Plena Noite;Crescente;Céu Claro;Simples;Curva;-27,083876;-49,449543
13/02/2023;22:30:00;FRONTEIRA;Ultrapassagem Indevida;Colisão frontal;Com Vítimas Feridas;Plena Noite;Decrescente;Chuva;Simples;Reta;-20,24705204;-49,16684895
13/02/2023;23:35:00;BARRA MANSA;Velocidade Incompatível;Colisão traseira;Com Vítimas Feridas;Plena Noite;Decrescente;Garoa/Chuvisco;Simples;"Aclive;Reta";-22,51174295;-44,21705393
14/02/2023;00:50:00;ANTONIO DIAS;Acumulo de areia ou detritos sobre o pavimento;Colisão com objeto;Com Vítimas Feridas;Plena Noite;Crescente;Nublado;Simples;"Reta;Desvio Temporário;Em Obras";-19,656227;-42,958355
13/02/2023;20:03:00;CATANDUVAS;Ultrapassagem Indevida;Colisão lateral mesmo sentido;Com Vítimas Feridas;Plena Noite;Crescente;Nevoeiro/Neblina;Simples;Aclive;-25,10308056;-53,11970389
10/02/2023;10:35:00;ITABERABA;Reação tardia ou ineficiente do condutor;Tombamento;Com Vítimas Feridas;Pleno dia;Decrescente;Sol;Simples;Curva;-12,477205;-40,53784
14/02/2023;09:20:00;ARAQUARI;Manobra de mudança de faixa;Colisão lateral mesmo sentido;Com Vítimas Feridas;Pleno dia;Crescente;Sol;Dupla;Declive;-26,5519717;-48,71688324
14/02/2023;10:45:00;MORRETES;Curva acentuada;Tombamento;Com Vítimas Feridas;Pleno dia;Crescente;Céu Claro;Dupla;"Curva;Aclive";-25,547373;-48,790559
14/02/2023;13:30:00;CARANDAI;Afundamento ou ondulação no pavimento;Saída de leito carroçável;Com Vítimas Feridas;Pleno dia;Decrescente;Chuva;Simples;Reta;-21,04805781;-43,76292836
30/01/2023;15:11:00;RECIFE;Manobra de mudança de faixa;Colisão traseira;Com Vítimas Feridas;Pleno dia;Decrescente;Céu Claro;Dupla;Reta;-8,02478597;-34,94276635
27/01/2023;20:30:00;PRESIDENTE FIGUEIREDO;Manobra de mudança de faixa;Colisão frontal;Com Vítimas Feridas;Plena Noite;Crescente;Céu Claro;Simples;Reta;-1,472094;-60,277462
14/02/2023;07:15:00;DIAMANTINO;Ultrapassagem Indevida;Colisão frontal;Com Vítimas Feridas;Pleno dia;Crescente;Céu Claro;Múltipla;"Curva;Declive";-14,303392;-56,140155
14/02/2023;10:55:00;SANTO ANTONIO DO DESCOBERTO;Velocidade Incompatível;Colisão traseira;Com Vítimas Feridas;Pleno dia;Crescente;Céu Claro;Dupla;"Curva;Declive";-16,11454249;-48,33283514
14/02/2023;15:00:00;ITAMARAJU;Demais falhas na via;Tombamento;Sem Vítimas;Pleno dia;Decrescente;Céu Claro;Simples;"Desvio Temporário;Em Obras;Aclive";-17,09009399;-39,5693779
14/02/2023;15:00:00;CAMPINA GRANDE DO SUL;Pista Escorregadia;Colisão com objeto;Sem Vítimas;Pleno dia;Decrescente;Garoa/Chuvisco;Dupla;"Curva;Declive";-25,11076293;-48,80678415
14/02/2023;18:15:00;PALHOCA;Ultrapassagem Indevida;Colisão lateral mesmo sentido;Sem Vítimas;Pleno dia;Crescente;Nublado;Dupla;Reta;-27,795666;-48,638153
14/02/2023;17:00:00;XAXIM;Chuva;Colisão frontal;Com Vítimas Feridas;Pleno dia;Crescente;Chuva;Simples;"Aclive;Curva";-26,969427;-52,57497
14/02/2023;14:05:00;CORREGO DANTA;Velocidade Incompatível;Colisão frontal;Com Vítimas Fatais;Pleno dia;Decrescente;Chuva;Simples;Curva;-19,74101123;-46,00623126
14/02/2023;15:30:00;MUQUEM DE SAO FRANCISCO;Ultrapassagem Indevida;Colisão lateral sentido oposto;Com Vítimas Feridas;Pleno dia;Decrescente;Céu Claro;Simples;Reta;-12,17493778;-43,2572937
14/02/2023;19:20:00;SAPUCAIA;Chuva;Colisão lateral sentido oposto;Com Vítimas Feridas;Plena Noite;Decrescente;Chuva;Simples;Curva;-21,97483597;-42,74723307
14/02/2023;21:30:00;GUAPIMIRIM;Pista em desnível;Tombamento;Com Vítimas Feridas;Plena Noite;Decrescente;Garoa/Chuvisco;Simples;Reta;-22,68099881;-42,96670886
15/02/2023;03:30:00;AREAL;Curva acentuada;Tombamento;Com Vítimas Feridas;Plena Noite;Crescente;Céu Claro;Dupla;Curva;-22,19935287;-43,15764401
15/02/2023;09:50:00;ARAQUARI;Manobra de mudança de faixa;Colisão lateral mesmo sentido;Sem Vítimas;Pleno dia;Crescente;Céu Claro;Dupla;Reta;-26,44025049;-48,80129043
15/02/2023;09:20:00;CAMPINA GRANDE DO SUL;Velocidade Incompatível;Tombamento;Com Vítimas Feridas;Pleno dia;Decrescente;Céu Claro;Dupla;"Declive;Curva;Ponte";-25,11249216;-48,80375862
15/02/2023;07:20:00;CAMPOS ALTOS;Pista Escorregadia;Saída de leito carroçável;Sem Vítimas;Pleno dia;Decrescente;Chuva;Simples;Reta;-19,65325753;-46,18515015
15/02/2023;06:27:00;BALSA NOVA;Manobra de mudança de faixa;Colisão lateral mesmo sentido;Sem Vítimas;Amanhecer;Decrescente;Nublado;Dupla;"Curva;Declive";-25,4736097;-49,72302829
15/02/2023;14:00:00;BALNEARIO CAMBORIU;Manobra de mudança de faixa;Colisão transversal;Com Vítimas Feridas;Pleno dia;Decrescente;Nublado;Dupla;Reta;-27,00218;-48,636433
15/02/2023;12:55:00;BOM JESUS DO AMPARO;Velocidade Incompatível;Saída de leito carroçável;Sem Vítimas;Pleno dia;Decrescente;Céu Claro;Dupla;Curva;-19,752274;-43,480167
15/02/2023;14:00:00;FLEXEIRAS;Velocidade Incompatível;Colisão com objeto;Com Vítimas Feridas;Pleno dia;Decrescente;Céu Claro;Dupla;Curva;-9,20251191;-35,78756691
15/02/2023;15:50:00;MANOEL VITORINO;Velocidade Incompatível;Colisão lateral sentido oposto;Com Vítimas Fatais;Pleno dia;Crescente;Nevoeiro/Neblina;Simples;"Curva;Aclive";-14,1888825;-40,26532343
15/02/2023;14:50:00;PAULO FRONTIN;Velocidade Incompatível;Colisão lateral sentido oposto;Com Vítimas Feridas;Pleno dia;Crescente;Chuva;Simples;"Reta;Declive";-26,048738;-50,708012
15/02/2023;14:30:00;JACIARA;Velocidade Incompatível;Saída de leito carroçável;Sem Vítimas;Pleno dia;Decrescente;Chuva;Dupla;Reta;-15,81682288;-55,22982198
15/02/2023;18:30:00;DIAMANTINO;Afundamento ou ondulação no pavimento;Colisão lateral sentido oposto;Com Vítimas Feridas;Plena Noite;Crescente;Nublado;Simples;"Reta;Declive";-14,39101303;-56,11636404
22/01/2023;11:25:00;GUAICARA;Manobra de mudança de faixa;Colisão frontal;Com Vítimas Fatais;Pleno dia;Crescente;Céu Claro;Simples;"Reta;Declive";-21,57925698;-49,7840404
15/02/2023;19:50:00;BRASILIA;Manobra de mudança de faixa;Colisão traseira;Com Vítimas Feridas;Anoitecer;Crescente;Céu Claro;Dupla;Reta;-15,892721;-48,095741
15/02/2023;20:00:00;RANCHO QUEIMADO;Ultrapassagem Indevida;Colisão lateral mesmo sentido;Com Vítimas Feridas;Plena Noite;Crescente;Garoa/Chuvisco;Simples;Reta;-27,681437;-49,113388
15/02/2023;18:30:00;CAXAMBU;Ausência de reação do condutor;Tombamento;Sem Vítimas;Anoitecer;Decrescente;Garoa/Chuvisco;Simples;Curva;-21,99205276;-44,9251702
15/02/2023;20:30:00;JUNQUEIRO;Manobra de mudança de faixa;Tombamento;Sem Vítimas;Plena Noite;Decrescente;Nublado;Simples;Curva;-9,93330214;-36,47155881
15/02/2023;21:30:00;PAULA FREITAS;Velocidade Incompatível;Colisão lateral sentido oposto;Com Vítimas Feridas;Plena Noite;Decrescente;Nublado;Simples;Curva;-26,179869;-50,950886
15/02/2023;20:00:00;MANOEL URBANO;Velocidade Incompatível;Saída de leito carroçável;Com Vítimas Feridas;Plena Noite;Decrescente;Céu Claro;Simples;Reta;-8,93305875;-69,20306284
16/02/2023;04:00:00;TERESOPOLIS;Velocidade Incompatível;Tombamento;Com Vítimas Feridas;Plena Noite;Crescente;Nublado;Simples;Curva;-22,46152095;-42,98311201
16/02/2023;05:30:00;SABARA;Carga excessiva e/ou mal acondicionada;Tombamento;Com Vítimas Feridas;Pleno dia;Decrescente;Céu Claro;Simples;Curva;-19,79269213;-43,74585386
16/02/2023;05:00:00;ITAPEMIRIM;Velocidade Incompatível;Tombamento;Sem Vítimas;Amanhecer;Crescente;Nublado;Simples;Curva;-20,89068697;-41,03879708
04/01/2023;10:40:00;BRASILIA;Obstrução na via;Colisão com objeto;Sem Vítimas;Pleno dia;Não Informado;Céu Claro;Simples;Reta;-15,81581596;-47,94698412
16/02/2023;08:30:00;LUZ;Velocidade Incompatível;Colisão frontal;Com Vítimas Feridas;Pleno dia;Crescente;Chuva;Simples;Curva;-19,72508993;-45,86948395
16/02/2023;11:00:00;PEDRA PRETA;Manobra de mudança de faixa;Colisão transversal;Sem Vítimas;Pleno dia;Crescente;Sol;Simples;Reta;-16,64771611;-54,40522101
16/02/2023;19:10:00;FEIRA DE SANTANA;Manobra de mudança de faixa;Colisão lateral mesmo sentido;Sem Vítimas;Plena Noite;Crescente;Céu Claro;Dupla;Reta;-12,234923;-38,976949
16/02/2023;22:40:00;SAO GONCALO DO SAPUCAI;Velocidade Incompatível;Tombamento;Com Vítimas Feridas;Plena Noite;Crescente;Chuva;Dupla;Curva;-21,91931581;-45,59934602
16/02/2023;22:35:00;CONTAGEM;Demais falhas mecânicas ou elétricas;Tombamento;Com Vítimas Feridas;Plena Noite;Crescente;Céu Claro;Múltipla;"Aclive;Reta";-19,90883179;-44,04436577
17/02/2023;03:40:00;SAO PAULO;Velocidade Incompatível;Colisão com objeto;Com Vítimas Feridas;Plena Noite;Crescente;Céu Claro;Múltipla;Curva;-23,45930499;-46,57161179
17/02/2023;02:30:00;CARMO DA CACHOEIRA;Velocidade Incompatível;Colisão com objeto;Com Vítimas Feridas;Pleno dia;Decrescente;Céu Claro;Dupla;Curva;-21,52361199;-45,22481701
17/02/2023;07:29:00;CAMPO LARGO;Manobra de mudança de faixa;Colisão lateral mesmo sentido;Com Vítimas Feridas;Amanhecer;Crescente;Chuva;Dupla;"Aclive;Reta";-25,4472505;-49,47885404
17/02/2023;06:05:00;AGUA BOA;Velocidade Incompatível;Saída de leito carroçável;Sem Vítimas;Amanhecer;Crescente;Nublado;Simples;Curva;-14,15617199;-52,19727591
16/01/2023;19:30:00;DIAMANTINO;Chuva;Tombamento;Com Vítimas Feridas;Plena Noite;Decrescente;Chuva;Simples;"Declive;Reta";-14,23218537;-56,11056372
17/02/2023;06:30:00;CARATINGA;Demais falhas na via;Tombamento;Sem Vítimas;Pleno dia;Decrescente;Céu Claro;Simples;Reta;-19,78510701;-42,13445297
17/02/2023;10:50:00;PELOTAS;Manobra de mudança de faixa;Colisão lateral mesmo sentido;Sem Vítimas;Pleno dia;Crescente;Céu Claro;Dupla;Aclive;-31,50397411;-52,2203438
17/02/2023;12:00:00;SAO JOSE DOS PINHAIS;Ausência de sinalização;Colisão com objeto;Com Vítimas Feridas;Pleno dia;Crescente;Garoa/Chuvisco;Simples;Reta;-25,48227693;-49,10588805
17/02/2023;14:30:00;CASTANHAL;Acumulo de água sobre o pavimento;Saída de leito carroçável;Com Vítimas Feridas;Pleno dia;Crescente;Chuva;Dupla;Curva;-1,30561339;-47,99919919
17/02/2023;14:00:00;LONDRINA;Manobra de mudança de faixa;Colisão lateral mesmo sentido;Com Vítimas Feridas;Pleno dia;Decrescente;Nublado;Dupla;"Aclive;Curva";-23,2854292;-51,2277726
17/02/2023;17:20:00;SETE LAGOAS;Pista Escorregadia;Saída de leito carroçável;Com Vítimas Feridas;Anoitecer;Crescente;Garoa/Chuvisco;Dupla;"Curva;Aclive";-19,43110896;-44,33657482
17/02/2023;14:30:00;SORRISO;Acumulo de água sobre o pavimento;Saída de leito carroçável;Com Vítimas Feridas;Pleno dia;Decrescente;Chuva;Simples;Declive;-12,61588202;-55,76213837
17/02/2023;15:30:00;MURIAE;Chuva;Saída de leito carroçável;Com Vítimas Feridas;Pleno dia;Crescente;Chuva;Simples;"Curva;Declive";-21,035724;-42,36710899
17/02/2023;15:20:00;LAGES;Ultrapassagem Indevida;Colisão lateral mesmo sentido;Com Vítimas Feridas;Pleno dia;Crescente;Céu Claro;Simples;Reta;-27,742256;-50,065472
17/02/2023;17:00:00;DIAMANTINO;Pista Escorregadia;Colisão lateral mesmo sentido;Com Vítimas Feridas;Anoitecer;Crescente;Chuva;Simples;"Reta;Aclive";-14,23218537;-56,11056372
17/02/2023;17:30:00;DOIS IRMAOS DO BURITI;Manobra de mudança de faixa;Colisão frontal;Com Vítimas Feridas;Pleno dia;Decrescente;Céu Claro;Simples;Curva;-20,48889022;-55,28264132
17/02/2023;19:20:00;BARRA MANSA;Manobra de mudança de faixa;Colisão lateral mesmo sentido;Com Vítimas Feridas;Plena Noite;Crescente;Chuva;Dupla;"Reta;Aclive";-22,54134895;-44,19176093
17/02/2023;19:00:00;FEIRA DE SANTANA;Ausência de reação do condutor;Tombamento;Com Vítimas Feridas;Plena Noite;Crescente;Céu Claro;Dupla;"Reta;Declive";-12,326351;-39,058264
18/02/2023;07:45:00;CAMPINA GRANDE DO SUL;Manobra de mudança de faixa;Saída de leito carroçável;Com Vítimas Feridas;Amanhecer;Crescente;Chuva;Dupla;Curva;-25,24249703;-48,90292205
18/02/2023;06:05:00;DUQUE DE CAXIAS;Demais falhas mecânicas ou elétricas;Tombamento;Sem Vítimas;Pleno dia;Crescente;Céu Claro;Dupla;"Retorno Regulamentado;Curva";-22,71853604;-43,28993324
18/02/2023;08:10:00;REGISTRO;Manobra de mudança de faixa;Saída de leito carroçável;Com Vítimas Fatais;Pleno dia;Crescente;Chuva;Dupla;Reta;-24,580349;-47,88461
18/02/2023;06:35:00;MARECHAL CANDIDO RONDON;Ultrapassagem Indevida;Colisão frontal;Com Vítimas Feridas;Amanhecer;Crescente;Céu Claro;Simples;"Reta;Declive";-24,56844224;-54,02645409
18/02/2023;09:00:00;SAO JOSE DOS CAMPOS;Velocidade Incompatível;Colisão traseira;Com Vítimas Feridas;Pleno dia;Decrescente;Sol;Dupla;Reta;-23,12313858;-45,72792271
18/02/2023;10:00:00;JUNQUEIRO;Curva acentuada;Capotamento;Com Vítimas Feridas;Pleno dia;Crescente;Céu Claro;Dupla;Declive;-9,89535548;-36,41225988
18/02/2023;11:35:00;NOVA VICOSA;Velocidade Incompatível;Colisão lateral sentido oposto;Com Vítimas Feridas;Pleno dia;Crescente;Nublado;Simples;Curva;-17,82078878;-39,79625344
18/02/2023;11:55:00;PIRACANJUBA;Condutor usando celular;Tombamento;Com Vítimas Feridas;Pleno dia;Crescente;Chuva;Dupla;"Reta;Declive;Viaduto";-17,1765;-49,2104
18/02/2023;11:00:00;QUITANDINHA;Manobra de mudança de faixa;Colisão lateral mesmo sentido;Com Vítimas Feridas;Pleno dia;Decrescente;Garoa/Chuvisco;Dupla;"Aclive;Reta";-25,86497;-49,422485
18/02/2023;13:10:00;BARBACENA;Acumulo de água sobre o pavimento;Colisão com objeto;Com Vítimas Feridas;Pleno dia;Crescente;Chuva;Dupla;Reta;-21,21642047;-43,74738693
18/02/2023;14:00:00;JAGUAQUARA;Ultrapassagem Indevida;Saída de leito carroçável;Com Vítimas Feridas;Pleno dia;Crescente;Céu Claro;Simples;Reta;-13,6022083;-40,08900673
18/02/2023;12:30:00;SAO BENTO DO SUL;Chuva;Colisão frontal;Com Vítimas Feridas;Pleno dia;Decrescente;Chuva;Simples;Curva;-26,36261123;-49,34230328
18/02/2023;17:40:00;FORQUILHA;Velocidade Incompatível;Tombamento;Com Vítimas Feridas;Pleno dia;Crescente;Céu Claro;Simples;Curva;-3,79695907;-40,21547705
18/02/2023;23:55:00;CAMPINA GRANDE DO SUL;Manobra de mudança de faixa;Colisão lateral mesmo sentido;Sem Vítimas;Plena Noite;Crescente;Garoa/Chuvisco;Dupla;Reta;-25,156168;-48,8613401
19/02/2023;04:50:00;JEQUIE;Manobra de mudança de faixa;Colisão frontal;Com Vítimas Fatais;Amanhecer;Crescente;Céu Claro;Simples;Reta;-13,97563797;-40,17289204
19/02/2023;06:40:00;CONTAGEM;Manobra de mudança de faixa;Colisão lateral mesmo sentido;Sem Vítimas;Pleno dia;Crescente;Céu Claro;Múltipla;"Aclive;Reta";-19,9609624;-44,0377088
19/02/2023;05:45:00;BRUMADO;Condutor Dormindo;Tombamento;Com Vítimas Feridas;Amanhecer;Crescente;Céu Claro;Simples;Curva;-14,2296977;-41,9208706
19/02/2023;05:30:00;TRES CORACOES;Velocidade Incompatível;Saída de leito carroçável;Com Vítimas Feridas;Amanhecer;Decrescente;Nublado;Dupla;Reta;-21,6193566;-45,24913194
19/02/2023;08:15:00;CAMBUI;Chuva;Saída de leito carroçável;Com Vítimas Feridas;Pleno dia;Crescente;Chuva;Dupla;Reta;-22,65351405;-46,08907579
19/02/2023;15:20:00;BELO ORIENTE;Velocidade Incompatível;Tombamento;Com Vítimas Feridas;Pleno dia;Decrescente;Céu Claro;Dupla;Curva;-19,34371912;-42,43183775
19/02/2023;19:15:00;PEDRA PRETA;Chuva;Colisão com objeto;Com Vítimas Fatais;Plena Noite;Crescente;Chuva;Simples;"Reta;Declive";-16,61061023;-54,46653017
20/02/2023;01:50:00;MAIRIPORA;Obstrução na via;Saída de leito carroçável;Sem Vítimas;Plena Noite;Crescente;Céu Claro;Dupla;"Declive;Curva";-23,2658219;-46,5839857
20/02/2023;06:30:00;MAFRA;Ausência de reação do condutor;Tombamento;Com Vítimas Feridas;Amanhecer;Decrescente;Céu Claro;Simples;Curva;-26,16662775;-49,81847048
06/02/2023;14:00:00;PARANAIBA;Chuva;Tombamento;Com Vítimas Feridas;Pleno dia;Crescente;Ignorado;Simples;Reta;-19,84037516;-51,11310766
20/02/2023;06:30:00;SAO CRISTOVAO DO SUL;Velocidade Incompatível;Colisão traseira;Sem Vítimas;Amanhecer;Crescente;Nublado;Simples;"Aclive;Curva";-27,22552273;-50,46649712
20/02/2023;08:25:00;VILHENA;Carga excessiva e/ou mal acondicionada;Derramamento de carga;Sem Vítimas;Pleno dia;Crescente;Céu Claro;Simples;Curva;-13,08831414;-60,37033002
20/02/2023;15:36:00;CACAPAVA DO SUL;Velocidade Incompatível;Tombamento;Com Vítimas Feridas;Pleno dia;Crescente;Sol;Simples;Curva;-30,42292064;-53,37231159
20/02/2023;15:50:00;SANTA RITA DO TOCANTINS;Condutor deixou de manter distância do veículo da frente;Saída de leito carroçável;Com Vítimas Feridas;Pleno dia;Crescente;Nublado;Simples;"Declive;Reta;Ponte";-10,92688601;-48,90850887
20/02/2023;16:20:00;NOVA IGUACU;Manobra de mudança de faixa;Colisão lateral mesmo sentido;Com Vítimas Feridas;Pleno dia;Decrescente;Céu Claro;Dupla;Reta;-22,73962339;-43,46276495
20/02/2023;19:00:00;MARCOLANDIA;Reação tardia ou ineficiente do condutor;Tombamento;Com Vítimas Feridas;Plena Noite;Decrescente;Céu Claro;Múltipla;"Curva;Declive";-7,40662891;-40,71439916
20/02/2023;21:10:00;SAO JOSE DOS CAMPOS;Manobra de mudança de faixa;Colisão lateral mesmo sentido;Com Vítimas Feridas;Plena Noite;Decrescente;Nublado;Dupla;"Reta;Declive";-23,19122919;-45,86327591
20/02/2023;21:30:00;CONCORDIA;Ultrapassagem Indevida;Colisão lateral sentido oposto;Sem Vítimas;Plena Noite;Crescente;Garoa/Chuvisco;Simples;Ponte;-27,13419;-51,916466
21/02/2023;01:10:00;LAPA;Velocidade Incompatível;Colisão traseira;Sem Vítimas;Plena Noite;Crescente;Nublado;Simples;Reta;-25,753437;-49,725754
21/02/2023;03:00:00;PALMEIRA;Velocidade Incompatível;Saída de leito carroçável;Com Vítimas Feridas;Plena Noite;Crescente;Garoa/Chuvisco;Simples;Reta;-25,45817002;-50,21181499
21/02/2023;06:15:00;PERDOES;Velocidade Incompatível;Colisão com objeto;Com Vítimas Feridas;Pleno dia;Crescente;Ignorado;Dupla;"Curva;Declive";-21,107021;-45,09114
19/02/2023;09:40:00;AMELIA RODRIGUES;Acostamento em desnível;Tombamento;Sem Vítimas;Pleno dia;Crescente;Céu Claro;Dupla;Reta;-12,42109386;-38,74516692