data_inversa;horario;municipio;causa_acidente;tipo_acidente;classificacao_acidente;fase_dia;sentido_via;condicao_metereologica;tipo_pista;tracado_via;latitude;longitude
03/03/2023;21:20:00;TRES MARIAS;Acostamento em desnível;Colisão transversal;Sem Vítimas;Plena Noite;Crescente;Céu Claro;Simples;Reta;-18,40201725;-45,09553043
28/02/2023;14:50:00;SAO JOAO DO SUL;Curva acentuada;Tombamento;Com Vítimas Feridas;Pleno dia;Decrescente;Céu Claro;Simples;Rotatória;-29,22330598;-49,76018824
04/03/2023;09:58:00;CHAPECO;Manobra de mudança de faixa;Colisão lateral mesmo sentido;Com Vítimas Feridas;Pleno dia;Crescente;Chuva;Dupla;"Reta;Declive";-27,020083;-52,636024
04/03/2023;13:00:00;CURITIBA;Manobra de mudança de faixa;Colisão lateral mesmo sentido;Com Vítimas Feridas;Pleno dia;Crescente;Sol;Dupla;Reta;-25,56296907;-49,25643801
04/03/2023;10:45:00;POUSO ALTO;Velocidade Incompatível;Tombamento;Com Vítimas Feridas;Pleno dia;Crescente;Céu Claro;Simples;Curva;-22,15769397;-44,96393873
03/03/2023;17:00:00;CAIAPONIA;Pista esburacada;Tombamento;Sem Vítimas;Pleno dia;Crescente;Céu Claro;Simples;Reta;-16,57412955;-51,7515328
04/03/2023;20:00:00;RONDONOPOLIS;Manobra de mudança de faixa;Colisão lateral mesmo sentido;Sem Vítimas;Plena Noite;Crescente;Céu Claro;Dupla;Reta;-16,5011709;-54,63072394
04/03/2023;17:00:00;CALIFORNIA;Reação tardia ou ineficiente do condutor;Tombamento;Sem Vítimas;Pleno dia;Crescente;Nublado;Dupla;Curva;-23,71590684;-51,31665496
04/03/2023;22:30:00;MINEIROS;Demais falhas na via;Saída de leito carroçável;Com Vítimas Feridas;Plena Noite;Crescente;Céu Claro;Simples;Curva;-17,66921252;-52,24891663
05/03/2023;01:00:00;GUARATUBA;Problema com o freio;Tombamento;Com Vítimas Feridas;Plena Noite;Crescente;Céu Claro;Dupla;"Curva;Declive";-25,86649659;-48,94666822
04/03/2023;16:50:00;ITAITUBA;Reação tardia ou ineficiente do condutor;Derramamento de carga;Com Vítimas Feridas;Plena Noite;Crescente;Céu Claro;Simples;"Aclive;Curva";-4,390633;-55,789142
05/03/2023;01:30:00;ITAPECERICA DA SERRA;Acumulo de água sobre o pavimento;Colisão frontal;Com Vítimas Feridas;Plena Noite;Crescente;Chuva;Dupla;Reta;-23,719254;-46,883144
05/03/2023;07:15:00;SANTO ANTONIO DO AMPARO;Velocidade Incompatível;Colisão com objeto;Com Vítimas Feridas;Pleno dia;Decrescente;Ignorado;Dupla;"Declive;Curva";-20,98384831;-44,94479972
05/03/2023;05:45:00;FLORESTA;Manobra de mudança de faixa;Colisão lateral sentido oposto;Com Vítimas Feridas;Pleno dia;Decrescente;Céu Claro;Simples;Reta;-8,701356;-38,520309
05/03/2023;09:40:00;NOVA ERA;Velocidade Incompatível;Tombamento;Com Vítimas Feridas;Pleno dia;Crescente;Céu Claro;Simples;Curva;-19,74246209;-43,0198699
04/03/2023;02:45:00;LUZIANIA;Velocidade Incompatível;Colisão transversal;Com Vítimas Feridas;Plena Noite;Decrescente;Nublado;Dupla;Curva;-16,145123;-47,945382
05/03/2023;09:00:00;ALCANTIL;Velocidade Incompatível;Tombamento;Com Vítimas Fatais;Pleno dia;Decrescente;Céu Claro;Simples;"Declive;Curva";-7,68863293;-36,06166381
05/03/2023;10:25:00;TIANGUA;Ultrapassagem Indevida;Tombamento;Com Vítimas Feridas;Pleno dia;Crescente;Nublado;Simples;Reta;-3,65826065;-40,92482891
05/03/2023;10:00:00;JUQUITIBA;Velocidade Incompatível;Tombamento;Com Vítimas Feridas;Pleno dia;Crescente;Céu Claro;Dupla;Curva;-23,975182;-47,140694
05/03/2023;12:30:00;MESSIAS;Velocidade Incompatível;Saída de leito carroçável;Com Vítimas Feridas;Pleno dia;Crescente;Céu Claro;Dupla;Curva;-9,27933304;-35,79839595
16/01/2023;19:00:00;NOVA MUTUM;Chuva;Tombamento;Com Vítimas Feridas;Plena Noite;Decrescente;Chuva;Simples;Reta;-13,98765008;-56,09892131
05/03/2023;14:10:00;TERESINA;Velocidade Incompatível;Colisão com objeto;Sem Vítimas;Pleno dia;Decrescente;Céu Claro;Dupla;Retorno Regulamentado;-5,074597;-42,736858
05/03/2023;15:20:00;RONDONOPOLIS;Velocidade Incompatível;Engavetamento;Com Vítimas Feridas;Pleno dia;Decrescente;Céu Claro;Simples;Reta;-16,50621198;-54,62294799
05/03/2023;08:30:00;CAMPINA GRANDE DO SUL;Velocidade Incompatível;Tombamento;Com Vítimas Feridas;Pleno dia;Decrescente;Céu Claro;Simples;Curva;-25,1093;-48,842623
06/03/2023;02:10:00;LUZ;Velocidade Incompatível;Tombamento;Com Vítimas Feridas;Plena Noite;Crescente;Nublado;Simples;"Curva;Declive";-19,7207024;-45,8771655
06/03/2023;07:30:00;PIRATINI;Ultrapassagem Indevida;Colisão lateral sentido oposto;Sem Vítimas;Pleno dia;Crescente;Nublado;Simples;Ponte;-31,63682798;-53,206727
06/03/2023;10:30:00;SAO LOURENCO DA SERRA;Falta de elemento de contenção que evite a saída do leito carroçável;Tombamento;Com Vítimas Feridas;Pleno dia;Decrescente;Nublado;Dupla;"Reta;Aclive";-23,86936104;-46,95643973
06/03/2023;13:40:00;FAZENDA RIO GRANDE;Chuva;Colisão com objeto;Com Vítimas Feridas;Pleno dia;Decrescente;Chuva;Dupla;Reta;-25,637697;-49,31309
06/03/2023;13:00:00;SANTA LUZIA;Velocidade Incompatível;Saída de leito carroçável;Com Vítimas Feridas;Pleno dia;Decrescente;Céu Claro;Simples;Curva;-19,82291187;-43,8133049
06/03/2023;16:00:00;MONTE ALEGRE DE MINAS;Condutor deixou de manter distância do veículo da frente;Saída de leito carroçável;Com Vítimas Feridas;Pleno dia;Crescente;Chuva;Simples;"Em Obras;Reta";-18,87131545;-49,0623664
06/03/2023;15:35:00;CASCAVEL;Velocidade Incompatível;Colisão traseira;Com Vítimas Fatais;Pleno dia;Decrescente;Céu Claro;Múltipla;"Reta;Aclive";-24,9142;-53,492
06/03/2023;16:00:00;PASTOS BONS;Declive acentuado;Saída de leito carroçável;Com Vítimas Fatais;Pleno dia;Decrescente;Nublado;Simples;"Curva;Declive";-6,65394981;-44,19077112
07/03/2023;01:14:00;RIO GRANDE;Ultrapassagem Indevida;Colisão frontal;Com Vítimas Feridas;Plena Noite;Decrescente;Garoa/Chuvisco;Simples;Reta;-32,071167;-52,096934
07/03/2023;04:30:00;LAPA;Velocidade Incompatível;Atropelamento de Pedestre;Com Vítimas Fatais;Plena Noite;Crescente;Chuva;Simples;Reta;-25,77438;-49,755112
07/03/2023;04:30:00;RONDONOPOLIS;Ausência de reação do condutor;Tombamento;Com Vítimas Feridas;Amanhecer;Decrescente;Nublado;Dupla;"Aclive;Reta";-16,7246595;-54,64771271
07/03/2023;06:00:00;FORMOSA;Ausência de sinalização;Colisão lateral sentido oposto;Com Vítimas Feridas;Amanhecer;Decrescente;Garoa/Chuvisco;Simples;"Desvio Temporário;Reta;Aclive";-15,555275;-47,306908
07/03/2023;07:40:00;BIGUACU;Velocidade Incompatível;Tombamento;Sem Vítimas;Pleno dia;Decrescente;Garoa/Chuvisco;Dupla;Retorno Regulamentado;-27,49815117;-48,65661236
07/02/2023;21:15:00;BIGUACU;Manobra de mudança de faixa;Colisão lateral mesmo sentido;Com Vítimas Feridas;Plena Noite;Crescente;Nublado;Dupla;"Aclive;Curva";-27,47610022;-48,64075005
18/02/2023;09:30:00;JITAUNA;Manobra de mudança de faixa;Colisão frontal;Com Vítimas Fatais;Pleno dia;Decrescente;Céu Claro;Simples;Curva;-14,01886497;-39,84041998
07/03/2023;10:30:00;RONDONOPOLIS;Velocidade Incompatível;Colisão transversal;Com Vítimas Feridas;Pleno dia;Decrescente;Céu Claro;Dupla;"Reta;Declive";-16,376333;-54,717506
07/03/2023;12:30:00;CAMPOS DOS GOYTACAZES;Manobra de mudança de faixa;Atropelamento de Pedestre;Com Vítimas Feridas;Pleno dia;Decrescente;Céu Claro;Simples;Reta;-21,82137091;-41,47023906
07/03/2023;13:35:00;PORTO VITORIA;Carga excessiva e/ou mal acondicionada;Tombamento;Sem Vítimas;Pleno dia;Crescente;Céu Claro;Simples;Curva;-26,3244988;-51,22959137
07/03/2023;13:15:00;RIO GRANDE;Manobra de mudança de faixa;Colisão traseira;Com Vítimas Feridas;Pleno dia;Crescente;Garoa/Chuvisco;Dupla;Curva;-32,08800222;-52,22782002
05/01/2023;22:30:00;PIRACANJUBA;Chuva;Saída de leito carroçável;Com Vítimas Feridas;Plena Noite;Decrescente;Chuva;Dupla;Declive;-17,4751;-49,2138
07/03/2023;12:20:00;MAUA DA SERRA;Velocidade Incompatível;Tombamento;Com Vítimas Feridas;Pleno dia;Crescente;Céu Claro;Dupla;"Declive;Curva";-23,952969;-51,114033
07/03/2023;14:47:00;AREAL;Velocidade Incompatível;Saída de leito carroçável;Com Vítimas Feridas;Pleno dia;Decrescente;Céu Claro;Dupla;"Curva;Em Obras";-22,18633705;-43,16660309
07/03/2023;15:10:00;MOSSORO;Ultrapassagem Indevida;Colisão lateral mesmo sentido;Com Vítimas Feridas;Pleno dia;Decrescente;Céu Claro;Simples;Reta;-5,13471117;-37,34486327
18/01/2023;20:00:00;FORMOSA;Chuva;Colisão frontal;Com Vítimas Feridas;Plena Noite;Decrescente;Chuva;Múltipla;"Reta;Aclive";-15,238772;-47,17049
07/03/2023;14:30:00;CONCEICAO DA BARRA;Manobra de mudança de faixa;Colisão lateral sentido oposto;Com Vítimas Feridas;Pleno dia;Crescente;Sol;Simples;Reta;-18,36739611;-39,95084729
07/03/2023;17:25:00;ROLANDIA;Manobra de mudança de faixa;Colisão lateral mesmo sentido;Com Vítimas Feridas;Pleno dia;Crescente;Céu Claro;Simples;Reta;-23,3267629;-51,3857469
13/01/2023;04:30:00;ANTONIO OLINTO;Pista Escorregadia;Saída de leito carroçável;Com Vítimas Feridas;Plena Noite;Crescente;Garoa/Chuvisco;Simples;Curva;-25,86795;-50,149731
27/01/2023;09:00:00;SAO MATEUS DO SUL;Velocidade Incompatível;Tombamento;Com Vítimas Feridas;Pleno dia;Crescente;Sol;Simples;Curva;-25,950428;-50,505707
08/03/2023;05:20:00;CAMPO GRANDE;Manobra de mudança de faixa;Colisão lateral sentido oposto;Com Vítimas Feridas;Amanhecer;Crescente;Céu Claro;Simples;Reta;-20,73342883;-54,53902046
07/03/2023;23:30:00;NOVA MUTUM;Chuva;Saída de leito carroçável;Com Vítimas Feridas;Plena Noite;Crescente;Chuva;Simples;Reta;-13,69162599;-56,03929807
08/03/2023;08:40:00;BARAO DE COCAIS;Velocidade Incompatível;Tombamento;Com Vítimas Feridas;Pleno dia;Decrescente;Céu Claro;Simples;Reta;-19,79738383;-43,41740299
08/03/2023;05:50:00;MACAIBA;Ultrapassagem Indevida;Colisão com objeto;Sem Vítimas;Amanhecer;Decrescente;Nublado;Simples;"Em Obras;Reta";-5,86849713;-35,42070796
31/01/2023;22:20:00;ORTIGUEIRA;Chuva;Tombamento;Com Vítimas Feridas;Plena Noite;Crescente;Garoa/Chuvisco;Simples;Reta;-24,03893912;-51,07955933
08/03/2023;12:00:00;ERVAL VELHO;Ultrapassagem Indevida;Colisão lateral mesmo sentido;Com Vítimas Feridas;Pleno dia;Crescente;Céu Claro;Simples;"Declive;Reta";-27,268663;-51,443768
08/03/2023;15:45:00;CONTAGEM;Manobra de mudança de faixa;Colisão lateral mesmo sentido;Com Vítimas Feridas;Pleno dia;Crescente;Céu Claro;Múltipla;Reta;-19,89255399;-44,04985478
08/03/2023;15:06:00;INHAPIM;Carga excessiva e/ou mal acondicionada;Tombamento;Com Vítimas Feridas;Pleno dia;Crescente;Céu Claro;Simples;Curva;-19,46771319;-42,13403065
08/03/2023;19:20:00;PANELAS;Problema com o freio;Tombamento;Com Vítimas Feridas;Plena Noite;Decrescente;Céu Claro;Simples;"Curva;Declive";-8,696822;-36,020709
08/03/2023;20:20:00;UBERLANDIA;Reação tardia ou ineficiente do condutor;Tombamento;Com Vítimas Feridas;Plena Noite;Crescente;Céu Claro;Dupla;Interseção de Vias;-18,90349687;-48,28130603
08/03/2023;21:10:00;CORUMBA DE GOIAS;Manobra de mudança de faixa;Colisão lateral sentido oposto;Com Vítimas Feridas;Plena Noite;Decrescente;Chuva;Simples;Reta;-15,86700306;-48,77386088
08/03/2023;20:10:00;JATAI;Manobra de mudança de faixa;Colisão lateral mesmo sentido;Com Vítimas Feridas;Plena Noite;Decrescente;Céu Claro;Dupla;Curva;-17,9044;-51,6779
08/03/2023;21:00:00;GOVERNADOR VALADARES;Ultrapassagem Indevida;Colisão transversal;Com Vítimas Feridas;Plena Noite;Decrescente;Céu Claro;Simples;Reta;-18,89215187;-41,94699543
08/03/2023;12:33:00;MAGE;Carga excessiva e/ou mal acondicionada;Derramamento de carga;Sem Vítimas;Pleno dia;Decrescente;Nublado;Dupla;"Aclive;Curva";-22,66393758;-43,11443925
08/03/2023;23:00:00;MARINGA;Manobra de mudança de faixa;Saída de leito carroçável;Sem Vítimas;Plena Noite;Decrescente;Céu Claro;Dupla;Curva;-23,40207567;-51,98030949
08/03/2023;19:00:00;SANTA MARIA DO PARA;Acostamento em desnível;Tombamento;Com Vítimas Feridas;Plena Noite;Crescente;Céu Claro;Simples;Reta;-1,382082;-47,565167
09/03/2023;00:50:00;IBATIBA;Velocidade Incompatível;Saída de leito carroçável;Com Vítimas Feridas;Plena Noite;Crescente;Nublado;Simples;Curva;-20,21515393;-41,42165422
09/03/2023;01:20:00;BETIM;Manobra de mudança de faixa;Colisão lateral mesmo sentido;Com Vítimas Feridas;Plena Noite;Decrescente;Céu Claro;Dupla;Curva;-19,95644414;-44,13611598
09/03/2023;03:55:00;JUQUITIBA;Ausência de reação do condutor;Tombamento;Com Vítimas Feridas;Plena Noite;Decrescente;Céu Claro;Dupla;Reta;-23,91054997;-46,99149375
08/03/2023;21:45:00;INHAPIM;Reação tardia ou ineficiente do condutor;Tombamento;Sem Vítimas;Plena Noite;Decrescente;Céu Claro;Simples;Curva;-19,52772702;-42,12719586
08/03/2023;23:00:00;SAO JOSE DO CERRITO;Restrição de visibilidade em curvas horizontais;Colisão frontal;Com Vítimas Fatais;Plena Noite;Crescente;Chuva;Simples;"Curva;Declive";-27,729763;-50,52121
09/03/2023;06:10:00;SABARA;Problema com o freio;Tombamento;Com Vítimas Feridas;Amanhecer;Crescente;Céu Claro;Simples;Curva;-19,804386;-43,76186596
09/03/2023;06:00:00;MONTES CLAROS;Pista Escorregadia;Saída de leito carroçável;Com Vítimas Feridas;Amanhecer;Decrescente;Nublado;Simples;Curva;-16,87824584;-44,00270102
09/03/2023;18:40:00;ERECHIM;Manobra de mudança de faixa;Colisão transversal;Com Vítimas Feridas;Anoitecer;Decrescente;Céu Claro;Simples;Curva;-27,634499;-52,2373
09/03/2023;16:43:00;CACERES;Problema com o freio;Tombamento;Com Vítimas Feridas;Pleno dia;Decrescente;Céu Claro;Simples;Curva;-16,20416292;-57,39588601
09/03/2023;22:50:00;ARAUJOS;Velocidade Incompatível;Colisão traseira;Com Vítimas Fatais;Pleno dia;Crescente;Céu Claro;Simples;"Aclive;Reta";-19,80201777;-45,13597727
10/03/2023;00:45:00;ITAITUBA;Manobra de mudança de faixa;Tombamento;Com Vítimas Feridas;Plena Noite;Crescente;Nublado;Simples;Curva;-4,33008189;-55,76001907
10/03/2023;06:20:00;CRUZ ALTA;Ultrapassagem Indevida;Colisão frontal;Com Vítimas Fatais;Amanhecer;Crescente;Nevoeiro/Neblina;Simples;"Reta;Aclive";-28,80854515;-53,60889162
10/03/2023;08:30:00;CATU;Manobra de mudança de faixa;Colisão frontal;Com Vítimas Feridas;Pleno dia;Crescente;Sol;Simples;Reta;-12,40823831;-38,39684499
10/03/2023;07:30:00;SOBRAL;Ultrapassagem Indevida;Colisão frontal;Com Vítimas Fatais;Pleno dia;Crescente;Céu Claro;Simples;Reta;-3,71931749;-40,45243223
10/03/2023;10:10:00;CAUCAIA;Manobra de mudança de faixa;Colisão lateral sentido oposto;Com Vítimas Feridas;Pleno dia;Crescente;Céu Claro;Simples;Reta;-3,68870601;-38,89853601
10/03/2023;10:10:00;FRANCISCO SA;Velocidade Incompatível;Colisão lateral sentido oposto;Com Vítimas Feridas;Pleno dia;Crescente;Céu Claro;Simples;"Curva;Declive";-16,47012768;-43,44753404
10/03/2023;10:15:00;CAJATI;Velocidade Incompatível;Saída de leito carroçável;Com Vítimas Feridas;Pleno dia;Decrescente;Garoa/Chuvisco;Dupla;"Curva;Declive";-24,83558399;-48,2223738
10/03/2023;11:35:00;GOIANIA;Ausência de sinalização;Colisão traseira;Com Vítimas Feridas;Pleno dia;Crescente;Nublado;Dupla;Aclive;-16,6776;-49,2314
10/03/2023;13:15:00;TEODORO SAMPAIO;Velocidade Incompatível;Capotamento;Com Vítimas Feridas;Pleno dia;Crescente;Céu Claro;Simples;Curva;-12,17564101;-38,57512499
10/03/2023;13:50:00;APARECIDA;Ausência de sinalização;Colisão traseira;Com Vítimas Feridas;Pleno dia;Crescente;Nublado;Dupla;Curva;-22,82867578;-45,2088941
10/03/2023;13:55:00;ITAOBIM;Curva acentuada;Tombamento;Com Vítimas Feridas;Pleno dia;Decrescente;Nublado;Simples;"Curva;Ponte";-16,63600491;-41,50254588
10/03/2023;15:15:00;BETIM;Obstrução na via;Engavetamento;Com Vítimas Feridas;Pleno dia;Crescente;Sol;Múltipla;Reta;-19,96219603;-44,16357994
09/03/2023;23:30:00;GUARANTA DO NORTE;Demais falhas mecânicas ou elétricas;Tombamento;Com Vítimas Feridas;Plena Noite;Crescente;Nublado;Simples;Curva;-9,820794;-54,882651
10/03/2023;09:00:00;SALINAS;Ausência de reação do condutor;Tombamento;Com Vítimas Feridas;Pleno dia;Decrescente;Sol;Simples;"Aclive;Curva";-15,98908958;-42,04405915
10/03/2023;17:10:00;FORTALEZA;Manobra de mudança de faixa;Colisão lateral mesmo sentido;Com Vítimas Feridas;Pleno dia;Crescente;Céu Claro;Múltipla;Reta;-3,7867209;-38,5114568
10/03/2023;12:40:00;ITAPECURU MIRIM;Manobra de mudança de faixa;Colisão frontal;Com Vítimas Fatais;Pleno dia;Decrescente;Céu Claro;Simples;Reta;-3,23619446;-44,37073844
10/03/2023;17:15:00;LONDRINA;Manobra de mudança de faixa;Tombamento;Com Vítimas Feridas;Pleno dia;Crescente;Nevoeiro/Neblina;Dupla;Viaduto;-23,2926748;-51,17318451
18/02/2023;18:40:00;PRATA;Mal súbito do condutor;Tombamento;Com Vítimas Feridas;Plena Noite;Crescente;Nublado;Dupla;"Curva;Aclive";-19,40288904;-48,89560041
10/03/2023;16:00:00;JAICOS;Reação tardia ou ineficiente do condutor;Tombamento;Com Vítimas Feridas;Pleno dia;Decrescente;Céu Claro;Simples;"Reta;Declive";-7,37924175;-41,15580328
10/03/2023;16:50:00;XANXERE;Velocidade Incompatível;Colisão com objeto;Sem Vítimas;Pleno dia;Decrescente;Céu Claro;Simples;Reta;-26,890533;-52,457096
10/03/2023;15:40:00;ITAPECURU MIRIM;Ausência de reação do condutor;Tombamento;Com Vítimas Feridas;Pleno dia;Decrescente;Nublado;Simples;Reta;-3,46081702;-44,52958795
10/03/2023;20:20:00;CAMPO GRANDE;Ultrapassagem Indevida;Colisão frontal;Com Vítimas Fatais;Plena Noite;Crescente;Nublado;Simples;Declive;-20,32607304;-54,51856683
10/03/2023;22:30:00;MATIPO;Ultrapassagem Indevida;Colisão lateral sentido oposto;Com Vítimas Feridas;Plena Noite;Decrescente;Céu Claro;Simples;Reta;-20,29814971;-42,25292916
11/03/2023;01:28:00;BARRA DO TURVO;Chuva;Saída de leito carroçável;Com Vítimas Feridas;Plena Noite;Crescente;Chuva;Dupla;Reta;-24,91273105;-48,25307091
11/03/2023;03:00:00;BLUMENAU;Velocidade Incompatível;Saída de leito carroçável;Sem Vítimas;Plena Noite;Decrescente;Nublado;Simples;"Curva;Declive";-26,88237186;-49,15999982
11/03/2023;02:30:00;MANOEL VITORINO;Ausência de reação do condutor;Derramamento de carga;Sem Vítimas;Plena Noite;Decrescente;Céu Claro;Simples;Curva;-14,044168;-40,204033
10/01/2023;04:30:00;ELDORADO DO SUL;Ultrapassagem Indevida;Colisão frontal;Com Vítimas Feridas;Amanhecer;Decrescente;Céu Claro;Simples;Reta;-30,056417;-51,479671
10/03/2023;23:15:00;BOM DESPACHO;Chuva;Saída de leito carroçável;Com Vítimas Feridas;Plena Noite;Crescente;Chuva;Simples;"Declive;Reta";-19,79478;-45,150162
10/03/2023;09:30:00;CAETITE;Velocidade Incompatível;Tombamento;Sem Vítimas;Pleno dia;Crescente;Céu Claro;Simples;Curva;-14,15488583;-42,34817505
11/03/2023;07:15:00;ORTIGUEIRA;Velocidade Incompatível;Tombamento;Com Vítimas Feridas;Amanhecer;Decrescente;Nublado;Simples;Curva;-24,13808;-51,004338
11/03/2023;05:40:00;RODEIO;Velocidade Incompatível;Tombamento;Com Vítimas Feridas;Pleno dia;Decrescente;Nublado;Simples;"Curva;Declive";-26,950367;-49,325638
10/03/2023;17:34:00;VARZEA GRANDE;Chuva;Colisão lateral mesmo sentido;Sem Vítimas;Anoitecer;Não Informado;Chuva;Dupla;Rotatória;-15,609941;-56,146143
11/03/2023;11:00:00;APARECIDA DE GOIANIA;Avarias e/ou desgaste excessivo no pneu;Tombamento;Com Vítimas Feridas;Pleno dia;Crescente;Nublado;Dupla;"Declive;Reta";-16,8581;-49,2488
11/03/2023;13:25:00;NOVA ERA;Velocidade Incompatível;Colisão frontal;Com Vítimas Feridas;Pleno dia;Decrescente;Céu Claro;Simples;Curva;-19,74486297;-43,02206933
11/03/2023;13:08:00;BRASILIA;Manobra de mudança de faixa;Colisão traseira;Com Vítimas Feridas;Pleno dia;Crescente;Chuva;Simples;Reta;-15,728034;-48,193768
11/03/2023;11:10:00;NOVA MUTUM;Ultrapassagem Indevida;Tombamento;Com Vítimas Feridas;Pleno dia;Crescente;Céu Claro;Simples;Reta;-13,590692;-56,030722
11/03/2023;15:00:00;SAO JOSE DOS CAMPOS;Chuva;Tombamento;Com Vítimas Feridas;Pleno dia;Decrescente;Chuva;Dupla;Aclive;-23,1359564;-45,7532708
11/03/2023;14:19:00;EUNAPOLIS;Carga excessiva e/ou mal acondicionada;Derramamento de carga;Sem Vítimas;Pleno dia;Decrescente;Sol;Simples;"Reta;Declive";-16,37205962;-39,56163401
11/03/2023;16:10:00;ORTIGUEIRA;Velocidade Incompatível;Colisão lateral sentido oposto;Com Vítimas Feridas;Pleno dia;Crescente;Chuva;Simples;Declive;-24,04155524;-51,07640505
11/03/2023;17:30:00;PROFESSOR JAMIL;Manobra de mudança de faixa;Tombamento;Com Vítimas Feridas;Pleno dia;Decrescente;Garoa/Chuvisco;Dupla;"Reta;Declive";-17,2476;-49,2417
11/03/2023;09:00:00;BAEPENDI;Velocidade Incompatível;Tombamento;Com Vítimas Feridas;Pleno dia;Decrescente;Céu Claro;Simples;Curva;-21,92460612;-44,77877599
12/03/2023;02:50:00;TANQUINHO;Falta de elemento de contenção que evite a saída do leito carroçável;Saída de leito carroçável;Com Vítimas Feridas;Plena Noite;Decrescente;Céu Claro;Simples;Curva;-11,978092;-39,10112
12/03/2023;04:40:00;RONDONOPOLIS;Condutor Dormindo;Tombamento;Com Vítimas Feridas;Amanhecer;Decrescente;Céu Claro;Dupla;"Declive;Reta";-16,6450602;-54,68993838
12/03/2023;04:00:00;TEOFILO OTONI;Reação tardia ou ineficiente do condutor;Tombamento;Com Vítimas Feridas;Amanhecer;Crescente;Céu Claro;Simples;Curva;-17,77862602;-41,49956897
12/03/2023;10:00:00;CAMPINA GRANDE DO SUL;Pista Escorregadia;Saída de leito carroçável;Com Vítimas Feridas;Pleno dia;Crescente;Chuva;Dupla;Curva;-25,09957881;-48,814466
12/03/2023;07:00:00;JOSE BONIFACIO;Velocidade Incompatível;Tombamento;Sem Vítimas;Pleno dia;Crescente;Céu Claro;Dupla;"Declive;Curva";-21,00658524;-49,63430539
12/03/2023;06:20:00;LAJE;Pista Escorregadia;Colisão transversal;Com Vítimas Feridas;Amanhecer;Decrescente;Chuva;Simples;Reta;-13,28940931;-39,32989104
12/03/2023;14:40:00;SANTO ANTONIO DO LEVERGER;Velocidade Incompatível;Colisão traseira;Com Vítimas Fatais;Pleno dia;Crescente;Céu Claro;Dupla;"Reta;Declive";-15,7946858;-55,567124
12/03/2023;13:32:00;PANTANO GRANDE;Acessar a via sem observar a presença dos outros veículos;Tombamento;Com Vítimas Feridas;Pleno dia;Crescente;Céu Claro;Simples;"Em Obras;Reta";-30,188616;-52,366409
12/03/2023;20:45:00;ALTO PARANA;Velocidade Incompatível;Colisão traseira;Sem Vítimas;Plena Noite;Crescente;Céu Claro;Dupla;Reta;-23,1268398;-52,30457291
12/03/2023;18:30:00;SAPUCAIA;Problema com o freio;Tombamento;Com Vítimas Feridas;Plena Noite;Decrescente;Chuva;Simples;Reta;-22,05084092;-42,78853
12/03/2023;23:00:00;POUSO ALEGRE;Ultrapassagem Indevida;Colisão lateral mesmo sentido;Sem Vítimas;Plena Noite;Crescente;Chuva;Dupla;Curva;-22,26991499;-45,89241402
13/03/2023;02:00:00;JABOATAO DOS GUARARAPES;Velocidade Incompatível;Saída de leito carroçável;Com Vítimas Feridas;Plena Noite;Crescente;Chuva;Dupla;Reta;-8,07764447;-34,97863609
13/03/2023;03:40:00;SAPUCAIA DO SUL;Ausência de sinalização;Colisão traseira;Com Vítimas Feridas;Plena Noite;Decrescente;Céu Claro;Múltipla;"Declive;Viaduto";-29,81448229;-51,1691067
13/03/2023;03:40:00;SAO PAULO;Obstrução Via tentativa Assalto;Tombamento;Com Vítimas Feridas;Plena Noite;Crescente;Nublado;Dupla;Curva;-23,45930499;-46,57161179
13/03/2023;06:10:00;DOIS IRMAOS;Acostamento em desnível;Saída de leito carroçável;Com Vítimas Fatais;Amanhecer;Decrescente;Céu Claro;Simples;"Aclive;Reta";-29,60827055;-51,12763777
13/03/2023;04:50:00;RECIFE;Manobra de mudança de faixa;Colisão traseira;Com Vítimas Feridas;Amanhecer;Crescente;Céu Claro;Dupla;Reta;-7,9554509;-34,91140727
12/03/2023;15:00:00;JEREMOABO;Velocidade Incompatível;Tombamento;Com Vítimas Feridas;Pleno dia;Crescente;Céu Claro;Simples;Curva;-9,94606078;-38,71918158
13/03/2023;06:40:00;CARANDAI;Velocidade Incompatível;Colisão traseira;Com Vítimas Feridas;Pleno dia;Crescente;Nublado;Simples;"Curva;Interseção de Vias";-20,96180734;-43,7883622
12/03/2023;10:20:00;SANTANA DO ARAGUAIA;Curva acentuada;Colisão lateral sentido oposto;Com Vítimas Feridas;Pleno dia;Decrescente;Chuva;Simples;Curva;-9,05887805;-50,42529604
12/03/2023;20:00:00;MOEMA;Manobra de mudança de faixa;Colisão frontal;Com Vítimas Fatais;Plena Noite;Decrescente;Céu Claro;Simples;Reta;-19,7847365;-45,40822903
13/03/2023;07:15:00;SAO JOSE DO HERVAL;Manobra de mudança de faixa;Colisão frontal;Com Vítimas Fatais;Pleno dia;Crescente;Céu Claro;Simples;Curva;-29,06180987;-52,28878867
09/01/2023;16:15:00;ICO;Curva acentuada;Colisão frontal;Com Vítimas Feridas;Pleno dia;Decrescente;Céu Claro;Simples;Curva;-6,528917;-38,861458
13/03/2023;13:15:00;SAO JOSE DO RIO PRETO;Manobra de mudança de faixa;Colisão traseira;Com Vítimas Feridas;Pleno dia;Crescente;Céu Claro;Dupla;"Reta;Declive";-20,88538598;-49,42676402