data_inversa;horario;municipio;causa_acidente;tipo_acidente;classificacao_acidente;fase_dia;sentido_via;condicao_metereologica;tipo_pista;tracado_via;latitude;longitude
20/03/2023;10:00:00;BOM JESUS DO AMPARO;Velocidade Incompatível;Saída de leito carroçável;Com Vítimas Feridas;Pleno dia;Decrescente;Céu Claro;Dupla;Rotatória;-19,75137942;-43,53638096
20/03/2023;13:30:00;MORRETES;Velocidade Incompatível;Colisão com objeto;Sem Vítimas;Pleno dia;Crescente;Céu Claro;Dupla;Desvio Temporário;-25,57361239;-48,84469597
20/03/2023;14:30:00;SEABRA;Reação tardia ou ineficiente do condutor;Tombamento;Com Vítimas Feridas;Pleno dia;Decrescente;Sol;Simples;Reta;-12,427429;-42,022391
20/03/2023;13:30:00;GOIATUBA;Pista esburacada;Tombamento;Com Vítimas Feridas;Pleno dia;Crescente;Nublado;Simples;Reta;-18,09880395;-50,07864098
20/03/2023;05:40:00;NOVA LARANJEIRAS;Velocidade Incompatível;Tombamento;Com Vítimas Feridas;Amanhecer;Crescente;Céu Claro;Simples;"Curva;Aclive";-25,26486744;-52,62554906
20/03/2023;16:45:00;NOVA SANTA RITA;Velocidade Incompatível;Colisão transversal;Sem Vítimas;Pleno dia;Decrescente;Chuva;Dupla;Rotatória;-29,846369;-51,275738
20/03/2023;15:50:00;JOSE BONIFACIO;Velocidade Incompatível;Colisão com objeto;Com Vítimas Feridas;Pleno dia;Decrescente;Nublado;Simples;Aclive;-21,10480404;-49,68274492
20/03/2023;17:15:00;RIO DO SUL;Velocidade Incompatível;Saída de leito carroçável;Com Vítimas Feridas;Pleno dia;Decrescente;Chuva;Simples;Reta;-27,23837611;-49,68326569
20/03/2023;19:05:00;PORTO FRANCO;Pista esburacada;Tombamento;Sem Vítimas;Plena Noite;Decrescente;Nublado;Simples;Reta;-6,382564;-47,3829
20/03/2023;16:50:00;VALENCA DO PIAUI;Manobra de mudança de faixa;Colisão frontal;Com Vítimas Feridas;Pleno dia;Decrescente;Nublado;Simples;"Reta;Declive";-6,22586626;-42,0108469
20/03/2023;16:54:00;BRASILIA;Acumulo de água sobre o pavimento;Colisão lateral sentido oposto;Com Vítimas Feridas;Pleno dia;Crescente;Nublado;Simples;Reta;-15,9428;-47,77853
20/03/2023;21:00:00;ARAGUARI;Velocidade Incompatível;Colisão traseira;Com Vítimas Feridas;Plena Noite;Crescente;Céu Claro;Dupla;Reta;-18,58448;-48,057739
20/03/2023;19:00:00;PORTO VELHO;Chuva;Colisão traseira;Com Vítimas Feridas;Plena Noite;Crescente;Chuva;Simples;Reta;-8,92864681;-63,97285044
20/03/2023;21:40:00;MONTE ALEGRE DE MINAS;Velocidade Incompatível;Saída de leito carroçável;Com Vítimas Feridas;Plena Noite;Crescente;Nublado;Simples;"Interseção de Vias;Rotatória";-18,87899934;-49,05704498
21/03/2023;00:05:00;JACAREI;Carga excessiva e/ou mal acondicionada;Tombamento;Com Vítimas Feridas;Plena Noite;Decrescente;Céu Claro;Simples;"Aclive;Curva";-23,2811068;-45,98312543
21/03/2023;07:00:00;CARVALHOS;Velocidade Incompatível;Tombamento;Com Vítimas Feridas;Pleno dia;Decrescente;Sol;Simples;"Declive;Curva";-21,934002;-44,493208
21/03/2023;07:59:00;RECIFE;Manobra de mudança de faixa;Colisão lateral mesmo sentido;Sem Vítimas;Pleno dia;Decrescente;Chuva;Dupla;"Reta;Em Obras";-8,07764447;-34,97863609
21/03/2023;08:50:00;JUIZ DE FORA;Reação tardia ou ineficiente do condutor;Tombamento;Com Vítimas Feridas;Pleno dia;Crescente;Céu Claro;Simples;Curva;-21,59924304;-43,4579108
21/03/2023;09:45:00;ANAPOLIS;Manobra de mudança de faixa;Colisão transversal;Com Vítimas Feridas;Pleno dia;Decrescente;Céu Claro;Dupla;Reta;-16,407852;-48,986208
21/03/2023;06:30:00;RIO DE JANEIRO;Ultrapassagem Indevida;Colisão lateral mesmo sentido;Com Vítimas Feridas;Pleno dia;Decrescente;Céu Claro;Dupla;Reta;-22,816206;-43,324463
21/03/2023;05:50:00;PALMARES;Ausência de sinalização;Colisão traseira;Com Vítimas Feridas;Pleno dia;Decrescente;Nublado;Dupla;Reta;-8,66142762;-35,56549434
21/03/2023;13:00:00;MANDAGUACU;Velocidade Incompatível;Colisão transversal;Com Vítimas Feridas;Pleno dia;Crescente;Céu Claro;Dupla;"Retorno Regulamentado;Reta";-23,36169997;-52,08593395
21/03/2023;14:00:00;CANTAGALO;Ausência de reação do condutor;Tombamento;Com Vítimas Feridas;Pleno dia;Decrescente;Céu Claro;Simples;Reta;-25,38063344;-52,13562012
21/03/2023;16:45:00;SAO MIGUEL DOS CAMPOS;Ultrapassagem Indevida;Colisão lateral mesmo sentido;Sem Vítimas;Pleno dia;Crescente;Nublado;Simples;"Aclive;Reta";-9,77030281;-36,08699799
21/03/2023;08:40:00;MUITOS CAPOES;Carga excessiva e/ou mal acondicionada;Derramamento de carga;Sem Vítimas;Pleno dia;Crescente;Céu Claro;Simples;"Curva;Ponte;Declive";-28,34174292;-51,15212917
21/03/2023;14:15:00;BACABEIRA;Manobra de mudança de faixa;Colisão lateral mesmo sentido;Sem Vítimas;Pleno dia;Decrescente;Chuva;Dupla;Reta;-2,840086;-44,37459507
21/03/2023;07:30:00;ALTAMIRA;Problema com o freio;Tombamento;Com Vítimas Feridas;Pleno dia;Crescente;Nublado;Simples;"Curva;Declive";-8,728298;-54,979658
21/03/2023;17:40:00;RIO DE JANEIRO;Demais Fenômenos da natureza;Colisão traseira;Com Vítimas Feridas;Anoitecer;Crescente;Céu Claro;Dupla;Reta;-22,867662;-43,195337
21/03/2023;19:05:00;AGUIARNOPOLIS;Reação tardia ou ineficiente do condutor;Tombamento;Com Vítimas Feridas;Plena Noite;Crescente;Garoa/Chuvisco;Simples;"Curva;Rotatória;Interseção de Vias";-6,42712762;-47,55822701
04/03/2023;00:55:00;ARAQUARI;Velocidade Incompatível;Colisão traseira;Com Vítimas Feridas;Plena Noite;Crescente;Chuva;Dupla;Curva;-26,53567108;-48,71326731
21/03/2023;16:10:00;JACAREI;Manobra de mudança de faixa;Tombamento;Com Vítimas Feridas;Pleno dia;Crescente;Sol;Dupla;Reta;-23,30055667;-46,01686506
20/03/2023;14:58:00;TRAIRAO;Velocidade Incompatível;Tombamento;Com Vítimas Feridas;Pleno dia;Crescente;Ignorado;Simples;"Aclive;Curva";-4,73343252;-56,04523015
21/03/2023;21:50:00;PARA DE MINAS;Velocidade Incompatível;Colisão com objeto;Com Vítimas Feridas;Plena Noite;Decrescente;Céu Claro;Dupla;"Ponte;Reta";-19,90954709;-44,680489
22/03/2023;03:20:00;VARGEM;Ultrapassagem Indevida;Colisão traseira;Sem Vítimas;Plena Noite;Crescente;Céu Claro;Dupla;Curva;-22,87841483;-46,39917107
22/03/2023;06:10:00;ESCADA;Velocidade Incompatível;Colisão traseira;Com Vítimas Feridas;Pleno dia;Decrescente;Nublado;Múltipla;Reta;-8,392345;-35,257055
21/03/2023;18:20:00;BOM JESUS DE GOIAS;Afundamento ou ondulação no pavimento;Tombamento;Sem Vítimas;Anoitecer;Crescente;Chuva;Simples;Reta;-18,16871538;-49,91484422
22/03/2023;06:20:00;JOAQUIM GOMES;Velocidade Incompatível;Saída de leito carroçável;Com Vítimas Feridas;Pleno dia;Crescente;Chuva;Dupla;"Aclive;Reta";-9,12234116;-35,76740085
22/03/2023;08:00:00;CAMPINA GRANDE DO SUL;Manobra de mudança de faixa;Colisão lateral mesmo sentido;Com Vítimas Feridas;Pleno dia;Crescente;Céu Claro;Dupla;Curva;-25,31679789;-49,01854527
22/03/2023;08:09:00;MEDIANEIRA;Velocidade Incompatível;Colisão traseira;Com Vítimas Fatais;Pleno dia;Crescente;Céu Claro;Dupla;"Aclive;Reta";-25,25599605;-54,03772597
22/03/2023;10:40:00;BARRACAO;Velocidade Incompatível;Saída de leito carroçável;Com Vítimas Feridas;Pleno dia;Crescente;Céu Claro;Simples;Reta;-27,75506706;-51,45595104
22/03/2023;14:30:00;MONTES CLAROS;Velocidade Incompatível;Saída de leito carroçável;Com Vítimas Feridas;Pleno dia;Decrescente;Céu Claro;Simples;Curva;-16,82072697;-43,91921997
22/03/2023;14:30:00;BOA VISTA;Ultrapassagem Indevida;Colisão lateral sentido oposto;Sem Vítimas;Pleno dia;Crescente;Céu Claro;Simples;Curva;2,732332;-60,782288
22/03/2023;15:22:00;SAO JOSE;Manobra de mudança de faixa;Colisão lateral mesmo sentido;Com Vítimas Feridas;Pleno dia;Crescente;Chuva;Múltipla;Reta;-27,60327979;-48,63201818
22/03/2023;08:20:00;FRANCISCO ALVES;Velocidade Incompatível;Colisão traseira;Sem Vítimas;Pleno dia;Crescente;Céu Claro;Simples;"Declive;Reta";-24,06709224;-53,89945798
22/03/2023;15:23:00;MANDIRITUBA;Manobra de mudança de faixa;Colisão lateral mesmo sentido;Com Vítimas Feridas;Pleno dia;Crescente;Céu Claro;Dupla;"Declive;Reta";-25,76405694;-49,32116324
22/03/2023;14:15:00;TRAIRAO;Pista esburacada;Tombamento;Sem Vítimas;Pleno dia;Crescente;Céu Claro;Simples;Reta;-5,203749;-56,0403
22/03/2023;17:00:00;MALLET;Reação tardia ou ineficiente do condutor;Tombamento;Com Vítimas Feridas;Pleno dia;Crescente;Céu Claro;Simples;Curva;-25,95973098;-50,8432889
22/03/2023;17:30:00;PADRE PARAISO;Ultrapassagem Indevida;Colisão traseira;Com Vítimas Feridas;Anoitecer;Crescente;Céu Claro;Dupla;Reta;-17,0764477;-41,48612089
12/03/2023;09:00:00;CONGONHAS;Manobra de mudança de faixa;Colisão lateral mesmo sentido;Com Vítimas Fatais;Pleno dia;Decrescente;Céu Claro;Simples;"Aclive;Reta";-20,45904967;-43,83882057
22/03/2023;18:40:00;PETROLINA;Manobra de mudança de faixa;Colisão frontal;Com Vítimas Feridas;Plena Noite;Decrescente;Chuva;Simples;Reta;-9,02360471;-40,2839345
22/03/2023;22:10:00;SAO JOSE DO BELMONTE;Animais na Pista;Tombamento;Com Vítimas Feridas;Plena Noite;Crescente;Garoa/Chuvisco;Simples;Declive;-8,01935472;-38,70660414
22/03/2023;19:10:00;VILA PROPICIO;Manobra de mudança de faixa;Colisão frontal;Com Vítimas Feridas;Plena Noite;Decrescente;Nublado;Simples;Reta;-15,208875;-48,697312
23/03/2023;02:10:00;ITAJAI;Acumulo de água sobre o pavimento;Colisão com objeto;Com Vítimas Feridas;Plena Noite;Decrescente;Chuva;Dupla;Reta;-26,97284292;-48,68299451
23/03/2023;08:00:00;LEOPOLDINA;Ausência de reação do condutor;Tombamento;Com Vítimas Feridas;Pleno dia;Decrescente;Sol;Simples;"Curva;Declive";-21,57227131;-42,67920724
23/03/2023;09:00:00;FEIRA DE SANTANA;Ausência de sinalização;Colisão lateral sentido oposto;Sem Vítimas;Pleno dia;Crescente;Céu Claro;Simples;"Interseção de Vias;Em Obras";-12,02850801;-38,97078747
30/01/2023;10:10:00;DUQUE DE CAXIAS;Manobra de mudança de faixa;Colisão transversal;Com Vítimas Feridas;Pleno dia;Decrescente;Nublado;Dupla;Reta;-22,67167945;-43,279953
23/03/2023;14:30:00;BETIM;Ausência de reação do condutor;Tombamento;Com Vítimas Feridas;Pleno dia;Crescente;Céu Claro;Dupla;"Viaduto;Reta";-19,966518;-44,178828
23/03/2023;12:40:00;BALSAS;Ultrapassagem Indevida;Colisão frontal;Com Vítimas Feridas;Pleno dia;Crescente;Céu Claro;Simples;Reta;-7,2870651;-45,9314548
23/03/2023;15:00:00;PARANAGUA;Manobra de mudança de faixa;Colisão transversal;Com Vítimas Feridas;Pleno dia;Crescente;Céu Claro;Dupla;Reta;-25,5205;-48,5095
23/03/2023;16:10:00;RIO DO SUL;Acumulo de óleo sobre o pavimento;Tombamento;Com Vítimas Feridas;Pleno dia;Decrescente;Nublado;Simples;"Curva;Viaduto";-27,229801;-49,6693
23/03/2023;16:30:00;GUARATUBA;Carga excessiva e/ou mal acondicionada;Tombamento;Com Vítimas Feridas;Pleno dia;Crescente;Céu Claro;Dupla;"Declive;Curva";-25,85455838;-48,95670808
23/03/2023;16:06:00;ROSARIO OESTE;Ausência de reação do condutor;Tombamento;Com Vítimas Feridas;Pleno dia;Decrescente;Chuva;Simples;"Reta;Declive";-14,871304;-56,459392
23/03/2023;17:30:00;ARAQUARI;Manobra de mudança de faixa;Colisão transversal;Com Vítimas Feridas;Pleno dia;Decrescente;Céu Claro;Múltipla;"Interseção de Vias;Reta";-26,58559601;-48,72192112
23/03/2023;19:50:00;AGUAS MORNAS;Velocidade Incompatível;Colisão frontal;Com Vítimas Feridas;Plena Noite;Decrescente;Chuva;Simples;Curva;-27,716148;-48,869583
23/03/2023;22:00:00;CONGONHAS;Reação tardia ou ineficiente do condutor;Tombamento;Com Vítimas Feridas;Plena Noite;Crescente;Céu Claro;Simples;"Aclive;Reta";-20,53983;-43,821009
23/03/2023;23:30:00;SERRA;Ausência de reação do condutor;Tombamento;Com Vítimas Feridas;Plena Noite;Decrescente;Céu Claro;Dupla;"Viaduto;Curva;Declive";-20,23316742;-40,27513504
23/03/2023;17:00:00;PALMITAL;Reação tardia ou ineficiente do condutor;Tombamento;Com Vítimas Fatais;Pleno dia;Crescente;Céu Claro;Simples;"Declive;Curva";-24,98101762;-52,29789561
24/03/2023;01:30:00;MIRASSOL;Sinalização mal posicionada;Tombamento;Com Vítimas Feridas;Plena Noite;Crescente;Céu Claro;Dupla;"Desvio Temporário;Em Obras";-20,9344296;-49,51909431
24/03/2023;03:20:00;MARIALVA;Reação tardia ou ineficiente do condutor;Tombamento;Com Vítimas Feridas;Plena Noite;Crescente;Céu Claro;Simples;"Curva;Aclive";-23,51016335;-51,71813965
24/03/2023;00:19:00;MONTE ALEGRE DE MINAS;Ausência de reação do condutor;Tombamento;Com Vítimas Feridas;Pleno dia;Decrescente;Garoa/Chuvisco;Dupla;"Declive;Rotatória";-18,87131545;-49,0623664
24/03/2023;08:15:00;CAICARA DO RIO DO VENTO;Ultrapassagem Indevida;Colisão traseira;Com Vítimas Feridas;Pleno dia;Crescente;Sol;Simples;Aclive;-5,75614196;-36,02459399
24/03/2023;12:00:00;SAO JOSE DOS CAMPOS;Manobra de mudança de faixa;Colisão lateral mesmo sentido;Com Vítimas Feridas;Pleno dia;Decrescente;Céu Claro;Múltipla;Reta;-23,1869844;-45,8548078
24/03/2023;11:30:00;CURITIBA;Manobra de mudança de faixa;Colisão lateral mesmo sentido;Com Vítimas Feridas;Pleno dia;Crescente;Céu Claro;Múltipla;"Em Obras;Reta";-25,38884732;-49,20144439
24/03/2023;13:10:00;PONTA GROSSA;Manobra de mudança de faixa;Colisão lateral mesmo sentido;Com Vítimas Feridas;Pleno dia;Crescente;Céu Claro;Dupla;Reta;-25,1114297;-50,1890972
24/03/2023;14:10:00;ITAITUBA;Reação tardia ou ineficiente do condutor;Tombamento;Com Vítimas Fatais;Pleno dia;Crescente;Céu Claro;Simples;"Reta;Declive";-4,42568209;-55,80681689
24/03/2023;17:10:00;TERESINA;Ultrapassagem Indevida;Colisão lateral mesmo sentido;Sem Vítimas;Anoitecer;Crescente;Nublado;Múltipla;"Reta;Rotatória";-5,130751;-42,79174
24/03/2023;18:30:00;DUQUE DE CAXIAS;Ultrapassagem Indevida;Colisão lateral mesmo sentido;Com Vítimas Feridas;Anoitecer;Decrescente;Céu Claro;Múltipla;Reta;-22,60246485;-43,28380739
24/03/2023;19:20:00;SINOP;Manobra de mudança de faixa;Colisão lateral mesmo sentido;Sem Vítimas;Plena Noite;Decrescente;Nublado;Dupla;Retorno Regulamentado;-11,93031749;-55,5132586
24/03/2023;19:00:00;PARANAIGUARA;Ausência de reação do condutor;Tombamento;Com Vítimas Feridas;Plena Noite;Decrescente;Nublado;Simples;"Reta;Declive";-18,872442;-50,783173
24/03/2023;22:25:00;SANTA VITORIA DO PALMAR;Ausência de reação do condutor;Tombamento;Com Vítimas Feridas;Plena Noite;Crescente;Céu Claro;Simples;Reta;-33,448067;-53,266071
24/03/2023;19:00:00;NOVA VICOSA;Ultrapassagem Indevida;Colisão frontal;Com Vítimas Fatais;Plena Noite;Crescente;Céu Claro;Simples;Reta;-17,869666;-39,80644
25/03/2023;07:40:00;ESTIVA;Manobra de mudança de faixa;Queda de ocupante de veículo;Com Vítimas Feridas;Pleno dia;Decrescente;Céu Claro;Dupla;Reta;-22,45619351;-46,00792634
10/03/2023;05:20:00;CANDOI;Ultrapassagem Indevida;Saída de leito carroçável;Com Vítimas Feridas;Amanhecer;Crescente;Céu Claro;Simples;Reta;-25,44527097;-51,877942
25/03/2023;08:15:00;CACOAL;Pista esburacada;Tombamento;Com Vítimas Feridas;Pleno dia;Crescente;Céu Claro;Simples;Reta;-11,43579019;-61,47096987
25/02/2023;19:30:00;LEOPOLDINA;Ausência de reação do condutor;Tombamento;Com Vítimas Fatais;Plena Noite;Decrescente;Céu Claro;Simples;Curva;-21,627038;-42,69996898
25/03/2023;12:00:00;RIO VERDE;Manobra de mudança de faixa;Colisão lateral mesmo sentido;Com Vítimas Feridas;Pleno dia;Crescente;Céu Claro;Dupla;Interseção de Vias;-17,786345;-50,901516
25/03/2023;13:40:00;GUARANTA DO NORTE;Declive acentuado;Tombamento;Com Vítimas Feridas;Pleno dia;Crescente;Céu Claro;Simples;"Reta;Declive";-9,71780888;-54,87808527
25/03/2023;15:30:00;PARACAMBI;Manobra de mudança de faixa;Colisão lateral mesmo sentido;Com Vítimas Feridas;Pleno dia;Crescente;Céu Claro;Dupla;Reta;-22,6931486;-43,78279481
25/03/2023;15:30:00;PALMEIRA;Ultrapassagem Indevida;Colisão transversal;Com Vítimas Feridas;Pleno dia;Decrescente;Céu Claro;Simples;"Reta;Declive";-25,447659;-49,953909
25/03/2023;17:40:00;PORTO VITORIA;Ultrapassagem Indevida;Colisão frontal;Com Vítimas Fatais;Anoitecer;Crescente;Chuva;Simples;Reta;-26,29826322;-51,20791522
25/03/2023;15:20:00;CORREGO DANTA;Velocidade Incompatível;Tombamento;Com Vítimas Feridas;Pleno dia;Crescente;Céu Claro;Simples;Curva;-19,71152583;-46,02009773
25/03/2023;18:20:00;SAO JOSE DOS PINHAIS;Carga excessiva e/ou mal acondicionada;Derramamento de carga;Sem Vítimas;Plena Noite;Decrescente;Nublado;Dupla;Reta;-25,56722039;-49,17240143
25/03/2023;18:30:00;CAJATI;Reação tardia ou ineficiente do condutor;Tombamento;Sem Vítimas;Anoitecer;Decrescente;Céu Claro;Simples;"Reta;Declive";-24,85874304;-48,21731282
26/03/2023;00:00:00;BOCAIUVA DO SUL;Velocidade Incompatível;Tombamento;Com Vítimas Feridas;Plena Noite;Decrescente;Nublado;Simples;"Declive;Curva";-25,119787;-49,100723
26/03/2023;02:00:00;PIRAI;Velocidade Incompatível;Tombamento;Com Vítimas Feridas;Plena Noite;Decrescente;Céu Claro;Dupla;"Declive;Curva";-22,65604007;-43,83713888
26/03/2023;15:45:00;PERDOES;Velocidade Incompatível;Colisão com objeto;Com Vítimas Feridas;Pleno dia;Crescente;Céu Claro;Dupla;"Declive;Reta";-21,088228;-45,066542
26/03/2023;15:34:00;CAMPO GRANDE;Demais falhas mecânicas ou elétricas;Derramamento de carga;Sem Vítimas;Pleno dia;Decrescente;Céu Claro;Simples;Reta;-20,57406377;-54,56902615
26/03/2023;18:25:00;JUQUIA;Acumulo de água sobre o pavimento;Tombamento;Com Vítimas Feridas;Plena Noite;Crescente;Chuva;Dupla;Reta;-24,33005991;-47,62299901
26/03/2023;07:15:00;VARGEM;Velocidade Incompatível;Saída de leito carroçável;Com Vítimas Feridas;Pleno dia;Decrescente;Céu Claro;Simples;"Declive;Curva";-27,510321;-50,922432
26/03/2023;16:20:00;NOVA ERA;Velocidade Incompatível;Tombamento;Com Vítimas Fatais;Pleno dia;Crescente;Céu Claro;Simples;"Declive;Curva";-19,69896406;-42,99486928
26/03/2023;12:05:00;CAMPINA GRANDE DO SUL;Reação tardia ou ineficiente do condutor;Tombamento;Com Vítimas Feridas;Pleno dia;Decrescente;Céu Claro;Dupla;"Curva;Aclive";-25,10670298;-48,80405799
26/03/2023;19:00:00;BOM JESUS DO SUL;Ultrapassagem Indevida;Colisão frontal;Com Vítimas Feridas;Plena Noite;Crescente;Céu Claro;Simples;Reta;-26,22568301;-53,64279395
26/03/2023;20:20:00;VACARIA;Ultrapassagem Indevida;Colisão lateral sentido oposto;Com Vítimas Feridas;Plena Noite;Crescente;Céu Claro;Simples;Reta;-28,57077524;-51,01318481
26/03/2023;21:30:00;SALINAS;Acumulo de óleo sobre o pavimento;Colisão com objeto;Com Vítimas Feridas;Plena Noite;Decrescente;Céu Claro;Simples;"Curva;Declive";-16,12787378;-42,22597419
27/03/2023;05:00:00;BARREIRAS;Velocidade Incompatível;Colisão traseira;Com Vítimas Feridas;Plena Noite;Crescente;Céu Claro;Simples;Reta;-12,16145253;-44,61060097
26/03/2023;09:44:00;MONTE ALEGRE DE MINAS;Pista esburacada;Saída de leito carroçável;Sem Vítimas;Pleno dia;Crescente;Sol;Dupla;"Declive;Curva";-18,79111534;-49,08445716
21/03/2023;21:30:00;UBERABA;Ultrapassagem Indevida;Colisão frontal;Com Vítimas Fatais;Plena Noite;Crescente;Céu Claro;Simples;Declive;-19,75033611;-47,76840193
07/03/2023;16:04:00;MURIAE;Ultrapassagem Indevida;Colisão lateral sentido oposto;Com Vítimas Feridas;Pleno dia;Decrescente;Sol;Simples;"Interseção de Vias;Aclive;Reta";-21,12876014;-42,34786391
27/03/2023;06:40:00;GOVERNADOR VALADARES;Velocidade Incompatível;Engavetamento;Com Vítimas Fatais;Amanhecer;Crescente;Céu Claro;Simples;Ponte;-18,94590603;-42,06653422
27/03/2023;07:00:00;VASSOURAS;Ultrapassagem Indevida;Colisão lateral sentido oposto;Com Vítimas Feridas;Pleno dia;Crescente;Garoa/Chuvisco;Simples;"Reta;Aclive";-22,40800571;-43,67023264
27/03/2023;10:50:00;SANTA LUZIA;Velocidade Incompatível;Tombamento;Com Vítimas Feridas;Pleno dia;Crescente;Céu Claro;Simples;Curva;-19,82543027;-43,83409786
27/03/2023;09:50:00;TIBAGI;Demais falhas mecânicas ou elétricas;Tombamento;Sem Vítimas;Pleno dia;Decrescente;Céu Claro;Simples;"Curva;Aclive";-24,7806828;-50,46413006
27/03/2023;08:41:00;PETROPOLIS;Velocidade Incompatível;Colisão com objeto;Com Vítimas Feridas;Pleno dia;Decrescente;Nublado;Simples;"Aclive;Curva";-22,55542638;-43,22963476
27/03/2023;08:55:00;URUACU;Velocidade Incompatível;Colisão transversal;Com Vítimas Feridas;Pleno dia;Decrescente;Céu Claro;Simples;Reta;-14,54392;-49,161457
27/03/2023;06:45:00;SANTA CECILIA;Ausência de reação do condutor;Tombamento;Com Vítimas Feridas;Pleno dia;Decrescente;Céu Claro;Simples;"Declive;Curva";-26,859087;-50,40431503
27/03/2023;15:53:00;UBERLANDIA;Velocidade Incompatível;Tombamento;Com Vítimas Feridas;Pleno dia;Crescente;Céu Claro;Dupla;Viaduto;-18,85881831;-48,25255394
10/01/2023;17:50:00;LAPA;Velocidade Incompatível;Colisão frontal;Com Vítimas Fatais;Anoitecer;Crescente;Chuva;Simples;Curva;-25,848568;-49,941429
27/03/2023;13:45:00;MANGARATIBA;Chuva;Colisão frontal;Com Vítimas Feridas;Pleno dia;Crescente;Chuva;Dupla;Declive;-22,91293797;-43,89732384
27/03/2023;17:00:00;TIBAGI;Manobra de mudança de faixa;Colisão lateral mesmo sentido;Sem Vítimas;Pleno dia;Crescente;Céu Claro;Dupla;"Curva;Aclive";-24,59258636;-50,67280728
27/03/2023;20:30:00;TIBAGI;Velocidade Incompatível;Tombamento;Com Vítimas Fatais;Plena Noite;Crescente;Céu Claro;Dupla;"Curva;Declive";-24,640083;-50,626298
27/03/2023;14:40:00;NOVA LARANJEIRAS;Velocidade Incompatível;Colisão com objeto;Com Vítimas Feridas;Pleno dia;Decrescente;Céu Claro;Simples;"Curva;Declive";-25,25849087;-52,62815952
19/03/2023;14:00:00;JARAGUARI;Carga excessiva e/ou mal acondicionada;Derramamento de carga;Com Vítimas Feridas;Pleno dia;Decrescente;Céu Claro;Simples;Reta;-20,2366678;-54,47891707
27/03/2023;21:05:00;CAMPO GRANDE;Ingestão de álcool pelo condutor;Tombamento;Com Vítimas Feridas;Plena Noite;Crescente;Céu Claro;Simples;Curva;-20,3737;-54,6694
28/03/2023;05:55:00;PIRAQUARA;Curva acentuada;Colisão com objeto;Com Vítimas Feridas;Amanhecer;Crescente;Céu Claro;Dupla;Curva;-25,45962728;-49,08833027
28/03/2023;07:30:00;PINHEIRAL;Ausência de sinalização;Colisão traseira;Com Vítimas Feridas;Amanhecer;Decrescente;Céu Claro;Dupla;Declive;-22,5876092;-44,05945791
28/03/2023;08:49:00;SALVADOR;Manobra de mudança de faixa;Colisão lateral mesmo sentido;Com Vítimas Feridas;Pleno dia;Crescente;Chuva;Dupla;Reta;-12,92628699;-38,46838679
28/03/2023;12:15:00;COMENDADOR LEVY GASPARIAN;Velocidade Incompatível;Tombamento;Com Vítimas Feridas;Pleno dia;Decrescente;Céu Claro;Dupla;Curva;-22,03172956;-43,2244336
28/03/2023;10:20:00;SANTA MARIA;Reação tardia ou ineficiente do condutor;Tombamento;Com Vítimas Feridas;Pleno dia;Crescente;Céu Claro;Simples;Reta;-29,75217604;-53,78995299
17/01/2023;20:00:00;ITAITUBA;Curva acentuada;Tombamento;Com Vítimas Feridas;Plena Noite;Decrescente;Garoa/Chuvisco;Simples;Curva;-6,28076292;-55,59574744
28/03/2023;13:30:00;PRESIDENTE CASTELO BRANCO;Manobra de mudança de faixa;Saída de leito carroçável;Com Vítimas Feridas;Pleno dia;Crescente;Céu Claro;Dupla;Reta;-23,26518298;-52,16200896
28/03/2023;09:00:00;ARAUJOS;Ultrapassagem Indevida;Colisão lateral mesmo sentido;Com Vítimas Feridas;Pleno dia;Crescente;Sol;Simples;Reta;-19,80736773;-45,12359619
07/01/2023;16:05:00;NOVA MUTUM;Sinalização mal posicionada;Colisão transversal;Com Vítimas Feridas;Pleno dia;Decrescente;Céu Claro;Simples;Rotatória;-13,89007603;-56,08964479
28/03/2023;15:40:00;FRUTAL;Reação tardia ou ineficiente do condutor;Tombamento;Com Vítimas Feridas;Pleno dia;Crescente;Céu Claro;Simples;Reta;-19,92355905;-48,95950712
28/03/2023;17:10:00;DUQUE DE CAXIAS;Manobra de mudança de faixa;Colisão lateral mesmo sentido;Com Vítimas Feridas;Anoitecer;Decrescente;Nublado;Múltipla;Reta;-22,7510122;-43,28737092
28/03/2023;19:30:00;SAO PEDRO DO TURVO;Acesso irregular;Tombamento;Com Vítimas Feridas;Plena Noite;Crescente;Céu Claro;Simples;Reta;-22,677443;-49,88958268
28/03/2023;22:50:00;MIMOSO DO SUL;Velocidade Incompatível;Tombamento;Com Vítimas Feridas;Plena Noite;Decrescente;Céu Claro;Dupla;Curva;-21,14473102;-41,27036927
29/03/2023;00:15:00;INDAIAL;Ultrapassagem Indevida;Colisão lateral mesmo sentido;Sem Vítimas;Plena Noite;Crescente;Nublado;Simples;"Reta;Em Obras";-26,883745;-49,246704
04/03/2023;12:45:00;NOVA ERA;Reação tardia ou ineficiente do condutor;Tombamento;Com Vítimas Fatais;Pleno dia;Decrescente;Sol;Dupla;"Curva;Declive";-19,79418323;-43,05545733
14/03/2023;20:30:00;SITIO NOVO;Manobra de mudança de faixa;Colisão traseira;Com Vítimas Fatais;Plena Noite;Decrescente;Chuva;Simples;"Declive;Reta";-6,03804802;-46,589816
29/03/2023;09:15:00;VOLTA REDONDA;Manobra de mudança de faixa;Colisão lateral mesmo sentido;Com Vítimas Feridas;Pleno dia;Crescente;Céu Claro;Dupla;Reta;-22,58856193;-44,09534501