data_inversa;horario;municipio;causa_acidente;tipo_acidente;classificacao_acidente;fase_dia;sentido_via;condicao_metereologica;tipo_pista;tracado_via;latitude;longitude
29/03/2023;06:25:00;CASCAVEL;Ultrapassagem Indevida;Saída de leito carroçável;Sem Vítimas;Pleno dia;Decrescente;Céu Claro;Simples;Curva;-25,03571777;-53,26308859
28/03/2023;18:05:00;ICO;Pista esburacada;Eventos atípicos;Sem Vítimas;Anoitecer;Crescente;Céu Claro;Simples;Reta;-6,29094118;-38,72373248
29/03/2023;11:50:00;SANTO ANTONIO DE JESUS;Condutor deixou de manter distância do veículo da frente;Saída de leito carroçável;Com Vítimas Feridas;Pleno dia;Decrescente;Nublado;Simples;"Curva;Declive";-12,9788404;-39,27771091
29/03/2023;07:31:00;POUSO ALEGRE;Velocidade Incompatível;Colisão com objeto;Com Vítimas Feridas;Pleno dia;Decrescente;Nublado;Dupla;Curva;-22,23045981;-45,87597513
29/03/2023;11:20:00;NOVA LIMA;Manobra de mudança de faixa;Colisão traseira;Com Vítimas Feridas;Pleno dia;Crescente;Céu Claro;Dupla;"Curva;Aclive";-20,02238736;-43,97140503
29/03/2023;14:00:00;FORTALEZA;Manobra de mudança de faixa;Colisão lateral mesmo sentido;Sem Vítimas;Pleno dia;Decrescente;Céu Claro;Múltipla;Reta;-3,76159894;-38,51900662
29/03/2023;17:36:00;PICOS;Manobra de mudança de faixa;Colisão transversal;Com Vítimas Fatais;Anoitecer;Crescente;Nublado;Simples;Reta;-7,05788693;-41,52443595
29/03/2023;21:15:00;CONDE;Chuva;Saída de leito carroçável;Com Vítimas Feridas;Pleno dia;Decrescente;Chuva;Dupla;"Curva;Declive";-7,21483297;-34,9117521
29/03/2023;13:40:00;CAMPOS NOVOS;Velocidade Incompatível;Tombamento;Com Vítimas Feridas;Pleno dia;Decrescente;Nublado;Simples;"Curva;Declive;Ponte";-27,596577;-51,473782
29/03/2023;18:45:00;IRINEOPOLIS;Objeto estático sobre o leito carroçável;Tombamento;Com Vítimas Feridas;Anoitecer;Decrescente;Chuva;Simples;Reta;-26,2720695;-50,74536523
29/03/2023;21:55:00;SINOP;Manobra de mudança de faixa;Colisão frontal;Com Vítimas Feridas;Plena Noite;Crescente;Céu Claro;Simples;Reta;-12,1729091;-55,52125386
30/03/2023;00:30:00;TEIXEIRA DE FREITAS;Ultrapassagem Indevida;Colisão lateral mesmo sentido;Com Vítimas Feridas;Plena Noite;Crescente;Céu Claro;Simples;Reta;-17,54535265;-39,71849442
30/03/2023;03:00:00;TIJUCAS DO SUL;Deficiência do Sistema de Iluminação/Sinalização;Incêndio;Sem Vítimas;Plena Noite;Crescente;Céu Claro;Dupla;Reta;-25,8516758;-49,00332398
29/03/2023;15:30:00;EUCLIDES DA CUNHA;Manobra de mudança de faixa;Saída de leito carroçável;Com Vítimas Feridas;Pleno dia;Decrescente;Céu Claro;Simples;Reta;-10,36021707;-39,05348128
30/03/2023;09:32:00;NOSSA SENHORA DO SOCORRO;Manobra de mudança de faixa;Colisão lateral mesmo sentido;Sem Vítimas;Pleno dia;Crescente;Céu Claro;Dupla;Reta;-10,90269875;-37,13284492
18/03/2023;15:00:00;ITAPERUNA;Velocidade Incompatível;Tombamento;Com Vítimas Feridas;Pleno dia;Decrescente;Céu Claro;Simples;"Curva;Declive";-21,34394167;-41,71463859
02/03/2023;12:00:00;PIRAI;Curva acentuada;Tombamento;Com Vítimas Feridas;Pleno dia;Decrescente;Céu Claro;Simples;Curva;-22,679905;-43,814217
30/03/2023;07:20:00;SAO GONCALO DO RIO ABAIXO;Reação tardia ou ineficiente do condutor;Tombamento;Com Vítimas Feridas;Pleno dia;Crescente;Céu Claro;Simples;Curva;-19,84228;-43,31524
30/03/2023;09:50:00;MAIRIPORA;Acesso irregular;Tombamento;Com Vítimas Feridas;Pleno dia;Crescente;Céu Claro;Múltipla;"Reta;Aclive";-23,34553108;-46,56787903
30/03/2023;11:20:00;PALHOCA;Ultrapassagem Indevida;Colisão com objeto;Com Vítimas Feridas;Pleno dia;Crescente;Sol;Simples;Reta;-27,678635;-48,70192
23/03/2023;15:25:00;RUROPOLIS;Pista Escorregadia;Saída de leito carroçável;Com Vítimas Feridas;Pleno dia;Decrescente;Chuva;Simples;"Curva;Ponte;Aclive";-3,969537;-54,891342
30/03/2023;12:45:00;SAO LEOPOLDO;Manobra de mudança de faixa;Colisão lateral mesmo sentido;Com Vítimas Feridas;Pleno dia;Crescente;Sol;Dupla;Reta;-29,77605895;-51,15508618
01/03/2023;09:12:00;SAO MIGUEL DO OESTE;Velocidade Incompatível;Colisão transversal;Com Vítimas Feridas;Pleno dia;Crescente;Céu Claro;Dupla;"Reta;Declive";-26,75038301;-53,50086841
30/03/2023;15:15:00;VASSOURAS;Ausência de reação do condutor;Tombamento;Com Vítimas Feridas;Pleno dia;Decrescente;Céu Claro;Simples;Curva;-22,42799046;-43,70899806
30/03/2023;15:16:00;FRUTUOSO GOMES;Velocidade Incompatível;Saída de leito carroçável;Com Vítimas Feridas;Pleno dia;Decrescente;Chuva;Simples;Curva;-6,173813;-37,848032
30/03/2023;15:30:00;ITABORAI;Velocidade Incompatível;Colisão lateral mesmo sentido;Com Vítimas Feridas;Pleno dia;Crescente;Céu Claro;Dupla;Reta;-22,73840017;-42,77718501
30/03/2023;15:00:00;TERRA NOVA DO NORTE;Ausência de reação do condutor;Tombamento;Sem Vítimas;Pleno dia;Crescente;Céu Claro;Simples;Reta;-10,49260896;-55,07090822
30/03/2023;17:50:00;PIRENOPOLIS;Ingestão de álcool pelo condutor;Tombamento;Sem Vítimas;Pleno dia;Crescente;Céu Claro;Simples;"Aclive;Reta";-16,055285;-49,069035
31/03/2023;05:00:00;JOAO NEIVA;Ausência de sinalização;Colisão traseira;Com Vítimas Feridas;Pleno dia;Crescente;Céu Claro;Simples;Reta;-19,70483414;-40,3813403
31/03/2023;06:45:00;ITAJAI;Velocidade Incompatível;Tombamento;Sem Vítimas;Amanhecer;Crescente;Céu Claro;Dupla;"Reta;Interseção de Vias";-26,84589005;-48,72131295
31/03/2023;06:40:00;JATAI;Ausência de reação do condutor;Tombamento;Sem Vítimas;Amanhecer;Crescente;Céu Claro;Simples;Reta;-17,71075959;-52,17601777
31/03/2023;03:30:00;JEQUITAI;Velocidade Incompatível;Tombamento;Com Vítimas Feridas;Plena Noite;Crescente;Nublado;Simples;"Declive;Curva";-17,21486603;-44,471698
31/03/2023;09:15:00;CACERES;Ultrapassagem Indevida;Colisão lateral mesmo sentido;Com Vítimas Feridas;Pleno dia;Crescente;Céu Claro;Simples;Reta;-15,83307004;-57,89568001
31/03/2023;10:45:00;BRUNOPOLIS;Velocidade Incompatível;Tombamento;Com Vítimas Feridas;Pleno dia;Crescente;Céu Claro;Simples;"Aclive;Curva";-27,334003;-50,872852
31/03/2023;08:30:00;INHAPIM;Velocidade Incompatível;Tombamento;Com Vítimas Feridas;Pleno dia;Decrescente;Céu Claro;Simples;"Curva;Declive";-19,53642905;-42,12651952
31/03/2023;13:30:00;NOVA LIMA;Manobra de mudança de faixa;Colisão lateral mesmo sentido;Com Vítimas Feridas;Pleno dia;Crescente;Sol;Dupla;Reta;-20,11861708;-43,96783926
31/03/2023;07:15:00;JARDIM DO SERIDO;Avarias e/ou desgaste excessivo no pneu;Tombamento;Com Vítimas Feridas;Pleno dia;Decrescente;Céu Claro;Simples;Curva;-6,573285021;-36,860438
31/03/2023;12:30:00;AMELIA RODRIGUES;Manobra de mudança de faixa;Colisão traseira;Com Vítimas Feridas;Pleno dia;Decrescente;Céu Claro;Dupla;Reta;-12,44409807;-38,71821505
31/03/2023;13:50:00;SAO JOAO DO MANHUACU;Velocidade Incompatível;Tombamento;Com Vítimas Feridas;Pleno dia;Crescente;Céu Claro;Simples;Curva;-20,33157703;-42,14776317
31/03/2023;14:45:00;ITAJAI;Velocidade Incompatível;Colisão traseira;Com Vítimas Feridas;Pleno dia;Decrescente;Céu Claro;Múltipla;Reta;-26,92103178;-48,70856446
31/03/2023;07:50:00;RIACHAO;Reação tardia ou ineficiente do condutor;Tombamento;Com Vítimas Feridas;Pleno dia;Decrescente;Céu Claro;Simples;"Curva;Declive";-7,43501567;-46,81086324
31/03/2023;15:15:00;PATOS DE MINAS;Manobra de mudança de faixa;Colisão lateral mesmo sentido;Com Vítimas Feridas;Pleno dia;Crescente;Céu Claro;Simples;Reta;-18,63802043;-46,32611276
31/03/2023;14:40:00;ACAILANDIA;Ultrapassagem Indevida;Colisão transversal;Sem Vítimas;Pleno dia;Crescente;Nublado;Simples;"Interseção de Vias;Reta";-4,9115858;-47,41511612
31/03/2023;17:20:00;FORTALEZA;Manobra de mudança de faixa;Colisão lateral mesmo sentido;Com Vítimas Feridas;Pleno dia;Crescente;Céu Claro;Múltipla;Reta;-3,87122318;-38,49865794
31/03/2023;17:25:00;CARMO DA CACHOEIRA;Velocidade Incompatível;Tombamento;Com Vítimas Feridas;Anoitecer;Crescente;Céu Claro;Dupla;Curva;-21,46061202;-45,20743901
31/03/2023;17:30:00;CAMPOS ALTOS;Demais falhas na via;Colisão frontal;Com Vítimas Feridas;Anoitecer;Crescente;Chuva;Simples;Curva;-19,65875392;-46,12232208
31/03/2023;18:30:00;POSSE;Deficiência do Sistema de Iluminação/Sinalização;Colisão traseira;Com Vítimas Feridas;Plena Noite;Decrescente;Céu Claro;Simples;Reta;-14,179738;-46,329502
31/03/2023;16:40:00;CONTAGEM;Manobra de mudança de faixa;Colisão lateral mesmo sentido;Com Vítimas Feridas;Pleno dia;Decrescente;Céu Claro;Dupla;Reta;-19,88361702;-44,05039336
01/04/2023;04:06:00;BELEM DE SAO FRANCISCO;Demais falhas mecânicas ou elétricas;Tombamento;Com Vítimas Feridas;Amanhecer;Crescente;Nublado;Simples;"Declive;Reta";-8,62464107;-39,07533303
01/04/2023;05:50:00;ICONHA;Carga excessiva e/ou mal acondicionada;Derramamento de carga;Com Vítimas Feridas;Amanhecer;Crescente;Céu Claro;Simples;Curva;-20,77215419;-40,77695658
01/04/2023;06:40:00;PIRAI;Manobra de mudança de faixa;Colisão lateral mesmo sentido;Com Vítimas Feridas;Pleno dia;Decrescente;Nublado;Dupla;Reta;-22,61426907;-43,93189964
01/04/2023;05:30:00;SANTA MARIA DA BOA VISTA;Velocidade Incompatível;Tombamento;Com Vítimas Feridas;Amanhecer;Crescente;Céu Claro;Simples;"Declive;Ponte;Curva";-8,72018283;-39,77321719
01/04/2023;09:30:00;BRASILIA;Pista Escorregadia;Colisão traseira;Com Vítimas Feridas;Pleno dia;Decrescente;Nublado;Dupla;"Reta;Declive";-15,792352;-48,054509
01/04/2023;07:00:00;ESCADA;Acessar a via sem observar a presença dos outros veículos;Tombamento;Com Vítimas Feridas;Pleno dia;Decrescente;Céu Claro;Dupla;"Curva;Retorno Regulamentado";-8,414742;-35,305013
02/03/2023;17:30:00;MORRINHOS;Condutor Dormindo;Tombamento;Sem Vítimas;Pleno dia;Crescente;Céu Claro;Dupla;"Reta;Declive";-17,5439;-49,2093
01/04/2023;12:00:00;ITAPEMA;Velocidade Incompatível;Colisão lateral mesmo sentido;Sem Vítimas;Pleno dia;Crescente;Sol;Dupla;Curva;-27,04761729;-48,59995855
01/04/2023;10:00:00;MARABA;Pista esburacada;Saída de leito carroçável;Sem Vítimas;Pleno dia;Decrescente;Céu Claro;Simples;Reta;-5,5837759;-49,07882552
01/04/2023;14:30:00;JUATUBA;Velocidade Incompatível;Tombamento;Com Vítimas Feridas;Pleno dia;Crescente;Sol;Dupla;Curva;-19,96044136;-44,33773041
01/04/2023;16:35:00;SOLEDADE;Reação tardia ou ineficiente do condutor;Tombamento;Com Vítimas Feridas;Pleno dia;Decrescente;Céu Claro;Simples;Curva;-28,730202;-52,55508
01/04/2023;17:20:00;PADRE BERNARDO;Ultrapassagem Indevida;Colisão frontal;Com Vítimas Feridas;Pleno dia;Crescente;Garoa/Chuvisco;Simples;"Curva;Declive";-15,458552;-48,216309
01/04/2023;20:30:00;MARINGA;Pista esburacada;Tombamento;Com Vítimas Fatais;Plena Noite;Crescente;Céu Claro;Dupla;Reta;-23,39677826;-52,00528622
01/04/2023;17:33:00;RIO BRANCO;Manobra de mudança de faixa;Colisão lateral mesmo sentido;Sem Vítimas;Anoitecer;Crescente;Céu Claro;Dupla;Rotatória;-10,00705497;-67,84815609
01/04/2023;18:45:00;ITAQUIRAI;Deficiência do Sistema de Iluminação/Sinalização;Colisão traseira;Sem Vítimas;Anoitecer;Crescente;Céu Claro;Simples;Reta;-23,25553629;-53,93677615
01/04/2023;15:05:00;VENTANIA;Velocidade Incompatível;Tombamento;Com Vítimas Feridas;Pleno dia;Crescente;Céu Claro;Simples;Curva;-24,04805819;-50,24742694
02/04/2023;01:00:00;TUNTUM;Pista esburacada;Colisão com objeto;Com Vítimas Feridas;Plena Noite;Crescente;Nublado;Simples;Reta;-5,42073846;-44,92442995
02/04/2023;09:00:00;ALIANCA DO TOCANTINS;Reação tardia ou ineficiente do condutor;Derramamento de carga;Sem Vítimas;Pleno dia;Decrescente;Céu Claro;Simples;Reta;-11,24720896;-48,93484648
02/04/2023;13:00:00;PEROLA DOESTE;Velocidade Incompatível;Tombamento;Com Vítimas Feridas;Pleno dia;Crescente;Céu Claro;Simples;"Curva;Declive";-25,924639;-53,750839
02/04/2023;15:55:00;BRUMADINHO;Velocidade Incompatível;Derramamento de carga;Com Vítimas Feridas;Pleno dia;Crescente;Céu Claro;Dupla;"Curva;Declive";-20,13846621;-44,31715274
02/04/2023;18:00:00;ARAQUARI;Manobra de mudança de faixa;Colisão lateral mesmo sentido;Com Vítimas Feridas;Anoitecer;Decrescente;Céu Claro;Dupla;Curva;-26,45898367;-48,7584088
02/04/2023;16:40:00;TRES CORACOES;Acumulo de óleo sobre o pavimento;Saída de leito carroçável;Com Vítimas Feridas;Pleno dia;Crescente;Céu Claro;Múltipla;"Reta;Declive";-21,6193566;-45,24913194
02/04/2023;13:20:00;LAJEDINHO;Ultrapassagem Indevida;Tombamento;Sem Vítimas;Pleno dia;Decrescente;Céu Claro;Simples;"Reta;Aclive";-12,44691374;-40,68325414
07/01/2023;11:30:00;BALNEARIO CAMBORIU;Manobra de mudança de faixa;Colisão lateral mesmo sentido;Com Vítimas Feridas;Pleno dia;Decrescente;Céu Claro;Dupla;Reta;-27,04761729;-48,59995855
02/04/2023;17:00:00;BARREIRAS;Manobra de mudança de faixa;Colisão lateral sentido oposto;Com Vítimas Fatais;Anoitecer;Crescente;Céu Claro;Simples;Curva;-12,10445227;-44,96498108
02/04/2023;07:00:00;CAMPOS DE JULIO;Velocidade Incompatível;Tombamento;Com Vítimas Feridas;Pleno dia;Decrescente;Céu Claro;Simples;"Curva;Ponte";-13,55255157;-59,03263092
03/04/2023;07:20:00;CAMPO GRANDE;Restrição de visibilidade em curvas horizontais;Colisão lateral mesmo sentido;Com Vítimas Feridas;Pleno dia;Crescente;Céu Claro;Simples;Reta;-20,46851582;-54,52514592
03/04/2023;07:00:00;BARREIRAS;Reação tardia ou ineficiente do condutor;Tombamento;Com Vítimas Feridas;Pleno dia;Crescente;Chuva;Múltipla;Curva;-12,15464258;-44,69270978
06/03/2023;22:47:00;XANXERE;Velocidade Incompatível;Colisão frontal;Com Vítimas Fatais;Plena Noite;Crescente;Nublado;Simples;"Declive;Curva";-26,88833204;-52,45449722
12/03/2023;21:30:00;BARREIRAS;Ausência de reação do condutor;Tombamento;Com Vítimas Feridas;Plena Noite;Decrescente;Ignorado;Simples;"Declive;Curva";-12,14227212;-44,97366999
03/04/2023;12:30:00;CACERES;Ultrapassagem Indevida;Eventos atípicos;Com Vítimas Feridas;Pleno dia;Decrescente;Céu Claro;Simples;Reta;-15,96747034;-57,76854251
03/04/2023;14:30:00;MONTE ALEGRE DE MINAS;Obstrução na via;Saída de leito carroçável;Com Vítimas Feridas;Pleno dia;Crescente;Céu Claro;Dupla;Curva;-18,89348512;-48,66133904
03/04/2023;14:05:00;CAMPINA GRANDE DO SUL;Ausência de reação do condutor;Tombamento;Com Vítimas Feridas;Pleno dia;Decrescente;Céu Claro;Dupla;Curva;-25,10003092;-48,82089801
03/04/2023;15:30:00;SAO PAULO;Manobra de mudança de faixa;Colisão lateral mesmo sentido;Com Vítimas Feridas;Pleno dia;Decrescente;Céu Claro;Múltipla;Reta;-23,51291902;-46,57604698
03/04/2023;14:18:00;NOVA MUTUM;Ausência de reação do condutor;Tombamento;Com Vítimas Feridas;Pleno dia;Crescente;Chuva;Simples;Reta;-13,59341597;-56,03112436
03/04/2023;13:50:00;JANDAIA;Velocidade Incompatível;Colisão traseira;Com Vítimas Feridas;Pleno dia;Decrescente;Céu Claro;Dupla;Reta;-17,206663;-50,115881
03/04/2023;15:30:00;DUQUE DE CAXIAS;Manobra de mudança de faixa;Colisão traseira;Com Vítimas Feridas;Pleno dia;Decrescente;Céu Claro;Múltipla;Reta;-22,68289906;-43,28549346
03/04/2023;17:07:00;LAJES;Acumulo de água sobre o pavimento;Colisão transversal;Com Vítimas Feridas;Pleno dia;Crescente;Chuva;Simples;Declive;-5,71151088;-36,19812697
03/04/2023;18:00:00;ITAPEMA;Velocidade Incompatível;Tombamento;Com Vítimas Feridas;Anoitecer;Crescente;Céu Claro;Múltipla;Reta;-27,126536;-48,609642
03/04/2023;19:10:00;POUSO ALEGRE;Manobra de mudança de faixa;Colisão traseira;Com Vítimas Fatais;Plena Noite;Crescente;Ignorado;Dupla;Reta;-22,26114406;-45,89010176
03/04/2023;20:45:00;MOSSORO;Velocidade Incompatível;Colisão lateral mesmo sentido;Com Vítimas Fatais;Plena Noite;Crescente;Nublado;Dupla;"Reta;Em Obras";-5,22597224;-37,33086797
03/04/2023;16:20:00;FRONTEIRAS;Reação tardia ou ineficiente do condutor;Tombamento;Com Vítimas Feridas;Pleno dia;Crescente;Nublado;Simples;"Curva;Declive";-7,08317648;-40,56049347
03/04/2023;19:22:00;AGUA DOCE;Ultrapassagem Indevida;Colisão frontal;Com Vítimas Feridas;Plena Noite;Decrescente;Céu Claro;Simples;Reta;-26,670422;-51,549721
03/04/2023;20:00:00;CAUCAIA;Demais falhas mecânicas ou elétricas;Tombamento;Com Vítimas Feridas;Plena Noite;Decrescente;Chuva;Simples;Reta;-3,92375994;-38,8559921
03/04/2023;22:30:00;CAMPOS NOVOS;Velocidade Incompatível;Colisão traseira;Com Vítimas Feridas;Plena Noite;Crescente;Céu Claro;Simples;Reta;-27,368792;-51,254639
03/04/2023;23:30:00;SAO MAMEDE;Pista Escorregadia;Tombamento;Com Vítimas Feridas;Plena Noite;Crescente;Chuva;Simples;"Reta;Declive";-6,938335;-37,096918
03/04/2023;23:00:00;ARAGUARI;Demais falhas mecânicas ou elétricas;Tombamento;Com Vítimas Feridas;Plena Noite;Crescente;Céu Claro;Dupla;"Ponte;Declive;Curva";-18,76664393;-48,24409132
04/04/2023;02:00:00;MONSENHOR GIL;Manobra de mudança de faixa;Colisão frontal;Sem Vítimas;Plena Noite;Decrescente;Garoa/Chuvisco;Dupla;Reta;-5,59982544;-42,56246746
04/04/2023;06:35:00;TERESINA;Manobra de mudança de faixa;Colisão transversal;Com Vítimas Feridas;Pleno dia;Crescente;Nublado;Múltipla;Reta;-5,12477477;-42,79848465
11/03/2023;08:05:00;BETIM;Avarias e/ou desgaste excessivo no pneu;Tombamento;Com Vítimas Feridas;Pleno dia;Crescente;Nublado;Dupla;"Reta;Declive";-19,95785675;-44,09249252
04/04/2023;09:45:00;GANDU;Velocidade Incompatível;Saída de leito carroçável;Com Vítimas Feridas;Pleno dia;Decrescente;Céu Claro;Simples;Curva;-13,9178362;-39,48511279
04/04/2023;07:15:00;CAMPOS ALTOS;Carga excessiva e/ou mal acondicionada;Tombamento;Sem Vítimas;Pleno dia;Decrescente;Céu Claro;Simples;Interseção de Vias;-19,66593786;-46,14284708
04/04/2023;10:45:00;FLORESTAL;Velocidade Incompatível;Tombamento;Com Vítimas Feridas;Pleno dia;Decrescente;Céu Claro;Simples;"Reta;Declive";-19,93472988;-44,43457599
04/04/2023;12:00:00;ATILIO VIVACQUA;Ultrapassagem Indevida;Colisão frontal;Com Vítimas Feridas;Pleno dia;Decrescente;Céu Claro;Simples;Reta;-21,0543853;-41,19495392
04/04/2023;09:30:00;SANTIAGO;Ausência de sinalização;Eventos atípicos;Sem Vítimas;Pleno dia;Decrescente;Céu Claro;Simples;Reta;-29,22077606;-54,84146717
22/03/2023;20:00:00;BURITICUPU;Ultrapassagem Indevida;Colisão lateral sentido oposto;Com Vítimas Fatais;Plena Noite;Crescente;Céu Claro;Simples;Reta;-4,35005415;-46,39019801
04/04/2023;11:20:00;PEDRO CANARIO;Reação tardia ou ineficiente do condutor;Tombamento;Com Vítimas Feridas;Pleno dia;Crescente;Sol;Simples;Curva;-18,23027961;-39,95278417
04/04/2023;11:30:00;SAO MARCOS;Ultrapassagem Indevida;Colisão frontal;Com Vítimas Feridas;Pleno dia;Crescente;Céu Claro;Simples;"Aclive;Curva";-28,98310299;-51,06761081
04/04/2023;08:22:00;CABO DE SANTO AGOSTINHO;Manobra de mudança de faixa;Colisão lateral mesmo sentido;Com Vítimas Feridas;Pleno dia;Crescente;Nublado;Dupla;Reta;-8,23201792;-34,99778611
04/04/2023;05:00:00;ENGENHEIRO CALDAS;Velocidade Incompatível;Tombamento;Com Vítimas Feridas;Plena Noite;Crescente;Céu Claro;Simples;Curva;-19,09760101;-42,0072935
04/04/2023;10:40:00;TRAIRAO;Velocidade Incompatível;Colisão lateral sentido oposto;Com Vítimas Feridas;Pleno dia;Crescente;Céu Claro;Simples;Curva;-5,382803;-55,885583
04/04/2023;17:20:00;DUQUE DE CAXIAS;Manobra de mudança de faixa;Colisão traseira;Com Vítimas Feridas;Anoitecer;Crescente;Céu Claro;Dupla;Reta;-22,67752887;-43,28649089
04/04/2023;17:00:00;RANCHO QUEIMADO;Velocidade Incompatível;Colisão traseira;Sem Vítimas;Pleno dia;Decrescente;Nublado;Simples;Reta;-27,681437;-49,113388
21/03/2023;16:40:00;GUARANIACU;Velocidade Incompatível;Tombamento;Com Vítimas Feridas;Anoitecer;Crescente;Céu Claro;Simples;"Aclive;Reta";-25,11018112;-52,85167802
04/04/2023;15:10:00;POCONE;Ultrapassagem Indevida;Colisão frontal;Com Vítimas Fatais;Pleno dia;Crescente;Chuva;Simples;Declive;-15,885425;-56,888011
04/04/2023;04:00:00;SITIO NOVO;Reação tardia ou ineficiente do condutor;Tombamento;Com Vítimas Feridas;Plena Noite;Decrescente;Céu Claro;Simples;Curva;-6,03579186;-46,62951708
04/04/2023;20:45:00;AGRESTINA;Velocidade Incompatível;Colisão lateral sentido oposto;Sem Vítimas;Plena Noite;Decrescente;Chuva;Simples;Curva;-8,539489;-35,936028
04/04/2023;22:40:00;PIMENTA BUENO;Pista esburacada;Colisão lateral sentido oposto;Com Vítimas Feridas;Pleno dia;Crescente;Nublado;Simples;Reta;-12,21565597;-60,69328195
05/04/2023;04:00:00;CAMPINA GRANDE DO SUL;Velocidade Incompatível;Colisão com objeto;Com Vítimas Fatais;Plena Noite;Decrescente;Nublado;Simples;"Declive;Curva";-25,10767357;-48,78809452
05/04/2023;08:30:00;TIBAGI;Velocidade Incompatível;Tombamento;Com Vítimas Feridas;Pleno dia;Decrescente;Céu Claro;Dupla;Curva;-24,634064;-50,636837
04/04/2023;07:56:00;NEPOMUCENO;Velocidade Incompatível;Tombamento;Com Vítimas Feridas;Pleno dia;Decrescente;Céu Claro;Dupla;"Declive;Curva";-21,36199299;-45,19169583
28/03/2023;13:20:00;IGARASSU;Manobra de mudança de faixa;Colisão lateral mesmo sentido;Com Vítimas Feridas;Pleno dia;Crescente;Sol;Múltipla;Reta;-7,84753808;-34,90977038
05/04/2023;07:10:00;RODEIO;Velocidade Incompatível;Tombamento;Com Vítimas Feridas;Amanhecer;Decrescente;Céu Claro;Simples;Curva;-26,950367;-49,325638
05/04/2023;07:45:00;NOVA LARANJEIRAS;Manobra de mudança de faixa;Colisão lateral mesmo sentido;Com Vítimas Feridas;Pleno dia;Crescente;Céu Claro;Simples;Reta;-25,29905;-52,56074
05/04/2023;10:10:00;TIJUCAS DO SUL;Velocidade Incompatível;Tombamento;Com Vítimas Feridas;Pleno dia;Decrescente;Céu Claro;Simples;"Curva;Aclive";-25,84165409;-49,042472
05/04/2023;13:10:00;IBIRACU;Manobra de mudança de faixa;Colisão lateral mesmo sentido;Com Vítimas Feridas;Pleno dia;Crescente;Céu Claro;Simples;Reta;-19,798437;-40,36982
05/04/2023;14:10:00;SAO FERNANDO;Ultrapassagem Indevida;Colisão frontal;Sem Vítimas;Pleno dia;Crescente;Céu Claro;Simples;Reta;-6,45948404;-37,19740291
05/04/2023;14:50:00;FRANCISCO SA;Chuva;Colisão com objeto;Sem Vítimas;Pleno dia;Crescente;Chuva;Simples;"Ponte;Reta";-16,6553239;-43,71906108
01/04/2023;12:00:00;PIRAI;Reação tardia ou ineficiente do condutor;Tombamento;Sem Vítimas;Pleno dia;Decrescente;Sol;Simples;Curva;-22,6804306;-43,83695126
05/04/2023;15:25:00;LEOPOLDINA;Reação tardia ou ineficiente do condutor;Tombamento;Com Vítimas Fatais;Pleno dia;Crescente;Céu Claro;Simples;Curva;-21,60159985;-42,69912624
05/04/2023;13:25:00;CACHOEIRA DO SUL;Velocidade Incompatível;Colisão traseira;Sem Vítimas;Pleno dia;Decrescente;Nublado;Simples;"Em Obras;Aclive;Reta";-30,271643;-52,916378
05/04/2023;18:45:00;ROSEIRA;Pista Escorregadia;Colisão transversal;Com Vítimas Feridas;Plena Noite;Crescente;Chuva;Dupla;Reta;-22,87747687;-45,27203908
05/04/2023;17:00:00;JABOATAO DOS GUARARAPES;Trafegar com motocicleta (ou similar) entre as faixas;Tombamento;Com Vítimas Feridas;Anoitecer;Decrescente;Céu Claro;Múltipla;Reta;-8,175172;-34,942642
05/04/2023;13:53:00;PONTA GROSSA;Velocidade Incompatível;Tombamento;Com Vítimas Feridas;Pleno dia;Crescente;Sol;Dupla;Reta;-25,20219593;-50,07060264
08/03/2023;16:00:00;RUROPOLIS;Pista Escorregadia;Eventos atípicos;Sem Vítimas;Pleno dia;Decrescente;Nublado;Simples;"Curva;Aclive";-3,969537;-54,891342
05/04/2023;13:45:00;TERESOPOLIS;Carga excessiva e/ou mal acondicionada;Tombamento;Sem Vítimas;Pleno dia;Decrescente;Céu Claro;Simples;Curva;-22,3617791;-42,94152556
08/03/2023;19:30:00;MARINGA;Ultrapassagem Indevida;Colisão traseira;Com Vítimas Feridas;Plena Noite;Crescente;Céu Claro;Dupla;"Reta;Declive";-23,42168801;-51,88377142
06/04/2023;06:40:00;CAMPO GRANDE;Acumulo de água sobre o pavimento;Colisão frontal;Com Vítimas Feridas;Pleno dia;Crescente;Garoa/Chuvisco;Simples;Reta;-20,41213191;-54,71903801
06/04/2023;09:00:00;ANGRA DOS REIS;Manobra de mudança de faixa;Colisão transversal;Com Vítimas Feridas;Pleno dia;Crescente;Céu Claro;Simples;"Aclive;Curva";-23,01199595;-44,23000216
06/04/2023;09:50:00;SANTA ISABEL;Ultrapassagem Indevida;Colisão lateral mesmo sentido;Sem Vítimas;Pleno dia;Decrescente;Céu Claro;Dupla;"Declive;Reta";-23,376923;-46,249733
05/01/2023;06:00:00;SAO GONCALO DO GURGUEIA;Reação tardia ou ineficiente do condutor;Tombamento;Com Vítimas Fatais;Amanhecer;Decrescente;Nublado;Simples;"Declive;Curva";-10,054161;-45,285648
06/04/2023;11:00:00;PASSO FUNDO;Manobra de mudança de faixa;Colisão lateral sentido oposto;Com Vítimas Feridas;Pleno dia;Decrescente;Chuva;Simples;Reta;-28,261297;-52,594879