data_inversa;horario;municipio;causa_acidente;tipo_acidente;classificacao_acidente;fase_dia;sentido_via;condicao_metereologica;tipo_pista;tracado_via;latitude;longitude
06/04/2023;08:02:00;PRIMAVERA DO LESTE;Manobra de mudança de faixa;Colisão frontal;Com Vítimas Feridas;Pleno dia;Crescente;Céu Claro;Simples;Reta;-15,5628096;-54,2970162
06/04/2023;09:30:00;TRES RIOS;Reação tardia ou ineficiente do condutor;Tombamento;Com Vítimas Feridas;Pleno dia;Decrescente;Céu Claro;Dupla;Curva;-22,11074015;-43,11764107
06/04/2023;12:40:00;SABARA;Velocidade Incompatível;Tombamento;Com Vítimas Feridas;Pleno dia;Decrescente;Céu Claro;Simples;Declive;-19,81160206;-43,79604396
06/04/2023;13:40:00;CASCAVEL;Manobra de mudança de faixa;Colisão lateral mesmo sentido;Com Vítimas Feridas;Pleno dia;Decrescente;Chuva;Dupla;Reta;-24,9661544;-53,4039335
06/04/2023;07:30:00;MARMELEIRO;Velocidade Incompatível;Tombamento;Com Vítimas Feridas;Pleno dia;Crescente;Chuva;Simples;Curva;-26,22293196;-53,13957999
06/04/2023;15:15:00;JOAQUIM GOMES;Velocidade Incompatível;Tombamento;Com Vítimas Feridas;Pleno dia;Decrescente;Nublado;Dupla;Reta;-9,1393861;-35,77035538
06/04/2023;15:30:00;ITAPAJE;Velocidade Incompatível;Colisão com objeto;Com Vítimas Feridas;Pleno dia;Decrescente;Chuva;Simples;"Reta;Declive";-3,72231305;-39,5617951
06/04/2023;11:40:00;NOVA MUTUM;Ultrapassagem Indevida;Colisão lateral mesmo sentido;Com Vítimas Feridas;Pleno dia;Decrescente;Céu Claro;Simples;Reta;-13,44123604;-56,0826857
02/03/2023;00:40:00;FLEXEIRAS;Ausência de reação do condutor;Tombamento;Com Vítimas Feridas;Plena Noite;Decrescente;Céu Claro;Dupla;Curva;-9,16377891;-35,77034503
06/04/2023;18:35:00;ITAJAI;Manobra de mudança de faixa;Colisão lateral mesmo sentido;Com Vítimas Feridas;Plena Noite;Crescente;Céu Claro;Dupla;Reta;-26,83955734;-48,71418074
06/04/2023;19:00:00;ROSEIRA;Falta de acostamento;Atropelamento de Pedestre;Com Vítimas Feridas;Plena Noite;Crescente;Nublado;Dupla;Ponte;-22,90889054;-45,3187108
06/04/2023;23:20:00;SAO FRANCISCO DO SUL;Velocidade Incompatível;Colisão frontal;Com Vítimas Feridas;Plena Noite;Crescente;Garoa/Chuvisco;Simples;"Curva;Interseção de Vias";-26,23410956;-48,62310648
07/04/2023;06:00:00;CATALAO;Reação tardia ou ineficiente do condutor;Tombamento;Com Vítimas Feridas;Pleno dia;Decrescente;Garoa/Chuvisco;Simples;Rotatória;-18,1784;-47,9362
18/03/2023;07:50:00;ITANHANDU;Velocidade Incompatível;Tombamento;Com Vítimas Feridas;Pleno dia;Crescente;Sol;Simples;Curva;-22,28077569;-44,87170669
07/04/2023;12:10:00;HIDROLINA;Ultrapassagem Indevida;Colisão frontal;Com Vítimas Fatais;Pleno dia;Crescente;Sol;Simples;Aclive;-14,770607;-49,265926
07/04/2023;12:50:00;SAO GONCALO DO SAPUCAI;Velocidade Incompatível;Saída de leito carroçável;Com Vítimas Fatais;Pleno dia;Decrescente;Chuva;Dupla;Curva;-21,92033716;-45,60985394
07/04/2023;12:35:00;LUZIANIA;Chuva;Saída de leito carroçável;Com Vítimas Feridas;Pleno dia;Crescente;Chuva;Simples;Declive;-16,37676;-47,830535
07/04/2023;14:30:00;NOVA VICOSA;Ultrapassagem Indevida;Colisão traseira;Com Vítimas Feridas;Pleno dia;Decrescente;Céu Claro;Simples;"Reta;Aclive";-17,97708599;-39,85899609
07/04/2023;15:00:00;PEDRA PRETA;Falta de elemento de contenção que evite a saída do leito carroçável;Saída de leito carroçável;Sem Vítimas;Pleno dia;Crescente;Nublado;Simples;Reta;-16,65413895;-54,35548399
07/04/2023;14:45:00;CACOAL;Velocidade Incompatível;Engavetamento;Com Vítimas Feridas;Pleno dia;Crescente;Céu Claro;Simples;Curva;-11,43425083;-61,46267289
07/04/2023;15:42:00;JENIPAPO DOS VIEIRAS;Pista esburacada;Tombamento;Sem Vítimas;Pleno dia;Decrescente;Chuva;Simples;"Declive;Reta";-5,46562039;-45,48893655
02/04/2023;20:30:00;MORRETES;Manobra de mudança de faixa;Colisão lateral mesmo sentido;Com Vítimas Feridas;Plena Noite;Crescente;Nublado;Dupla;"Reta;Aclive";-25,590397;-48,8744276
07/04/2023;12:00:00;JUSSARA;Manobra de mudança de faixa;Colisão lateral mesmo sentido;Com Vítimas Feridas;Pleno dia;Decrescente;Sol;Dupla;"Reta;Retorno Regulamentado";-15,87680906;-50,87219238
31/03/2023;12:10:00;NOVA ALVORADA DO SUL;Manobra de mudança de faixa;Colisão frontal;Com Vítimas Feridas;Pleno dia;Crescente;Céu Claro;Simples;Reta;-21,59410612;-54,04521999
08/04/2023;13:30:00;UBERABA;Velocidade Incompatível;Tombamento;Com Vítimas Feridas;Pleno dia;Crescente;Céu Claro;Dupla;"Em Obras;Viaduto";-19,74554892;-47,98382166
08/04/2023;12:30:00;SANTIAGO;Velocidade Incompatível;Tombamento;Com Vítimas Feridas;Pleno dia;Decrescente;Céu Claro;Simples;Curva;-29,385928;-54,744486
08/04/2023;15:15:00;ITUMBIARA;Velocidade Incompatível;Saída de leito carroçável;Sem Vítimas;Pleno dia;Crescente;Chuva;Dupla;Reta;-18,3683;-49,2135
08/04/2023;12:20:00;SINOP;Chuva;Saída de leito carroçável;Sem Vítimas;Pleno dia;Crescente;Chuva;Simples;Reta;-12,08808231;-55,51879965
08/04/2023;14:50:00;SAO GONCALO DO RIO ABAIXO;Acumulo de óleo sobre o pavimento;Saída de leito carroçável;Sem Vítimas;Pleno dia;Decrescente;Chuva;Simples;"Reta;Aclive";-19,850555;-43,267783
08/04/2023;18:20:00;SANTO ANTONIO DO LEVERGER;Velocidade Incompatível;Tombamento;Com Vítimas Fatais;Plena Noite;Crescente;Céu Claro;Dupla;"Curva;Declive";-15,831307;-55,440635
08/04/2023;09:40:00;FRUTA DE LEITE;Velocidade Incompatível;Tombamento;Com Vítimas Feridas;Pleno dia;Crescente;Céu Claro;Simples;"Curva;Declive";-16,25683842;-42,43114276
08/04/2023;23:20:00;CARIACICA;Reação tardia ou ineficiente do condutor;Tombamento;Com Vítimas Feridas;Plena Noite;Decrescente;Nublado;Dupla;Reta;-20,30650512;-40,39488717
09/04/2023;00:10:00;VARZEA DA PALMA;Curva acentuada;Tombamento;Com Vítimas Feridas;Plena Noite;Crescente;Nublado;Simples;Curva;-17,20873266;-44,81540123
09/04/2023;02:05:00;ITATIAIUCU;Velocidade Incompatível;Colisão com objeto;Com Vítimas Feridas;Plena Noite;Decrescente;Chuva;Dupla;"Curva;Declive";-20,23206636;-44,39955388
09/04/2023;04:00:00;SANTA BARBARA;Velocidade Incompatível;Colisão frontal;Com Vítimas Fatais;Plena Noite;Decrescente;Céu Claro;Simples;Reta;-11,80572287;-38,98109457
09/04/2023;14:35:00;DIAMANTINO;Afundamento ou ondulação no pavimento;Saída de leito carroçável;Sem Vítimas;Pleno dia;Crescente;Nublado;Simples;Reta;-14,5656836;-56,2197257
09/04/2023;17:20:00;VOLTA REDONDA;Manobra de mudança de faixa;Colisão frontal;Sem Vítimas;Anoitecer;Decrescente;Chuva;Simples;"Reta;Interseção de Vias";-22,48025569;-44,02974901
09/04/2023;10:35:00;SAO MATEUS DO MARANHAO;Pista esburacada;Colisão transversal;Com Vítimas Feridas;Pleno dia;Decrescente;Sol;Simples;Reta;-3,95002499;-44,48024036
03/03/2023;19:15:00;SINOP;Pista esburacada;Colisão frontal;Com Vítimas Feridas;Plena Noite;Decrescente;Chuva;Simples;Reta;-12,117;-55,517
09/04/2023;18:40:00;GOVERNADOR VALADARES;Velocidade Incompatível;Tombamento;Com Vítimas Feridas;Plena Noite;Decrescente;Céu Claro;Simples;Viaduto;-18,84707544;-41,98069833
10/04/2023;07:00:00;MARIALVA;Manobra de mudança de faixa;Colisão transversal;Com Vítimas Feridas;Pleno dia;Crescente;Céu Claro;Dupla;"Reta;Retorno Regulamentado";-23,46141044;-51,83659926
10/04/2023;08:48:00;FORTALEZA;Acostamento em desnível;Tombamento;Com Vítimas Feridas;Pleno dia;Decrescente;Chuva;Dupla;Reta;-3,87839882;-38,50066893
10/04/2023;10:50:00;TRES ARROIOS;Velocidade Incompatível;Saída de leito carroçável;Com Vítimas Feridas;Pleno dia;Decrescente;Sol;Simples;Curva;-27,51446;-52,14473
07/03/2023;07:35:00;ILHEUS;Falta de acostamento;Saída de leito carroçável;Com Vítimas Feridas;Pleno dia;Crescente;Céu Claro;Dupla;Reta;-14,79916381;-39,12465518
10/04/2023;12:35:00;BADY BASSITT;Ultrapassagem Indevida;Colisão frontal;Com Vítimas Feridas;Pleno dia;Decrescente;Céu Claro;Simples;Curva;-20,912683;-49,491902
01/03/2023;17:30:00;COLATINA;Velocidade Incompatível;Tombamento;Com Vítimas Feridas;Pleno dia;Crescente;Sol;Simples;"Retorno Regulamentado;Curva";-19,53318486;-40,57148984
10/04/2023;10:10:00;PRESIDENTE TANCREDO NEVES;Reação tardia ou ineficiente do condutor;Tombamento;Com Vítimas Feridas;Pleno dia;Crescente;Céu Claro;Simples;Reta;-13,404537;-39,407253
10/04/2023;14:30:00;MILAGRES;Ultrapassagem Indevida;Colisão frontal;Com Vítimas Fatais;Pleno dia;Crescente;Céu Claro;Simples;"Reta;Aclive";-12,82469494;-39,82778263
10/04/2023;16:20:00;VARGEM;Demais falhas mecânicas ou elétricas;Tombamento;Com Vítimas Feridas;Pleno dia;Decrescente;Céu Claro;Simples;"Curva;Declive";-27,496103;-50,940418
10/04/2023;19:55:00;CAMANDUCAIA;Manobra de mudança de faixa;Colisão com objeto;Com Vítimas Feridas;Plena Noite;Crescente;Céu Claro;Dupla;Curva;-22,775098;-46,187426
10/04/2023;19:00:00;ERECHIM;Manobra de mudança de faixa;Colisão transversal;Com Vítimas Feridas;Plena Noite;Decrescente;Céu Claro;Simples;"Curva;Aclive";-27,60452;-52,23646
10/04/2023;19:10:00;ITABIRITO;Carga excessiva e/ou mal acondicionada;Derramamento de carga;Sem Vítimas;Plena Noite;Crescente;Nevoeiro/Neblina;Dupla;Reta;-20,28638301;-43,94212592
10/04/2023;19:20:00;IBOTIRAMA;Curva acentuada;Colisão lateral sentido oposto;Com Vítimas Feridas;Plena Noite;Decrescente;Ignorado;Simples;Curva;-12,0875676;-43,16156566
10/04/2023;22:00:00;IMPERATRIZ;Pista esburacada;Tombamento;Com Vítimas Feridas;Plena Noite;Decrescente;Nublado;Simples;Declive;-5,321293;-47,492573
10/04/2023;21:30:00;NOVO LINO;Demais falhas mecânicas ou elétricas;Tombamento;Com Vítimas Feridas;Plena Noite;Crescente;Nublado;Dupla;Curva;-8,99730698;-35,6760262
11/04/2023;05:50:00;SAO GONCALO DO ABAETE;Acostamento em desnível;Tombamento;Sem Vítimas;Amanhecer;Crescente;Nublado;Simples;"Reta;Aclive";-18,02096892;-45,54574102
07/04/2023;15:30:00;GUARAPUAVA;Manobra de mudança de faixa;Colisão lateral sentido oposto;Sem Vítimas;Pleno dia;Crescente;Céu Claro;Simples;Curva;-25,33928412;-51,42880296
11/04/2023;08:02:00;ITAPEVA;Velocidade Incompatível;Tombamento;Com Vítimas Feridas;Pleno dia;Crescente;Nublado;Dupla;Curva;-22,7711491;-46,19925213
11/04/2023;09:10:00;CANOAS;Manobra de mudança de faixa;Colisão lateral mesmo sentido;Com Vítimas Feridas;Pleno dia;Crescente;Céu Claro;Dupla;Reta;-29,96946914;-51,17649972
07/04/2023;07:01:00;POUSO REDONDO;Acumulo de água sobre o pavimento;Colisão lateral sentido oposto;Com Vítimas Feridas;Pleno dia;Crescente;Garoa/Chuvisco;Simples;Reta;-27,249525;-49,987041
11/04/2023;07:30:00;GASPAR;Manobra de mudança de faixa;Colisão transversal;Com Vítimas Feridas;Pleno dia;Decrescente;Céu Claro;Simples;Reta;-26,91276988;-48,95817968
10/04/2023;15:00:00;GENERAL CARNEIRO;Velocidade Incompatível;Tombamento;Com Vítimas Feridas;Pleno dia;Crescente;Céu Claro;Simples;Curva;-15,59752533;-53,12106998
11/04/2023;12:30:00;JACAREZINHO;Carga excessiva e/ou mal acondicionada;Tombamento;Com Vítimas Feridas;Pleno dia;Crescente;Sol;Dupla;Rotatória;-23,17225028;-49,96840286
11/04/2023;13:30:00;DUQUE DE CAXIAS;Demais falhas mecânicas ou elétricas;Tombamento;Com Vítimas Feridas;Pleno dia;Decrescente;Céu Claro;Múltipla;Reta;-22,78185499;-43,28571273
11/04/2023;13:00:00;MOSSORO;Reação tardia ou ineficiente do condutor;Tombamento;Com Vítimas Feridas;Pleno dia;Crescente;Céu Claro;Simples;Reta;-4,96418497;-37,39394095
11/04/2023;17:10:00;PETROPOLIS;Velocidade Incompatível;Tombamento;Com Vítimas Feridas;Pleno dia;Decrescente;Céu Claro;Simples;"Curva;Aclive";-22,56876595;-43,27693723
11/04/2023;20:10:00;CAUCAIA;Pista esburacada;Colisão traseira;Com Vítimas Feridas;Plena Noite;Crescente;Céu Claro;Dupla;Reta;-3,70296419;-38,85572805
11/04/2023;17:00:00;IBIA;Pista Escorregadia;Saída de leito carroçável;Com Vítimas Feridas;Anoitecer;Crescente;Chuva;Simples;"Curva;Declive";-19,59794921;-46,2913541
05/01/2023;15:20:00;SETE LAGOAS;Chuva;Saída de leito carroçável;Com Vítimas Feridas;Pleno dia;Crescente;Garoa/Chuvisco;Múltipla;Reta;-19,46099279;-44,30121988
12/04/2023;11:00:00;CAPIVARI DE BAIXO;Manobra de mudança de faixa;Colisão lateral mesmo sentido;Sem Vítimas;Pleno dia;Crescente;Céu Claro;Dupla;"Reta;Aclive";-28,43023306;-48,95205197
12/04/2023;07:50:00;POCOES;Velocidade Incompatível;Tombamento;Com Vítimas Feridas;Pleno dia;Decrescente;Céu Claro;Simples;Reta;-14,40741502;-40,35443706
12/04/2023;12:55:00;BARRA DO TURVO;Ausência de reação do condutor;Tombamento;Com Vítimas Feridas;Pleno dia;Decrescente;Céu Claro;Simples;"Curva;Declive";-24,963821;-48,424261
27/03/2023;13:10:00;GUARATINGUETA;Manobra de mudança de faixa;Colisão lateral mesmo sentido;Com Vítimas Feridas;Pleno dia;Crescente;Sol;Dupla;Reta;-22,78005511;-45,14572791
29/03/2023;17:20:00;SAO BENTO DO TOCANTINS;Reação tardia ou ineficiente do condutor;Tombamento;Com Vítimas Fatais;Plena Noite;Crescente;Céu Claro;Dupla;Curva;-6,06126184;-47,93331486
12/04/2023;21:35:00;CAMPOS DOS GOYTACAZES;Reação tardia ou ineficiente do condutor;Tombamento;Com Vítimas Feridas;Plena Noite;Crescente;Céu Claro;Simples;Reta;-21,61625895;-41,31535762
12/04/2023;20:40:00;ITUMBIARA;Condutor Dormindo;Tombamento;Com Vítimas Feridas;Plena Noite;Crescente;Céu Claro;Simples;Declive;-18,39956326;-49,31881109
12/04/2023;14:30:00;MONTES CLAROS;Obstrução na via;Incêndio;Sem Vítimas;Pleno dia;Decrescente;Nublado;Simples;Curva;-16,66359617;-43,77730598
13/04/2023;07:20:00;ARAUCARIA;Demais falhas mecânicas ou elétricas;Tombamento;Com Vítimas Feridas;Pleno dia;Decrescente;Sol;Dupla;Reta;-25,58048568;-49,39619606
13/04/2023;04:13:00;PONTE SERRADA;Reação tardia ou ineficiente do condutor;Tombamento;Com Vítimas Feridas;Plena Noite;Crescente;Céu Claro;Simples;Curva;-26,8886985;-51,98850632
13/04/2023;08:00:00;CASCAVEL;Velocidade Incompatível;Engavetamento;Sem Vítimas;Pleno dia;Crescente;Céu Claro;Simples;Reta;-24,992673;-53,311836
13/04/2023;07:40:00;JUIZ DE FORA;Manobra de mudança de faixa;Colisão lateral mesmo sentido;Com Vítimas Feridas;Pleno dia;Decrescente;Céu Claro;Dupla;Curva;-21,77130707;-43,43618608
23/02/2023;23:00:00;BODOCO;Manobra de mudança de faixa;Tombamento;Com Vítimas Fatais;Plena Noite;Crescente;Céu Claro;Simples;"Declive;Reta";-7,98338221;-39,83930609
13/04/2023;06:03:00;MALHADA DOS BOIS;Manobra de mudança de faixa;Saída de leito carroçável;Com Vítimas Feridas;Pleno dia;Crescente;Céu Claro;Dupla;Reta;-10,36933692;-36,91236318
28/03/2023;06:51:00;SANTO ANTONIO DAS MISSOES;Afundamento ou ondulação no pavimento;Saída de leito carroçável;Com Vítimas Fatais;Amanhecer;Decrescente;Céu Claro;Simples;Declive;-28,493053;-55,354687
28/03/2023;06:00:00;MORENO;Manobra de mudança de faixa;Colisão transversal;Sem Vítimas;Pleno dia;Crescente;Céu Claro;Dupla;Reta;-8,111269;-35,143135
01/04/2023;09:50:00;NOVO PROGRESSO;Ultrapassagem Indevida;Colisão frontal;Sem Vítimas;Pleno dia;Decrescente;Ignorado;Simples;Reta;-6,94905043;-55,45240171
27/03/2023;20:20:00;CAMBUI;Curva acentuada;Tombamento;Com Vítimas Fatais;Plena Noite;Decrescente;Céu Claro;Dupla;Curva;-22,57036508;-46,04169076
13/04/2023;14:30:00;SANTO ANTONIO DO SUDOESTE;Velocidade Incompatível;Capotamento;Sem Vítimas;Pleno dia;Crescente;Sol;Simples;"Curva;Aclive";-26,08419909;-53,71615652
13/04/2023;13:40:00;MATUPA;Velocidade Incompatível;Colisão traseira;Com Vítimas Feridas;Pleno dia;Crescente;Chuva;Simples;"Reta;Em Obras";-10,208;-54,962
13/04/2023;17:48:00;RIBEIRAO DAS NEVES;Demais falhas mecânicas ou elétricas;Tombamento;Com Vítimas Feridas;Anoitecer;Decrescente;Céu Claro;Dupla;Reta;-19,77463885;-44,12321882
13/04/2023;16:30:00;RECIFE;Manobra de mudança de faixa;Colisão lateral mesmo sentido;Sem Vítimas;Pleno dia;Crescente;Céu Claro;Dupla;Rotatória;-8,052207;-34,94658
13/04/2023;21:15:00;CATALAO;Velocidade Incompatível;Saída de leito carroçável;Com Vítimas Feridas;Plena Noite;Crescente;Chuva;Dupla;"Viaduto;Reta";-18,0611;-47,8637
13/04/2023;17:30:00;LENCOIS;Velocidade Incompatível;Tombamento;Sem Vítimas;Anoitecer;Decrescente;Céu Claro;Simples;Curva;-12,49243908;-41,3280788
14/04/2023;03:00:00;MAMBORE;Ultrapassagem Indevida;Colisão frontal;Com Vítimas Fatais;Plena Noite;Decrescente;Nublado;Simples;Curva;-24,27267692;-52,51191443
14/04/2023;05:35:00;BLUMENAU;Velocidade Incompatível;Colisão lateral mesmo sentido;Com Vítimas Feridas;Amanhecer;Crescente;Garoa/Chuvisco;Dupla;"Reta;Em Obras";-26,874519;-49,013454
14/04/2023;01:00:00;ARAQUARI;Ultrapassagem Indevida;Colisão transversal;Com Vítimas Feridas;Plena Noite;Decrescente;Garoa/Chuvisco;Simples;Reta;-26,37092616;-48,70204099
14/04/2023;06:10:00;CATALAO;Manobra de mudança de faixa;Colisão com objeto;Sem Vítimas;Pleno dia;Crescente;Céu Claro;Simples;"Reta;Aclive";-18,1302;-47,9047
14/04/2023;07:00:00;APARECIDA DE GOIANIA;Trafegar com motocicleta (ou similar) entre as faixas;Tombamento;Com Vítimas Feridas;Pleno dia;Crescente;Céu Claro;Múltipla;Reta;-16,7633;-49,24
14/04/2023;07:20:00;FORTALEZA;Manobra de mudança de faixa;Colisão lateral mesmo sentido;Com Vítimas Feridas;Pleno dia;Decrescente;Chuva;Múltipla;Reta;-3,87839882;-38,50066893
14/04/2023;01:00:00;TRES BARRAS;Velocidade Incompatível;Tombamento;Sem Vítimas;Plena Noite;Decrescente;Chuva;Simples;Rotatória;-26,17118856;-50,26466388
14/04/2023;10:30:00;CARMOPOLIS;Ultrapassagem Indevida;Capotamento;Com Vítimas Feridas;Pleno dia;Decrescente;Céu Claro;Simples;Reta;-10,62656711;-36,99773792
14/04/2023;10:40:00;CAMPOS DOS GOYTACAZES;Ausência de reação do condutor;Tombamento;Com Vítimas Feridas;Pleno dia;Crescente;Céu Claro;Simples;Reta;-21,71992893;-41,17306805
29/03/2023;09:00:00;SIMOES FILHO;Carga excessiva e/ou mal acondicionada;Derramamento de carga;Sem Vítimas;Pleno dia;Decrescente;Céu Claro;Dupla;"Curva;Aclive";-12,79783142;-38,40420311
14/04/2023;10:40:00;GUARANIACU;Mal súbito do condutor;Tombamento;Com Vítimas Fatais;Pleno dia;Decrescente;Céu Claro;Simples;"Curva;Declive";-25,14349757;-52,70283222
21/03/2023;13:30:00;TERESOPOLIS;Velocidade Incompatível;Colisão transversal;Com Vítimas Feridas;Pleno dia;Crescente;Chuva;Simples;"Curva;Ponte";-22,46416302;-42,99215699
28/01/2023;05:30:00;ITAITUBA;Velocidade Incompatível;Tombamento;Com Vítimas Fatais;Amanhecer;Crescente;Nublado;Simples;"Declive;Reta";-4,39842;-55,919685
14/04/2023;13:27:00;MARILIA;Ultrapassagem Indevida;Colisão frontal;Com Vítimas Fatais;Pleno dia;Decrescente;Nublado;Simples;Ponte;-22,05871399;-49,90221969
14/04/2023;13:45:00;CORREGO DANTA;Chuva;Colisão lateral sentido oposto;Com Vítimas Feridas;Pleno dia;Crescente;Chuva;Simples;Curva;-19,72840041;-46,01996161
15/02/2023;09:00:00;DIAMANTINO;Chuva;Colisão frontal;Com Vítimas Fatais;Pleno dia;Decrescente;Chuva;Simples;Reta;-14,47930404;-56,16711706
14/04/2023;16:25:00;BRUMADINHO;Obstrução na via;Saída de leito carroçável;Com Vítimas Feridas;Pleno dia;Crescente;Chuva;Dupla;Curva;-20,16175378;-44,34144636
14/04/2023;13:14:00;GUARANTA DO NORTE;Reação tardia ou ineficiente do condutor;Tombamento;Com Vítimas Feridas;Pleno dia;Crescente;Céu Claro;Simples;Curva;-9,7343441;-54,88508876
14/04/2023;14:40:00;TRES CORACOES;Chuva;Saída de leito carroçável;Sem Vítimas;Pleno dia;Decrescente;Chuva;Dupla;"Declive;Reta";-21,70752761;-45,37422642
14/04/2023;17:35:00;FRUTAL;Condutor deixou de manter distância do veículo da frente;Saída de leito carroçável;Com Vítimas Feridas;Pleno dia;Crescente;Chuva;Simples;"Em Obras;Reta";-20,11332631;-49,09858704
14/04/2023;20:30:00;TUCANO;Pista esburacada;Tombamento;Com Vítimas Feridas;Plena Noite;Decrescente;Céu Claro;Simples;Reta;-11,1190824;-38,83313298
14/04/2023;20:15:00;CORBELIA;Velocidade Incompatível;Colisão transversal;Sem Vítimas;Pleno dia;Decrescente;Céu Claro;Simples;"Reta;Interseção de Vias";-24,5882513;-53,20168018
14/04/2023;23:15:00;MIRACATU;Reação tardia ou ineficiente do condutor;Tombamento;Com Vítimas Feridas;Plena Noite;Crescente;Nevoeiro/Neblina;Dupla;"Curva;Declive";-24,1220177;-47,27047772
14/04/2023;23:30:00;LUZ;Chuva;Colisão frontal;Com Vítimas Feridas;Plena Noite;Crescente;Nublado;Simples;Curva;-19,7196714;-45,87750345
15/04/2023;05:50:00;ITABIRITO;Demais falhas mecânicas ou elétricas;Tombamento;Com Vítimas Feridas;Amanhecer;Crescente;Céu Claro;Simples;"Curva;Declive";-20,35149094;-43,91313094
15/04/2023;06:30:00;EXTREMA;Velocidade Incompatível;Colisão traseira;Com Vítimas Feridas;Pleno dia;Crescente;Chuva;Simples;"Reta;Aclive";-22,79946587;-46,2641573
15/04/2023;13:00:00;PETROPOLIS;Acumulo de água sobre o pavimento;Tombamento;Com Vítimas Feridas;Pleno dia;Crescente;Chuva;Dupla;Curva;-22,49130098;-43,22294163
15/04/2023;13:00:00;PETROPOLIS;Velocidade Incompatível;Colisão traseira;Com Vítimas Feridas;Pleno dia;Decrescente;Céu Claro;Simples;Reta;-22,49106769;-43,22090149
15/04/2023;15:00:00;PALMAS;Manobra de mudança de faixa;Colisão traseira;Sem Vítimas;Pleno dia;Crescente;Céu Claro;Dupla;Rotatória;-10,22866468;-48,1787123
15/04/2023;16:33:00;BATAGUASSU;Manobra de mudança de faixa;Colisão lateral sentido oposto;Sem Vítimas;Pleno dia;Decrescente;Céu Claro;Simples;Reta;-21,85640785;-52,99283596
15/04/2023;11:24:00;ITAOBIM;Curva acentuada;Saída de leito carroçável;Com Vítimas Fatais;Pleno dia;Decrescente;Céu Claro;Simples;Curva;-16,62714205;-41,50269872
15/04/2023;19:20:00;LUIS EDUARDO MAGALHAES;Manobra de mudança de faixa;Colisão lateral sentido oposto;Com Vítimas Fatais;Plena Noite;Crescente;Céu Claro;Simples;"Reta;Aclive";-12,370344;-45,863287
15/04/2023;17:40:00;LAPA;Velocidade Incompatível;Colisão lateral sentido oposto;Com Vítimas Feridas;Pleno dia;Crescente;Nublado;Simples;Curva;-25,772074;-49,745663
16/04/2023;03:30:00;BALNEARIO CAMBORIU;Problema na suspensão;Tombamento;Sem Vítimas;Amanhecer;Crescente;Céu Claro;Simples;"Aclive;Curva";-27,028689;-48,60460997
16/04/2023;04:10:00;PICOS;Afundamento ou ondulação no pavimento;Tombamento;Com Vítimas Feridas;Plena Noite;Crescente;Ignorado;Múltipla;Reta;-7,07959049;-41,44975182
16/04/2023;06:50:00;ITAPEVA;Velocidade Incompatível;Tombamento;Com Vítimas Fatais;Pleno dia;Crescente;Nevoeiro/Neblina;Dupla;Curva;-22,77111046;-46,19968562
16/04/2023;10:10:00;SANTO ANTONIO DA PLATINA;Ingestão de álcool pelo condutor;Tombamento;Com Vítimas Feridas;Pleno dia;Crescente;Céu Claro;Simples;"Declive;Curva";-23,26886736;-50,0636673
16/04/2023;10:35:00;CAMPO ALEGRE DE GOIAS;Reação tardia ou ineficiente do condutor;Tombamento;Com Vítimas Feridas;Pleno dia;Decrescente;Céu Claro;Dupla;Reta;-17,3196;-47,7827
16/04/2023;12:15:00;IMBITUBA;Manobra de mudança de faixa;Colisão lateral mesmo sentido;Com Vítimas Feridas;Pleno dia;Decrescente;Céu Claro;Múltipla;Reta;-28,16648225;-48,69407773
16/04/2023;15:25:00;BRUMADINHO;Velocidade Incompatível;Saída de leito carroçável;Com Vítimas Feridas;Pleno dia;Crescente;Céu Claro;Dupla;"Curva;Declive";-20,16710798;-44,33422398
16/04/2023;16:25:00;LAVRAS;Velocidade Incompatível;Tombamento;Com Vítimas Feridas;Pleno dia;Crescente;Céu Claro;Dupla;"Curva;Declive";-21,29905212;-45,15077778
16/04/2023;19:00:00;ARAPONGAS;Velocidade Incompatível;Colisão lateral sentido oposto;Com Vítimas Feridas;Plena Noite;Crescente;Céu Claro;Simples;Rotatória;-23,417515;-51,426606
29/03/2023;20:15:00;SANTA CECILIA;Manobra de mudança de faixa;Colisão frontal;Com Vítimas Feridas;Plena Noite;Crescente;Chuva;Simples;Curva;-26,85025694;-50,40504834
16/04/2023;10:50:00;MONTE CASTELO;Ausência de reação do condutor;Tombamento;Com Vítimas Feridas;Pleno dia;Decrescente;Nublado;Simples;"Curva;Declive";-26,75568818;-50,32812388
16/04/2023;21:50:00;INHAPIM;Velocidade Incompatível;Tombamento;Com Vítimas Feridas;Plena Noite;Crescente;Céu Claro;Simples;Curva;-19,45138982;-42,12752114
16/04/2023;12:25:00;PORTO REAL DO COLEGIO;Ausência de reação do condutor;Tombamento;Com Vítimas Feridas;Pleno dia;Decrescente;Céu Claro;Dupla;Curva;-10,20157574;-36,81810379
16/04/2023;21:30:00;RIBEIRAO DAS NEVES;Manobra de mudança de faixa;Colisão lateral mesmo sentido;Com Vítimas Feridas;Plena Noite;Decrescente;Céu Claro;Dupla;Reta;-19,77463885;-44,12321882
16/04/2023;23:00:00;MANDAGUARI;Manobra de mudança de faixa;Colisão lateral mesmo sentido;Com Vítimas Feridas;Plena Noite;Decrescente;Chuva;Dupla;Reta;-23,51140397;-51,71363219