data_inversa;horario;municipio;causa_acidente;tipo_acidente;classificacao_acidente;fase_dia;sentido_via;condicao_metereologica;tipo_pista;tracado_via;latitude;longitude
16/04/2023;20:20:00;COCAL DE TELHA;Chuva;Colisão lateral sentido oposto;Com Vítimas Feridas;Plena Noite;Decrescente;Chuva;Simples;Reta;-4,617801;-42,003155
17/04/2023;06:10:00;MUQUEM DE SAO FRANCISCO;Acumulo de água sobre o pavimento;Saída de leito carroçável;Com Vítimas Feridas;Amanhecer;Crescente;Chuva;Simples;Reta;-12,22985237;-43,83831789
17/04/2023;07:40:00;RIO NEGRINHO;Velocidade Incompatível;Tombamento;Com Vítimas Feridas;Pleno dia;Crescente;Chuva;Simples;"Interseção de Vias;Rotatória";-26,26790314;-49,55407977
17/04/2023;07:40:00;CAMPOS ALTOS;Velocidade Incompatível;Tombamento;Com Vítimas Feridas;Pleno dia;Decrescente;Sol;Simples;Curva;-19,65778399;-46,12747192
17/04/2023;09:43:00;PORTO VITORIA;Acumulo de óleo sobre o pavimento;Saída de leito carroçável;Sem Vítimas;Pleno dia;Decrescente;Chuva;Simples;Reta;-26,23707363;-51,15234375
17/04/2023;11:59:00;JOINVILLE;Velocidade Incompatível;Engavetamento;Com Vítimas Feridas;Pleno dia;Decrescente;Nublado;Dupla;Reta;-26,17483309;-48,90767978
17/04/2023;08:50:00;PORTO VITORIA;Chuva;Colisão transversal;Com Vítimas Feridas;Pleno dia;Crescente;Chuva;Simples;Curva;-26,323624;-51,230133
17/04/2023;14:24:00;BEZERROS;Velocidade Incompatível;Colisão traseira;Sem Vítimas;Pleno dia;Decrescente;Sol;Dupla;Reta;-8,27437583;-35,80416315
17/04/2023;12:30:00;LAVRINHAS;Manobra de mudança de faixa;Colisão lateral mesmo sentido;Sem Vítimas;Pleno dia;Crescente;Céu Claro;Dupla;Curva;-22,56007021;-44,82886594
17/04/2023;16:30:00;PIMENTA BUENO;Pista esburacada;Colisão traseira;Com Vítimas Feridas;Pleno dia;Decrescente;Nublado;Simples;"Declive;Reta";-11,719129;-61,148019
17/04/2023;18:29:00;TAUBATE;Acessar a via sem observar a presença dos outros veículos;Tombamento;Com Vítimas Feridas;Plena Noite;Decrescente;Chuva;Múltipla;Reta;-23,03412614;-45,5526999
17/04/2023;18:00:00;BLUMENAU;Ultrapassagem Indevida;Colisão lateral mesmo sentido;Com Vítimas Feridas;Anoitecer;Decrescente;Nublado;Simples;Reta;-26,871065;-49,110374
17/04/2023;19:16:00;SANTANA DA BOA VISTA;Velocidade Incompatível;Tombamento;Com Vítimas Fatais;Plena Noite;Crescente;Nublado;Simples;"Declive;Reta";-30,921031;-53,10501501
17/04/2023;17:30:00;ACAILANDIA;Ultrapassagem Indevida;Colisão lateral mesmo sentido;Sem Vítimas;Pleno dia;Decrescente;Céu Claro;Simples;Reta;-4,87587256;-47,35338025
17/04/2023;20:30:00;CAMBUI;Velocidade Incompatível;Colisão com objeto;Com Vítimas Feridas;Plena Noite;Crescente;Chuva;Dupla;"Curva;Aclive";-22,66164269;-46,08903117
17/04/2023;19:30:00;CORREGO DANTA;Manobra de mudança de faixa;Colisão lateral mesmo sentido;Sem Vítimas;Plena Noite;Crescente;Céu Claro;Simples;"Reta;Aclive";-19,66121915;-46,10440493
17/04/2023;16:20:00;VARZEA GRANDE;Ultrapassagem Indevida;Colisão lateral sentido oposto;Sem Vítimas;Plena Noite;Crescente;Céu Claro;Simples;Reta;-15,52718003;-56,27460882
17/04/2023;14:05:00;TEODORO SAMPAIO;Avarias e/ou desgaste excessivo no pneu;Tombamento;Sem Vítimas;Pleno dia;Decrescente;Sol;Simples;"Curva;Declive";-12,25303736;-38,6436367
17/04/2023;18:36:00;CASCAVEL;Velocidade Incompatível;Saída de leito carroçável;Sem Vítimas;Anoitecer;Crescente;Chuva;Simples;"Curva;Viaduto;Aclive";-24,96684176;-53,40258186
18/04/2023;06:00:00;REGISTRO;Chuva;Colisão traseira;Com Vítimas Feridas;Amanhecer;Crescente;Chuva;Dupla;Reta;-24,52913591;-47,85619324
17/04/2023;16:45:00;CAJATI;Reação tardia ou ineficiente do condutor;Tombamento;Com Vítimas Feridas;Anoitecer;Decrescente;Nublado;Simples;"Curva;Declive";-24,84895058;-48,21210623
18/04/2023;06:30:00;JACAREZINHO;Pista Escorregadia;Colisão frontal;Com Vítimas Feridas;Amanhecer;Crescente;Chuva;Simples;Curva;-23,17337439;-49,97352362
18/04/2023;06:20:00;SANTA BARBARA DO LESTE;Velocidade Incompatível;Tombamento;Com Vítimas Feridas;Amanhecer;Decrescente;Céu Claro;Simples;Curva;-19,94406896;-42,1320258
18/04/2023;07:45:00;ITAPEVA;Velocidade Incompatível;Colisão com objeto;Com Vítimas Feridas;Pleno dia;Crescente;Nublado;Dupla;Curva;-22,77455329;-46,23894822
18/04/2023;08:00:00;CARMO DA CACHOEIRA;Fumaça;Colisão traseira;Com Vítimas Feridas;Pleno dia;Crescente;Céu Claro;Dupla;"Reta;Aclive";-21,44452652;-45,20892048
18/04/2023;09:30:00;NOVA ANDRADINA;Manobra de mudança de faixa;Colisão frontal;Com Vítimas Fatais;Pleno dia;Crescente;Chuva;Simples;Reta;-21,62768849;-53,61585406
18/04/2023;13:10:00;ANAPOLIS;Manobra de mudança de faixa;Colisão transversal;Com Vítimas Feridas;Pleno dia;Crescente;Céu Claro;Dupla;"Aclive;Reta";-16,3491;-48,9095
18/04/2023;11:30:00;LEOPOLDINA;Velocidade Incompatível;Tombamento;Com Vítimas Feridas;Pleno dia;Decrescente;Sol;Simples;"Curva;Declive";-21,61901304;-42,69136906
18/04/2023;16:35:00;NOVA ERA;Ausência de reação do condutor;Tombamento;Com Vítimas Fatais;Pleno dia;Crescente;Céu Claro;Simples;"Curva;Declive";-19,80306599;-43,06083702
18/04/2023;16:54:00;NOVA IGUACU;Chuva;Colisão traseira;Com Vítimas Feridas;Anoitecer;Decrescente;Garoa/Chuvisco;Múltipla;Reta;-22,7651616;-43,4154728
18/04/2023;18:00:00;SINOP;Ultrapassagem Indevida;Colisão transversal;Sem Vítimas;Plena Noite;Crescente;Chuva;Simples;Interseção de Vias;-11,90744909;-55,50726663
18/04/2023;19:50:00;MORRETES;Problema com o freio;Tombamento;Com Vítimas Feridas;Plena Noite;Decrescente;Céu Claro;Dupla;Curva;-25,56011566;-48,81439895
18/04/2023;13:40:00;JEQUIA DA PRAIA;Velocidade Incompatível;Tombamento;Com Vítimas Feridas;Pleno dia;Crescente;Céu Claro;Dupla;"Declive;Curva";-9,89402674;-36,14110191
18/04/2023;17:50:00;GOIANIA;Avarias e/ou desgaste excessivo no pneu;Tombamento;Com Vítimas Feridas;Anoitecer;Decrescente;Céu Claro;Dupla;Curva;-16,5959;-49,1965
18/04/2023;20:55:00;TEIXEIRA DE FREITAS;Velocidade Incompatível;Tombamento;Com Vítimas Feridas;Plena Noite;Crescente;Céu Claro;Simples;"Curva;Aclive";-17,60115738;-39,74853516
18/04/2023;21:00:00;BARRO DURO;Pista esburacada;Tombamento;Com Vítimas Feridas;Plena Noite;Decrescente;Chuva;Simples;Reta;-5,78420841;-42,57148938
19/04/2023;00:20:00;BRUMADINHO;Velocidade Incompatível;Tombamento;Sem Vítimas;Plena Noite;Crescente;Nublado;Dupla;Curva;-20,16710798;-44,33422398
19/04/2023;01:45:00;GASPAR;Demais falhas mecânicas ou elétricas;Tombamento;Sem Vítimas;Plena Noite;Crescente;Nublado;Simples;Desvio Temporário;-26,904108;-48,980164
18/04/2023;18:30:00;SANTA CRUZ DE SALINAS;Reação tardia ou ineficiente do condutor;Tombamento;Com Vítimas Feridas;Plena Noite;Decrescente;Céu Claro;Simples;Curva;-16,010056;-41,791704
19/04/2023;01:30:00;DUQUE DE CAXIAS;Velocidade Incompatível;Colisão lateral mesmo sentido;Com Vítimas Feridas;Plena Noite;Crescente;Nublado;Múltipla;Reta;-22,69754226;-43,28929966
19/04/2023;04:30:00;ITATIAIUCU;Modificação proibida;Tombamento;Com Vítimas Feridas;Amanhecer;Decrescente;Nublado;Dupla;Curva;-20,1904316;-44,38268793
19/04/2023;00:50:00;AIURUOCA;Velocidade Incompatível;Colisão frontal;Com Vítimas Feridas;Plena Noite;Decrescente;Chuva;Simples;"Declive;Curva";-21,93263164;-44,70242991
19/04/2023;07:15:00;BARRA DO TURVO;Reação tardia ou ineficiente do condutor;Tombamento;Com Vítimas Feridas;Pleno dia;Decrescente;Sol;Dupla;Curva;-24,95016699;-48,42400302
19/04/2023;10:40:00;CURITIBA;Manobra de mudança de faixa;Colisão lateral mesmo sentido;Sem Vítimas;Pleno dia;Crescente;Céu Claro;Dupla;"Reta;Em Obras";-25,385775;-49,203377
19/04/2023;12:10:00;FRANCISCO SA;Pista Escorregadia;Colisão frontal;Com Vítimas Feridas;Pleno dia;Crescente;Garoa/Chuvisco;Simples;"Declive;Reta";-16,64068999;-43,69966903
24/02/2023;09:10:00;IRINEOPOLIS;Velocidade Incompatível;Tombamento;Com Vítimas Fatais;Pleno dia;Decrescente;Céu Claro;Simples;"Declive;Curva";-26,29239616;-50,87751706
19/04/2023;14:00:00;SABARA;Velocidade Incompatível;Engavetamento;Com Vítimas Feridas;Pleno dia;Decrescente;Nublado;Simples;"Reta;Ponte";-19,85197588;-43,88851019
19/04/2023;20:00:00;FRANCISCO SA;Pista Escorregadia;Colisão frontal;Com Vítimas Feridas;Plena Noite;Crescente;Chuva;Simples;"Declive;Reta";-16,61623136;-43,68084596
19/04/2023;18:00:00;SANTO ANTONIO DO AMPARO;Manobra de mudança de faixa;Saída de leito carroçável;Com Vítimas Feridas;Anoitecer;Crescente;Nublado;Dupla;"Reta;Retorno Regulamentado";-20,90152679;-44,85689014
19/04/2023;20:30:00;PETROPOLIS;Velocidade Incompatível;Colisão com objeto;Com Vítimas Feridas;Plena Noite;Crescente;Chuva;Simples;"Declive;Curva";-22,52047984;-43,2292093
03/04/2023;19:00:00;GENERAL CARNEIRO;Manobra de mudança de faixa;Colisão lateral sentido oposto;Com Vítimas Fatais;Plena Noite;Decrescente;Céu Claro;Simples;Reta;-15,697046;-53,612797
20/04/2023;01:30:00;GUARATUBA;Ausência de reação do condutor;Tombamento;Com Vítimas Feridas;Plena Noite;Crescente;Nublado;Dupla;"Curva;Declive";-25,864159;-48,937538
19/04/2023;10:15:00;CAJATI;Reação tardia ou ineficiente do condutor;Tombamento;Com Vítimas Feridas;Pleno dia;Crescente;Céu Claro;Múltipla;Curva;-24,78494229;-48,18105698
20/04/2023;06:20:00;SAO FRANCISCO DO PARA;Ultrapassagem Indevida;Colisão lateral sentido oposto;Sem Vítimas;Amanhecer;Crescente;Nevoeiro/Neblina;Simples;Reta;-1,33032929;-47,63036005
20/04/2023;07:30:00;GUAPIMIRIM;Problema com o freio;Tombamento;Com Vítimas Feridas;Pleno dia;Crescente;Céu Claro;Simples;Em Obras;-22,54280711;-42,98518617
18/04/2023;21:30:00;PALMEIRAS;Reação tardia ou ineficiente do condutor;Tombamento;Com Vítimas Feridas;Plena Noite;Decrescente;Nublado;Simples;Curva;-12,4305294;-41,50637602
20/04/2023;06:30:00;SAO MATEUS DO MARANHAO;Acostamento em desnível;Saída de leito carroçável;Com Vítimas Feridas;Amanhecer;Decrescente;Céu Claro;Simples;Reta;-3,94097;-44,48016633
20/04/2023;07:13:00;ORTIGUEIRA;Curva acentuada;Colisão com objeto;Sem Vítimas;Pleno dia;Crescente;Céu Claro;Simples;"Curva;Declive";-24,04458282;-51,07792854
20/04/2023;08:30:00;JEQUITAI;Velocidade Incompatível;Tombamento;Com Vítimas Feridas;Plena Noite;Decrescente;Céu Claro;Simples;Curva;-17,034324;-44,318836
20/04/2023;08:30:00;GUARANTA DO NORTE;Curva acentuada;Tombamento;Com Vítimas Feridas;Pleno dia;Crescente;Céu Claro;Simples;Curva;-9,64808316;-54,87252077
20/04/2023;12:30:00;BETIM;Velocidade Incompatível;Capotamento;Com Vítimas Feridas;Pleno dia;Decrescente;Céu Claro;Dupla;Reta;-19,96466575;-44,17285107
20/04/2023;12:35:00;POUSO ALEGRE;Curva acentuada;Tombamento;Com Vítimas Feridas;Pleno dia;Decrescente;Céu Claro;Dupla;Curva;-22,26114406;-45,89010176
20/04/2023;13:20:00;LAGES;Velocidade Incompatível;Colisão traseira;Com Vítimas Feridas;Pleno dia;Crescente;Céu Claro;Simples;"Reta;Aclive";-27,780222;-50,241741
20/04/2023;15:25:00;CAMPO FLORIDO;Velocidade Incompatível;Saída de leito carroçável;Com Vítimas Feridas;Pleno dia;Crescente;Sol;Simples;Declive;-19,71475185;-48,73046994
20/04/2023;17:06:00;JUTI;Ultrapassagem Indevida;Colisão frontal;Com Vítimas Feridas;Pleno dia;Decrescente;Céu Claro;Simples;"Reta;Aclive";-22,81424023;-54,71181413
20/04/2023;15:15:00;MONTE CASTELO;Ultrapassagem Indevida;Colisão lateral mesmo sentido;Com Vítimas Feridas;Pleno dia;Decrescente;Céu Claro;Simples;Ponte;-26,61710581;-50,23483816
20/04/2023;16:10:00;PETROLANDIA;Velocidade Incompatível;Colisão traseira;Com Vítimas Feridas;Pleno dia;Decrescente;Sol;Simples;Reta;-9,01531065;-38,2309433
20/04/2023;19:15:00;INHAPIM;Manobra de mudança de faixa;Colisão transversal;Com Vítimas Feridas;Plena Noite;Crescente;Nublado;Simples;"Curva;Retorno Regulamentado";-19,53642905;-42,12651952
21/04/2023;00:20:00;TEIXEIRA DE FREITAS;Velocidade Incompatível;Tombamento;Com Vítimas Feridas;Plena Noite;Decrescente;Chuva;Simples;"Curva;Aclive";-17,60075982;-39,74850655
19/04/2023;22:00:00;SAO GONCALO;Manobra de mudança de faixa;Colisão lateral mesmo sentido;Com Vítimas Feridas;Plena Noite;Crescente;Nublado;Dupla;Reta;-22,82262092;-43,08460805
21/04/2023;08:00:00;LAVRINHAS;Velocidade Incompatível;Colisão com objeto;Com Vítimas Feridas;Pleno dia;Crescente;Céu Claro;Dupla;"Aclive;Curva";-22,58368521;-44,87772952
21/04/2023;11:29:00;SANTO ANTONIO DA PLATINA;Manobra de mudança de faixa;Colisão frontal;Com Vítimas Feridas;Pleno dia;Decrescente;Céu Claro;Simples;Reta;-23,33739902;-50,06723975
21/04/2023;11:10:00;IBATIBA;Ausência de reação do condutor;Tombamento;Com Vítimas Feridas;Pleno dia;Crescente;Céu Claro;Simples;"Curva;Declive";-20,2148829;-41,44925529
21/04/2023;14:55:00;BETIM;Manobra de mudança de faixa;Colisão traseira;Com Vítimas Feridas;Pleno dia;Decrescente;Céu Claro;Dupla;Reta;-19,985563;-44,20318
21/04/2023;15:00:00;CHOPINZINHO;Velocidade Incompatível;Tombamento;Com Vítimas Feridas;Pleno dia;Crescente;Céu Claro;Simples;"Declive;Curva";-25,7835481;-52,26884658
21/04/2023;11:35:00;DIONISIO CERQUEIRA;Velocidade Incompatível;Atropelamento de Pedestre;Com Vítimas Fatais;Pleno dia;Decrescente;Céu Claro;Simples;"Declive;Em Obras;Curva";-26,3036993;-53,5519147
21/04/2023;14:34:00;BARRA DO GARCAS;Ultrapassagem Indevida;Saída de leito carroçável;Com Vítimas Feridas;Pleno dia;Decrescente;Céu Claro;Simples;Reta;-15,64359901;-52,20841666
02/04/2023;05:00:00;ROSARIO OESTE;Ultrapassagem Indevida;Tombamento;Com Vítimas Feridas;Amanhecer;Crescente;Céu Claro;Simples;Reta;-14,94023384;-56,49573312
21/04/2023;16:10:00;MANHUACU;Reação tardia ou ineficiente do condutor;Tombamento;Com Vítimas Feridas;Pleno dia;Decrescente;Céu Claro;Simples;Reta;-20,04079579;-42,17396159
21/04/2023;20:30:00;JENIPAPO DOS VIEIRAS;Pista esburacada;Tombamento;Sem Vítimas;Plena Noite;Decrescente;Ignorado;Simples;Curva;-5,46338393;-45,48030001
22/04/2023;01:00:00;RIO NOVO DO SUL;Ausência de reação do condutor;Tombamento;Com Vítimas Feridas;Plena Noite;Crescente;Céu Claro;Simples;Reta;-20,82532924;-40,85473381
22/04/2023;02:00:00;ARAQUARI;Ultrapassagem Indevida;Colisão frontal;Com Vítimas Feridas;Plena Noite;Crescente;Garoa/Chuvisco;Simples;Reta;-26,38352781;-48,72677516
22/04/2023;04:40:00;NOSSA SENHORA DO SOCORRO;Acumulo de água sobre o pavimento;Saída de leito carroçável;Com Vítimas Feridas;Plena Noite;Decrescente;Chuva;Simples;Reta;-10,83545565;-37,22064972
22/04/2023;08:00:00;APARECIDA DO TABOADO;Pista esburacada;Tombamento;Com Vítimas Feridas;Pleno dia;Crescente;Céu Claro;Simples;Curva;-20,065768;-51,117438
21/04/2023;21:30:00;GUARANTA DO NORTE;Reação tardia ou ineficiente do condutor;Tombamento;Com Vítimas Feridas;Plena Noite;Decrescente;Ignorado;Simples;"Aclive;Curva";-9,60031621;-54,89180171
22/04/2023;11:30:00;MINEIROS;Velocidade Incompatível;Colisão lateral sentido oposto;Com Vítimas Feridas;Pleno dia;Crescente;Céu Claro;Simples;"Em Obras;Declive;Curva";-17,668106;-52,302914
22/04/2023;15:15:00;EXTREMA;Manobra de mudança de faixa;Colisão traseira;Com Vítimas Feridas;Pleno dia;Crescente;Sol;Dupla;"Declive;Interseção de Vias;Curva";-22,81907297;-46,29837383
22/04/2023;18:29:00;FLORANIA;Obstrução na via;Colisão frontal;Com Vítimas Fatais;Plena Noite;Crescente;Nublado;Simples;Declive;-6,10387394;-36,92404392
22/04/2023;19:20:00;UPANEMA;Ausência de sinalização;Colisão com objeto;Com Vítimas Feridas;Plena Noite;Decrescente;Céu Claro;Simples;"Reta;Aclive";-5,5760678;-37,31219072
22/04/2023;19:50:00;CONGONHAS;Manobra de mudança de faixa;Colisão lateral mesmo sentido;Com Vítimas Fatais;Plena Noite;Crescente;Nublado;Simples;Reta;-20,53804119;-43,82091165
22/04/2023;14:00:00;LAPA;Velocidade Incompatível;Tombamento;Sem Vítimas;Pleno dia;Decrescente;Sol;Simples;"Declive;Reta";-25,779379;-49,831974
22/04/2023;19:30:00;BACABAL;Animais na Pista;Tombamento;Com Vítimas Feridas;Plena Noite;Crescente;Céu Claro;Simples;Reta;-4,121362;-44,999702
22/04/2023;16:00:00;ARAGARCAS;Velocidade Incompatível;Tombamento;Sem Vítimas;Plena Noite;Decrescente;Nublado;Dupla;Viaduto;-15,945507;-52,210681
05/04/2023;10:00:00;SALOA;Velocidade Incompatível;Colisão transversal;Com Vítimas Feridas;Pleno dia;Decrescente;Céu Claro;Simples;"Curva;Aclive";-8,958949;-36,766119
23/04/2023;10:50:00;TRAIRAO;Velocidade Incompatível;Tombamento;Com Vítimas Feridas;Pleno dia;Crescente;Céu Claro;Simples;Curva;-4,719122;-56,014419
23/04/2023;15:00:00;LAVRAS;Velocidade Incompatível;Colisão lateral mesmo sentido;Com Vítimas Feridas;Pleno dia;Decrescente;Céu Claro;Dupla;Curva;-21,34177704;-45,17643719
23/04/2023;21:40:00;ROSARIO OESTE;Ultrapassagem Indevida;Colisão frontal;Com Vítimas Feridas;Plena Noite;Crescente;Céu Claro;Simples;Reta;-14,91290882;-56,47221224
23/04/2023;18:55:00;AGUA PRETA;Curva acentuada;Tombamento;Sem Vítimas;Plena Noite;Decrescente;Nublado;Dupla;Curva;-8,55039544;-35,44619699
24/04/2023;02:55:00;BIGUACU;Manobra de mudança de faixa;Colisão lateral mesmo sentido;Com Vítimas Feridas;Plena Noite;Crescente;Nublado;Múltipla;"Reta;Declive";-27,51844497;-48,63848496
24/04/2023;08:46:00;CARIACICA;Manobra de mudança de faixa;Colisão traseira;Com Vítimas Feridas;Pleno dia;Decrescente;Céu Claro;Dupla;Declive;-20,33223667;-40,40004683
24/03/2023;11:05:00;SAO PAULO;Manobra de mudança de faixa;Colisão transversal;Com Vítimas Feridas;Pleno dia;Crescente;Céu Claro;Dupla;Reta;-23,48586772;-46,54075317
24/04/2023;09:00:00;PIRAI;Velocidade Incompatível;Saída de leito carroçável;Sem Vítimas;Pleno dia;Decrescente;Céu Claro;Simples;Curva;-22,68023262;-43,83793831
24/04/2023;10:00:00;ITUIUTABA;Ausência de reação do condutor;Tombamento;Com Vítimas Feridas;Pleno dia;Crescente;Céu Claro;Dupla;Retorno Regulamentado;-18,94112485;-49,44782674
24/04/2023;10:15:00;JUSCIMEIRA;Manobra de mudança de faixa;Colisão lateral mesmo sentido;Com Vítimas Feridas;Pleno dia;Crescente;Céu Claro;Dupla;Curva;-16,07578903;-54,87413775
24/04/2023;12:20:00;IMBITUBA;Manobra de mudança de faixa;Colisão lateral mesmo sentido;Com Vítimas Feridas;Pleno dia;Crescente;Céu Claro;Dupla;Reta;-28,20457404;-48,6984006
24/04/2023;11:10:00;NOVA LARANJEIRAS;Falta de elemento de contenção que evite a saída do leito carroçável;Saída de leito carroçável;Sem Vítimas;Pleno dia;Crescente;Sol;Simples;"Reta;Aclive";-25,25715876;-52,62556125
24/04/2023;14:00:00;NOVA ITARANA;Falta de acostamento;Saída de leito carroçável;Com Vítimas Feridas;Pleno dia;Crescente;Céu Claro;Simples;Reta;-13,00883474;-39,956981
24/04/2023;13:30:00;DIAMANTINO;Velocidade Incompatível;Saída de leito carroçável;Sem Vítimas;Pleno dia;Decrescente;Nublado;Simples;Reta;-14,497458;-56,189678
24/04/2023;15:30:00;CODO;Ultrapassagem Indevida;Colisão lateral sentido oposto;Com Vítimas Feridas;Pleno dia;Decrescente;Céu Claro;Simples;Reta;-4,72527854;-43,72541428
24/04/2023;15:30:00;BLUMENAU;Velocidade Incompatível;Colisão traseira;Com Vítimas Feridas;Pleno dia;Crescente;Céu Claro;Dupla;Reta;-26,859768;-49,074493
24/04/2023;18:44:00;FEIRA DE SANTANA;Manobra de mudança de faixa;Colisão traseira;Com Vítimas Feridas;Plena Noite;Decrescente;Céu Claro;Dupla;Declive;-12,31183923;-38,88331817
24/04/2023;18:35:00;LEOPOLDINA;Velocidade Incompatível;Colisão com objeto;Com Vítimas Feridas;Plena Noite;Crescente;Céu Claro;Simples;Reta;-21,58153704;-42,68870355
24/04/2023;21:05:00;IGARAPE;Ausência de reação do condutor;Tombamento;Com Vítimas Feridas;Plena Noite;Decrescente;Nublado;Dupla;Curva;-20,103424;-44,318871
24/04/2023;13:25:00;SANTA RITA DE MINAS;Ultrapassagem Indevida;Tombamento;Com Vítimas Feridas;Pleno dia;Crescente;Céu Claro;Simples;"Curva;Em Obras";-19,85292504;-42,14058636
24/04/2023;22:50:00;ABADIANIA;Velocidade Incompatível;Tombamento;Com Vítimas Feridas;Plena Noite;Crescente;Céu Claro;Dupla;"Curva;Declive";-16,1529;-48,6109
25/04/2023;00:20:00;BARAO DE COCAIS;Reação tardia ou ineficiente do condutor;Tombamento;Com Vítimas Feridas;Plena Noite;Decrescente;Nublado;Dupla;"Desvio Temporário;Declive";-19,76614595;-43,45877192
25/04/2023;01:00:00;CAMPINA GRANDE DO SUL;Velocidade Incompatível;Tombamento;Com Vítimas Feridas;Plena Noite;Decrescente;Nublado;Simples;Reta;-25,111129;-48,80888
25/04/2023;01:35:00;GUARATUBA;Reação tardia ou ineficiente do condutor;Tombamento;Com Vítimas Feridas;Plena Noite;Decrescente;Céu Claro;Dupla;Curva;-25,95050276;-48,90514477
25/04/2023;07:00:00;MAUA DA SERRA;Velocidade Incompatível;Tombamento;Com Vítimas Feridas;Pleno dia;Decrescente;Céu Claro;Dupla;"Reta;Declive";-23,97981536;-51,08609019
25/04/2023;07:00:00;NOVA SERRANA;Velocidade Incompatível;Colisão transversal;Com Vítimas Fatais;Pleno dia;Crescente;Céu Claro;Dupla;Aclive;-19,87799664;-44,94086286
25/04/2023;07:35:00;SALVADOR;Manobra de mudança de faixa;Colisão lateral mesmo sentido;Com Vítimas Feridas;Pleno dia;Decrescente;Sol;Múltipla;Reta;-12,82184437;-38,38134222
25/04/2023;10:06:00;PORTO REAL DO COLEGIO;Chuva;Saída de leito carroçável;Com Vítimas Feridas;Pleno dia;Crescente;Chuva;Dupla;Curva;-10,11092575;-36,75955301
25/04/2023;07:40:00;CAPITAO LEONIDAS MARQUES;Velocidade Incompatível;Saída de leito carroçável;Com Vítimas Feridas;Pleno dia;Decrescente;Céu Claro;Simples;Curva;-25,49765306;-53,59938318
25/04/2023;11:40:00;BETIM;Carga excessiva e/ou mal acondicionada;Tombamento;Com Vítimas Feridas;Pleno dia;Decrescente;Céu Claro;Simples;"Interseção de Vias;Retorno Regulamentado";-19,98464192;-44,20125961
06/04/2023;04:40:00;MATOES DO NORTE;Pista esburacada;Tombamento;Com Vítimas Feridas;Plena Noite;Decrescente;Ignorado;Simples;Reta;-3,84696112;-44,50618126
25/04/2023;13:30:00;CAPELA;Velocidade Incompatível;Colisão com objeto;Com Vítimas Fatais;Pleno dia;Crescente;Chuva;Dupla;"Declive;Reta";-10,517972;-36,950147
25/04/2023;13:40:00;CAMBE;Velocidade Incompatível;Colisão lateral mesmo sentido;Sem Vítimas;Pleno dia;Crescente;Nublado;Dupla;"Declive;Reta";-23,29338981;-51,26842683
25/04/2023;13:15:00;CATALAO;Velocidade Incompatível;Tombamento;Com Vítimas Feridas;Pleno dia;Crescente;Sol;Dupla;"Desvio Temporário;Reta;Declive;Ponte;Em Obras";-17,8535;-47,7743
30/03/2023;09:00:00;ALTAMIRA;Reação tardia ou ineficiente do condutor;Tombamento;Com Vítimas Feridas;Pleno dia;Crescente;Ignorado;Simples;Curva;-8,728298;-54,979658
25/04/2023;14:19:00;CARIACICA;Ingestão de álcool pelo condutor;Tombamento;Com Vítimas Feridas;Pleno dia;Crescente;Céu Claro;Múltipla;"Aclive;Curva";-20,24334991;-40,3696926
25/03/2023;09:00:00;SAO JOSE DA LAJE;Declive acentuado;Tombamento;Com Vítimas Fatais;Pleno dia;Crescente;Céu Claro;Simples;Curva;-8,96637062;-36,01713181
25/04/2023;17:50:00;LAGES;Ingestão de álcool pelo condutor;Tombamento;Com Vítimas Feridas;Anoitecer;Decrescente;Nublado;Simples;"Declive;Curva";-27,797739;-50,353409
25/04/2023;17:40:00;CACOAL;Velocidade Incompatível;Colisão lateral sentido oposto;Com Vítimas Feridas;Pleno dia;Decrescente;Sol;Simples;"Curva;Declive";-11,433449;-61,632115
25/04/2023;19:00:00;ITABUNA;Velocidade Incompatível;Colisão traseira;Com Vítimas Feridas;Plena Noite;Crescente;Céu Claro;Simples;Reta;-14,84773788;-39,3453455
25/04/2023;17:00:00;LAJEDINHO;Afundamento ou ondulação no pavimento;Colisão frontal;Com Vítimas Feridas;Pleno dia;Crescente;Céu Claro;Simples;Reta;-12,44275629;-40,78160294
26/04/2023;03:30:00;GUARATUBA;Velocidade Incompatível;Saída de leito carroçável;Com Vítimas Feridas;Plena Noite;Crescente;Céu Claro;Dupla;"Declive;Curva";-25,87215028;-48,93720388
26/04/2023;07:45:00;MIRACATU;Velocidade Incompatível;Colisão com objeto;Com Vítimas Feridas;Pleno dia;Decrescente;Céu Claro;Dupla;Reta;-24,17774153;-47,3489432
26/04/2023;08:00:00;ARAQUARI;Ultrapassagem Indevida;Colisão lateral sentido oposto;Com Vítimas Fatais;Pleno dia;Crescente;Garoa/Chuvisco;Simples;Reta;-26,4136069;-48,759616
26/04/2023;08:00:00;ITAOBIM;Velocidade Incompatível;Capotamento;Com Vítimas Feridas;Pleno dia;Decrescente;Nublado;Simples;Curva;-16,62714205;-41,50269872
26/04/2023;07:15:00;ITAPEBI;Ultrapassagem Indevida;Colisão frontal;Com Vítimas Feridas;Pleno dia;Decrescente;Céu Claro;Simples;Aclive;-15,874374;-39,527784
26/04/2023;14:30:00;BALSA NOVA;Manobra de mudança de faixa;Colisão lateral mesmo sentido;Sem Vítimas;Pleno dia;Crescente;Céu Claro;Dupla;Curva;-25,47573952;-49,71943259