data_inversa;horario;municipio;causa_acidente;tipo_acidente;classificacao_acidente;fase_dia;sentido_via;condicao_metereologica;tipo_pista;tracado_via;latitude;longitude
26/04/2023;14:30:00;BETIM;Manobra de mudança de faixa;Colisão lateral mesmo sentido;Com Vítimas Feridas;Pleno dia;Crescente;Céu Claro;Dupla;Reta;-19,96245618;-44,16455495
26/04/2023;11:50:00;POUSO NOVO;Reação tardia ou ineficiente do condutor;Tombamento;Com Vítimas Feridas;Pleno dia;Decrescente;Nublado;Simples;Curva;-29,136362;-52,24575
26/04/2023;15:50:00;PORTO REAL DO COLEGIO;Velocidade Incompatível;Saída de leito carroçável;Com Vítimas Feridas;Pleno dia;Crescente;Céu Claro;Dupla;Curva;-10,11732075;-36,77563499
26/04/2023;17:40:00;FEIRA DE SANTANA;Pista Escorregadia;Engavetamento;Com Vítimas Feridas;Anoitecer;Decrescente;Garoa/Chuvisco;Dupla;Reta;-12,35104617;-38,83402119
26/04/2023;16:30:00;LEOPOLDINA;Velocidade Incompatível;Tombamento;Com Vítimas Feridas;Pleno dia;Crescente;Céu Claro;Simples;"Curva;Aclive";-21,59023796;-42,68715187
26/04/2023;09:05:00;GOVERNADOR VALADARES;Demais falhas mecânicas ou elétricas;Tombamento;Com Vítimas Feridas;Pleno dia;Crescente;Céu Claro;Simples;Reta;-18,96571703;-42,08181098
27/03/2023;16:39:00;RESSAQUINHA;Obstrução na via;Queda de ocupante de veículo;Com Vítimas Feridas;Pleno dia;Decrescente;Céu Claro;Simples;Reta;-21,0583914;-43,7624193
26/04/2023;21:15:00;PALHOCA;Manobra de mudança de faixa;Colisão lateral mesmo sentido;Com Vítimas Fatais;Plena Noite;Crescente;Céu Claro;Múltipla;"Reta;Aclive";-27,638847;-48,666362
26/04/2023;21:40:00;POUSO ALEGRE;Velocidade Incompatível;Atropelamento de Pedestre;Com Vítimas Feridas;Plena Noite;Decrescente;Céu Claro;Dupla;Curva;-22,32122086;-45,90669151
26/04/2023;22:20:00;DUQUE DE CAXIAS;Acumulo de água sobre o pavimento;Colisão traseira;Com Vítimas Feridas;Plena Noite;Crescente;Chuva;Múltipla;Reta;-22,691868;-43,287453
26/04/2023;22:15:00;PARAOPEBA;Demais falhas na via;Tombamento;Com Vítimas Feridas;Plena Noite;Crescente;Chuva;Dupla;Curva;-19,28815;-44,392
26/04/2023;16:00:00;CONQUISTA DOESTE;Demais falhas mecânicas ou elétricas;Tombamento;Com Vítimas Feridas;Pleno dia;Decrescente;Céu Claro;Simples;Reta;-14,59948734;-59,49960618
27/04/2023;07:00:00;PALMEIRA;Velocidade Incompatível;Colisão com objeto;Com Vítimas Feridas;Amanhecer;Decrescente;Nublado;Dupla;Reta;-25,39367559;-49,7957986
26/04/2023;20:50:00;LINDOESTE;Velocidade Incompatível;Saída de leito carroçável;Com Vítimas Feridas;Plena Noite;Crescente;Céu Claro;Dupla;"Curva;Aclive";-25,34495402;-53,58666028
27/04/2023;07:00:00;ORTIGUEIRA;Velocidade Incompatível;Tombamento;Com Vítimas Feridas;Pleno dia;Crescente;Nublado;Dupla;Curva;-23,993822;-51,087718
28/03/2023;20:00:00;UBERABA;Ausência de reação do condutor;Tombamento;Com Vítimas Feridas;Anoitecer;Decrescente;Céu Claro;Simples;Reta;-19,75033611;-47,76840193
27/04/2023;08:30:00;RIO VERDE;Manobra de mudança de faixa;Colisão lateral mesmo sentido;Com Vítimas Feridas;Pleno dia;Decrescente;Céu Claro;Dupla;Aclive;-17,8029;-50,9205
27/04/2023;08:03:00;CONTAGEM;Manobra de mudança de faixa;Colisão lateral mesmo sentido;Com Vítimas Feridas;Pleno dia;Crescente;Céu Claro;Dupla;Reta;-19,92064782;-44,0335681
06/03/2023;15:45:00;ENGENHEIRO CALDAS;Ultrapassagem Indevida;Colisão frontal;Com Vítimas Feridas;Pleno dia;Crescente;Céu Claro;Simples;Curva;-19,03997;-41,988655
27/04/2023;07:00:00;SAPUCAIA;Velocidade Incompatível;Tombamento;Com Vítimas Feridas;Pleno dia;Decrescente;Céu Claro;Simples;Curva;-22,03820204;-42,78241995
27/04/2023;10:30:00;SAO PEDRO DO SUL;Velocidade Incompatível;Capotamento;Com Vítimas Feridas;Pleno dia;Crescente;Céu Claro;Simples;"Aclive;Reta";-29,63576419;-54,2020905
27/04/2023;13:40:00;RIBEIRAO DAS NEVES;Chuva;Tombamento;Com Vítimas Fatais;Pleno dia;Crescente;Garoa/Chuvisco;Dupla;"Reta;Declive";-19,70073502;-44,17382703
27/04/2023;13:01:00;JANGADA;Chuva;Colisão transversal;Com Vítimas Feridas;Pleno dia;Crescente;Garoa/Chuvisco;Simples;Declive;-15,288552;-56,435159
26/04/2023;10:00:00;VITORIA DE SANTO ANTAO;Carga excessiva e/ou mal acondicionada;Tombamento;Sem Vítimas;Pleno dia;Crescente;Ignorado;Dupla;"Aclive;Curva;Viaduto";-8,128531;-35,282628
27/04/2023;14:00:00;CONFRESA;Pista esburacada;Saída de leito carroçável;Com Vítimas Feridas;Pleno dia;Crescente;Sol;Simples;"Curva;Declive";-10,37167275;-51,32387601
27/04/2023;15:45:00;CARACARAI;Velocidade Incompatível;Saída de leito carroçável;Com Vítimas Feridas;Pleno dia;Decrescente;Céu Claro;Simples;Reta;1,821677;-61,139236
27/04/2023;14:30:00;SANTANA DA BOA VISTA;Velocidade Incompatível;Colisão lateral sentido oposto;Sem Vítimas;Pleno dia;Decrescente;Céu Claro;Múltipla;"Curva;Aclive";-30,88732318;-53,12761215
27/04/2023;19:10:00;BENTO GONCALVES;Reação tardia ou ineficiente do condutor;Tombamento;Com Vítimas Feridas;Plena Noite;Decrescente;Céu Claro;Simples;"Curva;Declive";-29,048746;-51,593434
28/04/2023;03:30:00;OURO PRETO;Chuva;Colisão com objeto;Com Vítimas Feridas;Plena Noite;Decrescente;Chuva;Dupla;Declive;-20,38067507;-43,90128711
28/04/2023;05:50:00;SETE LAGOAS;Pista Escorregadia;Saída de leito carroçável;Com Vítimas Feridas;Amanhecer;Decrescente;Garoa/Chuvisco;Dupla;"Declive;Curva";-19,4136917;-44,33879427
28/04/2023;03:00:00;PALMEIRA;Ausência de reação do condutor;Tombamento;Com Vítimas Feridas;Plena Noite;Decrescente;Céu Claro;Dupla;"Reta;Aclive";-25,38045417;-49,80922117
28/04/2023;05:10:00;SAO JOAO DE MERITI;Fumaça;Incêndio;Sem Vítimas;Amanhecer;Crescente;Céu Claro;Dupla;Reta;-22,78055198;-43,39208599
28/04/2023;09:10:00;JAGUARI;Problema com o freio;Tombamento;Com Vítimas Fatais;Pleno dia;Crescente;Sol;Simples;"Curva;Declive";-29,4084205;-54,7333884
12/04/2023;22:20:00;BALNEARIO CAMBORIU;Desvio temporário;Colisão traseira;Com Vítimas Fatais;Plena Noite;Crescente;Céu Claro;Múltipla;Reta;-27,0213651;-48,60899806
28/04/2023;08:15:00;POCOES;Ultrapassagem Indevida;Colisão frontal;Com Vítimas Feridas;Pleno dia;Crescente;Céu Claro;Simples;"Reta;Declive";-14,3857129;-40,35030638
31/03/2023;15:04:00;NEPOMUCENO;Velocidade Incompatível;Tombamento;Com Vítimas Feridas;Pleno dia;Decrescente;Céu Claro;Dupla;"Declive;Curva";-21,356461;-45,18478
28/04/2023;13:40:00;SAO JOSE;Manobra de mudança de faixa;Colisão lateral mesmo sentido;Com Vítimas Feridas;Pleno dia;Decrescente;Céu Claro;Múltipla;"Interseção de Vias;Reta";-27,58313237;-48,61532885
28/04/2023;17:30:00;BARREIRAS;Velocidade Incompatível;Queda de ocupante de veículo;Com Vítimas Feridas;Anoitecer;Crescente;Céu Claro;Simples;Reta;-12,125302;-45,02858
28/04/2023;14:00:00;BACABAL;Manobra de mudança de faixa;Colisão lateral sentido oposto;Com Vítimas Fatais;Pleno dia;Crescente;Céu Claro;Simples;Reta;-4,19219;-44,9388
28/04/2023;17:30:00;SANTA MARIA DO PARA;Velocidade Incompatível;Colisão transversal;Com Vítimas Fatais;Pleno dia;Decrescente;Sol;Simples;Reta;-1,46695196;-47,53338287
28/04/2023;17:35:00;CARLOS BARBOSA;Reação tardia ou ineficiente do condutor;Tombamento;Com Vítimas Feridas;Anoitecer;Decrescente;Céu Claro;Simples;Curva;-29,29809;-51,48162
26/04/2023;06:30:00;RIO BRANCO;Desrespeitar a preferência no cruzamento;Tombamento;Com Vítimas Feridas;Pleno dia;Decrescente;Céu Claro;Dupla;Rotatória;-10,01005063;-67,84552927
28/04/2023;13:10:00;MORRETES;Problema com o freio;Tombamento;Com Vítimas Fatais;Pleno dia;Decrescente;Garoa/Chuvisco;Dupla;"Curva;Declive";-25,5826856;-48,8778761
28/04/2023;22:05:00;GUARAPUAVA;Manobra de mudança de faixa;Colisão lateral mesmo sentido;Com Vítimas Feridas;Plena Noite;Decrescente;Céu Claro;Dupla;Reta;-25,36014009;-51,46782517
28/04/2023;23:30:00;VILA VELHA;Velocidade Incompatível;Tombamento;Com Vítimas Feridas;Plena Noite;Decrescente;Chuva;Dupla;Curva;-20,46305283;-40,46527505
29/04/2023;05:30:00;NAVEGANTES;Condutor Dormindo;Tombamento;Sem Vítimas;Amanhecer;Decrescente;Céu Claro;Dupla;"Reta;Em Obras";-26,87132003;-48,67243767
29/04/2023;06:55:00;BELA VISTA DE MINAS;Pista Escorregadia;Colisão transversal;Com Vítimas Feridas;Pleno dia;Crescente;Chuva;Simples;Curva;-19,85986781;-43,11280984
28/04/2023;22:30:00;ENCRUZILHADA;Curva acentuada;Saída de leito carroçável;Com Vítimas Feridas;Plena Noite;Decrescente;Céu Claro;Simples;Curva;-15,51498634;-41,23800934
25/04/2023;20:40:00;XAXIM;Velocidade Incompatível;Colisão lateral sentido oposto;Com Vítimas Feridas;Pleno dia;Crescente;Chuva;Simples;Curva;-26,93876687;-52,5000242
29/04/2023;11:56:00;PALHOCA;Manobra de mudança de faixa;Colisão lateral mesmo sentido;Com Vítimas Feridas;Pleno dia;Decrescente;Céu Claro;Múltipla;Reta;-27,64443;-48,67057
29/04/2023;10:40:00;ITAMARAJU;Pista Escorregadia;Saída de leito carroçável;Com Vítimas Feridas;Pleno dia;Crescente;Chuva;Simples;Curva;-17,16628085;-39,5779873
29/04/2023;11:15:00;JAGUARI;Curva acentuada;Tombamento;Com Vítimas Feridas;Pleno dia;Decrescente;Céu Claro;Simples;"Interseção de Vias;Declive;Curva";-29,48260578;-54,68942642
29/04/2023;15:00:00;VILHENA;Pista esburacada;Colisão lateral sentido oposto;Com Vítimas Feridas;Pleno dia;Crescente;Sol;Simples;Reta;-12,67080681;-60,30359285
29/04/2023;17:20:00;RECIFE;Manobra de mudança de faixa;Colisão lateral mesmo sentido;Com Vítimas Feridas;Anoitecer;Decrescente;Céu Claro;Dupla;Reta;-8,126982;-34,94386
29/04/2023;16:00:00;LUZIANIA;Velocidade Incompatível;Colisão traseira;Com Vítimas Feridas;Pleno dia;Crescente;Chuva;Simples;"Declive;Curva";-16,37676;-47,830535
29/04/2023;17:30:00;BRUMADINHO;Velocidade Incompatível;Saída de leito carroçável;Com Vítimas Feridas;Anoitecer;Crescente;Chuva;Dupla;Curva;-20,1530682;-44,32617552
29/04/2023;16:00:00;SAO GONCALO DO RIO ABAIXO;Velocidade Incompatível;Tombamento;Com Vítimas Feridas;Pleno dia;Decrescente;Céu Claro;Simples;Curva;-19,83992808;-43,3214812
29/04/2023;20:00:00;BRASILIA;Manobra de mudança de faixa;Colisão lateral mesmo sentido;Sem Vítimas;Plena Noite;Decrescente;Céu Claro;Dupla;Reta;-15,792243;-48,158543
29/04/2023;07:42:00;IGAPORA;Velocidade Incompatível;Tombamento;Com Vítimas Feridas;Amanhecer;Crescente;Céu Claro;Simples;Curva;-13,84858048;-42,65364647
29/04/2023;22:30:00;GRAO MOGOL;Velocidade Incompatível;Saída de leito carroçável;Com Vítimas Feridas;Plena Noite;Decrescente;Nublado;Simples;Curva;-16,41910292;-43,29880499
30/04/2023;02:45:00;FLORESTA;Manobra de mudança de faixa;Colisão frontal;Com Vítimas Fatais;Amanhecer;Decrescente;Céu Claro;Simples;Reta;-8,6212637;-38,6304581
30/04/2023;02:10:00;DOM ELISEU;Manobra de mudança de faixa;Colisão lateral sentido oposto;Sem Vítimas;Plena Noite;Crescente;Nublado;Simples;Reta;-4,32541324;-47,54535722
30/04/2023;10:30:00;JOINVILLE;Manobra de mudança de faixa;Colisão traseira;Com Vítimas Feridas;Pleno dia;Decrescente;Sol;Dupla;"Declive;Interseção de Vias";-26,43207484;-48,82263984
30/04/2023;09:00:00;GUARAPUAVA;Reação tardia ou ineficiente do condutor;Tombamento;Com Vítimas Feridas;Pleno dia;Decrescente;Céu Claro;Simples;"Curva;Declive";-25,307343;-51,210518
26/04/2023;22:40:00;POCONE;Velocidade Incompatível;Derramamento de carga;Com Vítimas Feridas;Plena Noite;Decrescente;Céu Claro;Simples;Reta;-15,69606136;-56,45230592
30/04/2023;09:50:00;PIMENTA BUENO;Reação tardia ou ineficiente do condutor;Tombamento;Com Vítimas Feridas;Pleno dia;Crescente;Céu Claro;Simples;Reta;-12,06013397;-60,75930372
30/04/2023;18:20:00;CACAPAVA;Manobra de mudança de faixa;Colisão lateral mesmo sentido;Com Vítimas Feridas;Anoitecer;Crescente;Céu Claro;Dupla;Reta;-23,10991026;-45,70246044
30/04/2023;17:30:00;FRUTA DE LEITE;Reação tardia ou ineficiente do condutor;Tombamento;Com Vítimas Feridas;Plena Noite;Decrescente;Nublado;Simples;Curva;-16,26404799;-42,41031703
30/04/2023;15:00:00;PEDRA PRETA;Manobra de mudança de faixa;Colisão lateral sentido oposto;Com Vítimas Feridas;Pleno dia;Crescente;Céu Claro;Simples;Reta;-16,78856215;-54,21603106
01/05/2023;06:30:00;RIBEIRA DO POMBAL;Ultrapassagem Indevida;Colisão lateral mesmo sentido;Sem Vítimas;Amanhecer;Decrescente;Céu Claro;Simples;Aclive;-10,83422975;-38,5604295
01/05/2023;07:45:00;TRES DE MAIO;Manobra de mudança de faixa;Colisão lateral mesmo sentido;Com Vítimas Feridas;Pleno dia;Crescente;Céu Claro;Simples;Curva;-27,76410206;-54,2655623
01/05/2023;10:15:00;GRAVATA;Velocidade Incompatível;Saída de leito carroçável;Com Vítimas Feridas;Pleno dia;Decrescente;Céu Claro;Dupla;Curva;-8,16454496;-35,44785302
30/04/2023;22:00:00;VILA RICA;Manobra de mudança de faixa;Colisão frontal;Com Vítimas Fatais;Anoitecer;Crescente;Céu Claro;Simples;Reta;-10,17239294;-51,08437979
01/05/2023;14:00:00;WANDERLEY;Chuva;Saída de leito carroçável;Com Vítimas Feridas;Pleno dia;Decrescente;Nublado;Simples;Reta;-12;-44
10/03/2023;03:00:00;CONFRESA;Pista esburacada;Derramamento de carga;Sem Vítimas;Plena Noite;Crescente;Céu Claro;Simples;Reta;-10,53107887;-51,47080864
01/05/2023;11:40:00;PALMEIRAS;Manobra de mudança de faixa;Colisão lateral sentido oposto;Com Vítimas Feridas;Pleno dia;Decrescente;Céu Claro;Simples;Curva;-12,47071004;-41,44733298
07/04/2023;12:00:00;IBIRAPITANGA;Chuva;Colisão frontal;Com Vítimas Feridas;Pleno dia;Decrescente;Chuva;Simples;"Aclive;Curva";-14,12856832;-39,36405659
01/05/2023;17:20:00;APARECIDA;Manobra de mudança de faixa;Colisão traseira;Com Vítimas Feridas;Anoitecer;Decrescente;Nublado;Dupla;Curva;-22,83354783;-45,21713313
01/05/2023;16:30:00;CHAPECO;Manobra de mudança de faixa;Colisão lateral mesmo sentido;Com Vítimas Feridas;Pleno dia;Crescente;Céu Claro;Dupla;Reta;-27,01164515;-52,63953123
01/05/2023;15:03:00;LAVRAS;Falta de elemento de contenção que evite a saída do leito carroçável;Tombamento;Com Vítimas Fatais;Pleno dia;Decrescente;Chuva;Dupla;Reta;-21,27640386;-45,13914121
01/05/2023;15:05:00;JARU;Velocidade Incompatível;Engavetamento;Com Vítimas Feridas;Pleno dia;Crescente;Céu Claro;Simples;"Reta;Declive";-10,33792981;-62,60287585
01/05/2023;14:20:00;ARAGARCAS;Pista esburacada;Tombamento;Sem Vítimas;Pleno dia;Decrescente;Céu Claro;Simples;Reta;-16,01506388;-52,18216656
02/05/2023;05:40:00;ANAPOLIS;Manobra de mudança de faixa;Colisão com objeto;Com Vítimas Feridas;Amanhecer;Crescente;Céu Claro;Dupla;Reta;-16,286884;-48,942978
01/05/2023;22:15:00;COMENDADOR LEVY GASPARIAN;Condutor Dormindo;Tombamento;Com Vítimas Feridas;Plena Noite;Decrescente;Céu Claro;Dupla;"Declive;Curva";-22,05001673;-43,19798574
02/05/2023;06:30:00;SANTA IZABEL DO PARA;Manobra de mudança de faixa;Colisão lateral mesmo sentido;Com Vítimas Feridas;Amanhecer;Decrescente;Nevoeiro/Neblina;Dupla;Curva;-1,27585585;-48,09602201
02/05/2023;03:15:00;BARRA DO PIRAI;Velocidade Incompatível;Capotamento;Com Vítimas Fatais;Plena Noite;Crescente;Nevoeiro/Neblina;Simples;Curva;-22,43418644;-43,72671584
03/03/2023;21:15:00;TANGUA;Manobra de mudança de faixa;Colisão lateral mesmo sentido;Com Vítimas Feridas;Plena Noite;Decrescente;Céu Claro;Dupla;Reta;-22,73796393;-42,73871802
02/05/2023;09:25:00;CASCAVEL;Velocidade Incompatível;Tombamento;Com Vítimas Feridas;Pleno dia;Crescente;Sol;Simples;"Curva;Viaduto;Interseção de Vias;Declive";-24,98244037;-53,47368836
02/05/2023;10:30:00;RIO NOVO DO SUL;Velocidade Incompatível;Tombamento;Com Vítimas Feridas;Pleno dia;Decrescente;Nublado;Simples;Curva;-20,8657929;-40,89634385
02/05/2023;09:10:00;UBAPORANGA;Manobra de mudança de faixa;Tombamento;Com Vítimas Feridas;Pleno dia;Crescente;Céu Claro;Simples;Aclive;-19,66981698;-42,11727987
02/05/2023;10:40:00;BARRA VELHA;Manobra de mudança de faixa;Colisão lateral mesmo sentido;Sem Vítimas;Pleno dia;Crescente;Sol;Simples;Curva;-26,63713377;-48,69651057
02/05/2023;12:02:00;LUZIANIA;Manobra de mudança de faixa;Colisão traseira;Com Vítimas Feridas;Pleno dia;Crescente;Sol;Dupla;"Curva;Declive";-16,236391;-47,912182
02/05/2023;11:55:00;SAO JOSE DOS PINHAIS;Carga excessiva e/ou mal acondicionada;Derramamento de carga;Sem Vítimas;Pleno dia;Decrescente;Céu Claro;Dupla;Rotatória;-25,66095117;-49,15500053
11/03/2023;07:30:00;RONDONOPOLIS;Ultrapassagem Indevida;Colisão lateral mesmo sentido;Com Vítimas Feridas;Pleno dia;Decrescente;Nublado;Simples;"Ponte;Reta;Em Obras";-16,48347324;-54,64970354
02/05/2023;13:10:00;SAO JOSE DA VITORIA;Velocidade Incompatível;Colisão frontal;Com Vítimas Feridas;Pleno dia;Decrescente;Nublado;Simples;"Curva;Declive";-15,15775202;-39,41074199
02/05/2023;16:00:00;NOVO REPARTIMENTO;Manobra de mudança de faixa;Colisão frontal;Com Vítimas Fatais;Anoitecer;Crescente;Céu Claro;Simples;"Curva;Declive";-4,681816;-49,694095
02/05/2023;22:20:00;CACHOEIRA DO SUL;Manobra de mudança de faixa;Colisão traseira;Sem Vítimas;Plena Noite;Crescente;Nublado;Simples;"Reta;Aclive";-30,221642;-52,633202
03/05/2023;02:30:00;ROMARIA;Deficiência do Sistema de Iluminação/Sinalização;Saída de leito carroçável;Com Vítimas Feridas;Plena Noite;Decrescente;Céu Claro;Simples;Rotatória;-18,93273534;-47,58213043
03/05/2023;06:17:00;POSSE;Ultrapassagem Indevida;Colisão frontal;Com Vítimas Feridas;Amanhecer;Decrescente;Céu Claro;Simples;Declive;-14,270616;-46,389462
03/05/2023;07:00:00;BETIM;Manobra de mudança de faixa;Colisão lateral mesmo sentido;Com Vítimas Feridas;Pleno dia;Crescente;Céu Claro;Múltipla;Reta;-19,95586853;-44,14609501
27/03/2023;06:30:00;SANTA BARBARA;Falta de elemento de contenção que evite a saída do leito carroçável;Saída de leito carroçável;Com Vítimas Feridas;Pleno dia;Crescente;Nublado;Simples;Curva;-12,03364074;-39,01582097
03/05/2023;07:20:00;GUARULHOS;Pista esburacada;Colisão traseira;Com Vítimas Feridas;Pleno dia;Crescente;Céu Claro;Múltipla;Reta;-23,46885001;-46,56996601
03/05/2023;07:00:00;PIRAI;Reação tardia ou ineficiente do condutor;Tombamento;Com Vítimas Feridas;Amanhecer;Crescente;Céu Claro;Simples;Reta;-22,679905;-43,814217
03/05/2023;07:30:00;RIO DE JANEIRO;Manobra de mudança de faixa;Colisão traseira;Com Vítimas Feridas;Pleno dia;Decrescente;Céu Claro;Simples;Curva;-22,816206;-43,324463
03/05/2023;11:30:00;FEIRA DE SANTANA;Demais falhas na via;Tombamento;Com Vítimas Feridas;Pleno dia;Decrescente;Chuva;Dupla;"Curva;Aclive";-12,27374521;-38,99463368
28/02/2023;23:20:00;LAVRAS;Pista esburacada;Colisão com objeto;Com Vítimas Fatais;Plena Noite;Decrescente;Céu Claro;Dupla;"Reta;Declive";-21,274547;-45,137872
03/05/2023;11:45:00;SAO DESIDERIO;Manobra de mudança de faixa;Colisão frontal;Com Vítimas Fatais;Pleno dia;Crescente;Céu Claro;Simples;Reta;-12,896117;-45,97568
03/05/2023;10:45:00;CENTRALINA;Ausência de reação do condutor;Tombamento;Com Vítimas Feridas;Pleno dia;Crescente;Sol;Dupla;"Aclive;Reta";-18,551305;-49,19396
03/05/2023;07:10:00;LAJEDINHO;Velocidade Incompatível;Tombamento;Com Vítimas Fatais;Pleno dia;Decrescente;Nublado;Simples;"Aclive;Curva";-12,445793;-40,857881
13/04/2023;06:05:00;PRESIDENTE FIGUEIREDO;Manobra de mudança de faixa;Saída de leito carroçável;Sem Vítimas;Amanhecer;Crescente;Nevoeiro/Neblina;Simples;"Curva;Declive";-1,86264308;-60,0829731
03/05/2023;15:15:00;SAO JOSE DOS CAMPOS;Manobra de mudança de faixa;Colisão lateral mesmo sentido;Com Vítimas Feridas;Pleno dia;Decrescente;Céu Claro;Dupla;Reta;-23,21980694;-45,89991605
03/05/2023;16:00:00;PETROPOLIS;Reação tardia ou ineficiente do condutor;Tombamento;Sem Vítimas;Pleno dia;Crescente;Céu Claro;Simples;Curva;-22,51183137;-43,23076171
03/05/2023;18:45:00;JOINVILLE;Manobra de mudança de faixa;Colisão lateral mesmo sentido;Com Vítimas Feridas;Anoitecer;Crescente;Céu Claro;Dupla;Reta;-26,20697505;-48,91482635
03/05/2023;18:00:00;DUQUE DE CAXIAS;Manobra de mudança de faixa;Colisão lateral mesmo sentido;Com Vítimas Feridas;Anoitecer;Decrescente;Céu Claro;Múltipla;Reta;-22,75470802;-43,28737838
03/05/2023;22:00:00;RUSSAS;Velocidade Incompatível;Tombamento;Com Vítimas Feridas;Plena Noite;Crescente;Céu Claro;Simples;"Declive;Curva";-4,98567763;-38,02872934
03/05/2023;21:26:00;COCALZINHO DE GOIAS;Carga excessiva e/ou mal acondicionada;Derramamento de carga;Com Vítimas Feridas;Plena Noite;Decrescente;Nublado;Simples;"Reta;Aclive";-15,76396108;-48,44290582
03/05/2023;23:55:00;DIAMANTINO;Afundamento ou ondulação no pavimento;Saída de leito carroçável;Com Vítimas Feridas;Plena Noite;Decrescente;Nevoeiro/Neblina;Simples;Reta;-14,267496;-56,15044099
04/05/2023;07:30:00;CAMPINA GRANDE;Velocidade Incompatível;Colisão transversal;Com Vítimas Feridas;Pleno dia;Crescente;Céu Claro;Simples;Reta;-7,2748;-35,9058
04/05/2023;12:10:00;CONGONHAS;Manobra de mudança de faixa;Colisão lateral mesmo sentido;Com Vítimas Feridas;Pleno dia;Crescente;Céu Claro;Simples;Reta;-20,55295397;-43,81450989
04/05/2023;09:15:00;PORTO VELHO;Ausência de sinalização;Colisão lateral mesmo sentido;Com Vítimas Feridas;Pleno dia;Decrescente;Céu Claro;Dupla;Reta;-8,766685;-63,884052
04/05/2023;12:40:00;FRANCISCO SA;Ausência de reação do condutor;Tombamento;Com Vítimas Feridas;Pleno dia;Crescente;Céu Claro;Simples;Curva;-16,47130466;-43,45673904
04/05/2023;13:50:00;COXIM;Ultrapassagem Indevida;Saída de leito carroçável;Com Vítimas Fatais;Pleno dia;Crescente;Céu Claro;Simples;Reta;-18,48516386;-54,72437126
30/03/2023;18:15:00;PRIMAVERA DO LESTE;Ultrapassagem Indevida;Colisão frontal;Com Vítimas Fatais;Anoitecer;Crescente;Céu Claro;Simples;Aclive;-15,57431875;-54,33110702
04/05/2023;17:45:00;SAO BENTINHO;Ultrapassagem Indevida;Colisão frontal;Com Vítimas Fatais;Anoitecer;Decrescente;Céu Claro;Simples;Reta;-6,8687;-37,7351
04/05/2023;19:30:00;NITEROI;Manobra de mudança de faixa;Colisão transversal;Sem Vítimas;Plena Noite;Decrescente;Céu Claro;Dupla;Reta;-22,878923;-43,110676
04/05/2023;20:25:00;LAJEADO;Acumulo de água sobre o pavimento;Colisão frontal;Com Vítimas Fatais;Plena Noite;Decrescente;Chuva;Simples;Reta;-29,434835;-52,002365
04/05/2023;18:00:00;BOM JESUS DO AMPARO;Ausência de reação do condutor;Tombamento;Com Vítimas Feridas;Anoitecer;Decrescente;Céu Claro;Dupla;Curva;-19,73681212;-43,51276109
04/05/2023;21:00:00;SAO JOSE DOS PINHAIS;Acumulo de água sobre o pavimento;Colisão lateral mesmo sentido;Sem Vítimas;Plena Noite;Crescente;Chuva;Dupla;Curva;-25,544912;-49,15099
04/05/2023;22:10:00;SAO LOURENCO DA SERRA;Ultrapassagem Indevida;Tombamento;Com Vítimas Fatais;Plena Noite;Decrescente;Nublado;Simples;Reta;-23,86213995;-46,94718508
05/05/2023;05:15:00;AREIA BRANCA;Velocidade Incompatível;Colisão transversal;Com Vítimas Fatais;Amanhecer;Crescente;Chuva;Simples;Curva;-10,760385;-37,313049
05/05/2023;05:30:00;JABOATAO DOS GUARARAPES;Manobra de mudança de faixa;Colisão lateral mesmo sentido;Com Vítimas Feridas;Amanhecer;Decrescente;Céu Claro;Dupla;Viaduto;-8,17024461;-34,93824005
04/05/2023;11:00:00;GOVERNADOR VALADARES;Manobra de mudança de faixa;Colisão lateral mesmo sentido;Com Vítimas Feridas;Pleno dia;Decrescente;Céu Claro;Simples;Reta;-18,835552;-41,98926799
05/05/2023;08:20:00;GUARULHOS;Manobra de mudança de faixa;Colisão traseira;Com Vítimas Feridas;Pleno dia;Crescente;Céu Claro;Dupla;Reta;-23,41722629;-46,37510292
05/05/2023;05:00:00;PROFESSOR JAMIL;Velocidade Incompatível;Tombamento;Com Vítimas Feridas;Pleno dia;Crescente;Céu Claro;Dupla;Declive;-17,4164;-49,2263
09/04/2023;11:00:00;MARANGUAPE;Entrada inopinada do pedestre;Tombamento;Sem Vítimas;Pleno dia;Crescente;Nublado;Simples;Reta;-4,00653868;-38,96813711
05/05/2023;08:55:00;SANTA RITA;Acostamento em desnível;Tombamento;Sem Vítimas;Pleno dia;Decrescente;Céu Claro;Simples;Reta;-3,22929609;-44,3649149
05/05/2023;14:45:00;PORTO ALEGRE;Manobra de mudança de faixa;Colisão com objeto;Com Vítimas Feridas;Pleno dia;Crescente;Chuva;Múltipla;"Curva;Declive";-29,97502974;-51,19955063
15/04/2023;05:30:00;TERESINA;Ultrapassagem Indevida;Colisão lateral mesmo sentido;Com Vítimas Feridas;Amanhecer;Crescente;Ignorado;Simples;Reta;-5,087362;-42,757851
05/05/2023;14:40:00;SAO SEBASTIAO DO PASSE;Velocidade Incompatível;Colisão traseira;Com Vítimas Feridas;Pleno dia;Crescente;Céu Claro;Dupla;Reta;-12,48182515;-38,66808011
21/02/2023;04:05:00;JOINVILLE;Avarias e/ou desgaste excessivo no pneu;Tombamento;Com Vítimas Feridas;Plena Noite;Crescente;Ignorado;Múltipla;Curva;-26,24804386;-48,91001701