data_inversa;horario;municipio;causa_acidente;tipo_acidente;classificacao_acidente;fase_dia;sentido_via;condicao_metereologica;tipo_pista;tracado_via;latitude;longitude
05/05/2023;18:55:00;SAO MATEUS DO SUL;Velocidade Incompatível;Colisão frontal;Com Vítimas Feridas;Plena Noite;Crescente;Nublado;Simples;"Curva;Aclive";-25,894651;-50,358723
05/05/2023;15:21:00;CONFRESA;Velocidade Incompatível;Tombamento;Com Vítimas Feridas;Pleno dia;Decrescente;Céu Claro;Simples;"Reta;Declive";-10,36838606;-51,29648596
05/05/2023;22:00:00;GARANHUNS;Velocidade Incompatível;Colisão traseira;Com Vítimas Fatais;Plena Noite;Crescente;Céu Claro;Simples;"Reta;Aclive";-8,89077197;-36,60778501
05/05/2023;21:45:00;CATANDUVAS;Ultrapassagem Indevida;Colisão transversal;Com Vítimas Fatais;Plena Noite;Crescente;Céu Claro;Simples;Reta;-27,07876798;-51,66333675
06/05/2023;07:50:00;MANHUACU;Velocidade Incompatível;Tombamento;Com Vítimas Feridas;Pleno dia;Decrescente;Céu Claro;Simples;"Declive;Curva";-20,22425596;-42,17832349
06/05/2023;07:00:00;PERITORO;Pista esburacada;Capotamento;Sem Vítimas;Pleno dia;Decrescente;Sol;Simples;Reta;-4,49480504;-44,35849412
06/05/2023;06:45:00;SOBRAL;Ultrapassagem Indevida;Colisão traseira;Com Vítimas Feridas;Pleno dia;Decrescente;Céu Claro;Simples;Curva;-3,75864341;-40,52289963
06/05/2023;11:45:00;JOINVILLE;Manobra de mudança de faixa;Colisão com objeto;Com Vítimas Feridas;Pleno dia;Crescente;Céu Claro;Dupla;Reta;-26,22195899;-48,91634925
06/05/2023;11:40:00;PALHOCA;Acumulo de areia ou detritos sobre o pavimento;Derramamento de carga;Com Vítimas Feridas;Pleno dia;Decrescente;Céu Claro;Dupla;Reta;-27,64327581;-48,66951942
06/05/2023;11:10:00;ITABUNA;Velocidade Incompatível;Colisão traseira;Com Vítimas Fatais;Pleno dia;Crescente;Céu Claro;Simples;Declive;-14,78246275;-39,28981489
06/05/2023;13:30:00;RIO DE JANEIRO;Ausência de sinalização;Colisão traseira;Com Vítimas Feridas;Pleno dia;Crescente;Céu Claro;Múltipla;Reta;-22,807953;-43,289124
06/05/2023;14:22:00;BARRA DO CORDA;Demais falhas mecânicas ou elétricas;Tombamento;Sem Vítimas;Pleno dia;Decrescente;Céu Claro;Simples;Declive;-5,45239279;-45,29276064
06/05/2023;07:30:00;JABOATAO DOS GUARARAPES;Acessar a via sem observar a presença dos outros veículos;Tombamento;Sem Vítimas;Pleno dia;Crescente;Céu Claro;Simples;"Curva;Aclive;Viaduto;Retorno Regulamentado";-8,20760697;-34,98372005
06/05/2023;15:00:00;SERRA TALHADA;Ultrapassagem Indevida;Colisão lateral mesmo sentido;Com Vítimas Fatais;Pleno dia;Decrescente;Sol;Simples;Curva;-7,99977297;-38,35316401
06/05/2023;15:20:00;SEROPEDICA;Velocidade Incompatível;Tombamento;Com Vítimas Feridas;Pleno dia;Decrescente;Céu Claro;Múltipla;Curva;-22,71768602;-43,70799065
06/05/2023;15:54:00;BALNEARIO CAMBORIU;Velocidade Incompatível;Colisão traseira;Com Vítimas Fatais;Pleno dia;Decrescente;Céu Claro;Múltipla;Curva;-27,008113;-48,617245
06/05/2023;17:10:00;CAMPINA GRANDE DO SUL;Velocidade Incompatível;Tombamento;Com Vítimas Feridas;Pleno dia;Crescente;Céu Claro;Dupla;"Retorno Regulamentado;Interseção de Vias;Curva";-25,214942;-48,902374
06/05/2023;11:30:00;PONTA GROSSA;Velocidade Incompatível;Saída de leito carroçável;Com Vítimas Feridas;Pleno dia;Crescente;Céu Claro;Simples;Interseção de Vias;-25,0394352;-50,28066874
06/05/2023;06:57:00;TRAIRAO;Velocidade Incompatível;Tombamento;Com Vítimas Feridas;Amanhecer;Crescente;Céu Claro;Simples;Curva;-4,71904094;-56,01445115
06/05/2023;18:15:00;SANTA BARBARA DO SUL;Manobra de mudança de faixa;Colisão frontal;Com Vítimas Fatais;Plena Noite;Decrescente;Chuva;Simples;Curva;-28,432428;-53,181538
06/05/2023;18:13:00;SOMBRIO;Ultrapassagem Indevida;Colisão lateral sentido oposto;Com Vítimas Feridas;Plena Noite;Decrescente;Céu Claro;Simples;"Interseção de Vias;Declive";-29,04753891;-49,61825012
06/05/2023;20:00:00;CARUARU;Manobra de mudança de faixa;Colisão lateral mesmo sentido;Sem Vítimas;Pleno dia;Decrescente;Céu Claro;Dupla;Reta;-8,2349;-35,9764
06/05/2023;18:48:00;PUGMIL;Ultrapassagem Indevida;Colisão frontal;Com Vítimas Fatais;Plena Noite;Crescente;Céu Claro;Simples;Reta;-10,31741036;-48,88614535
07/05/2023;06:15:00;ITAPEMA;Manobra de mudança de faixa;Colisão lateral mesmo sentido;Com Vítimas Feridas;Pleno dia;Crescente;Céu Claro;Múltipla;Reta;-27,126536;-48,609642
07/05/2023;08:40:00;TUBARAO;Velocidade Incompatível;Colisão com objeto;Com Vítimas Feridas;Pleno dia;Decrescente;Céu Claro;Dupla;Reta;-28,45115639;-48,97286879
07/05/2023;10:00:00;PILAR;Velocidade Incompatível;Tombamento;Com Vítimas Feridas;Pleno dia;Crescente;Céu Claro;Dupla;Curva;-9,59200401;-36,00249993
07/05/2023;10:50:00;BARRA DO PIRAI;Demais falhas na via;Colisão lateral mesmo sentido;Sem Vítimas;Pleno dia;Crescente;Céu Claro;Simples;Reta;-22,48615925;-43,90037496
07/05/2023;06:35:00;PRESIDENTE MEDICI;Reação tardia ou ineficiente do condutor;Tombamento;Com Vítimas Feridas;Pleno dia;Crescente;Céu Claro;Simples;Reta;-11,34919223;-61,85808927
07/05/2023;04:00:00;AGUA BOA;Falta de acostamento;Tombamento;Com Vítimas Feridas;Plena Noite;Crescente;Céu Claro;Simples;Reta;-14,52498911;-52,30291179
07/05/2023;06:00:00;SANTA CECILIA;Neblina;Colisão traseira;Com Vítimas Feridas;Amanhecer;Crescente;Nevoeiro/Neblina;Simples;Aclive;-26,82166766;-50,35753411
07/05/2023;10:35:00;IBIRAPITANGA;Velocidade Incompatível;Colisão frontal;Com Vítimas Feridas;Pleno dia;Decrescente;Céu Claro;Simples;Curva;-14,13490793;-39,35802883
07/05/2023;16:00:00;ITAPECERICA DA SERRA;Manobra de mudança de faixa;Colisão lateral mesmo sentido;Sem Vítimas;Pleno dia;Crescente;Céu Claro;Dupla;Reta;-23,7303281;-46,89425963
07/05/2023;12:15:00;PRUDENTOPOLIS;Manobra de mudança de faixa;Colisão lateral mesmo sentido;Sem Vítimas;Pleno dia;Decrescente;Céu Claro;Simples;"Aclive;Reta";-25,37484809;-50,88324199
07/05/2023;21:40:00;ARAUCARIA;Problema na suspensão;Tombamento;Com Vítimas Feridas;Plena Noite;Decrescente;Céu Claro;Dupla;Reta;-25,570036;-49,384193
08/05/2023;01:15:00;SANGAO;Condutor Dormindo;Tombamento;Com Vítimas Feridas;Plena Noite;Crescente;Céu Claro;Simples;Curva;-28,64189953;-49,10036802
08/05/2023;03:00:00;TUBARAO;Ausência de reação do condutor;Tombamento;Com Vítimas Feridas;Plena Noite;Crescente;Nublado;Dupla;Reta;-28,485725;-49,03726
08/05/2023;02:00:00;FORQUILHA;Velocidade Incompatível;Saída de leito carroçável;Com Vítimas Feridas;Plena Noite;Crescente;Céu Claro;Simples;Curva;-3,80053938;-40,16395569
08/05/2023;06:40:00;CARMOPOLIS DE MINAS;Ausência de sinalização;Colisão traseira;Com Vítimas Feridas;Amanhecer;Decrescente;Céu Claro;Dupla;Reta;-20,57257068;-44,68042133
08/05/2023;06:45:00;BETIM;Demais falhas mecânicas ou elétricas;Tombamento;Com Vítimas Fatais;Pleno dia;Crescente;Sol;Dupla;Reta;-20,04164508;-44,26386697
08/05/2023;08:35:00;SAO JOSE DOS PINHAIS;Manobra de mudança de faixa;Saída de leito carroçável;Com Vítimas Feridas;Pleno dia;Decrescente;Céu Claro;Dupla;Reta;-25,52522628;-49,09755612
08/05/2023;11:30:00;TIJUCAS DO SUL;Ausência de reação do condutor;Tombamento;Com Vítimas Feridas;Pleno dia;Crescente;Nublado;Dupla;Curva;-25,81419584;-49,13167969
19/04/2023;22:00:00;COMODORO;Manobra de mudança de faixa;Colisão lateral sentido oposto;Com Vítimas Fatais;Plena Noite;Decrescente;Céu Claro;Simples;"Aclive;Curva";-13,02834719;-59,91864419
08/05/2023;12:17:00;CARMOPOLIS DE MINAS;Condutor Dormindo;Tombamento;Com Vítimas Feridas;Pleno dia;Decrescente;Céu Claro;Dupla;"Reta;Declive";-20,60569501;-44,72419499
08/05/2023;15:40:00;ANGICOS;Demais falhas mecânicas ou elétricas;Tombamento;Com Vítimas Feridas;Pleno dia;Decrescente;Céu Claro;Simples;Reta;-5,690063909;-36,30202
08/05/2023;15:35:00;PARANAGUA;Acumulo de areia ou detritos sobre o pavimento;Colisão lateral mesmo sentido;Com Vítimas Feridas;Pleno dia;Decrescente;Nublado;Simples;"Curva;Aclive";-25,552822;-48,561965
08/05/2023;06:30:00;ARAGARCAS;Reação tardia ou ineficiente do condutor;Tombamento;Com Vítimas Feridas;Amanhecer;Decrescente;Céu Claro;Simples;"Ponte;Declive";-15,90862431;-51,95643514
08/05/2023;16:20:00;BARRA DO GARCAS;Curva acentuada;Tombamento;Sem Vítimas;Pleno dia;Crescente;Céu Claro;Dupla;Rotatória;-15,88252843;-52,27574027
08/05/2023;17:00:00;MOSSORO;Manobra de mudança de faixa;Colisão lateral mesmo sentido;Com Vítimas Feridas;Anoitecer;Crescente;Céu Claro;Múltipla;Viaduto;-5,16853634;-37,35540171
08/05/2023;18:22:00;NAVEGANTES;Manobra de mudança de faixa;Colisão lateral mesmo sentido;Com Vítimas Feridas;Anoitecer;Crescente;Céu Claro;Dupla;Reta;-26,833143;-48,727432
08/05/2023;17:55:00;PORTO VITORIA;Chuva;Colisão com objeto;Sem Vítimas;Plena Noite;Decrescente;Garoa/Chuvisco;Simples;Reta;-26,281803;-51,187678
08/05/2023;14:22:00;SAUDADES;Ultrapassagem Indevida;Colisão frontal;Com Vítimas Feridas;Pleno dia;Decrescente;Céu Claro;Simples;"Curva;Declive";-26,82897;-53,118107
08/05/2023;21:40:00;MAUA DA SERRA;Velocidade Incompatível;Tombamento;Com Vítimas Feridas;Plena Noite;Decrescente;Nublado;Dupla;"Curva;Viaduto";-23,90407312;-51,22302532
08/05/2023;21:10:00;MARIPA DE MINAS;Carga excessiva e/ou mal acondicionada;Derramamento de carga;Sem Vítimas;Plena Noite;Crescente;Nublado;Simples;"Ponte;Curva";-21,69577022;-42,98279189
09/05/2023;08:10:00;PARANAIBA;Manobra de mudança de faixa;Colisão lateral mesmo sentido;Com Vítimas Feridas;Pleno dia;Decrescente;Céu Claro;Dupla;Reta;-19,693408;-51,186213
09/05/2023;11:45:00;GRAVATAI;Manobra de mudança de faixa;Colisão lateral mesmo sentido;Sem Vítimas;Pleno dia;Crescente;Céu Claro;Múltipla;Reta;-29,95521;-51,006855
09/05/2023;03:00:00;LIBERDADE;Demais falhas na via;Derramamento de carga;Sem Vítimas;Plena Noite;Decrescente;Nevoeiro/Neblina;Simples;"Ponte;Curva;Aclive";-21,9350669;-44,38211077
09/05/2023;14:30:00;PINHEIRO MACHADO;Manobra de mudança de faixa;Colisão frontal;Com Vítimas Feridas;Pleno dia;Crescente;Céu Claro;Simples;"Reta;Declive";-31,545658;-53,444753
09/05/2023;13:30:00;SAO MIGUEL DO IGUACU;Velocidade Incompatível;Colisão com objeto;Sem Vítimas;Pleno dia;Crescente;Céu Claro;Dupla;"Curva;Declive";-25,3350861;-54,207268
09/05/2023;17:30:00;RESENDE;Manobra de mudança de faixa;Colisão traseira;Com Vítimas Feridas;Anoitecer;Crescente;Céu Claro;Dupla;Curva;-22,46086624;-44,44296321
09/05/2023;17:45:00;PASSO DE TORRES;Velocidade Incompatível;Colisão lateral mesmo sentido;Com Vítimas Feridas;Anoitecer;Crescente;Nublado;Dupla;Viaduto;-29,28473398;-49,75620716
05/05/2023;06:05:00;ITAMARAJU;Fumaça;Colisão frontal;Com Vítimas Feridas;Amanhecer;Decrescente;Nevoeiro/Neblina;Simples;Reta;-17,06721903;-39,55690098
09/05/2023;19:20:00;PETROPOLIS;Demais falhas mecânicas ou elétricas;Tombamento;Com Vítimas Feridas;Plena Noite;Crescente;Céu Claro;Dupla;Reta;-22,548575;-43,231738
09/05/2023;18:20:00;PETROPOLIS;Iluminação deficiente;Colisão traseira;Com Vítimas Feridas;Plena Noite;Decrescente;Céu Claro;Simples;Reta;-22,48485874;-43,22843406
09/05/2023;23:35:00;MAMANGUAPE;Velocidade Incompatível;Tombamento;Com Vítimas Fatais;Plena Noite;Decrescente;Céu Claro;Múltipla;"Curva;Declive";-6,59878963;-35,14406204
09/05/2023;21:50:00;LUZ;Velocidade Incompatível;Tombamento;Sem Vítimas;Plena Noite;Decrescente;Céu Claro;Simples;Curva;-19,73163489;-45,8631039
09/05/2023;18:30:00;GUANAMBI;Curva acentuada;Tombamento;Com Vítimas Feridas;Plena Noite;Decrescente;Céu Claro;Simples;Curva;-14,12441815;-42,6169509
10/05/2023;07:15:00;SAO PAULO;Manobra de mudança de faixa;Colisão lateral mesmo sentido;Com Vítimas Feridas;Pleno dia;Crescente;Garoa/Chuvisco;Múltipla;Reta;-23,47469314;-46,56112919
10/05/2023;06:00:00;PORTO ALEGRE DO NORTE;Reação tardia ou ineficiente do condutor;Tombamento;Com Vítimas Feridas;Pleno dia;Crescente;Céu Claro;Simples;Reta;-10,73069113;-51,59467563
10/05/2023;10:35:00;CHAPECO;Velocidade Incompatível;Colisão transversal;Sem Vítimas;Pleno dia;Crescente;Sol;Simples;Interseção de Vias;-26,973904;-52,745403
09/05/2023;20:30:00;ITAITUBA;Velocidade Incompatível;Saída de leito carroçável;Com Vítimas Feridas;Plena Noite;Decrescente;Nublado;Simples;Curva;-4,50624587;-55,86575279
10/05/2023;18:02:00;CARIRI DO TOCANTINS;Frear bruscamente;Tombamento;Sem Vítimas;Plena Noite;Decrescente;Céu Claro;Simples;Reta;-11,98690703;-49,20203743
10/05/2023;11:00:00;SAO GONCALO DO RIO ABAIXO;Velocidade Incompatível;Tombamento;Sem Vítimas;Pleno dia;Crescente;Nublado;Simples;"Em Obras;Declive;Curva";-19,84955579;-43,25424839
10/05/2023;17:56:00;ITAGIMIRIM;Ultrapassagem Indevida;Colisão transversal;Com Vítimas Fatais;Plena Noite;Decrescente;Céu Claro;Simples;Curva;-16,04248302;-39,61401165
11/05/2023;00:40:00;SAO JOSE DO HERVAL;Reação tardia ou ineficiente do condutor;Tombamento;Com Vítimas Feridas;Plena Noite;Crescente;Céu Claro;Simples;Curva;-29,04542133;-52,29736805
11/05/2023;05:06:00;FORTALEZA;Manobra de mudança de faixa;Colisão traseira;Com Vítimas Feridas;Pleno dia;Decrescente;Céu Claro;Múltipla;Reta;-3,737804;-38,578061
11/05/2023;07:05:00;PONTA GROSSA;Manobra de mudança de faixa;Colisão lateral mesmo sentido;Sem Vítimas;Pleno dia;Crescente;Céu Claro;Dupla;"Reta;Declive";-25,0893963;-50,1958251
02/04/2023;17:20:00;BOA VISTA DO TUPIM;Ultrapassagem Indevida;Colisão lateral sentido oposto;Sem Vítimas;Pleno dia;Decrescente;Céu Claro;Simples;Curva;-12,49213448;-40,51311104
11/05/2023;08:40:00;BRUNOPOLIS;Reação tardia ou ineficiente do condutor;Tombamento;Com Vítimas Feridas;Pleno dia;Crescente;Nevoeiro/Neblina;Simples;Curva;-27,334911;-50,882519
11/05/2023;10:10:00;ESTIVA;Reação tardia ou ineficiente do condutor;Tombamento;Com Vítimas Feridas;Pleno dia;Crescente;Sol;Dupla;Reta;-22,3973109;-45,9598678
11/05/2023;11:00:00;SERRA;Manobra de mudança de faixa;Colisão lateral mesmo sentido;Com Vítimas Feridas;Pleno dia;Decrescente;Sol;Múltipla;Reta;-20,22662056;-40,27075088
11/05/2023;10:05:00;PARAGOMINAS;Problema na suspensão;Tombamento;Com Vítimas Feridas;Pleno dia;Crescente;Céu Claro;Simples;Reta;-3,12473001;-47,48785397
11/05/2023;14:50:00;FORMOSA;Velocidade Incompatível;Colisão frontal;Com Vítimas Feridas;Pleno dia;Crescente;Céu Claro;Simples;"Reta;Declive";-15,579424;-47,334297
11/05/2023;14:00:00;NOVA ALVORADA DO SUL;Velocidade Incompatível;Tombamento;Com Vítimas Feridas;Pleno dia;Decrescente;Céu Claro;Dupla;Rotatória;-21,48135205;-54,38904986
11/05/2023;18:30:00;SAO LEOPOLDO;Manobra de mudança de faixa;Colisão traseira;Sem Vítimas;Anoitecer;Decrescente;Céu Claro;Dupla;Reta;-29,758751;-51,15186806
11/05/2023;14:59:00;SENADOR GUIOMARD;Pista esburacada;Colisão lateral sentido oposto;Com Vítimas Feridas;Pleno dia;Crescente;Nublado;Simples;Reta;-10,03389706;-67,25856895
11/05/2023;18:30:00;JABOATAO DOS GUARARAPES;Ultrapassagem Indevida;Colisão frontal;Com Vítimas Feridas;Pleno dia;Crescente;Céu Claro;Simples;Reta;-8,175172;-34,942642
11/05/2023;15:00:00;IMBITUVA;Velocidade Incompatível;Tombamento;Com Vítimas Feridas;Pleno dia;Decrescente;Céu Claro;Simples;"Aclive;Curva";-25,1851891;-50,73228787
11/05/2023;16:45:00;PONTE SERRADA;Ultrapassagem Indevida;Colisão frontal;Com Vítimas Feridas;Pleno dia;Decrescente;Céu Claro;Simples;"Reta;Declive";-26,821478;-51,720905
11/05/2023;23:00:00;ROSARIO DO CATETE;Ultrapassagem Indevida;Colisão frontal;Com Vítimas Feridas;Plena Noite;Decrescente;Céu Claro;Simples;Reta;-10,71880732;-37,0657947
12/05/2023;07:50:00;PORTO ALEGRE;Manobra de mudança de faixa;Colisão lateral mesmo sentido;Sem Vítimas;Pleno dia;Crescente;Céu Claro;Simples;"Curva;Declive";-29,972212;-51,199139
12/05/2023;08:00:00;NOVA GRANADA;Manobra de mudança de faixa;Colisão traseira;Sem Vítimas;Pleno dia;Crescente;Céu Claro;Simples;Ponte;-20,41959884;-49,2683851
12/05/2023;08:05:00;CHAPECO;Ultrapassagem Indevida;Colisão frontal;Com Vítimas Feridas;Pleno dia;Decrescente;Céu Claro;Múltipla;Aclive;-27,04656607;-52,63577131
12/05/2023;10:30:00;MANGARATIBA;Acumulo de óleo sobre o pavimento;Colisão frontal;Com Vítimas Feridas;Pleno dia;Crescente;Chuva;Simples;Curva;-22,93945885;-44,0529249
12/05/2023;07:20:00;CAMPO DO TENENTE;Reação tardia ou ineficiente do condutor;Tombamento;Com Vítimas Feridas;Pleno dia;Decrescente;Céu Claro;Simples;"Aclive;Curva";-25,90048185;-49,56388311
05/05/2023;06:00:00;AREAL;Velocidade Incompatível;Tombamento;Com Vítimas Feridas;Pleno dia;Crescente;Céu Claro;Simples;Curva;-22,19245612;-43,16023202
01/05/2023;00:45:00;RIBAS DO RIO PARDO;Velocidade Incompatível;Colisão traseira;Com Vítimas Feridas;Plena Noite;Decrescente;Céu Claro;Simples;Reta;-20,42279411;-53,84965608
12/05/2023;10:15:00;MEDINA;Curva acentuada;Tombamento;Com Vítimas Feridas;Pleno dia;Crescente;Céu Claro;Simples;Curva;-16,342478;-41,476151
12/05/2023;16:15:00;RIO BRANCO;Manobra de mudança de faixa;Colisão lateral mesmo sentido;Sem Vítimas;Pleno dia;Crescente;Céu Claro;Dupla;Reta;-10,01188291;-67,773345
12/05/2023;18:10:00;SAO JOSE DOS PINHAIS;Manobra de mudança de faixa;Colisão lateral mesmo sentido;Com Vítimas Feridas;Anoitecer;Decrescente;Céu Claro;Dupla;"Reta;Aclive";-25,518023;-49,132832
12/05/2023;20:30:00;BOCAIUVA DO SUL;Velocidade Incompatível;Colisão frontal;Com Vítimas Feridas;Plena Noite;Crescente;Nublado;Simples;"Curva;Declive";-25,197078;-49,114543
12/05/2023;22:05:00;BOM DESPACHO;Ultrapassagem Indevida;Colisão lateral sentido oposto;Sem Vítimas;Plena Noite;Decrescente;Céu Claro;Simples;"Reta;Declive";-19,80935414;-45,11587504
12/05/2023;23:30:00;EMBU DAS ARTES;Velocidade Incompatível;Colisão traseira;Sem Vítimas;Plena Noite;Decrescente;Nublado;Dupla;Reta;-23,69297005;-46,86352786
13/05/2023;03:00:00;CACHOEIRA DE PAJEU;Ausência de reação do condutor;Tombamento;Com Vítimas Feridas;Plena Noite;Decrescente;Ignorado;Simples;"Curva;Declive";-15,94950705;-41,40264747
13/05/2023;07:00:00;TEREZOPOLIS DE GOIAS;Demais Fenômenos da natureza;Colisão traseira;Com Vítimas Feridas;Pleno dia;Decrescente;Céu Claro;Dupla;Reta;-16,4691;-49,0705
06/05/2023;00:05:00;SAO JOSE;Manobra de mudança de faixa;Colisão lateral mesmo sentido;Com Vítimas Feridas;Plena Noite;Crescente;Nublado;Múltipla;Reta;-27,5650044;-48,61460082
13/05/2023;07:20:00;AGUAS MORNAS;Condutor deixou de manter distância do veículo da frente;Tombamento;Com Vítimas Feridas;Pleno dia;Crescente;Nublado;Simples;Curva;-27,721771;-48,934837
13/05/2023;10:20:00;POUSO NOVO;Velocidade Incompatível;Tombamento;Com Vítimas Feridas;Pleno dia;Crescente;Sol;Simples;"Curva;Declive";-29,14080167;-52,23921239
13/05/2023;08:45:00;VITORIA DA CONQUISTA;Ultrapassagem Indevida;Colisão traseira;Com Vítimas Feridas;Pleno dia;Crescente;Céu Claro;Simples;Reta;-14,70938306;-40,60000997
13/05/2023;08:55:00;MAFRA;Manobra de mudança de faixa;Colisão lateral mesmo sentido;Com Vítimas Feridas;Pleno dia;Decrescente;Céu Claro;Simples;Reta;-26,20122513;-49,88054366
22/04/2023;17:10:00;CURITIBA;Manobra de mudança de faixa;Colisão lateral mesmo sentido;Com Vítimas Feridas;Pleno dia;Decrescente;Céu Claro;Dupla;Reta;-25,56068738;-49,30763841
13/05/2023;11:00:00;GOVERNADOR MANGABEIRA;Reação tardia ou ineficiente do condutor;Tombamento;Sem Vítimas;Pleno dia;Decrescente;Céu Claro;Simples;Curva;-12,6014084;-39,0499232
13/05/2023;12:35:00;PIRAI;Velocidade Incompatível;Tombamento;Com Vítimas Feridas;Pleno dia;Decrescente;Céu Claro;Simples;Curva;-22,60655103;-43,93505207
13/05/2023;14:10:00;BARREIRAS;Manobra de mudança de faixa;Colisão traseira;Com Vítimas Feridas;Pleno dia;Crescente;Céu Claro;Simples;Reta;-12,15890524;-44,64720601
13/05/2023;11:30:00;INHUMA;Acostamento em desnível;Saída de leito carroçável;Com Vítimas Feridas;Pleno dia;Crescente;Céu Claro;Simples;"Reta;Declive";-6,61611998;-41,72267376
13/05/2023;15:40:00;PIMENTA BUENO;Ultrapassagem Indevida;Colisão lateral mesmo sentido;Com Vítimas Feridas;Pleno dia;Decrescente;Sol;Simples;Reta;-11,52919208;-61,33069104
13/05/2023;16:20:00;SAUDADES;Manobra de mudança de faixa;Colisão lateral mesmo sentido;Com Vítimas Feridas;Pleno dia;Decrescente;Sol;Simples;Reta;-26,82897;-53,118107
13/05/2023;18:30:00;GUARANTA DO NORTE;Ultrapassagem Indevida;Colisão frontal;Com Vítimas Feridas;Anoitecer;Crescente;Céu Claro;Simples;Reta;-10,01246765;-54,90829468
13/05/2023;14:30:00;BACABEIRA;Manobra de mudança de faixa;Colisão lateral mesmo sentido;Sem Vítimas;Pleno dia;Crescente;Céu Claro;Dupla;Aclive;-2,95543489;-44,32401174
13/05/2023;16:20:00;MONTE ALEGRE DO PIAUI;Falta de acostamento;Tombamento;Com Vítimas Feridas;Plena Noite;Decrescente;Céu Claro;Simples;"Reta;Em Obras";-9,5693147;-44,84670588
14/05/2023;05:10:00;SAO MIGUEL DO GUAPORE;Falta de elemento de contenção que evite a saída do leito carroçável;Saída de leito carroçável;Com Vítimas Feridas;Plena Noite;Crescente;Céu Claro;Simples;Reta;-11,6257329;-62,62636414
14/05/2023;05:20:00;VILHENA;Pista esburacada;Colisão frontal;Com Vítimas Feridas;Amanhecer;Decrescente;Céu Claro;Simples;Reta;-12,69590502;-60,27795003
14/05/2023;09:30:00;MUQUEM DE SAO FRANCISCO;Redutor de velocidade em desacordo;Colisão lateral sentido oposto;Com Vítimas Feridas;Pleno dia;Decrescente;Garoa/Chuvisco;Dupla;"Reta;Declive";-12,19263671;-43,72678396
14/05/2023;14:00:00;BARRA MANSA;Velocidade Incompatível;Tombamento;Com Vítimas Feridas;Pleno dia;Crescente;Nublado;Dupla;Curva;-22,53244798;-44,19565304
14/05/2023;15:40:00;FRONTEIRAS;Reação tardia ou ineficiente do condutor;Tombamento;Com Vítimas Feridas;Pleno dia;Crescente;Nublado;Simples;Curva;-7,08414681;-40,57338202
14/05/2023;10:30:00;MASCOTE;Velocidade Incompatível;Tombamento;Com Vítimas Feridas;Pleno dia;Decrescente;Céu Claro;Simples;Curva;-15,75042705;-39,4801369
14/05/2023;17:45:00;BOA NOVA;Ultrapassagem Indevida;Colisão frontal;Com Vítimas Feridas;Anoitecer;Crescente;Céu Claro;Simples;"Reta;Aclive";-14,29800003;-40,31404596
14/05/2023;17:20:00;CASCAVEL;Velocidade Incompatível;Tombamento;Com Vítimas Feridas;Pleno dia;Decrescente;Céu Claro;Simples;"Viaduto;Retorno Regulamentado;Curva";-24,96472984;-53,40556026
19/03/2023;16:45:00;SAO PEDRO DO BUTIA;Velocidade Incompatível;Colisão frontal;Com Vítimas Fatais;Pleno dia;Crescente;Sol;Simples;Curva;-28,13174478;-54,87174503
14/05/2023;20:30:00;MONTES CLAROS DE GOIAS;Velocidade Incompatível;Tombamento;Com Vítimas Fatais;Plena Noite;Decrescente;Céu Claro;Simples;"Curva;Declive";-15,89232907;-51,7325592
14/05/2023;14:00:00;PRESIDENTE DUTRA;Pista esburacada;Tombamento;Com Vítimas Feridas;Pleno dia;Decrescente;Céu Claro;Simples;"Aclive;Reta";-5,46668808;-44,45604738
14/05/2023;21:50:00;BAIXO GUANDU;Velocidade Incompatível;Tombamento;Com Vítimas Feridas;Plena Noite;Decrescente;Céu Claro;Simples;Curva;-19,51143698;-40,90961107
15/05/2023;04:39:00;PORTO ALEGRE;Manobra de mudança de faixa;Colisão lateral mesmo sentido;Com Vítimas Feridas;Plena Noite;Decrescente;Céu Claro;Múltipla;Reta;-29,969055;-51,167439
14/05/2023;17:00:00;ITABERABA;Velocidade Incompatível;Tombamento;Com Vítimas Feridas;Plena Noite;Decrescente;Garoa/Chuvisco;Simples;Curva;-12,4774;-40,5374
15/05/2023;05:40:00;DUQUE DE CAXIAS;Manobra de mudança de faixa;Engavetamento;Com Vítimas Feridas;Amanhecer;Crescente;Céu Claro;Dupla;Reta;-22,691868;-43,287453
15/05/2023;07:40:00;CONCEICAO DO CASTELO;Velocidade Incompatível;Saída de leito carroçável;Com Vítimas Feridas;Pleno dia;Crescente;Céu Claro;Simples;"Curva;Declive";-20,29432099;-41,2279129
13/04/2023;08:30:00;TARUMIRIM;Velocidade Incompatível;Tombamento;Com Vítimas Fatais;Pleno dia;Crescente;Céu Claro;Múltipla;"Curva;Declive";-19,31645798;-42,07362474
15/05/2023;07:40:00;FLORIANOPOLIS;Manobra de mudança de faixa;Colisão lateral sentido oposto;Com Vítimas Feridas;Pleno dia;Decrescente;Céu Claro;Dupla;Reta;-27,603289;-48,590416
15/05/2023;07:30:00;NOBRES;Reação tardia ou ineficiente do condutor;Tombamento;Com Vítimas Feridas;Pleno dia;Crescente;Céu Claro;Dupla;Curva;-14,67217165;-56,29996821
29/04/2023;19:15:00;PORTO VELHO;Manobra de mudança de faixa;Colisão lateral mesmo sentido;Sem Vítimas;Plena Noite;Decrescente;Céu Claro;Dupla;Reta;-8,74243772;-63,90287519