data_inversa;horario;municipio;causa_acidente;tipo_acidente;classificacao_acidente;fase_dia;sentido_via;condicao_metereologica;tipo_pista;tracado_via;latitude;longitude
24/05/2023;13:25:00;MURIAE;Chuva;Saída de leito carroçável;Com Vítimas Feridas;Pleno dia;Crescente;Chuva;Simples;Curva;-21,20407381;-42,3892452
24/05/2023;16:20:00;JUATUBA;Obstrução na via;Colisão traseira;Com Vítimas Feridas;Pleno dia;Decrescente;Céu Claro;Dupla;"Reta;Aclive";-19,959929;-44,337997
24/05/2023;16:15:00;PRUDENTOPOLIS;Falta de elemento de contenção que evite a saída do leito carroçável;Saída de leito carroçável;Com Vítimas Feridas;Pleno dia;Decrescente;Céu Claro;Simples;"Reta;Declive";-25,32252758;-51,19141817
04/05/2023;13:00:00;IPOJUCA;Velocidade Incompatível;Tombamento;Com Vítimas Feridas;Pleno dia;Decrescente;Céu Claro;Múltipla;Curva;-8,31648181;-35,10571612
24/05/2023;17:20:00;CATANDUVAS;Ultrapassagem Indevida;Colisão frontal;Com Vítimas Feridas;Anoitecer;Crescente;Céu Claro;Simples;Reta;-27,055775;-51,688843
24/05/2023;21:05:00;SAO JOSE DOS CAMPOS;Manobra de mudança de faixa;Colisão lateral mesmo sentido;Com Vítimas Feridas;Plena Noite;Decrescente;Céu Claro;Múltipla;Reta;-23,1869844;-45,8548078
24/05/2023;20:00:00;PALMEIRA;Ultrapassagem Indevida;Colisão frontal;Com Vítimas Feridas;Plena Noite;Decrescente;Céu Claro;Simples;"Reta;Declive";-25,431008;-50,039195
24/05/2023;18:50:00;SAO SIMAO;Reação tardia ou ineficiente do condutor;Tombamento;Com Vítimas Feridas;Plena Noite;Decrescente;Céu Claro;Simples;Reta;-19,01319837;-50,54372061
25/05/2023;01:20:00;FLORES;Ausência de reação do condutor;Tombamento;Com Vítimas Feridas;Plena Noite;Crescente;Céu Claro;Simples;Reta;-8,044331;-37,891407
25/05/2023;04:00:00;GARUVA;Carga excessiva e/ou mal acondicionada;Derramamento de carga;Sem Vítimas;Plena Noite;Decrescente;Céu Claro;Múltipla;Curva;-25,99699834;-48,87891655
06/03/2023;18:25:00;JABOATAO DOS GUARARAPES;Velocidade Incompatível;Colisão traseira;Com Vítimas Feridas;Plena Noite;Crescente;Céu Claro;Dupla;Reta;-8,15523;-34,942101
06/04/2023;07:23:00;CAMPO ALEGRE DE GOIAS;Velocidade Incompatível;Tombamento;Com Vítimas Fatais;Pleno dia;Decrescente;Céu Claro;Dupla;"Declive;Curva";-17,2961;-47,7569
25/05/2023;09:25:00;SERRA;Manobra de mudança de faixa;Colisão lateral mesmo sentido;Sem Vítimas;Pleno dia;Crescente;Nublado;Múltipla;Reta;-20,20842;-40,269405
25/05/2023;12:20:00;FAZENDA RIO GRANDE;Manobra de mudança de faixa;Colisão lateral mesmo sentido;Com Vítimas Feridas;Pleno dia;Decrescente;Céu Claro;Dupla;Reta;-25,643743;-49,31278
25/05/2023;12:00:00;MAUA DA SERRA;Velocidade Incompatível;Tombamento;Sem Vítimas;Pleno dia;Crescente;Céu Claro;Dupla;Curva;-23,9743171;-51,1035821
11/03/2023;04:30:00;PATOS DE MINAS;Velocidade Incompatível;Saída de leito carroçável;Com Vítimas Fatais;Plena Noite;Decrescente;Chuva;Simples;"Declive;Curva";-18,53483923;-46,15361393
25/05/2023;14:50:00;RIO REAL;Ausência de reação do condutor;Tombamento;Com Vítimas Feridas;Pleno dia;Crescente;Chuva;Simples;Curva;-11,54423305;-37,86395083
25/05/2023;14:18:00;PONTA GROSSA;Demais falhas mecânicas ou elétricas;Tombamento;Com Vítimas Feridas;Pleno dia;Não Informado;Céu Claro;Dupla;Curva;-25,14692309;-50,15072006
22/05/2023;14:50:00;PLACIDO DE CASTRO;Manobra de mudança de faixa;Saída de leito carroçável;Com Vítimas Feridas;Pleno dia;Decrescente;Nublado;Simples;"Aclive;Reta";-10,06034014;-67,32212399
25/05/2023;15:15:00;ENTRE RIOS;Reação tardia ou ineficiente do condutor;Tombamento;Com Vítimas Feridas;Pleno dia;Decrescente;Chuva;Dupla;Reta;-11,96618423;-38,14476501
25/05/2023;17:40:00;ARAGUAINA;Ultrapassagem Indevida;Colisão lateral mesmo sentido;Com Vítimas Feridas;Anoitecer;Crescente;Céu Claro;Dupla;Reta;-7,239191;-48,254288
25/05/2023;09:30:00;PADRE CARVALHO;Velocidade Incompatível;Colisão lateral sentido oposto;Com Vítimas Fatais;Pleno dia;Crescente;Garoa/Chuvisco;Simples;Curva;-16,26522431;-42,57628001
25/05/2023;20:17:00;SAO JOSE;Manobra de mudança de faixa;Colisão lateral mesmo sentido;Com Vítimas Feridas;Plena Noite;Decrescente;Nublado;Múltipla;Reta;-27,59193546;-48,61824557
25/05/2023;18:30:00;ARAXA;Velocidade Incompatível;Colisão traseira;Com Vítimas Feridas;Amanhecer;Decrescente;Céu Claro;Simples;"Reta;Declive";-19,57011717;-47,01525106
25/05/2023;23:05:00;FEIRA DE SANTANA;Manobra de mudança de faixa;Tombamento;Sem Vítimas;Plena Noite;Crescente;Chuva;Dupla;Reta;-12,267113;-38,966988
26/05/2023;01:50:00;MANDIRITUBA;Ultrapassagem Indevida;Colisão lateral mesmo sentido;Sem Vítimas;Plena Noite;Crescente;Nevoeiro/Neblina;Simples;Curva;-25,810577;-49,326737
25/05/2023;16:50:00;CAMPANHA;Ausência de reação do condutor;Tombamento;Com Vítimas Feridas;Pleno dia;Decrescente;Nublado;Dupla;Curva;-21,80835676;-45,48144042
25/05/2023;23:45:00;UBERLANDIA;Demais falhas na via;Saída de leito carroçável;Com Vítimas Feridas;Plena Noite;Decrescente;Céu Claro;Dupla;Rotatória;-18,82501599;-48,24975071
26/05/2023;09:45:00;RECIFE;Manobra de mudança de faixa;Colisão lateral mesmo sentido;Sem Vítimas;Pleno dia;Crescente;Céu Claro;Dupla;Reta;-8,064473;-34,936928
26/05/2023;06:51:00;MANAUS;Velocidade Incompatível;Tombamento;Com Vítimas Feridas;Pleno dia;Decrescente;Sol;Dupla;"Rotatória;Aclive;Curva";-2,08026265;-60,00798507
26/05/2023;11:30:00;JAGUARIBE;Reação tardia ou ineficiente do condutor;Tombamento;Sem Vítimas;Pleno dia;Crescente;Céu Claro;Simples;Reta;-6,16740522;-38,66023558
26/05/2023;11:30:00;RESENDE;Fumaça;Engavetamento;Com Vítimas Feridas;Pleno dia;Decrescente;Céu Claro;Dupla;Declive;-22,45453;-44,379533
26/05/2023;13:55:00;CACAPAVA DO SUL;Reação tardia ou ineficiente do condutor;Tombamento;Com Vítimas Feridas;Pleno dia;Decrescente;Céu Claro;Simples;Curva;-30,566854;-53,3884939
26/05/2023;13:00:00;NOVA ERECHIM;Ultrapassagem Indevida;Colisão lateral sentido oposto;Com Vítimas Feridas;Pleno dia;Crescente;Céu Claro;Simples;Curva;-26,8837776;-52,9383151
26/05/2023;14:10:00;ESMERALDAS;Ultrapassagem Indevida;Colisão lateral mesmo sentido;Com Vítimas Feridas;Pleno dia;Decrescente;Céu Claro;Dupla;"Curva;Aclive";-19,67088766;-44,19355961
26/05/2023;09:49:00;BONFIM;Pista Escorregadia;Colisão lateral sentido oposto;Com Vítimas Fatais;Pleno dia;Crescente;Chuva;Simples;Curva;3,21306592;-60,15303095
26/05/2023;15:20:00;BETIM;Manobra de mudança de faixa;Colisão lateral mesmo sentido;Com Vítimas Feridas;Pleno dia;Decrescente;Céu Claro;Dupla;Reta;-19,985563;-44,20318
26/05/2023;13:20:00;FRUTAL;Sinalização mal posicionada;Colisão lateral mesmo sentido;Sem Vítimas;Pleno dia;Crescente;Céu Claro;Simples;Reta;-20,12243;-48,71867
26/05/2023;11:50:00;ROLANDIA;Manobra de mudança de faixa;Colisão lateral mesmo sentido;Com Vítimas Feridas;Pleno dia;Decrescente;Céu Claro;Simples;Reta;-23,30524842;-51,3609606
26/05/2023;15:30:00;TAQUARITINGA DO NORTE;Ultrapassagem Indevida;Colisão frontal;Sem Vítimas;Pleno dia;Decrescente;Céu Claro;Simples;Reta;-7,964189;-36,124378
26/05/2023;18:19:00;AGUAS LINDAS DE GOIAS;Manobra de mudança de faixa;Colisão lateral mesmo sentido;Sem Vítimas;Plena Noite;Crescente;Céu Claro;Múltipla;Reta;-15,73733681;-48,27407468
26/05/2023;08:00:00;CACHOEIRA DE PAJEU;Manobra de mudança de faixa;Colisão frontal;Com Vítimas Feridas;Pleno dia;Crescente;Chuva;Simples;Reta;-15,90522207;-41,54708702
26/05/2023;21:30:00;CURITIBA;Manobra de mudança de faixa;Capotamento;Com Vítimas Feridas;Plena Noite;Decrescente;Céu Claro;Dupla;Reta;-25,56857207;-49,31023179
26/05/2023;15:00:00;MACAE;Ultrapassagem Indevida;Colisão lateral mesmo sentido;Com Vítimas Fatais;Pleno dia;Decrescente;Céu Claro;Simples;"Reta;Ponte";-22,27781572;-41,87248528
26/05/2023;22:50:00;ITAJAI;Velocidade Incompatível;Colisão traseira;Com Vítimas Feridas;Plena Noite;Crescente;Nublado;Dupla;Reta;-26,895859;-48,71903
26/05/2023;22:00:00;ARIQUEMES;Pista esburacada;Colisão lateral mesmo sentido;Com Vítimas Feridas;Plena Noite;Decrescente;Nublado;Simples;"Em Obras;Reta";-9,93398403;-63,05522959
26/05/2023;22:03:00;ITAITUBA;Reação tardia ou ineficiente do condutor;Tombamento;Com Vítimas Feridas;Plena Noite;Crescente;Céu Claro;Simples;Reta;-5,44538916;-55,87780826
27/05/2023;09:15:00;BETIM;Manobra de mudança de faixa;Colisão lateral mesmo sentido;Com Vítimas Feridas;Pleno dia;Decrescente;Céu Claro;Dupla;"Reta;Declive";-19,95659361;-44,12622893
21/05/2023;12:15:00;POUSO ALEGRE;Velocidade Incompatível;Colisão traseira;Com Vítimas Feridas;Pleno dia;Crescente;Céu Claro;Dupla;"Declive;Reta";-22,31374792;-45,90405426
27/05/2023;11:15:00;DIAMANTINO;Acostamento em desnível;Saída de leito carroçável;Com Vítimas Feridas;Pleno dia;Decrescente;Céu Claro;Simples;Reta;-14,46884509;-56,15600493
27/05/2023;10:10:00;IBIRAPITANGA;Carga excessiva e/ou mal acondicionada;Tombamento;Com Vítimas Fatais;Pleno dia;Crescente;Céu Claro;Simples;"Curva;Declive";-14,07212298;-39,38681305
27/05/2023;10:40:00;NOVA ANDRADINA;Ultrapassagem Indevida;Colisão frontal;Com Vítimas Feridas;Pleno dia;Crescente;Céu Claro;Simples;"Declive;Reta";-21,65659582;-53,4462169
27/05/2023;14:50:00;PETROLINA;Ingestão de álcool pelo condutor;Tombamento;Com Vítimas Feridas;Pleno dia;Decrescente;Céu Claro;Simples;Curva;-8,86775932;-40,76572202
27/05/2023;15:30:00;ARUJA;Manobra de mudança de faixa;Colisão lateral mesmo sentido;Sem Vítimas;Pleno dia;Decrescente;Céu Claro;Dupla;Reta;-23,41475243;-46,36600788
27/05/2023;16:45:00;CORBELIA;Velocidade Incompatível;Colisão traseira;Com Vítimas Feridas;Pleno dia;Decrescente;Chuva;Dupla;"Viaduto;Reta;Declive";-24,7919;-53,2884
27/05/2023;18:10:00;DOM ELISEU;Reação tardia ou ineficiente do condutor;Tombamento;Com Vítimas Feridas;Plena Noite;Decrescente;Céu Claro;Simples;Reta;-4,198726;-47,545086
27/05/2023;16:30:00;CORDILHEIRA ALTA;Chuva;Colisão frontal;Com Vítimas Fatais;Pleno dia;Decrescente;Garoa/Chuvisco;Simples;Reta;-26,969427;-52,57497
27/05/2023;21:45:00;BETIM;Ausência de reação do condutor;Tombamento;Com Vítimas Fatais;Plena Noite;Crescente;Céu Claro;Dupla;"Aclive;Reta";-19,95659361;-44,12622893
27/05/2023;21:30:00;ELDORADO;Manobra de mudança de faixa;Colisão frontal;Com Vítimas Fatais;Plena Noite;Crescente;Chuva;Simples;"Reta;Aclive";-23,767319;-54,27561
27/05/2023;22:15:00;AIURUOCA;Velocidade Incompatível;Tombamento;Com Vítimas Fatais;Plena Noite;Crescente;Céu Claro;Simples;"Declive;Curva";-21,93370891;-44,64578203
27/05/2023;23:30:00;TRES RIOS;Reação tardia ou ineficiente do condutor;Tombamento;Com Vítimas Feridas;Plena Noite;Decrescente;Nublado;Simples;Curva;-22,12615599;-43,14228058
28/05/2023;08:30:00;UBERABA;Velocidade Incompatível;Tombamento;Com Vítimas Feridas;Pleno dia;Decrescente;Céu Claro;Simples;"Retorno Regulamentado;Curva";-19,26611991;-48,12839379
28/05/2023;08:00:00;IBIRAPITANGA;Avarias e/ou desgaste excessivo no pneu;Tombamento;Com Vítimas Feridas;Pleno dia;Decrescente;Céu Claro;Simples;Curva;-13,925982;-39,48398098
28/05/2023;10:50:00;GUARANIACU;Ultrapassagem Indevida;Colisão frontal;Com Vítimas Fatais;Pleno dia;Decrescente;Céu Claro;Simples;"Reta;Declive";-25,094701;-52,960566
28/05/2023;13:45:00;PALHOCA;Velocidade Incompatível;Colisão com objeto;Com Vítimas Feridas;Pleno dia;Crescente;Garoa/Chuvisco;Dupla;Curva;-27,80376397;-48,63826211
28/05/2023;14:40:00;GOVERNADOR VALADARES;Ultrapassagem Indevida;Colisão lateral mesmo sentido;Com Vítimas Fatais;Pleno dia;Crescente;Céu Claro;Simples;Ponte;-18,96700208;-42,09033791
28/05/2023;14:56:00;NOVA MUTUM;Chuva;Colisão frontal;Com Vítimas Fatais;Pleno dia;Crescente;Chuva;Simples;Reta;-14,05793518;-56,09856364
28/05/2023;09:50:00;CAMANDUCAIA;Velocidade Incompatível;Tombamento;Com Vítimas Feridas;Pleno dia;Decrescente;Céu Claro;Dupla;"Curva;Declive";-22,71744092;-46,12652111
28/05/2023;12:40:00;NOVA XAVANTINA;Ausência de reação do condutor;Tombamento;Sem Vítimas;Pleno dia;Crescente;Céu Claro;Simples;Reta;-14,53357488;-52,33600203
28/05/2023;20:45:00;PRATA;Velocidade Incompatível;Tombamento;Com Vítimas Feridas;Plena Noite;Decrescente;Céu Claro;Simples;"Aclive;Curva";-19,048214;-49,011505
28/05/2023;14:10:00;TEOLANDIA;Velocidade Incompatível;Tombamento;Com Vítimas Feridas;Pleno dia;Decrescente;Céu Claro;Simples;"Curva;Declive";-13,61666713;-39,4972229
29/05/2023;06:00:00;BRUMADINHO;Velocidade Incompatível;Tombamento;Com Vítimas Feridas;Amanhecer;Crescente;Nublado;Dupla;Curva;-20,16710798;-44,33422398
28/05/2023;20:30:00;JOAQUIM GOMES;Fumaça;Incêndio;Sem Vítimas;Plena Noite;Decrescente;Nublado;Simples;Reta;-9,05000091;-35,71075009
29/05/2023;01:00:00;MAE DO RIO;Manobra de mudança de faixa;Saída de leito carroçável;Com Vítimas Feridas;Plena Noite;Crescente;Céu Claro;Simples;Reta;-2,09617098;-47,56002117
29/05/2023;07:00:00;BRASILEIRA;Neblina;Colisão frontal;Com Vítimas Feridas;Pleno dia;Crescente;Nevoeiro/Neblina;Simples;Reta;-4,056035;-41,770027
29/05/2023;08:15:00;SANTO ANTONIO DO LEVERGER;Velocidade Incompatível;Saída de leito carroçável;Com Vítimas Feridas;Pleno dia;Crescente;Garoa/Chuvisco;Dupla;Curva;-15,81193889;-55,53981241
29/05/2023;08:55:00;ITATIAIUCU;Velocidade Incompatível;Tombamento;Com Vítimas Feridas;Pleno dia;Decrescente;Nublado;Dupla;"Curva;Declive";-20,18182886;-44,37895835
12/04/2023;07:27:00;PINDAMONHANGABA;Manobra de mudança de faixa;Colisão traseira;Com Vítimas Feridas;Pleno dia;Decrescente;Céu Claro;Dupla;Reta;-22,99497994;-45,48951403
29/05/2023;15:17:00;CURITIBA;Manobra de mudança de faixa;Colisão lateral mesmo sentido;Com Vítimas Feridas;Pleno dia;Crescente;Garoa/Chuvisco;Dupla;Reta;-25,5273136;-49,3290096
29/05/2023;16:55:00;PALMEIRA DAS MISSOES;Manobra de mudança de faixa;Colisão lateral mesmo sentido;Com Vítimas Feridas;Anoitecer;Crescente;Céu Claro;Simples;Reta;-28,06328669;-53,38453516
29/05/2023;14:50:00;SANTO ANTONIO DE JESUS;Velocidade Incompatível;Saída de leito carroçável;Com Vítimas Feridas;Pleno dia;Crescente;Céu Claro;Simples;Curva;-12,984957;-39,291156
29/05/2023;16:50:00;BARRA MANSA;Carga excessiva e/ou mal acondicionada;Tombamento;Com Vítimas Feridas;Pleno dia;Crescente;Nublado;Dupla;Curva;-22,55271018;-44,17778004
29/05/2023;15:40:00;TERRA NOVA DO NORTE;Manobra de mudança de faixa;Tombamento;Com Vítimas Feridas;Pleno dia;Crescente;Sol;Simples;Reta;-10,50141605;-55,07265474
29/05/2023;18:25:00;ABADIANIA;Velocidade Incompatível;Colisão traseira;Com Vítimas Feridas;Anoitecer;Decrescente;Céu Claro;Dupla;"Aclive;Reta";-16,266253;-48,766194
29/05/2023;19:00:00;CRISTOPOLIS;Reação tardia ou ineficiente do condutor;Tombamento;Com Vítimas Fatais;Plena Noite;Decrescente;Céu Claro;Simples;"Declive;Reta";-12,22309212;-44,30073738
29/05/2023;18:00:00;GUARANTA DO NORTE;Reação tardia ou ineficiente do condutor;Tombamento;Com Vítimas Feridas;Anoitecer;Decrescente;Céu Claro;Dupla;"Declive;Curva";-9,78200529;-54,90867173
29/05/2023;19:40:00;FONTOURA XAVIER;Velocidade Incompatível;Saída de leito carroçável;Sem Vítimas;Plena Noite;Crescente;Céu Claro;Simples;Curva;-28,99000043;-52,36515284
29/05/2023;20:50:00;MURIAE;Velocidade Incompatível;Tombamento;Sem Vítimas;Plena Noite;Decrescente;Céu Claro;Simples;"Aclive;Curva";-21,00463422;-42,36667213
30/05/2023;00:23:00;SANTO ANTONIO DO AMPARO;Condutor Dormindo;Tombamento;Com Vítimas Feridas;Plena Noite;Decrescente;Céu Claro;Dupla;"Curva;Aclive";-20,98800417;-44,95317291
30/05/2023;06:30:00;TAUBATE;Manobra de mudança de faixa;Colisão lateral mesmo sentido;Com Vítimas Feridas;Pleno dia;Crescente;Nublado;Dupla;Reta;-23,0233097;-45,53763622
30/05/2023;02:15:00;MATOES DO NORTE;Acostamento em desnível;Saída de leito carroçável;Com Vítimas Feridas;Plena Noite;Decrescente;Céu Claro;Simples;Reta;-3,64935592;-44,54345984
30/05/2023;08:00:00;ARACATI;Manobra de mudança de faixa;Colisão frontal;Com Vítimas Feridas;Pleno dia;Decrescente;Sol;Simples;Reta;-4,572322;-37,757907
30/05/2023;05:00:00;MARABA;Acessar a via sem observar a presença dos outros veículos;Tombamento;Com Vítimas Feridas;Amanhecer;Decrescente;Céu Claro;Simples;Reta;-5,42303401;-49,07624026
30/05/2023;09:40:00;CAMPINA GRANDE DO SUL;Reação tardia ou ineficiente do condutor;Tombamento;Com Vítimas Feridas;Pleno dia;Decrescente;Garoa/Chuvisco;Dupla;"Curva;Aclive";-25,14802509;-48,85922071
30/05/2023;08:30:00;NOVA LARANJEIRAS;Carga excessiva e/ou mal acondicionada;Derramamento de carga;Sem Vítimas;Pleno dia;Crescente;Céu Claro;Múltipla;Curva;-25,27011524;-52,61299706
30/05/2023;12:50:00;PALHOCA;Obstrução na via;Colisão com objeto;Com Vítimas Feridas;Pleno dia;Crescente;Céu Claro;Dupla;Reta;-27,66779034;-48,67393586
30/05/2023;12:20:00;BALNEARIO CAMBORIU;Manobra de mudança de faixa;Colisão lateral mesmo sentido;Com Vítimas Feridas;Pleno dia;Crescente;Céu Claro;Dupla;Reta;-27,008113;-48,617245
30/05/2023;11:50:00;NOSSA SENHORA DO SOCORRO;Manobra de mudança de faixa;Colisão lateral mesmo sentido;Com Vítimas Feridas;Pleno dia;Decrescente;Céu Claro;Múltipla;"Reta;Declive";-10,84356101;-37,13696712
30/05/2023;12:50:00;CANOAS;Demais falhas mecânicas ou elétricas;Tombamento;Com Vítimas Feridas;Pleno dia;Decrescente;Céu Claro;Dupla;Reta;-29,88206619;-51,23501199
30/05/2023;12:50:00;IPIRANGA;Velocidade Incompatível;Tombamento;Com Vítimas Feridas;Pleno dia;Decrescente;Céu Claro;Dupla;"Declive;Curva";-24,84947256;-50,47265636
30/05/2023;05:45:00;PRESIDENTE MEDICI;Sinalização mal posicionada;Colisão traseira;Com Vítimas Feridas;Amanhecer;Crescente;Céu Claro;Simples;Reta;-11,38505906;-61,74110399
30/05/2023;12:35:00;RECIFE;Manobra de mudança de faixa;Colisão lateral mesmo sentido;Com Vítimas Feridas;Pleno dia;Decrescente;Céu Claro;Dupla;"Reta;Aclive";-8,10973523;-34,94660151
30/05/2023;12:50:00;REDUTO;Velocidade Incompatível;Tombamento;Com Vítimas Feridas;Pleno dia;Crescente;Sol;Simples;"Curva;Declive";-20,248822;-41,946753
30/05/2023;14:41:00;RIBAS DO RIO PARDO;Chuva;Colisão lateral mesmo sentido;Sem Vítimas;Pleno dia;Crescente;Chuva;Simples;"Declive;Reta";-20,41251921;-53,86536712
30/05/2023;13:47:00;CACERES;Chuva;Saída de leito carroçável;Sem Vítimas;Pleno dia;Crescente;Chuva;Simples;Reta;-16,174581;-57,35957
30/05/2023;19:00:00;ITABIRITO;Deficiência do Sistema de Iluminação/Sinalização;Colisão transversal;Com Vítimas Feridas;Plena Noite;Crescente;Céu Claro;Dupla;"Reta;Retorno Regulamentado";-20,26485707;-43,9573481
30/05/2023;07:30:00;MARABA;Manobra de mudança de faixa;Colisão traseira;Sem Vítimas;Amanhecer;Decrescente;Céu Claro;Dupla;Aclive;-5,36241425;-49,07496007
30/05/2023;18:44:00;TIMOTEO;Ultrapassagem Indevida;Colisão lateral mesmo sentido;Com Vítimas Fatais;Plena Noite;Crescente;Céu Claro;Simples;Reta;-19,52951513;-42,67168275
31/05/2023;00:10:00;UBERLANDIA;Chuva;Colisão com objeto;Com Vítimas Feridas;Plena Noite;Decrescente;Chuva;Dupla;"Declive;Reta";-18,90049028;-48,36226204
30/05/2023;23:45:00;MAUA DA SERRA;Velocidade Incompatível;Tombamento;Com Vítimas Feridas;Plena Noite;Decrescente;Céu Claro;Dupla;"Curva;Declive";-23,9743171;-51,1035821
31/05/2023;06:50:00;SAO GONCALO DO RIO ABAIXO;Reação tardia ou ineficiente do condutor;Tombamento;Com Vítimas Feridas;Pleno dia;Decrescente;Céu Claro;Simples;"Reta;Declive";-19,8203938;-43,39028183
31/05/2023;06:50:00;SAO CAITANO;Manobra de mudança de faixa;Colisão lateral mesmo sentido;Com Vítimas Feridas;Pleno dia;Decrescente;Céu Claro;Dupla;Reta;-8,32046632;-36,07694496
31/05/2023;03:00:00;BARRA VELHA;Velocidade Incompatível;Colisão traseira;Sem Vítimas;Plena Noite;Decrescente;Nublado;Dupla;Reta;-26,64253985;-48,68950684
31/05/2023;10:30:00;BIGUACU;Acumulo de areia ou detritos sobre o pavimento;Colisão com objeto;Com Vítimas Feridas;Pleno dia;Crescente;Céu Claro;Dupla;Reta;-27,40688892;-48,6285296
31/05/2023;10:10:00;SAO LOURENCO DA SERRA;Chuva;Colisão transversal;Com Vítimas Feridas;Pleno dia;Decrescente;Chuva;Dupla;Reta;-23,85630016;-46,94096988
23/05/2023;12:35:00;FEIRA DE SANTANA;Manobra de mudança de faixa;Colisão lateral mesmo sentido;Com Vítimas Feridas;Pleno dia;Crescente;Céu Claro;Dupla;Reta;-12,27376054;-38,93366564
29/05/2023;23:45:00;CURITIBA;Ausência de sinalização;Colisão traseira;Sem Vítimas;Plena Noite;Crescente;Nublado;Dupla;Reta;-25,43257515;-49,36978297
31/05/2023;12:30:00;SOORETAMA;Manobra de mudança de faixa;Colisão lateral mesmo sentido;Com Vítimas Feridas;Pleno dia;Crescente;Céu Claro;Múltipla;Reta;-19,193953;-40,0951
31/05/2023;12:20:00;MOSSORO;Carga excessiva e/ou mal acondicionada;Tombamento;Sem Vítimas;Pleno dia;Crescente;Sol;Simples;Reta;-5,47988489;-37,16416785
31/05/2023;13:30:00;BRASILIA;Manobra de mudança de faixa;Colisão lateral mesmo sentido;Com Vítimas Feridas;Pleno dia;Crescente;Céu Claro;Dupla;Reta;-16,029741;-47,978867
23/05/2023;13:30:00;RIO DE JANEIRO;Manobra de mudança de faixa;Colisão traseira;Com Vítimas Feridas;Pleno dia;Crescente;Céu Claro;Múltipla;Reta;-22,81113183;-43,3336729
31/05/2023;06:35:00;JENIPAPO DOS VIEIRAS;Velocidade Incompatível;Tombamento;Com Vítimas Feridas;Pleno dia;Crescente;Céu Claro;Simples;"Declive;Curva";-5,55349724;-45,65177271
31/05/2023;15:40:00;CAMPOS ALTOS;Velocidade Incompatível;Colisão lateral sentido oposto;Com Vítimas Feridas;Pleno dia;Decrescente;Chuva;Simples;Curva;-19,666414;-46,16032
31/05/2023;12:45:00;INHAPI;Ultrapassagem Indevida;Colisão frontal;Com Vítimas Feridas;Pleno dia;Crescente;Céu Claro;Simples;Reta;-9,23880129;-37,6531139
31/05/2023;17:15:00;PONTES E LACERDA;Ultrapassagem Indevida;Colisão frontal;Com Vítimas Feridas;Anoitecer;Crescente;Nublado;Simples;Reta;-15,226537;-59,335728
31/05/2023;13:20:00;MARINGA;Falta de acostamento;Colisão traseira;Sem Vítimas;Pleno dia;Decrescente;Céu Claro;Dupla;"Declive;Reta";-23,4273;-51,9375
31/05/2023;21:40:00;ARACRUZ;Reação tardia ou ineficiente do condutor;Tombamento;Com Vítimas Feridas;Plena Noite;Decrescente;Céu Claro;Simples;Reta;-19,64708421;-40,23286555
31/05/2023;21:30:00;LUIS EDUARDO MAGALHAES;Ultrapassagem Indevida;Colisão lateral mesmo sentido;Com Vítimas Fatais;Plena Noite;Crescente;Céu Claro;Simples;Reta;-12,220557;-45,832389
31/05/2023;21:30:00;CANARANA;Ultrapassagem Indevida;Colisão lateral mesmo sentido;Sem Vítimas;Plena Noite;Crescente;Céu Claro;Simples;Reta;-13,71100548;-52,027249
01/06/2023;07:00:00;CAMPO GRANDE;Ausência de reação do condutor;Tombamento;Com Vítimas Feridas;Pleno dia;Crescente;Céu Claro;Simples;"Reta;Declive";-20,47159896;-54,43906
01/06/2023;07:50:00;ARAPONGAS;Neblina;Colisão traseira;Com Vítimas Feridas;Pleno dia;Decrescente;Nevoeiro/Neblina;Dupla;Reta;-23,44618;-51,42322
01/06/2023;08:26:00;SAO JOAQUIM DE BICAS;Manobra de mudança de faixa;Colisão traseira;Com Vítimas Feridas;Pleno dia;Decrescente;Nublado;Dupla;"Curva;Declive";-20,06277698;-44,29329002
01/06/2023;08:30:00;BARREIRAS;Demais falhas mecânicas ou elétricas;Tombamento;Com Vítimas Feridas;Pleno dia;Crescente;Céu Claro;Simples;Declive;-12,14882598;-44,999386
24/05/2023;08:30:00;ALTO PARANA;Manobra de mudança de faixa;Colisão traseira;Com Vítimas Feridas;Pleno dia;Decrescente;Céu Claro;Dupla;"Aclive;Reta";-23,15542233;-52,26667625
01/06/2023;05:30:00;PIRAI;Manobra de mudança de faixa;Colisão com objeto;Com Vítimas Fatais;Amanhecer;Crescente;Nevoeiro/Neblina;Dupla;Reta;-22,58171235;-43,99533787
01/06/2023;10:10:00;PORTO VELHO;Manobra de mudança de faixa;Colisão transversal;Sem Vítimas;Pleno dia;Decrescente;Céu Claro;Simples;Reta;-8,80022;-63,7618292
01/06/2023;08:07:00;JI-PARANA;Ultrapassagem Indevida;Queda de ocupante de veículo;Com Vítimas Fatais;Pleno dia;Crescente;Céu Claro;Dupla;"Interseção de Vias;Reta";-10,88527305;-61,93495274
01/06/2023;12:38:00;GUARAPARI;Reação tardia ou ineficiente do condutor;Tombamento;Com Vítimas Feridas;Pleno dia;Decrescente;Céu Claro;Dupla;Reta;-20,60149301;-40,50248706
01/06/2023;14:25:00;ARUJA;Manobra de mudança de faixa;Colisão lateral mesmo sentido;Com Vítimas Feridas;Pleno dia;Decrescente;Céu Claro;Dupla;Reta;-23,41236123;-46,35692496
20/05/2023;10:00:00;PALMAS;Manobra de mudança de faixa;Colisão lateral mesmo sentido;Com Vítimas Feridas;Pleno dia;Decrescente;Céu Claro;Múltipla;Reta;-10,3204;-48,29719