data_inversa;horario;municipio;causa_acidente;tipo_acidente;classificacao_acidente;fase_dia;sentido_via;condicao_metereologica;tipo_pista;tracado_via;latitude;longitude
19/07/2023;20:35:00;ITATIAIA;Velocidade Incompatível;Colisão com objeto;Com Vítimas Feridas;Plena Noite;Crescente;Nublado;Dupla;"Curva;Declive";-22,48404979;-44,54454609
19/07/2023;21:40:00;OSORIO;Velocidade Incompatível;Colisão traseira;Sem Vítimas;Plena Noite;Crescente;Nublado;Dupla;Curva;-29,894957;-50,286026
19/07/2023;23:00:00;ABRE CAMPO;Velocidade Incompatível;Tombamento;Com Vítimas Feridas;Plena Noite;Crescente;Céu Claro;Simples;"Aclive;Curva";-20,295544;-42,48012
20/07/2023;03:30:00;DUQUE DE CAXIAS;Acumulo de água sobre o pavimento;Colisão transversal;Com Vítimas Feridas;Plena Noite;Crescente;Chuva;Dupla;Reta;-22,745676;-43,2881
20/07/2023;07:50:00;VITORIA DA CONQUISTA;Manobra de mudança de faixa;Colisão lateral mesmo sentido;Com Vítimas Feridas;Pleno dia;Crescente;Céu Claro;Dupla;"Reta;Retorno Regulamentado";-14,82104614;-40,81381393
20/07/2023;10:24:00;BARRA DO TURVO;Chuva;Saída de leito carroçável;Com Vítimas Feridas;Pleno dia;Crescente;Garoa/Chuvisco;Dupla;Curva;-24,97172153;-48,37309592
20/07/2023;07:28:00;CAJATI;Pista Escorregadia;Saída de leito carroçável;Com Vítimas Feridas;Pleno dia;Decrescente;Chuva;Simples;"Curva;Aclive";-24,85874304;-48,21731282
20/07/2023;10:27:00;BLUMENAU;Ultrapassagem Indevida;Colisão lateral mesmo sentido;Com Vítimas Fatais;Pleno dia;Decrescente;Garoa/Chuvisco;Dupla;"Em Obras;Reta";-26,85955742;-49,06154037
20/07/2023;10:40:00;RANCHO QUEIMADO;Ultrapassagem Indevida;Colisão frontal;Com Vítimas Feridas;Pleno dia;Crescente;Garoa/Chuvisco;Simples;Reta;-27,685799;-48,974514
20/07/2023;14:40:00;BARREIRAS;Fumaça;Colisão lateral mesmo sentido;Com Vítimas Feridas;Pleno dia;Decrescente;Céu Claro;Simples;Curva;-12,13921045;-44,93735921
20/07/2023;20:20:00;LAGES;Deficiência do Sistema de Iluminação/Sinalização;Colisão traseira;Com Vítimas Feridas;Plena Noite;Decrescente;Garoa/Chuvisco;Dupla;"Aclive;Reta";-27,778582;-50,231815
20/07/2023;20:30:00;JEQUIE;Ultrapassagem Indevida;Tombamento;Com Vítimas Feridas;Plena Noite;Decrescente;Céu Claro;Simples;"Declive;Reta";-13,90348894;-40,14791115
21/07/2023;03:10:00;MONTE ALEGRE DE MINAS;Avarias e/ou desgaste excessivo no pneu;Tombamento;Com Vítimas Feridas;Plena Noite;Crescente;Céu Claro;Simples;Rotatória;-18,8789182;-49,05482003
20/07/2023;13:30:00;LINDOESTE;Velocidade Incompatível;Tombamento;Com Vítimas Feridas;Pleno dia;Crescente;Céu Claro;Dupla;"Curva;Aclive";-25,30029591;-53,57516624
21/07/2023;09:10:00;JEQUIE;Manobra de mudança de faixa;Colisão frontal;Com Vítimas Fatais;Pleno dia;Decrescente;Garoa/Chuvisco;Simples;Curva;-14,044168;-40,204033
21/07/2023;10:21:00;LONDRINA;Manobra de mudança de faixa;Colisão lateral mesmo sentido;Com Vítimas Feridas;Pleno dia;Crescente;Céu Claro;Dupla;Reta;-23,293079;-51,135982
21/07/2023;09:15:00;SAO GONCALO DO AMARANTE;Carga excessiva e/ou mal acondicionada;Tombamento;Com Vítimas Feridas;Pleno dia;Decrescente;Céu Claro;Dupla;"Declive;Curva;Rotatória;Viaduto";-5,74550879;-35,33428431
21/07/2023;09:00:00;VARJAO DE MINAS;Demais falhas mecânicas ou elétricas;Tombamento;Sem Vítimas;Pleno dia;Crescente;Nublado;Simples;"Declive;Em Obras;Reta";-18,31137374;-45,96592214
21/07/2023;10:40:00;SERRA;Manobra de mudança de faixa;Colisão lateral mesmo sentido;Com Vítimas Feridas;Pleno dia;Decrescente;Nublado;Dupla;Reta;-20,22662056;-40,27075088
21/07/2023;07:50:00;LEOPOLDINA;Velocidade Incompatível;Tombamento;Com Vítimas Feridas;Pleno dia;Decrescente;Céu Claro;Simples;"Curva;Declive";-21,57874601;-42,68444896
28/05/2023;05:50:00;AURORA DO PARA;Manobra de mudança de faixa;Colisão lateral sentido oposto;Com Vítimas Fatais;Amanhecer;Crescente;Céu Claro;Simples;Declive;-2,114226;-47,560364
21/07/2023;15:00:00;SAO JOSE DOS PINHAIS;Avarias e/ou desgaste excessivo no pneu;Derramamento de carga;Sem Vítimas;Pleno dia;Crescente;Nublado;Dupla;Curva;-25,73029716;-49,13356446
21/07/2023;16:50:00;BIGUACU;Manobra de mudança de faixa;Colisão lateral mesmo sentido;Com Vítimas Feridas;Pleno dia;Decrescente;Céu Claro;Múltipla;Reta;-27,48443781;-48,64765238
21/07/2023;18:15:00;BETIM;Manobra de mudança de faixa;Colisão lateral mesmo sentido;Com Vítimas Feridas;Anoitecer;Crescente;Céu Claro;Dupla;Reta;-20,00668548;-44,21521612
21/07/2023;16:40:00;PAULISTANA;Manobra de mudança de faixa;Colisão lateral mesmo sentido;Com Vítimas Feridas;Pleno dia;Crescente;Sol;Simples;Reta;-8,15919;-41,120197
22/07/2023;01:00:00;SENADOR JOSE BENTO;Velocidade Incompatível;Tombamento;Com Vítimas Feridas;Plena Noite;Crescente;Céu Claro;Simples;"Declive;Curva";-22,1298286;-46,14666138
22/07/2023;01:05:00;INHAPIM;Velocidade Incompatível;Tombamento;Com Vítimas Feridas;Plena Noite;Crescente;Céu Claro;Simples;Curva;-19,45138982;-42,12752114
21/07/2023;22:05:00;AURORA DO PARA;Iluminação deficiente;Colisão traseira;Com Vítimas Feridas;Plena Noite;Decrescente;Ignorado;Simples;Reta;-2,12325701;-47,56058366
22/07/2023;03:00:00;SAPUCAIA;Velocidade Incompatível;Tombamento;Com Vítimas Fatais;Plena Noite;Crescente;Céu Claro;Simples;Curva;-22,10008118;-42,79989552
22/07/2023;06:12:00;FUNDAO;Ultrapassagem Indevida;Colisão lateral mesmo sentido;Com Vítimas Feridas;Pleno dia;Decrescente;Garoa/Chuvisco;Simples;Reta;-19,89290688;-40,41230369
22/07/2023;08:30:00;CORUMBA;Ausência de reação do condutor;Tombamento;Com Vítimas Feridas;Pleno dia;Crescente;Céu Claro;Simples;"Aclive;Curva";-19,08285699;-57,62168025
22/07/2023;08:50:00;NOVA MUTUM;Ultrapassagem Indevida;Colisão lateral sentido oposto;Sem Vítimas;Pleno dia;Decrescente;Sol;Simples;Curva;-14,05690926;-56,09799385
22/07/2023;12:30:00;PENHA;Manobra de mudança de faixa;Colisão lateral mesmo sentido;Sem Vítimas;Pleno dia;Crescente;Sol;Dupla;Curva;-26,81031601;-48,68293896
22/07/2023;16:10:00;SAO PAULO;Manobra de mudança de faixa;Colisão lateral mesmo sentido;Com Vítimas Feridas;Anoitecer;Crescente;Céu Claro;Simples;"Curva;Túnel";-23,35047979;-46,55267274
22/07/2023;16:00:00;APUCARANA;Velocidade Incompatível;Colisão com objeto;Sem Vítimas;Pleno dia;Crescente;Sol;Dupla;Reta;-23,586274;-51,481875
22/07/2023;14:30:00;CANDEIAS DO JAMARI;Demais falhas na via;Saída de leito carroçável;Sem Vítimas;Pleno dia;Crescente;Céu Claro;Simples;Reta;-8,81556089;-63,45804476
22/07/2023;20:20:00;GUARATUBA;Problema na suspensão;Derramamento de carga;Sem Vítimas;Plena Noite;Crescente;Céu Claro;Dupla;Reta;-25,95050276;-48,90514477
22/07/2023;21:07:00;NOVA ANDRADINA;Manobra de mudança de faixa;Colisão lateral mesmo sentido;Com Vítimas Feridas;Plena Noite;Decrescente;Céu Claro;Simples;"Declive;Reta";-21,81120787;-53,13404893
22/07/2023;22:50:00;FEIRA DE SANTANA;Condutor Dormindo;Tombamento;Com Vítimas Feridas;Plena Noite;Decrescente;Garoa/Chuvisco;Dupla;Curva;-12,30271643;-39,04043935
23/07/2023;01:25:00;CAXIAS;Manobra de mudança de faixa;Colisão lateral sentido oposto;Com Vítimas Fatais;Plena Noite;Crescente;Céu Claro;Simples;Reta;-4,887895;-43,371475
23/07/2023;04:40:00;PALMARES;Velocidade Incompatível;Capotamento;Com Vítimas Fatais;Amanhecer;Decrescente;Nublado;Dupla;Curva;-8,691145;-35,60774
22/07/2023;23:45:00;POUSO REDONDO;Ausência de sinalização;Colisão lateral sentido oposto;Com Vítimas Feridas;Plena Noite;Crescente;Nevoeiro/Neblina;Simples;Curva;-27,30047749;-50,08036137
23/07/2023;08:15:00;CAJATI;Reação tardia ou ineficiente do condutor;Tombamento;Com Vítimas Feridas;Pleno dia;Crescente;Céu Claro;Simples;"Declive;Curva";-24,83558399;-48,2223738
23/07/2023;07:45:00;PIMENTA BUENO;Ultrapassagem Indevida;Colisão lateral mesmo sentido;Com Vítimas Feridas;Pleno dia;Crescente;Céu Claro;Simples;Aclive;-12,01036994;-60,900442
23/07/2023;09:10:00;PONTE ALTA;Velocidade Incompatível;Tombamento;Com Vítimas Feridas;Pleno dia;Decrescente;Nublado;Simples;Curva;-27,37129308;-50,42970441
23/07/2023;10:00:00;OURICURI;Ultrapassagem Indevida;Colisão frontal;Com Vítimas Feridas;Pleno dia;Crescente;Céu Claro;Simples;Reta;-7,88417113;-40,0701651
23/07/2023;10:00:00;ESTRELA;Velocidade Incompatível;Tombamento;Com Vítimas Feridas;Pleno dia;Decrescente;Céu Claro;Dupla;"Interseção de Vias;Declive";-29,48152239;-51,9540453
23/07/2023;06:00:00;MANAUS;Falta de acostamento;Saída de leito carroçável;Com Vítimas Fatais;Amanhecer;Crescente;Céu Claro;Simples;"Declive;Reta";-2,18980597;-60,01334811
23/07/2023;09:00:00;NAVIRAI;Carga excessiva e/ou mal acondicionada;Tombamento;Com Vítimas Feridas;Pleno dia;Crescente;Céu Claro;Dupla;Reta;-23,08074209;-54,2278866
23/07/2023;12:10:00;ITABELA;Reação tardia ou ineficiente do condutor;Tombamento;Com Vítimas Feridas;Pleno dia;Crescente;Nublado;Simples;"Curva;Aclive";-16,744017;-39,454727
23/07/2023;10:45:00;PONTE SERRADA;Ultrapassagem Indevida;Colisão lateral mesmo sentido;Com Vítimas Feridas;Pleno dia;Crescente;Sol;Simples;Aclive;-26,91962097;-51,88493013
23/07/2023;15:35:00;PONTA GROSSA;Manobra de mudança de faixa;Colisão lateral sentido oposto;Com Vítimas Feridas;Pleno dia;Crescente;Céu Claro;Simples;Reta;-25,03935712;-50,2767641
23/07/2023;13:16:00;ACAILANDIA;Ultrapassagem Indevida;Colisão lateral mesmo sentido;Sem Vítimas;Pleno dia;Decrescente;Céu Claro;Simples;Reta;-4,70449414;-46,99277485
23/07/2023;17:50:00;LAVRAS;Carga excessiva e/ou mal acondicionada;Tombamento;Com Vítimas Feridas;Plena Noite;Decrescente;Céu Claro;Dupla;"Curva;Declive";-21,21737985;-45,1265452
23/07/2023;11:30:00;LEOPOLDINA;Curva acentuada;Tombamento;Com Vítimas Feridas;Pleno dia;Crescente;Céu Claro;Simples;Curva;-21,59023796;-42,68715187
23/07/2023;21:10:00;MURIAE;Velocidade Incompatível;Colisão frontal;Com Vítimas Feridas;Plena Noite;Crescente;Garoa/Chuvisco;Simples;Curva;-21,20407381;-42,3892452
23/07/2023;19:35:00;ITAOBIM;Velocidade Incompatível;Tombamento;Com Vítimas Feridas;Plena Noite;Crescente;Ignorado;Simples;"Declive;Curva";-16,46427798;-41,50005093
23/07/2023;23:30:00;EUNAPOLIS;Manobra de mudança de faixa;Colisão frontal;Com Vítimas Feridas;Plena Noite;Decrescente;Nublado;Simples;"Curva;Aclive";-16,324433;-39,584574
24/07/2023;01:20:00;NOVA ERA;Velocidade Incompatível;Colisão frontal;Com Vítimas Feridas;Plena Noite;Crescente;Chuva;Simples;"Declive;Curva";-19,69896406;-42,99486928
24/07/2023;10:45:00;CONTAGEM;Manobra de mudança de faixa;Colisão lateral mesmo sentido;Com Vítimas Feridas;Pleno dia;Crescente;Céu Claro;Dupla;Curva;-19,91635592;-44,03966566
24/07/2023;09:09:00;ITAPUA DO OESTE;Ultrapassagem Indevida;Colisão lateral sentido oposto;Com Vítimas Feridas;Pleno dia;Decrescente;Céu Claro;Simples;Reta;-9,16019387;-63,22032487
24/07/2023;15:20:00;SAO LEOPOLDO;Manobra de mudança de faixa;Colisão transversal;Com Vítimas Feridas;Pleno dia;Crescente;Garoa/Chuvisco;Dupla;Curva;-29,7654058;-51,15418395
24/07/2023;11:30:00;LUCAS DO RIO VERDE;Ultrapassagem Indevida;Colisão lateral sentido oposto;Com Vítimas Feridas;Pleno dia;Decrescente;Céu Claro;Simples;Reta;-13,47948624;-56,06252934
24/07/2023;08:50:00;PONTE ALTA;Reação tardia ou ineficiente do condutor;Tombamento;Com Vítimas Fatais;Pleno dia;Decrescente;Nublado;Simples;"Curva;Aclive";-27,4423967;-50,3955247
24/07/2023;18:30:00;BARREIRAS;Manobra de mudança de faixa;Colisão transversal;Com Vítimas Fatais;Anoitecer;Decrescente;Nublado;Simples;Reta;-12,09594834;-45,37916805
24/07/2023;16:10:00;BLUMENAU;Ultrapassagem Indevida;Colisão traseira;Com Vítimas Feridas;Pleno dia;Decrescente;Sol;Simples;Reta;-26,88138;-49,164543
24/07/2023;20:00:00;SANTO ANTONIO DO AMPARO;Velocidade Incompatível;Colisão com objeto;Com Vítimas Feridas;Plena Noite;Crescente;Céu Claro;Dupla;"Reta;Declive";-21,01855289;-44,98998112
25/07/2023;05:20:00;SAPUCAIA;Reação tardia ou ineficiente do condutor;Tombamento;Com Vítimas Feridas;Plena Noite;Crescente;Nevoeiro/Neblina;Simples;Curva;-22,01634583;-42,76878911
25/07/2023;04:40:00;SANTO ANTONIO DO AMPARO;Condutor Dormindo;Tombamento;Com Vítimas Feridas;Plena Noite;Crescente;Céu Claro;Dupla;"Curva;Aclive";-21,00073835;-44,96765656
25/07/2023;06:30:00;POCOS DE CALDAS;Ultrapassagem Indevida;Colisão lateral sentido oposto;Com Vítimas Feridas;Amanhecer;Crescente;Ignorado;Simples;"Reta;Aclive";-21,780043;-46,434708
25/07/2023;01:15:00;SAO GONCALO DO RIO ABAIXO;Reação tardia ou ineficiente do condutor;Tombamento;Com Vítimas Feridas;Plena Noite;Crescente;Céu Claro;Simples;Curva;-19,8367193;-43,34504908
25/07/2023;10:20:00;ELDORADO DO SUL;Manobra de mudança de faixa;Colisão lateral mesmo sentido;Sem Vítimas;Pleno dia;Crescente;Chuva;Simples;"Viaduto;Declive";-30,001852;-51,304264
25/07/2023;11:50:00;CORNELIO PROCOPIO;Manobra de mudança de faixa;Colisão lateral mesmo sentido;Sem Vítimas;Pleno dia;Crescente;Céu Claro;Dupla;Curva;-23,213132;-50,6688
16/07/2023;13:40:00;JARAGUARI;Falta de elemento de contenção que evite a saída do leito carroçável;Saída de leito carroçável;Com Vítimas Feridas;Pleno dia;Decrescente;Nublado;Dupla;Reta;-20,334964;-54,518658
25/07/2023;17:40:00;CURVELO;Velocidade Incompatível;Colisão transversal;Com Vítimas Feridas;Anoitecer;Crescente;Céu Claro;Simples;Curva;-19,13504259;-44,61890101
25/07/2023;17:50:00;RIO GRANDE;Ultrapassagem Indevida;Colisão lateral mesmo sentido;Sem Vítimas;Anoitecer;Decrescente;Garoa/Chuvisco;Simples;Interseção de Vias;-32,13097963;-52,11166196
25/07/2023;16:05:00;IMBAU;Carga excessiva e/ou mal acondicionada;Tombamento;Com Vítimas Feridas;Pleno dia;Decrescente;Sol;Simples;Curva;-24,41745464;-50,776577
25/07/2023;15:15:00;MARECHAL FLORIANO;Demais falhas mecânicas ou elétricas;Tombamento;Com Vítimas Feridas;Pleno dia;Decrescente;Nublado;Simples;Curva;-20,41797008;-40,81618087
25/07/2023;17:26:00;RIO VERDE;Sinalização mal posicionada;Saída de leito carroçável;Sem Vítimas;Pleno dia;Decrescente;Céu Claro;Dupla;"Curva;Desvio Temporário;Declive";-17,8228;-50,9983
25/07/2023;19:36:00;ABREU E LIMA;Manobra de mudança de faixa;Colisão lateral mesmo sentido;Sem Vítimas;Plena Noite;Decrescente;Céu Claro;Dupla;Reta;-7,9005152;-34,90180641
25/07/2023;15:04:00;LAVRAS;Velocidade Incompatível;Tombamento;Com Vítimas Feridas;Pleno dia;Decrescente;Céu Claro;Dupla;Curva;-21,20030689;-45,11944438
25/07/2023;21:15:00;VACARIA;Manobra de mudança de faixa;Colisão transversal;Com Vítimas Feridas;Plena Noite;Decrescente;Céu Claro;Simples;Interseção de Vias;-28,51018166;-50,9304285
25/07/2023;22:20:00;SAO JOSE;Velocidade Incompatível;Colisão traseira;Com Vítimas Feridas;Plena Noite;Decrescente;Nublado;Múltipla;Reta;-27,60001226;-48,6226467
01/05/2023;14:20:00;VEREDA;Velocidade Incompatível;Tombamento;Com Vítimas Feridas;Pleno dia;Crescente;Céu Claro;Simples;"Em Obras;Declive;Desvio Temporário";-17,25428798;-39,63099022
25/07/2023;22:30:00;UBAPORANGA;Velocidade Incompatível;Colisão traseira;Com Vítimas Feridas;Plena Noite;Crescente;Chuva;Simples;"Declive;Reta;Interseção de Vias";-19,62776197;-42,10624519
26/07/2023;04:00:00;SERRA;Reação tardia ou ineficiente do condutor;Tombamento;Com Vítimas Feridas;Plena Noite;Crescente;Chuva;Simples;Curva;-20,08090311;-40,35039067
26/07/2023;03:00:00;TIMOTEO;Chuva;Colisão lateral sentido oposto;Com Vítimas Feridas;Plena Noite;Crescente;Chuva;Simples;Reta;-19,54442685;-42,69096321
26/07/2023;06:50:00;SAO JOSE DOS PINHAIS;Manobra de mudança de faixa;Colisão lateral mesmo sentido;Com Vítimas Feridas;Pleno dia;Crescente;Céu Claro;Dupla;"Reta;Aclive";-25,4971982;-49,11761871
26/07/2023;06:30:00;ABRE CAMPO;Desvio temporário;Colisão frontal;Com Vítimas Feridas;Pleno dia;Decrescente;Garoa/Chuvisco;Simples;"Curva;Desvio Temporário;Aclive";-20,29226219;-42,48301875
25/07/2023;15:50:00;RIBEIRAO VERMELHO;Velocidade Incompatível;Tombamento;Com Vítimas Feridas;Pleno dia;Crescente;Céu Claro;Dupla;"Curva;Declive";-21,183794;-45,119785
18/03/2023;09:17:00;SAO MATEUS;Manobra de mudança de faixa;Colisão lateral mesmo sentido;Com Vítimas Feridas;Pleno dia;Crescente;Céu Claro;Simples;Reta;-18,74453703;-39,86164665
11/05/2023;08:00:00;BARBACENA;Velocidade Incompatível;Colisão com objeto;Com Vítimas Feridas;Pleno dia;Crescente;Céu Claro;Dupla;Curva;-21,245926;-43,68207
26/07/2023;09:20:00;ILHOTA;Redutor de velocidade em desacordo;Tombamento;Com Vítimas Feridas;Pleno dia;Crescente;Céu Claro;Dupla;"Em Obras;Desvio Temporário";-26,862995;-48,814396
26/07/2023;11:10:00;RIO VERDE;Manobra de mudança de faixa;Colisão lateral mesmo sentido;Sem Vítimas;Pleno dia;Decrescente;Céu Claro;Dupla;Reta;-17,823;-50,9515
26/07/2023;10:10:00;LAVRAS;Velocidade Incompatível;Colisão traseira;Com Vítimas Feridas;Pleno dia;Crescente;Céu Claro;Dupla;"Curva;Declive";-21,16693408;-45,12632132
26/07/2023;12:30:00;SAO JOSE DOS CAMPOS;Manobra de mudança de faixa;Colisão lateral mesmo sentido;Com Vítimas Feridas;Pleno dia;Decrescente;Céu Claro;Múltipla;Reta;-23,24524337;-45,92772774
26/07/2023;13:30:00;SENADOR JOSE BENTO;Velocidade Incompatível;Capotamento;Com Vítimas Fatais;Pleno dia;Crescente;Céu Claro;Simples;"Declive;Curva";-22,131327;-46,181057
26/07/2023;12:00:00;TEOFILO OTONI;Demais falhas mecânicas ou elétricas;Tombamento;Sem Vítimas;Pleno dia;Crescente;Nublado;Simples;"Curva;Declive";-17,93577075;-41,52783055
26/07/2023;11:25:00;SAPUCAIA;Velocidade Incompatível;Saída de leito carroçável;Com Vítimas Feridas;Pleno dia;Crescente;Garoa/Chuvisco;Simples;Curva;-21,96021372;-42,7364942
26/07/2023;17:44:00;GOIANIA;Manobra de mudança de faixa;Colisão lateral mesmo sentido;Com Vítimas Feridas;Anoitecer;Crescente;Céu Claro;Múltipla;Reta;-16,70360182;-49,23120802
26/06/2023;08:30:00;SANTA TERESINHA;Ultrapassagem Indevida;Colisão frontal;Com Vítimas Feridas;Pleno dia;Decrescente;Céu Claro;Simples;"Aclive;Curva";-12,62503832;-39,59296284
26/07/2023;16:30:00;CAJATI;Reação tardia ou ineficiente do condutor;Tombamento;Com Vítimas Feridas;Pleno dia;Decrescente;Céu Claro;Dupla;"Declive;Curva";-24,83558399;-48,2223738
26/07/2023;15:00:00;CANARANA;Pista esburacada;Tombamento;Sem Vítimas;Pleno dia;Crescente;Céu Claro;Simples;Reta;-13,71100548;-52,027249
26/07/2023;16:00:00;SEROPEDICA;Acumulo de areia ou detritos sobre o pavimento;Queda de ocupante de veículo;Com Vítimas Feridas;Pleno dia;Crescente;Céu Claro;Simples;Reta;-22,804979;-43,638828
26/07/2023;20:25:00;MILAGRES;Manobra de mudança de faixa;Colisão traseira;Com Vítimas Feridas;Plena Noite;Decrescente;Céu Claro;Simples;Reta;-7,36801025;-38,95096252
26/07/2023;23:00:00;SAO GONCALO DO RIO ABAIXO;Velocidade Incompatível;Colisão frontal;Com Vítimas Fatais;Plena Noite;Crescente;Chuva;Simples;Curva;-19,84691811;-43,3067131
27/07/2023;02:00:00;VARZEA GRANDE;Ausência de reação do condutor;Tombamento;Com Vítimas Feridas;Plena Noite;Decrescente;Céu Claro;Dupla;Aclive;-15,6421378;-56,16354393
27/07/2023;07:00:00;SAPUCAIA;Carga excessiva e/ou mal acondicionada;Tombamento;Com Vítimas Feridas;Pleno dia;Decrescente;Sol;Simples;Reta;-22,03064831;-42,77714236
27/07/2023;09:00:00;SAO MATEUS;Ultrapassagem Indevida;Colisão traseira;Com Vítimas Feridas;Pleno dia;Decrescente;Céu Claro;Simples;"Aclive;Reta";-18,78487912;-39,87911084
27/07/2023;06:25:00;SAO CRISTOVAO DO SUL;Carga excessiva e/ou mal acondicionada;Derramamento de carga;Sem Vítimas;Amanhecer;Decrescente;Nublado;Simples;Reta;-27,22247044;-50,46194851
27/07/2023;10:30:00;BALSA NOVA;Manobra de mudança de faixa;Colisão lateral mesmo sentido;Com Vítimas Feridas;Pleno dia;Decrescente;Céu Claro;Dupla;"Reta;Rotatória";-25,46741442;-49,59438264
14/07/2023;20:15:00;SANTA BARBARA;Acostamento em desnível;Colisão lateral sentido oposto;Com Vítimas Fatais;Plena Noite;Crescente;Céu Claro;Simples;Aclive;-11,84074803;-38,97495477
26/07/2023;23:00:00;GUARANTA DO NORTE;Ultrapassagem Indevida;Tombamento;Com Vítimas Feridas;Plena Noite;Crescente;Céu Claro;Simples;Curva;-9,7343441;-54,88508876
27/07/2023;13:20:00;CAMPINA GRANDE DO SUL;Ausência de reação do condutor;Tombamento;Sem Vítimas;Pleno dia;Decrescente;Nublado;Simples;Curva;-25,09959035;-48,81307125
27/07/2023;15:00:00;UBERLANDIA;Manobra de mudança de faixa;Colisão lateral mesmo sentido;Com Vítimas Feridas;Pleno dia;Crescente;Céu Claro;Dupla;Reta;-18,89037052;-48,25641632
27/07/2023;18:15:00;OLARIA;Ausência de sinalização;Colisão traseira;Com Vítimas Feridas;Anoitecer;Decrescente;Céu Claro;Simples;"Declive;Reta";-21,870708;-43,921874
27/07/2023;17:35:00;SAO CRISTOVAO DO SUL;Velocidade Incompatível;Colisão frontal;Com Vítimas Feridas;Anoitecer;Decrescente;Nublado;Simples;Curva;-27,32673043;-50,35802364
13/06/2023;17:45:00;ITAITUBA;Ultrapassagem Indevida;Colisão lateral sentido oposto;Com Vítimas Feridas;Pleno dia;Crescente;Céu Claro;Simples;Curva;-4,394221;-55,894403
27/07/2023;20:30:00;UBARANA;Manobra de mudança de faixa;Colisão lateral sentido oposto;Com Vítimas Feridas;Plena Noite;Decrescente;Céu Claro;Simples;Reta;-21,21932393;-49,73961214
27/07/2023;18:20:00;NOVA ITARANA;Demais falhas na via;Tombamento;Com Vítimas Feridas;Plena Noite;Crescente;Nublado;Simples;"Aclive;Reta";-13,00012602;-39,95465592
27/07/2023;20:20:00;SANTA MARIA;Ausência de reação do condutor;Tombamento;Com Vítimas Feridas;Plena Noite;Crescente;Céu Claro;Simples;"Declive;Curva";-29,65567565;-53,77379201
27/07/2023;23:31:00;TAUBATE;Manobra de mudança de faixa;Colisão lateral sentido oposto;Sem Vítimas;Plena Noite;Crescente;Céu Claro;Dupla;Reta;-23,05376319;-45,6088049
27/07/2023;18:50:00;LUZ;Ultrapassagem Indevida;Colisão lateral mesmo sentido;Sem Vítimas;Plena Noite;Crescente;Céu Claro;Simples;"Aclive;Reta";-19,77231093;-45,51991603
27/07/2023;19:30:00;CAETITE;Ultrapassagem Indevida;Colisão frontal;Com Vítimas Fatais;Plena Noite;Decrescente;Céu Claro;Simples;Reta;-14,09789655;-42,58010043
27/07/2023;17:00:00;CATUJI;Ausência de reação do condutor;Tombamento;Com Vítimas Feridas;Anoitecer;Decrescente;Céu Claro;Simples;Reta;-17,39927496;-41,51977491
28/07/2023;06:30:00;GUARULHOS;Manobra de mudança de faixa;Colisão lateral mesmo sentido;Com Vítimas Feridas;Pleno dia;Crescente;Nublado;Múltipla;Reta;-23,47559815;-46,5246609
28/07/2023;07:50:00;PIRAPORA;Velocidade Incompatível;Tombamento;Com Vítimas Feridas;Pleno dia;Crescente;Sol;Simples;"Rotatória;Curva";-17,22430629;-44,8243825
28/07/2023;09:00:00;BOA VISTA DO TUPIM;Chuva;Tombamento;Com Vítimas Feridas;Amanhecer;Decrescente;Chuva;Simples;"Curva;Aclive";-12,47654323;-40,53365808
28/07/2023;11:13:00;ARAGUARI;Velocidade Incompatível;Saída de leito carroçável;Com Vítimas Feridas;Pleno dia;Decrescente;Sol;Dupla;"Declive;Curva";-18,615001;-48,114934
28/07/2023;11:30:00;TIANGUA;Velocidade Incompatível;Tombamento;Sem Vítimas;Pleno dia;Decrescente;Céu Claro;Simples;"Declive;Curva";-3,66080397;-40,94779895
28/07/2023;13:20:00;ANAPOLIS;Velocidade Incompatível;Tombamento;Com Vítimas Feridas;Pleno dia;Decrescente;Céu Claro;Dupla;Curva;-16,354034;-48,928768
28/07/2023;13:30:00;ROLANDIA;Pista Escorregadia;Colisão lateral mesmo sentido;Com Vítimas Feridas;Pleno dia;Decrescente;Nublado;Simples;Reta;-23,3454199;-51,38643001
28/07/2023;15:10:00;PARAISO DO TOCANTINS;Ausência de sinalização;Engavetamento;Com Vítimas Feridas;Pleno dia;Crescente;Céu Claro;Simples;Reta;-10,17523682;-48,88052881
03/07/2023;08:00:00;SINOP;Velocidade Incompatível;Colisão frontal;Com Vítimas Fatais;Pleno dia;Crescente;Céu Claro;Simples;"Declive;Reta";-11,84672611;-55,49144358
28/07/2023;16:20:00;SAO JOSE DOS CAMPOS;Manobra de mudança de faixa;Colisão lateral mesmo sentido;Com Vítimas Feridas;Pleno dia;Decrescente;Céu Claro;Dupla;Reta;-23,26585409;-45,95983994
28/07/2023;17:00:00;BETIM;Manobra de mudança de faixa;Colisão lateral mesmo sentido;Sem Vítimas;Pleno dia;Crescente;Céu Claro;Dupla;"Reta;Aclive";-19,95659361;-44,12622893
28/07/2023;14:35:00;ORTIGUEIRA;Chuva;Colisão transversal;Com Vítimas Feridas;Pleno dia;Crescente;Chuva;Simples;"Declive;Curva";-24,13884297;-51,00589514
28/07/2023;18:03:00;PONTO DOS VOLANTES;Ultrapassagem Indevida;Colisão lateral mesmo sentido;Com Vítimas Feridas;Plena Noite;Crescente;Céu Claro;Simples;Reta;-16,731626;-41,50644479