data_inversa;horario;municipio;causa_acidente;tipo_acidente;classificacao_acidente;fase_dia;sentido_via;condicao_metereologica;tipo_pista;tracado_via;latitude;longitude
29/07/2023;00:00:00;SAO PAULO;Manobra de mudança de faixa;Colisão com objeto;Com Vítimas Feridas;Plena Noite;Crescente;Nevoeiro/Neblina;Múltipla;"Declive;Reta";-23,51291902;-46,57604698
28/07/2023;20:15:00;EXTREMA;Velocidade Incompatível;Tombamento;Sem Vítimas;Plena Noite;Crescente;Céu Claro;Dupla;Curva;-22,79304167;-46,24665213
28/07/2023;22:51:00;SINOP;Ausência de sinalização;Colisão traseira;Com Vítimas Feridas;Plena Noite;Decrescente;Céu Claro;Simples;Declive;-11,69392795;-55,45194626
29/07/2023;04:40:00;POSSE;Ultrapassagem Indevida;Saída de leito carroçável;Com Vítimas Feridas;Amanhecer;Crescente;Céu Claro;Simples;"Curva;Aclive";-14,285869;-46,410671
29/07/2023;05:00:00;RIO NEGRINHO;Pista Escorregadia;Colisão com objeto;Sem Vítimas;Plena Noite;Crescente;Garoa/Chuvisco;Simples;"Reta;Declive";-26,24128863;-49,50991988
29/07/2023;00:30:00;CACHOEIRA DO SUL;Manobra de mudança de faixa;Colisão lateral sentido oposto;Com Vítimas Feridas;Plena Noite;Crescente;Céu Claro;Simples;Reta;-30,251297;-53,033596
29/07/2023;06:30:00;SAO SEBASTIAO DA BELA VISTA;Velocidade Incompatível;Tombamento;Com Vítimas Feridas;Amanhecer;Decrescente;Céu Claro;Simples;Curva;-22,20013701;-45,85549951
29/07/2023;06:45:00;SERRA;Velocidade Incompatível;Tombamento;Sem Vítimas;Pleno dia;Decrescente;Céu Claro;Dupla;Retorno Regulamentado;-20,190199;-40,26828891
29/07/2023;05:00:00;BOM JESUS DE GOIAS;Deficiência do Sistema de Iluminação/Sinalização;Colisão traseira;Com Vítimas Feridas;Amanhecer;Decrescente;Céu Claro;Simples;Reta;-18,28706779;-49,60856091
29/07/2023;05:20:00;ORTIGUEIRA;Ausência de reação do condutor;Tombamento;Com Vítimas Feridas;Amanhecer;Decrescente;Nublado;Simples;Curva;-24,18027227;-50,96153138
29/07/2023;08:53:00;MIRACATU;Velocidade Incompatível;Colisão lateral mesmo sentido;Com Vítimas Feridas;Pleno dia;Crescente;Garoa/Chuvisco;Dupla;Curva;-24,1220177;-47,27047772
29/07/2023;06:10:00;WENCESLAU GUIMARAES;Ingestão de álcool pelo condutor;Tombamento;Com Vítimas Feridas;Amanhecer;Crescente;Céu Claro;Simples;Curva;-13,66166697;-39,47954178
13/07/2023;22:00:00;MONTE CASTELO;Reação tardia ou ineficiente do condutor;Tombamento;Com Vítimas Feridas;Plena Noite;Decrescente;Garoa/Chuvisco;Simples;Curva;-26,75568818;-50,32812388
29/07/2023;08:40:00;SANTO ANTONIO DO AMPARO;Manobra de mudança de faixa;Colisão traseira;Com Vítimas Feridas;Pleno dia;Crescente;Céu Claro;Dupla;"Aclive;Reta";-21,0529508;-45,01152206
29/07/2023;11:05:00;CAMPOS DOS GOYTACAZES;Ultrapassagem Indevida;Colisão lateral mesmo sentido;Com Vítimas Feridas;Pleno dia;Crescente;Nublado;Simples;Curva;-21,55565098;-41,32869598
29/07/2023;16:00:00;MIRACATU;Reação tardia ou ineficiente do condutor;Tombamento;Com Vítimas Feridas;Pleno dia;Crescente;Garoa/Chuvisco;Dupla;Curva;-24,13881806;-47,27310246
29/07/2023;16:32:00;BACABEIRA;Acumulo de água sobre o pavimento;Saída de leito carroçável;Sem Vítimas;Pleno dia;Decrescente;Chuva;Dupla;Reta;-2,840086;-44,37459507
29/07/2023;17:00:00;TERESINA;Ultrapassagem Indevida;Colisão lateral sentido oposto;Com Vítimas Feridas;Pleno dia;Crescente;Céu Claro;Simples;Curva;-5,131168;-42,81564
29/07/2023;22:15:00;JOINVILLE;Velocidade Incompatível;Colisão traseira;Com Vítimas Feridas;Plena Noite;Crescente;Nublado;Dupla;"Aclive;Reta";-26,34234997;-48,85840089
30/07/2023;01:00:00;QUIPAPA;Demais falhas mecânicas ou elétricas;Tombamento;Com Vítimas Feridas;Plena Noite;Crescente;Nublado;Simples;"Declive;Reta";-8,825912;-36,029057
30/07/2023;04:10:00;FLEXEIRAS;Curva acentuada;Tombamento;Sem Vítimas;Plena Noite;Crescente;Céu Claro;Dupla;Curva;-9,20251191;-35,78756691
30/07/2023;07:23:00;MARABA;Manobra de mudança de faixa;Colisão frontal;Com Vítimas Fatais;Pleno dia;Decrescente;Céu Claro;Simples;Reta;-5,37139594;-49,04004698
30/07/2023;11:20:00;ITAPEVA;Velocidade Incompatível;Colisão lateral mesmo sentido;Com Vítimas Feridas;Pleno dia;Crescente;Céu Claro;Dupla;Curva;-22,77052871;-46,23157167
30/07/2023;11:20:00;CACAPAVA;Manobra de mudança de faixa;Colisão lateral mesmo sentido;Com Vítimas Feridas;Pleno dia;Decrescente;Céu Claro;Dupla;Reta;-23,13169757;-45,74481322
30/07/2023;08:50:00;CANDOI;Velocidade Incompatível;Tombamento;Com Vítimas Feridas;Pleno dia;Crescente;Céu Claro;Simples;"Declive;Curva";-25,41707911;-52,06011867
30/07/2023;15:10:00;CAIAPONIA;Ultrapassagem Indevida;Colisão lateral sentido oposto;Com Vítimas Feridas;Pleno dia;Crescente;Céu Claro;Simples;Reta;-17,10401097;-51,87033008
30/07/2023;15:05:00;CAJATI;Curva acentuada;Tombamento;Sem Vítimas;Pleno dia;Decrescente;Céu Claro;Dupla;Curva;-24,73097634;-48,09815591
30/07/2023;15:40:00;CAJATI;Frear bruscamente;Tombamento;Sem Vítimas;Pleno dia;Crescente;Céu Claro;Dupla;Reta;-24,72188994;-48,072155
30/07/2023;09:20:00;AGUA BOA;Ultrapassagem Indevida;Colisão lateral mesmo sentido;Sem Vítimas;Pleno dia;Decrescente;Céu Claro;Simples;"Reta;Aclive";-14,20076094;-52,19166651
30/07/2023;17:00:00;ESTEIO;Manobra de mudança de faixa;Colisão lateral mesmo sentido;Com Vítimas Feridas;Pleno dia;Decrescente;Sol;Dupla;Reta;-29,85262195;-51,17968329
30/07/2023;16:04:00;JI-PARANA;Manobra de mudança de faixa;Colisão traseira;Com Vítimas Feridas;Pleno dia;Decrescente;Céu Claro;Múltipla;"Reta;Interseção de Vias";-10,898802;-61,93046
30/07/2023;07:20:00;ITAITUBA;Reação tardia ou ineficiente do condutor;Tombamento;Com Vítimas Feridas;Pleno dia;Crescente;Céu Claro;Simples;Reta;-4,34481903;-55,78267997
30/07/2023;15:30:00;LAPA;Velocidade Incompatível;Capotamento;Com Vítimas Feridas;Pleno dia;Decrescente;Céu Claro;Simples;Curva;-25,872885;-50,054314
31/07/2023;00:23:00;BRUNOPOLIS;Velocidade Incompatível;Colisão traseira;Com Vítimas Feridas;Plena Noite;Decrescente;Nevoeiro/Neblina;Simples;Reta;-27,325785;-50,78363
31/07/2023;07:00:00;IGARASSU;Velocidade Incompatível;Engavetamento;Com Vítimas Feridas;Pleno dia;Crescente;Céu Claro;Múltipla;Reta;-7,84948984;-34,90969598
31/07/2023;07:00:00;PARA DE MINAS;Restrição de visibilidade em curvas verticais;Colisão transversal;Com Vítimas Feridas;Amanhecer;Decrescente;Céu Claro;Dupla;"Reta;Retorno Regulamentado";-19,8828334;-44,75390196
31/07/2023;09:10:00;MAURILANDIA;Afundamento ou ondulação no pavimento;Tombamento;Sem Vítimas;Pleno dia;Crescente;Céu Claro;Simples;"Declive;Reta";-18,00115602;-50,380915
11/07/2023;01:00:00;MARIALVA;Velocidade Incompatível;Colisão traseira;Com Vítimas Feridas;Plena Noite;Decrescente;Céu Claro;Dupla;Reta;-23,46634923;-51,82808011
31/07/2023;09:20:00;RIANAPOLIS;Manobra de mudança de faixa;Colisão frontal;Com Vítimas Feridas;Pleno dia;Decrescente;Céu Claro;Simples;Reta;-15,413584;-49,524982
31/07/2023;11:15:00;VILHENA;Curva acentuada;Saída de leito carroçável;Sem Vítimas;Pleno dia;Crescente;Céu Claro;Simples;"Curva;Declive";-12,84736708;-60,37897271
31/07/2023;13:30:00;ABREU E LIMA;Manobra de mudança de faixa;Colisão transversal;Com Vítimas Feridas;Pleno dia;Decrescente;Céu Claro;Dupla;Reta;-7,9005152;-34,90180641
31/07/2023;16:10:00;BARBACENA;Velocidade Incompatível;Colisão transversal;Com Vítimas Feridas;Pleno dia;Decrescente;Céu Claro;Dupla;"Declive;Reta";-21,16945;-43,756498
31/07/2023;17:20:00;BARBACENA;Reação tardia ou ineficiente do condutor;Tombamento;Com Vítimas Feridas;Pleno dia;Crescente;Ignorado;Dupla;Curva;-21,26034802;-43,66189055
31/07/2023;16:40:00;NOVA ALVORADA DO SUL;Ultrapassagem Indevida;Colisão lateral mesmo sentido;Com Vítimas Feridas;Pleno dia;Crescente;Céu Claro;Simples;"Aclive;Reta";-21,16832399;-54,47599465
30/07/2023;10:30:00;JEQUIE;Reação tardia ou ineficiente do condutor;Tombamento;Com Vítimas Feridas;Pleno dia;Crescente;Céu Claro;Simples;Curva;-13,83349688;-40,1065688
31/07/2023;15:00:00;SAO MATEUS DO SUL;Carga excessiva e/ou mal acondicionada;Tombamento;Com Vítimas Feridas;Pleno dia;Decrescente;Nublado;Simples;"Aclive;Curva";-25,894651;-50,358723
31/07/2023;14:30:00;GENERAL CARNEIRO;Acostamento em desnível;Tombamento;Com Vítimas Feridas;Pleno dia;Decrescente;Céu Claro;Simples;Reta;-15,63095809;-52,8175512
31/07/2023;19:30:00;GAMELEIRA;Demais falhas mecânicas ou elétricas;Tombamento;Com Vítimas Feridas;Plena Noite;Crescente;Céu Claro;Dupla;Curva;-8,55559186;-35,42237611
31/07/2023;22:50:00;UBIRATA;Manobra de mudança de faixa;Colisão lateral sentido oposto;Com Vítimas Feridas;Plena Noite;Crescente;Céu Claro;Simples;Reta;-24,5009;-52,9103
31/07/2023;23:30:00;ITAGUAI;Velocidade Incompatível;Tombamento;Com Vítimas Feridas;Plena Noite;Crescente;Céu Claro;Simples;"Retorno Regulamentado;Curva";-22,90367243;-43,82519245
31/07/2023;22:30:00;CAMPO LARGO;Velocidade Incompatível;Tombamento;Sem Vítimas;Plena Noite;Decrescente;Céu Claro;Simples;"Declive;Curva";-25,468;-49,624
01/08/2023;06:30:00;PORANGATU;Ultrapassagem Indevida;Colisão lateral mesmo sentido;Com Vítimas Feridas;Amanhecer;Crescente;Céu Claro;Simples;Reta;-13,560633;-49,058643
01/08/2023;04:05:00;SAO BENTO DO SUL;Velocidade Incompatível;Tombamento;Com Vítimas Feridas;Plena Noite;Decrescente;Nevoeiro/Neblina;Simples;Curva;-26,32140672;-49,38932175
01/08/2023;07:42:00;GOIANIA;Manobra de mudança de faixa;Colisão transversal;Com Vítimas Feridas;Pleno dia;Decrescente;Céu Claro;Dupla;Reta;-16,6854;-49,2338
01/08/2023;04:30:00;TIBAGI;Velocidade Incompatível;Colisão com objeto;Com Vítimas Feridas;Plena Noite;Crescente;Céu Claro;Dupla;Curva;-24,63941771;-50,62741935
20/07/2023;07:30:00;PRESIDENTE FIGUEIREDO;Pista esburacada;Tombamento;Com Vítimas Feridas;Amanhecer;Crescente;Céu Claro;Simples;Declive;-1,86264308;-60,0829731
01/08/2023;14:00:00;LAGES;Restrição de visibilidade em curvas horizontais;Colisão transversal;Com Vítimas Feridas;Pleno dia;Crescente;Céu Claro;Simples;"Curva;Declive;Interseção de Vias";-27,78300051;-50,4706838
01/08/2023;08:00:00;MUITOS CAPOES;Carga excessiva e/ou mal acondicionada;Tombamento;Com Vítimas Feridas;Pleno dia;Decrescente;Sol;Simples;"Declive;Reta";-28,329794;-51,180145
23/06/2023;20:05:00;CAMPESTRE DO MARANHAO;Ultrapassagem Indevida;Colisão traseira;Com Vítimas Fatais;Plena Noite;Decrescente;Céu Claro;Simples;"Ponte;Reta";-6,26511986;-47,20783187
01/08/2023;14:20:00;PALMEIRA;Reação tardia ou ineficiente do condutor;Tombamento;Com Vítimas Feridas;Pleno dia;Decrescente;Céu Claro;Simples;"Aclive;Reta";-25,46491336;-50,26782095
01/08/2023;18:45:00;ABREU E LIMA;Manobra de mudança de faixa;Colisão lateral mesmo sentido;Com Vítimas Feridas;Plena Noite;Decrescente;Céu Claro;Múltipla;Reta;-7,87406004;-34,90588126
02/08/2023;07:36:00;BRASILIA;Avarias e/ou desgaste excessivo no pneu;Tombamento;Com Vítimas Feridas;Pleno dia;Decrescente;Céu Claro;Simples;Reta;-15,948113;-47,845235
14/05/2023;10:15:00;PIRAQUARA;Velocidade Incompatível;Colisão transversal;Com Vítimas Feridas;Pleno dia;Decrescente;Céu Claro;Dupla;Reta;-25,41543703;-49,06759143
02/08/2023;05:00:00;ITAPECERICA DA SERRA;Ausência de reação do condutor;Tombamento;Sem Vítimas;Amanhecer;Crescente;Nevoeiro/Neblina;Dupla;"Interseção de Vias;Reta";-23,7303281;-46,89425963
02/08/2023;08:20:00;SAO JOSE DOS CAMPOS;Velocidade Incompatível;Engavetamento;Com Vítimas Feridas;Pleno dia;Crescente;Céu Claro;Dupla;"Reta;Aclive";-23,1402216;-45,7617252
02/08/2023;07:40:00;TIJUCAS;Manobra de mudança de faixa;Colisão lateral mesmo sentido;Com Vítimas Feridas;Pleno dia;Decrescente;Sol;Dupla;Reta;-27,27029501;-48,63176618
02/08/2023;08:05:00;ITATIAIA;Manobra de mudança de faixa;Colisão lateral mesmo sentido;Com Vítimas Feridas;Pleno dia;Decrescente;Nevoeiro/Neblina;Dupla;"Aclive;Reta";-22,50415169;-44,6259809
02/08/2023;09:30:00;ITAITINGA;Carga excessiva e/ou mal acondicionada;Derramamento de carga;Sem Vítimas;Pleno dia;Crescente;Céu Claro;Dupla;Reta;-4,00202799;-38,51692006
02/08/2023;07:45:00;PORTO UNIAO;Ultrapassagem Indevida;Colisão frontal;Com Vítimas Feridas;Amanhecer;Decrescente;Nevoeiro/Neblina;Simples;Reta;-26,28402667;-51,02540016
28/07/2023;04:45:00;CASCAVEL;Ultrapassagem Indevida;Colisão frontal;Com Vítimas Feridas;Plena Noite;Crescente;Chuva;Simples;"Interseção de Vias;Reta";-24,98120697;-53,45591501
28/04/2023;10:50:00;FORQUILHA;Velocidade Incompatível;Tombamento;Com Vítimas Feridas;Pleno dia;Crescente;Céu Claro;Simples;Curva;-3,79402683;-40,21841314
02/08/2023;08:40:00;DIAMANTINO;Manobra de mudança de faixa;Colisão traseira;Com Vítimas Feridas;Pleno dia;Decrescente;Céu Claro;Dupla;"Declive;Curva";-14,13148636;-56,10995832
02/08/2023;13:40:00;IBIRAPITANGA;Curva acentuada;Tombamento;Com Vítimas Fatais;Pleno dia;Crescente;Céu Claro;Simples;Curva;-14,136389;-39,358244
02/08/2023;15:00:00;VILA VELHA;Manobra de mudança de faixa;Colisão lateral mesmo sentido;Sem Vítimas;Pleno dia;Decrescente;Céu Claro;Dupla;Aclive;-20,49468895;-40,47662771
02/08/2023;16:55:00;PAULO LOPES;Manobra de mudança de faixa;Colisão lateral mesmo sentido;Com Vítimas Feridas;Pleno dia;Crescente;Céu Claro;Dupla;Retorno Regulamentado;-27,91761705;-48,65368903
02/08/2023;12:55:00;PARAGOMINAS;Ausência de reação do condutor;Tombamento;Sem Vítimas;Pleno dia;Crescente;Céu Claro;Simples;Rotatória;-2,89433295;-47,4335408
02/08/2023;14:10:00;NOBRES;Problema com o freio;Tombamento;Com Vítimas Feridas;Pleno dia;Decrescente;Céu Claro;Dupla;Declive;-14,69987761;-56,31727433
11/07/2023;14:20:00;RIO VERDE;Velocidade Incompatível;Colisão traseira;Com Vítimas Feridas;Pleno dia;Crescente;Céu Claro;Dupla;Reta;-17,8098;-50,9267
20/07/2023;11:30:00;ALTO ARAGUAIA;Fumaça;Incêndio;Sem Vítimas;Pleno dia;Decrescente;Céu Claro;Simples;Reta;-17,22241104;-53,3245262
02/08/2023;23:00:00;SAO GONCALO DO RIO ABAIXO;Reação tardia ou ineficiente do condutor;Tombamento;Com Vítimas Feridas;Plena Noite;Decrescente;Céu Claro;Simples;Curva;-19,85129538;-43,29305902
03/08/2023;01:00:00;SAPUCAIA;Velocidade Incompatível;Colisão frontal;Com Vítimas Feridas;Plena Noite;Crescente;Céu Claro;Simples;"Curva;Aclive";-22,02958854;-42,9801137
03/08/2023;01:30:00;CALDAS;Carga excessiva e/ou mal acondicionada;Derramamento de carga;Com Vítimas Feridas;Plena Noite;Decrescente;Céu Claro;Simples;Curva;-21,924654;-46,368149
03/08/2023;03:40:00;TAUBATE;Manobra de mudança de faixa;Colisão lateral mesmo sentido;Com Vítimas Feridas;Plena Noite;Crescente;Céu Claro;Dupla;Reta;-23,03887149;-45,56097419
20/07/2023;22:50:00;ORTIGUEIRA;Ultrapassagem Indevida;Colisão frontal;Com Vítimas Fatais;Plena Noite;Decrescente;Nublado;Simples;Curva;-24,291454;-50,877146
03/08/2023;07:20:00;PETROPOLIS;Velocidade Incompatível;Colisão com objeto;Com Vítimas Feridas;Pleno dia;Crescente;Céu Claro;Simples;"Declive;Curva";-22,49960234;-43,23085785
03/08/2023;12:35:00;MARINGA;Velocidade Incompatível;Colisão traseira;Com Vítimas Feridas;Pleno dia;Crescente;Céu Claro;Dupla;"Interseção de Vias;Reta";-23,37710685;-52,04510993
02/07/2023;14:20:00;ALTO GARCAS;Manobra de mudança de faixa;Colisão lateral sentido oposto;Com Vítimas Fatais;Pleno dia;Decrescente;Sol;Simples;Curva;-17,09305394;-53,46622478
03/08/2023;13:00:00;CONGONHAS;Velocidade Incompatível;Tombamento;Com Vítimas Feridas;Pleno dia;Decrescente;Sol;Simples;"Retorno Regulamentado;Curva";-20,569697;-43,811829
03/08/2023;11:00:00;BAEPENDI;Velocidade Incompatível;Tombamento;Com Vítimas Feridas;Pleno dia;Decrescente;Céu Claro;Simples;Curva;-21,92806706;-44,78614808
03/08/2023;15:52:00;TIANGUA;Problema com o freio;Tombamento;Com Vítimas Feridas;Pleno dia;Decrescente;Céu Claro;Simples;Curva;-3,65543602;-40,93356192
03/08/2023;17:30:00;VILHENA;Manobra de mudança de faixa;Colisão lateral mesmo sentido;Sem Vítimas;Pleno dia;Crescente;Céu Claro;Simples;Interseção de Vias;-12,74370233;-60,12147609
03/08/2023;19:05:00;SAO JOSE;Manobra de mudança de faixa;Colisão traseira;Com Vítimas Feridas;Pleno dia;Crescente;Céu Claro;Múltipla;Reta;-27,59193546;-48,61824557
03/08/2023;16:20:00;BOM DESPACHO;Velocidade Incompatível;Colisão frontal;Com Vítimas Fatais;Pleno dia;Crescente;Céu Claro;Simples;Curva;-19,78651123;-45,17550886
04/08/2023;02:30:00;SAO JOSE DOS PINHAIS;Ultrapassagem Indevida;Saída de leito carroçável;Sem Vítimas;Plena Noite;Crescente;Nevoeiro/Neblina;Dupla;Curva;-25,591842;-48,92584
04/08/2023;03:45:00;JOINVILLE;Manobra de mudança de faixa;Colisão lateral mesmo sentido;Sem Vítimas;Plena Noite;Crescente;Céu Claro;Dupla;Reta;-26,25050176;-48,90863867
03/08/2023;22:00:00;IBIRAPITANGA;Curva acentuada;Tombamento;Sem Vítimas;Plena Noite;Decrescente;Nublado;Simples;Curva;-14,01464603;-39,43631783
04/08/2023;03:40:00;PARACAMBI;Reação tardia ou ineficiente do condutor;Tombamento;Com Vítimas Feridas;Plena Noite;Decrescente;Nublado;Dupla;Curva;-22,69305776;-43,77362606
04/08/2023;09:10:00;ARACAJU;Manobra de mudança de faixa;Colisão lateral mesmo sentido;Com Vítimas Feridas;Pleno dia;Crescente;Céu Claro;Simples;"Viaduto;Aclive;Reta";-10,9062;-37,1034
04/08/2023;09:30:00;DIVINO;Curva acentuada;Saída de leito carroçável;Com Vítimas Fatais;Pleno dia;Decrescente;Sol;Simples;"Declive;Curva";-20,63865095;-42,23648111
04/08/2023;08:20:00;ARAUCARIA;Ultrapassagem Indevida;Colisão lateral sentido oposto;Com Vítimas Feridas;Pleno dia;Decrescente;Nublado;Simples;Reta;-25,637207;-49,46769
16/07/2023;04:20:00;ICEM;Manobra de mudança de faixa;Colisão frontal;Com Vítimas Fatais;Plena Noite;Decrescente;Céu Claro;Simples;Curva;-20,40386008;-49,24534986
27/07/2023;11:18:00;NOVO PROGRESSO;Ultrapassagem Indevida;Colisão frontal;Sem Vítimas;Pleno dia;Crescente;Céu Claro;Simples;Declive;-7,91160412;-55,16976133
05/06/2023;09:00:00;SABARA;Ultrapassagem Indevida;Colisão frontal;Com Vítimas Fatais;Pleno dia;Decrescente;Sol;Simples;"Declive;Reta";-19,80927691;-43,78706001
04/08/2023;15:15:00;CANOAS;Velocidade Incompatível;Tombamento;Com Vítimas Fatais;Pleno dia;Crescente;Sol;Simples;Curva;-29,88185048;-51,23856848
28/07/2023;04:30:00;POCOES;Ultrapassagem Indevida;Saída de leito carroçável;Com Vítimas Feridas;Plena Noite;Crescente;Céu Claro;Simples;Reta;-14,46929;-40,339748
04/08/2023;14:30:00;ITATIAIA;Fumaça;Engavetamento;Com Vítimas Feridas;Pleno dia;Crescente;Sol;Dupla;Reta;-22,48404979;-44,54454609
23/07/2023;11:00:00;PARAISO DO TOCANTINS;Ultrapassagem Indevida;Tombamento;Com Vítimas Feridas;Pleno dia;Decrescente;Céu Claro;Simples;"Curva;Aclive";-10,05344392;-48,82068619
04/08/2023;16:00:00;SABARA;Manobra de mudança de faixa;Colisão lateral mesmo sentido;Sem Vítimas;Pleno dia;Crescente;Sol;Simples;"Declive;Curva";-19,83832024;-43,8806931
04/08/2023;15:50:00;NIOAQUE;Velocidade Incompatível;Tombamento;Com Vítimas Fatais;Pleno dia;Crescente;Céu Claro;Dupla;"Curva;Declive";-21,17732695;-55,628235
04/08/2023;14:40:00;ALTO ARAGUAIA;Demais Fenômenos da natureza;Incêndio;Sem Vítimas;Pleno dia;Decrescente;Céu Claro;Simples;Reta;-17,28940522;-53,24444019
04/08/2023;16:20:00;MAGE;Carga excessiva e/ou mal acondicionada;Derramamento de carga;Sem Vítimas;Pleno dia;Decrescente;Céu Claro;Simples;Reta;-22,65715069;-43,07072902
04/08/2023;19:52:00;IGARASSU;Manobra de mudança de faixa;Colisão lateral mesmo sentido;Com Vítimas Feridas;Plena Noite;Decrescente;Céu Claro;Dupla;Reta;-7,87406004;-34,90588126
04/08/2023;20:50:00;CURITIBA;Velocidade Incompatível;Colisão frontal;Com Vítimas Feridas;Plena Noite;Decrescente;Céu Claro;Simples;"Retorno Regulamentado;Reta";-25,547749;-49,32095
04/08/2023;22:50:00;FELIXLANDIA;Ultrapassagem Indevida;Saída de leito carroçável;Com Vítimas Feridas;Plena Noite;Crescente;Céu Claro;Simples;Reta;-18,67746389;-44,99330056
04/08/2023;11:30:00;SUCUPIRA DO RIACHAO;Reação tardia ou ineficiente do condutor;Tombamento;Com Vítimas Feridas;Pleno dia;Decrescente;Céu Claro;Simples;"Curva;Aclive";-6,47851071;-43,58836218
05/08/2023;02:00:00;TROMBUDO CENTRAL;Velocidade Incompatível;Tombamento;Com Vítimas Feridas;Plena Noite;Decrescente;Nevoeiro/Neblina;Simples;Curva;-27,28579449;-49,80525255
05/08/2023;05:15:00;LUZ;Velocidade Incompatível;Saída de leito carroçável;Com Vítimas Fatais;Amanhecer;Decrescente;Céu Claro;Simples;Curva;-19,78099979;-45,54184914
22/02/2023;19:30:00;VARJAO DE MINAS;Velocidade Incompatível;Colisão frontal;Com Vítimas Feridas;Plena Noite;Crescente;Chuva;Simples;Reta;-18,42947014;-46,06914371
04/08/2023;23:00:00;RIBEIRAO CASCALHEIRA;Velocidade Incompatível;Tombamento;Com Vítimas Feridas;Plena Noite;Crescente;Céu Claro;Simples;"Curva;Declive";-13,15239901;-51,92201207
05/08/2023;07:10:00;MAFRA;Velocidade Incompatível;Tombamento;Com Vítimas Feridas;Amanhecer;Decrescente;Nevoeiro/Neblina;Simples;"Declive;Curva";-26,24830187;-49,63041544
05/08/2023;09:45:00;SANGAO;Manobra de mudança de faixa;Colisão lateral mesmo sentido;Sem Vítimas;Pleno dia;Crescente;Céu Claro;Múltipla;Reta;-28,62380715;-49,07828489
05/08/2023;10:15:00;BELEM DE SAO FRANCISCO;Ultrapassagem Indevida;Colisão transversal;Sem Vítimas;Pleno dia;Decrescente;Céu Claro;Simples;Ponte;-8,63600187;-38,67315705
05/08/2023;11:30:00;JURANDA;Manobra de mudança de faixa;Colisão transversal;Com Vítimas Feridas;Pleno dia;Decrescente;Céu Claro;Simples;Reta;-24,4251;-52,828
29/05/2023;07:45:00;ABADIANIA;Velocidade Incompatível;Colisão lateral mesmo sentido;Com Vítimas Feridas;Pleno dia;Crescente;Céu Claro;Dupla;"Curva;Aclive";-16,1607;-48,6148
05/08/2023;12:00:00;SORRISO;Manobra de mudança de faixa;Colisão lateral mesmo sentido;Com Vítimas Feridas;Pleno dia;Decrescente;Céu Claro;Dupla;Reta;-12,68767697;-55,80144603
05/08/2023;15:30:00;PETROPOLIS;Ultrapassagem Indevida;Colisão traseira;Com Vítimas Feridas;Pleno dia;Decrescente;Céu Claro;Simples;Curva;-22,49130098;-43,22294163
05/08/2023;15:00:00;TUCANO;Manobra de mudança de faixa;Colisão lateral mesmo sentido;Sem Vítimas;Pleno dia;Decrescente;Céu Claro;Simples;Reta;-10,9458839;-38,7252251
05/08/2023;15:40:00;MORRETES;Velocidade Incompatível;Tombamento;Com Vítimas Feridas;Pleno dia;Crescente;Céu Claro;Simples;"Curva;Aclive";-25,56027411;-48,81528788
05/08/2023;22:20:00;JACAREI;Manobra de mudança de faixa;Colisão lateral mesmo sentido;Com Vítimas Feridas;Plena Noite;Crescente;Céu Claro;Dupla;Reta;-23,29691791;-46,00798704
05/08/2023;18:15:00;VARGEM;Velocidade Incompatível;Colisão traseira;Com Vítimas Feridas;Anoitecer;Crescente;Céu Claro;Simples;Reta;-27,500679;-50,949047
06/08/2023;03:40:00;AREIA BRANCA;Condutor usando celular;Tombamento;Com Vítimas Feridas;Plena Noite;Crescente;Céu Claro;Simples;Curva;-10,769717;-37,35527
02/08/2023;19:30:00;NOVA LARANJEIRAS;Falta de elemento de contenção que evite a saída do leito carroçável;Saída de leito carroçável;Sem Vítimas;Plena Noite;Decrescente;Céu Claro;Simples;"Interseção de Vias;Reta";-25,34211314;-52,49655008
06/08/2023;09:22:00;LAVRAS;Velocidade Incompatível;Tombamento;Com Vítimas Feridas;Pleno dia;Crescente;Céu Claro;Dupla;"Declive;Curva";-21,31137883;-45,16451703
06/08/2023;15:20:00;TEIXEIRA DE FREITAS;Velocidade Incompatível;Colisão traseira;Com Vítimas Fatais;Pleno dia;Decrescente;Céu Claro;Simples;"Ponte;Reta";-17,511067;-39,704937
06/08/2023;16:45:00;AGUAS MORNAS;Velocidade Incompatível;Colisão lateral mesmo sentido;Com Vítimas Feridas;Pleno dia;Decrescente;Céu Claro;Simples;"Declive;Curva";-27,719851;-48,916126
06/08/2023;19:40:00;VILHENA;Manobra de mudança de faixa;Colisão lateral mesmo sentido;Sem Vítimas;Plena Noite;Crescente;Céu Claro;Dupla;Interseção de Vias;-12,74507806;-60,1152885
06/08/2023;15:40:00;TEIXEIRA DE FREITAS;Velocidade Incompatível;Colisão traseira;Com Vítimas Feridas;Pleno dia;Decrescente;Céu Claro;Simples;Ponte;-17,51146866;-39,70527649
07/08/2023;03:50:00;ALCANTIL;Velocidade Incompatível;Colisão traseira;Com Vítimas Feridas;Plena Noite;Decrescente;Céu Claro;Simples;Reta;-7,61618189;-36,07162605
07/08/2023;06:55:00;NOVA LARANJEIRAS;Velocidade Incompatível;Tombamento;Com Vítimas Feridas;Amanhecer;Crescente;Céu Claro;Simples;"Curva;Ponte";-25,30767734;-52,53721208