data_inversa;horario;municipio;causa_acidente;tipo_acidente;classificacao_acidente;fase_dia;sentido_via;condicao_metereologica;tipo_pista;tracado_via;latitude;longitude
16/08/2023;12:40:00;SALVADOR;Ultrapassagem Indevida;Colisão lateral mesmo sentido;Com Vítimas Feridas;Pleno dia;Decrescente;Nublado;Múltipla;Interseção de Vias;-12,87957905;-38,43213893
02/08/2023;14:20:00;SORRISO;Ultrapassagem Indevida;Colisão traseira;Com Vítimas Feridas;Pleno dia;Decrescente;Sol;Simples;"Declive;Reta";-12,961783;-55,87187
16/08/2023;18:45:00;ITAJAI;Manobra de mudança de faixa;Colisão lateral mesmo sentido;Sem Vítimas;Plena Noite;Crescente;Nevoeiro/Neblina;Dupla;Reta;-26,912758;-48,711998
16/08/2023;18:45:00;MARMELEIRO;Ultrapassagem Indevida;Colisão frontal;Com Vítimas Feridas;Plena Noite;Crescente;Céu Claro;Simples;Curva;-26,20456439;-53,09775265
16/08/2023;07:30:00;PORTO UNIAO;Velocidade Incompatível;Tombamento;Com Vítimas Feridas;Pleno dia;Crescente;Sol;Simples;"Curva;Ponte";-26,2819873;-51,04756594
16/08/2023;20:55:00;ANTONINA;Reação tardia ou ineficiente do condutor;Tombamento;Com Vítimas Feridas;Plena Noite;Decrescente;Céu Claro;Simples;Curva;-25,113467;-48,758713
16/08/2023;17:00:00;NOVA MUTUM;Acostamento em desnível;Saída de leito carroçável;Com Vítimas Feridas;Pleno dia;Decrescente;Céu Claro;Simples;Reta;-13,67377202;-56,03778485
16/08/2023;21:20:00;MUQUEM DE SAO FRANCISCO;Manobra de mudança de faixa;Colisão frontal;Com Vítimas Feridas;Plena Noite;Decrescente;Céu Claro;Simples;Reta;-12,22412513;-43,47234602
17/08/2023;03:40:00;BAIXO GUANDU;Neblina;Saída de leito carroçável;Com Vítimas Feridas;Plena Noite;Decrescente;Nevoeiro/Neblina;Simples;Reta;-19,51794277;-40,89319018
17/08/2023;05:40:00;APARECIDA DE GOIANIA;Manobra de mudança de faixa;Colisão traseira;Sem Vítimas;Amanhecer;Decrescente;Céu Claro;Múltipla;Retorno Regulamentado;-16,8067;-49,2394
17/08/2023;08:01:00;PARANAGUA;Ultrapassagem Indevida;Tombamento;Com Vítimas Fatais;Pleno dia;Crescente;Céu Claro;Simples;Reta;-25,51971;-48,54356
17/08/2023;11:00:00;POUSO ALEGRE;Velocidade Incompatível;Tombamento;Com Vítimas Feridas;Pleno dia;Decrescente;Nublado;Dupla;Curva;-22,23128833;-45,87589145
06/06/2023;23:05:00;CAETE;Velocidade Incompatível;Colisão traseira;Com Vítimas Fatais;Pleno dia;Decrescente;Céu Claro;Dupla;Reta;-19,78353087;-43,66633394
17/08/2023;10:30:00;SANTANA DO LIVRAMENTO;Acumulo de óleo sobre o pavimento;Tombamento;Com Vítimas Feridas;Pleno dia;Decrescente;Céu Claro;Simples;"Reta;Interseção de Vias;Rotatória;Declive";-30,8547642;-55,4965204
17/08/2023;13:52:00;BETIM;Velocidade Incompatível;Tombamento;Com Vítimas Feridas;Pleno dia;Crescente;Céu Claro;Dupla;Curva;-19,9801473;-44,1611815
17/08/2023;08:00:00;POXOREO;Acostamento em desnível;Saída de leito carroçável;Com Vítimas Feridas;Pleno dia;Decrescente;Sol;Simples;Reta;-15,57996026;-54,46351203
17/08/2023;14:30:00;POCOES;Deficiência do Sistema de Iluminação/Sinalização;Incêndio;Sem Vítimas;Pleno dia;Crescente;Céu Claro;Simples;Reta;-14,488576;-40,342007
17/08/2023;14:00:00;CHORROCHO;Pista esburacada;Colisão com objeto;Com Vítimas Fatais;Pleno dia;Crescente;Céu Claro;Simples;Reta;-9,14756294;-39,11957987
17/08/2023;15:20:00;VERA;Ultrapassagem Indevida;Colisão lateral sentido oposto;Sem Vítimas;Pleno dia;Decrescente;Céu Claro;Simples;Reta;-12,3047452;-55,57478659
17/08/2023;14:00:00;SANTO AMARO DA IMPERATRIZ;Velocidade Incompatível;Colisão traseira;Com Vítimas Feridas;Pleno dia;Decrescente;Céu Claro;Simples;Aclive;-27,695198;-48,793308
24/06/2023;07:00:00;GARUVA;Acostamento em desnível;Tombamento;Com Vítimas Feridas;Pleno dia;Crescente;Céu Claro;Dupla;Reta;-26,053987;-48,859608
29/05/2023;21:30:00;SERITINGA;Velocidade Incompatível;Saída de leito carroçável;Com Vítimas Feridas;Plena Noite;Decrescente;Nublado;Simples;"Declive;Curva";-21,92699084;-44,44240831
09/06/2023;19:30:00;BARRA DO TURVO;Velocidade Incompatível;Tombamento;Com Vítimas Feridas;Plena Noite;Crescente;Céu Claro;Simples;Curva;-24,95016699;-48,42400302
17/08/2023;20:15:00;CASCAVEL;Ingestão de álcool pelo condutor;Tombamento;Sem Vítimas;Plena Noite;Crescente;Céu Claro;Simples;"Reta;Declive";-24,8386;-53,3091
18/08/2023;06:20:00;POUSO ALEGRE;Velocidade Incompatível;Tombamento;Com Vítimas Feridas;Pleno dia;Decrescente;Céu Claro;Dupla;"Curva;Declive";-22,26991499;-45,89241402
18/08/2023;09:39:00;BARRA MANSA;Velocidade Incompatível;Colisão lateral mesmo sentido;Com Vítimas Feridas;Pleno dia;Crescente;Sol;Dupla;Reta;-22,56148014;-44,15624142
18/08/2023;12:00:00;BARRACAO;Demais falhas na via;Colisão lateral mesmo sentido;Sem Vítimas;Pleno dia;Decrescente;Nublado;Simples;Reta;-27,66229079;-51,45618168
18/08/2023;13:35:00;SAPUCAIA;Ausência de reação do condutor;Tombamento;Com Vítimas Feridas;Pleno dia;Crescente;Céu Claro;Simples;Reta;-22,05084092;-42,78853
18/08/2023;02:20:00;ARACATI;Manobra de mudança de faixa;Saída de leito carroçável;Sem Vítimas;Pleno dia;Crescente;Céu Claro;Simples;Reta;-4,58389838;-37,99552002
05/08/2023;18:30:00;ARAQUARI;Ingestão de álcool e/ou substâncias psicoativas pelo pedestre;Tombamento;Sem Vítimas;Anoitecer;Decrescente;Céu Claro;Simples;Curva;-26,36432495;-48,66444809
18/08/2023;14:00:00;TAQUARITINGA DO NORTE;Chuva;Saída de leito carroçável;Com Vítimas Feridas;Pleno dia;Crescente;Garoa/Chuvisco;Simples;Reta;-7,854047;-36,102032
18/08/2023;09:35:00;CAUCAIA;Manobra de mudança de faixa;Tombamento;Com Vítimas Feridas;Pleno dia;Crescente;Céu Claro;Simples;Reta;-3,68870601;-38,89853601
18/08/2023;16:50:00;UNIAO DA VITORIA;Chuva;Colisão frontal;Sem Vítimas;Anoitecer;Crescente;Garoa/Chuvisco;Simples;Reta;-26,26724891;-51,17259979
18/08/2023;20:30:00;CAETITE;Ultrapassagem Indevida;Colisão traseira;Com Vítimas Feridas;Plena Noite;Decrescente;Céu Claro;Simples;Ponte;-14,09789655;-42,58010043
18/08/2023;18:15:00;PORTO SEGURO;Ultrapassagem Indevida;Colisão lateral mesmo sentido;Com Vítimas Feridas;Plena Noite;Crescente;Céu Claro;Simples;Reta;-16,38851188;-39,348101
18/08/2023;23:50:00;BLUMENAU;Manobra de mudança de faixa;Colisão lateral mesmo sentido;Com Vítimas Feridas;Plena Noite;Crescente;Garoa/Chuvisco;Simples;Reta;-26,88138;-49,164543
18/08/2023;15:30:00;DIAMANTINO;Ultrapassagem Indevida;Colisão frontal;Com Vítimas Feridas;Pleno dia;Crescente;Sol;Simples;Reta;-14,46297832;-56,14910673
19/08/2023;01:10:00;ITAMBACURI;Ausência de sinalização;Colisão com objeto;Com Vítimas Feridas;Plena Noite;Decrescente;Céu Claro;Simples;Reta;-18,02424603;-41,64791895
19/08/2023;01:50:00;EXTREMA;Velocidade Incompatível;Saída de leito carroçável;Com Vítimas Fatais;Plena Noite;Crescente;Ignorado;Dupla;"Reta;Declive";-22,859163;-46,339643
19/08/2023;05:26:00;VILA BOA;Ultrapassagem Indevida;Saída de leito carroçável;Com Vítimas Feridas;Amanhecer;Decrescente;Céu Claro;Simples;Reta;-14,983032;-47,020199
18/08/2023;16:40:00;SAO CAITANO;Ultrapassagem Indevida;Colisão frontal;Com Vítimas Fatais;Anoitecer;Crescente;Garoa/Chuvisco;Simples;Reta;-8,39548998;-36,18077804
18/08/2023;19:16:00;TRAIRAO;Manobra de mudança de faixa;Colisão transversal;Com Vítimas Feridas;Plena Noite;Crescente;Céu Claro;Simples;Curva;-4,90250197;-56,18616339
18/08/2023;14:30:00;SAO DOMINGOS DO PRATA;Condutor Dormindo;Tombamento;Sem Vítimas;Pleno dia;Decrescente;Céu Claro;Simples;"Aclive;Reta";-19,95885148;-42,86157307
19/08/2023;08:00:00;MAIRIPORA;Reação tardia ou ineficiente do condutor;Tombamento;Com Vítimas Feridas;Pleno dia;Crescente;Céu Claro;Dupla;"Curva;Declive";-23,28957673;-46,58729853
19/08/2023;10:30:00;BARRACAO;Ultrapassagem Indevida;Colisão lateral mesmo sentido;Com Vítimas Feridas;Pleno dia;Crescente;Sol;Simples;Curva;-26,29742952;-53,50990121
19/08/2023;14:20:00;GRAO MOGOL;Acumulo de óleo sobre o pavimento;Tombamento;Com Vítimas Feridas;Pleno dia;Decrescente;Sol;Simples;"Declive;Curva";-16,420528;-43,28967
28/06/2023;23:30:00;DOM AQUINO;Falta de acostamento;Colisão traseira;Com Vítimas Feridas;Plena Noite;Decrescente;Céu Claro;Simples;Reta;-15,51069712;-54,65364598
19/08/2023;15:40:00;GOVERNADOR VALADARES;Velocidade Incompatível;Colisão lateral mesmo sentido;Com Vítimas Feridas;Pleno dia;Decrescente;Nublado;Dupla;Reta;-18,84936788;-41,97891368
19/08/2023;16:30:00;PIRENOPOLIS;Velocidade Incompatível;Colisão transversal;Com Vítimas Feridas;Pleno dia;Crescente;Céu Claro;Simples;"Declive;Interseção de Vias;Reta";-16,033798;-49,085724
19/08/2023;17:00:00;PANELAS;Velocidade Incompatível;Saída de leito carroçável;Com Vítimas Feridas;Anoitecer;Decrescente;Ignorado;Simples;Reta;-8,699489;-36,022697
07/08/2023;07:30:00;ARACRUZ;Carga excessiva e/ou mal acondicionada;Derramamento de carga;Sem Vítimas;Pleno dia;Crescente;Sol;Simples;"Reta;Declive";-19,65524008;-40,23355674
19/08/2023;21:50:00;GUARANTA DO NORTE;Ausência de reação do condutor;Tombamento;Com Vítimas Feridas;Plena Noite;Crescente;Céu Claro;Simples;"Curva;Declive";-9,71780888;-54,87808527
20/08/2023;08:00:00;IBITIARA;Velocidade Incompatível;Tombamento;Com Vítimas Feridas;Pleno dia;Crescente;Céu Claro;Simples;"Curva;Declive";-12,4423791;-42,17379204
20/08/2023;06:25:00;BARRO;Curva acentuada;Colisão frontal;Com Vítimas Fatais;Pleno dia;Decrescente;Céu Claro;Simples;"Curva;Declive";-7,22243491;-38,83869519
12/08/2023;19:20:00;CAPITAO LEONIDAS MARQUES;Curva acentuada;Saída de leito carroçável;Com Vítimas Feridas;Plena Noite;Decrescente;Céu Claro;Simples;"Curva;Em Obras";-25,48284277;-53,59229524
20/08/2023;12:00:00;JANDAIA DO SUL;Ultrapassagem Indevida;Colisão lateral sentido oposto;Sem Vítimas;Pleno dia;Crescente;Céu Claro;Simples;Curva;-23,5978436;-51,62416462
20/08/2023;07:50:00;CAPINZAL DO NORTE;Manobra de mudança de faixa;Colisão lateral sentido oposto;Com Vítimas Feridas;Pleno dia;Crescente;Céu Claro;Simples;"Reta;Em Obras";-4,71941091;-44,33226624
20/08/2023;19:00:00;SAO GONCALO DO ABAETE;Chuva;Tombamento;Com Vítimas Feridas;Plena Noite;Crescente;Chuva;Dupla;"Curva;Declive";-18,11429113;-45,45822411
21/08/2023;00:20:00;MIMOSO DO SUL;Demais falhas mecânicas ou elétricas;Tombamento;Com Vítimas Feridas;Plena Noite;Crescente;Nevoeiro/Neblina;Simples;Curva;-21,05500952;-41,19609059
21/08/2023;08:30:00;CARAVELAS;Manobra de mudança de faixa;Colisão lateral mesmo sentido;Com Vítimas Feridas;Pleno dia;Crescente;Céu Claro;Simples;Reta;-17,719732;-39,767434
21/08/2023;10:10:00;APARECIDA;Manobra de mudança de faixa;Colisão lateral mesmo sentido;Com Vítimas Feridas;Pleno dia;Crescente;Céu Claro;Dupla;Reta;-22,85815341;-45,23290522
21/08/2023;10:15:00;ALAGOINHAS;Velocidade Incompatível;Capotamento;Com Vítimas Feridas;Pleno dia;Crescente;Céu Claro;Simples;Reta;-12,15321792;-38,52079102
21/08/2023;11:25:00;TIBAGI;Velocidade Incompatível;Tombamento;Com Vítimas Feridas;Pleno dia;Decrescente;Sol;Dupla;"Declive;Curva";-24,78699753;-50,50734758
21/08/2023;17:00:00;SAO JOSE DOS PINHAIS;Manobra de mudança de faixa;Colisão traseira;Com Vítimas Feridas;Pleno dia;Decrescente;Sol;Dupla;Reta;-25,53276762;-49,08071816
21/08/2023;16:35:00;BALNEARIO CAMBORIU;Velocidade Incompatível;Colisão traseira;Com Vítimas Feridas;Pleno dia;Crescente;Céu Claro;Dupla;Curva;-27,02397426;-48,60761649
21/08/2023;16:28:00;MAUA DA SERRA;Curva acentuada;Colisão com objeto;Sem Vítimas;Pleno dia;Crescente;Céu Claro;Dupla;"Curva;Declive";-23,95123393;-51,11822605
21/08/2023;22:15:00;TARUMIRIM;Reação tardia ou ineficiente do condutor;Tombamento;Com Vítimas Feridas;Plena Noite;Crescente;Nublado;Simples;Curva;-19,31016755;-42,0786674
21/08/2023;20:00:00;GASPAR;Ausência de reação do condutor;Derramamento de carga;Sem Vítimas;Plena Noite;Decrescente;Céu Claro;Dupla;Reta;-26,882343;-48,996975
22/08/2023;06:50:00;CUMARI;Velocidade Incompatível;Tombamento;Com Vítimas Feridas;Pleno dia;Crescente;Céu Claro;Dupla;"Curva;Declive";-18,3701;-48,0555
22/08/2023;07:30:00;MARINGA;Manobra de mudança de faixa;Colisão lateral mesmo sentido;Sem Vítimas;Pleno dia;Decrescente;Céu Claro;Dupla;Reta;-23,4172197;-51,9589231
22/08/2023;07:00:00;CURITIBA;Trafegar com motocicleta (ou similar) entre as faixas;Tombamento;Com Vítimas Fatais;Pleno dia;Decrescente;Céu Claro;Dupla;Reta;-25,475532;-49,351375
22/08/2023;07:50:00;MUNDO NOVO;Manobra de mudança de faixa;Colisão lateral mesmo sentido;Com Vítimas Feridas;Pleno dia;Decrescente;Céu Claro;Simples;Reta;-23,95007428;-54,30870967
22/08/2023;06:50:00;BRUMADINHO;Velocidade Incompatível;Tombamento;Sem Vítimas;Pleno dia;Decrescente;Nevoeiro/Neblina;Dupla;Curva;-20,16619722;-44,36914378
22/08/2023;10:10:00;ELDORADO DO SUL;Frear bruscamente;Tombamento;Com Vítimas Feridas;Pleno dia;Crescente;Céu Claro;Dupla;Reta;-30,015047;-51,317017
22/08/2023;10:01:00;BALSAS;Falta de acostamento;Colisão transversal;Com Vítimas Feridas;Pleno dia;Decrescente;Céu Claro;Simples;Reta;-7,47496903;-46,01938735
22/08/2023;12:50:00;COLATINA;Velocidade Incompatível;Colisão frontal;Com Vítimas Fatais;Pleno dia;Decrescente;Sol;Simples;"Aclive;Reta";-19,55880276;-40,52027201
22/08/2023;15:20:00;GUAXUPE;Problema com o freio;Tombamento;Com Vítimas Feridas;Pleno dia;Crescente;Céu Claro;Simples;Rotatória;-21,28937436;-46,70288086
18/08/2023;11:00:00;RONDONOPOLIS;Objeto estático sobre o leito carroçável;Tombamento;Com Vítimas Feridas;Pleno dia;Crescente;Sol;Dupla;Reta;-16,63713456;-54,69416719
22/08/2023;10:00:00;RIBAMAR FIQUENE;Falta de elemento de contenção que evite a saída do leito carroçável;Saída de leito carroçável;Com Vítimas Fatais;Pleno dia;Crescente;Céu Claro;Simples;Reta;-5,906318;-47,370419
18/08/2023;22:00:00;TIBAGI;Manobra de mudança de faixa;Tombamento;Com Vítimas Feridas;Plena Noite;Crescente;Ignorado;Dupla;"Em Obras;Desvio Temporário";-24,63926284;-50,629534
22/08/2023;17:40:00;CAMPINA GRANDE;Acostamento em desnível;Tombamento;Com Vítimas Fatais;Anoitecer;Crescente;Céu Claro;Simples;"Aclive;Em Obras";-7,2051;-35,951
22/08/2023;18:30:00;DIAMANTINO;Velocidade Incompatível;Colisão lateral mesmo sentido;Sem Vítimas;Plena Noite;Decrescente;Vento;Simples;"Curva;Aclive";-14,55263486;-56,22588427
22/08/2023;19:50:00;IRATI;Manobra de mudança de faixa;Colisão traseira;Sem Vítimas;Plena Noite;Crescente;Céu Claro;Simples;Reta;-25,46125468;-50,60165405
22/08/2023;21:40:00;GUARULHOS;Ausência de reação do condutor;Tombamento;Com Vítimas Feridas;Pleno dia;Decrescente;Nublado;Dupla;Reta;-23,41972188;-46,38419203
22/08/2023;22:18:00;BARREIRAS;Manobra de mudança de faixa;Saída de leito carroçável;Com Vítimas Feridas;Plena Noite;Crescente;Céu Claro;Simples;Reta;-12,21064305;-45,0171418
22/08/2023;21:15:00;CAPAO ALTO;Velocidade Incompatível;Colisão traseira;Com Vítimas Feridas;Plena Noite;Decrescente;Céu Claro;Simples;"Aclive;Reta";-27,88918313;-50,41838408
22/08/2023;07:20:00;MONSENHOR GIL;Acostamento em desnível;Saída de leito carroçável;Com Vítimas Feridas;Pleno dia;Decrescente;Céu Claro;Simples;Reta;-5,58402402;-42,61489907
22/08/2023;23:00:00;ITAPEMA;Manobra de mudança de faixa;Capotamento;Com Vítimas Feridas;Plena Noite;Decrescente;Nublado;Múltipla;"Aclive;Reta";-27,07107774;-48,59557629
22/08/2023;17:08:00;LAJEDINHO;Velocidade Incompatível;Tombamento;Com Vítimas Feridas;Anoitecer;Decrescente;Céu Claro;Simples;"Declive;Reta";-12,4430846;-40,82521228
23/08/2023;03:00:00;DUQUE DE CAXIAS;Reação tardia ou ineficiente do condutor;Tombamento;Com Vítimas Feridas;Plena Noite;Crescente;Céu Claro;Simples;"Curva;Declive";-22,55763285;-43,26574352
23/08/2023;07:32:00;SAO JOSE DOS CAMPOS;Ultrapassagem Indevida;Colisão lateral mesmo sentido;Com Vítimas Feridas;Pleno dia;Crescente;Céu Claro;Dupla;Aclive;-23,18274416;-45,84633592
23/08/2023;06:50:00;JANDAIA DO SUL;Velocidade Incompatível;Colisão transversal;Com Vítimas Feridas;Pleno dia;Decrescente;Céu Claro;Simples;"Em Obras;Retorno Regulamentado;Interseção de Vias;Reta";-23,59717604;-51,615043
23/08/2023;08:30:00;CARIACICA;Manobra de mudança de faixa;Colisão lateral mesmo sentido;Sem Vítimas;Pleno dia;Decrescente;Céu Claro;Dupla;Reta;-20,27160351;-40,39091743
23/08/2023;10:00:00;EUNAPOLIS;Velocidade Incompatível;Colisão lateral sentido oposto;Com Vítimas Feridas;Pleno dia;Crescente;Sol;Simples;Curva;-16,41369195;-39,58648682
23/08/2023;09:50:00;GARUVA;Manobra de mudança de faixa;Colisão lateral mesmo sentido;Com Vítimas Feridas;Pleno dia;Crescente;Sol;Dupla;Reta;-25,99699834;-48,87891655
05/08/2023;18:10:00;VARGEM;Velocidade Incompatível;Colisão frontal;Com Vítimas Fatais;Plena Noite;Crescente;Céu Claro;Simples;Curva;-27,4597928;-50,9898705
23/08/2023;13:30:00;ITAPEVA;Velocidade Incompatível;Tombamento;Com Vítimas Feridas;Pleno dia;Decrescente;Céu Claro;Dupla;Curva;-22,77050246;-46,23490598
23/08/2023;15:40:00;ATALAIA;Carga excessiva e/ou mal acondicionada;Tombamento;Com Vítimas Feridas;Pleno dia;Decrescente;Céu Claro;Simples;"Curva;Declive";-9,50727405;-36,02113501
23/08/2023;15:50:00;SANTO ANTONIO DA PATRULHA;Demais falhas mecânicas ou elétricas;Tombamento;Com Vítimas Feridas;Pleno dia;Crescente;Chuva;Dupla;Reta;-29,882647;-50,534782
23/08/2023;14:50:00;CAJATI;Reação tardia ou ineficiente do condutor;Tombamento;Com Vítimas Feridas;Pleno dia;Crescente;Céu Claro;Múltipla;Curva;-24,78228753;-48,17695233
23/08/2023;14:40:00;SANTO ANTONIO DE JESUS;Ultrapassagem Indevida;Colisão frontal;Com Vítimas Feridas;Pleno dia;Decrescente;Céu Claro;Simples;Reta;-13,00688191;-39,29414184
23/08/2023;20:00:00;GENERAL CARNEIRO;Acostamento em desnível;Tombamento;Com Vítimas Feridas;Plena Noite;Decrescente;Céu Claro;Simples;Reta;-15,67421693;-52,81408803
23/08/2023;15:50:00;VACARIA;Reação tardia ou ineficiente do condutor;Tombamento;Com Vítimas Feridas;Pleno dia;Crescente;Céu Claro;Simples;Curva;-28,43982074;-50,99718332
23/08/2023;23:40:00;QUATRO PONTES;Ultrapassagem Indevida;Colisão lateral sentido oposto;Com Vítimas Feridas;Plena Noite;Crescente;Céu Claro;Simples;Reta;-24,57085522;-53,99986267
23/08/2023;23:00:00;CARMO DA CACHOEIRA;Reação tardia ou ineficiente do condutor;Tombamento;Com Vítimas Feridas;Plena Noite;Crescente;Céu Claro;Dupla;"Curva;Declive";-21,45321803;-45,21174621
24/08/2023;01:45:00;PONTA GROSSA;Ausência de sinalização;Colisão traseira;Com Vítimas Feridas;Plena Noite;Decrescente;Céu Claro;Dupla;"Aclive;Reta";-25,25986852;-49,98092888
24/08/2023;05:15:00;ANCHIETA;Velocidade Incompatível;Colisão com objeto;Com Vítimas Feridas;Amanhecer;Crescente;Céu Claro;Simples;Curva;-20,73590976;-40,7597842
24/08/2023;07:35:00;ITAPEVA;Velocidade Incompatível;Tombamento;Com Vítimas Feridas;Pleno dia;Crescente;Céu Claro;Dupla;"Curva;Declive";-22,77089307;-46,23560082
24/08/2023;08:25:00;JUQUITIBA;Manobra de mudança de faixa;Colisão lateral mesmo sentido;Sem Vítimas;Pleno dia;Decrescente;Céu Claro;Dupla;Reta;-23,93226;-47,00835
24/08/2023;09:30:00;ITALVA;Ultrapassagem Indevida;Colisão transversal;Com Vítimas Feridas;Pleno dia;Decrescente;Céu Claro;Simples;Reta;-21,47656091;-41,66549039
24/08/2023;10:52:00;RIO DE JANEIRO;Demais falhas mecânicas ou elétricas;Tombamento;Com Vítimas Feridas;Pleno dia;Crescente;Céu Claro;Dupla;Reta;-22,87827816;-43,21053578
09/08/2023;08:00:00;GENERAL CARNEIRO;Ausência de reação do condutor;Tombamento;Sem Vítimas;Pleno dia;Decrescente;Céu Claro;Simples;"Aclive;Reta";-15,67421693;-52,81408803
24/08/2023;13:30:00;UBERLANDIA;Reação tardia ou ineficiente do condutor;Tombamento;Com Vítimas Feridas;Pleno dia;Crescente;Céu Claro;Dupla;"Aclive;Reta";-18,79408225;-48,23421867
24/08/2023;12:00:00;ARAQUARI;Manobra de mudança de faixa;Colisão com objeto;Com Vítimas Feridas;Pleno dia;Crescente;Nublado;Dupla;Reta;-26,52503436;-48,71608257
24/08/2023;13:00:00;SENADOR GUIOMARD;Demais Fenômenos da natureza;Colisão com objeto;Com Vítimas Feridas;Pleno dia;Crescente;Céu Claro;Simples;Reta;-10,0798599;-67,54185396
24/08/2023;15:20:00;ARACRUZ;Declive acentuado;Tombamento;Com Vítimas Feridas;Pleno dia;Crescente;Céu Claro;Simples;"Curva;Declive";-19,65524008;-40,23355674
24/08/2023;15:30:00;JEQUIE;Ultrapassagem Indevida;Saída de leito carroçável;Com Vítimas Feridas;Pleno dia;Decrescente;Céu Claro;Simples;Reta;-13,70748902;-40,0959642
24/08/2023;16:34:00;ICONHA;Manobra de mudança de faixa;Colisão traseira;Com Vítimas Feridas;Anoitecer;Decrescente;Céu Claro;Dupla;Reta;-20,79354;-40,811462
24/08/2023;17:10:00;CARIACICA;Demais falhas mecânicas ou elétricas;Tombamento;Com Vítimas Feridas;Anoitecer;Crescente;Céu Claro;Dupla;Reta;-20,27160351;-40,39091743
24/08/2023;17:30:00;MARECHAL DEODORO;Ausência de sinalização;Colisão com objeto;Com Vítimas Feridas;Anoitecer;Crescente;Céu Claro;Simples;"Curva;Declive;Em Obras";-9,68581717;-35,82572614
24/08/2023;16:40:00;CASIMIRO DE ABREU;Reação tardia ou ineficiente do condutor;Tombamento;Com Vítimas Feridas;Anoitecer;Decrescente;Céu Claro;Dupla;Curva;-22,48133694;-42,22930101
24/08/2023;15:10:00;ITAITUBA;Ultrapassagem Indevida;Colisão lateral sentido oposto;Com Vítimas Feridas;Pleno dia;Decrescente;Sol;Simples;Reta;-5,75265194;-55,73624966
24/08/2023;19:00:00;SENADOR JOSE BENTO;Velocidade Incompatível;Colisão frontal;Com Vítimas Feridas;Plena Noite;Crescente;Céu Claro;Simples;"Curva;Declive";-22,13143335;-46,17391706
24/08/2023;20:24:00;CONDE;Animais na Pista;Tombamento;Com Vítimas Feridas;Plena Noite;Decrescente;Céu Claro;Dupla;Curva;-7,23500195;-34,92460012
24/08/2023;22:30:00;SAO GONCALO DO RIO ABAIXO;Acostamento em desnível;Tombamento;Sem Vítimas;Plena Noite;Decrescente;Céu Claro;Simples;"Aclive;Reta";-19,84955579;-43,25424839
25/08/2023;04:59:00;JOAO PESSOA;Carga excessiva e/ou mal acondicionada;Tombamento;Com Vítimas Feridas;Amanhecer;Crescente;Céu Claro;Dupla;"Viaduto;Curva";-7,16540438;-34,89515792
03/07/2023;11:15:00;JOINVILLE;Velocidade Incompatível;Colisão traseira;Sem Vítimas;Pleno dia;Crescente;Céu Claro;Dupla;Reta;-26,42280898;-48,82977496
25/08/2023;07:20:00;JATAI;Ausência de reação do condutor;Tombamento;Com Vítimas Feridas;Pleno dia;Decrescente;Céu Claro;Simples;Declive;-18,008829;-51,563248
25/08/2023;08:40:00;JACIARA;Demais falhas mecânicas ou elétricas;Tombamento;Com Vítimas Feridas;Pleno dia;Decrescente;Céu Claro;Simples;Aclive;-15,95085604;-54,98237599
25/08/2023;12:30:00;CAMPOS DOS GOYTACAZES;Manobra de mudança de faixa;Colisão traseira;Com Vítimas Feridas;Pleno dia;Crescente;Nublado;Múltipla;"Reta;Retorno Regulamentado";-21,78447827;-41,298455
25/08/2023;12:00:00;JAURU;Acumulo de areia ou detritos sobre o pavimento;Eventos atípicos;Sem Vítimas;Pleno dia;Crescente;Céu Claro;Simples;Reta;-15,48351554;-59,07536883
25/08/2023;14:40:00;MAFRA;Ingestão de álcool pelo condutor;Tombamento;Com Vítimas Feridas;Pleno dia;Crescente;Nublado;Simples;"Reta;Interseção de Vias";-26,15196176;-49,83102416
25/08/2023;12:15:00;BALNEARIO CAMBORIU;Pista Escorregadia;Colisão lateral mesmo sentido;Com Vítimas Feridas;Pleno dia;Decrescente;Chuva;Múltipla;Reta;-26,99654133;-48,65564711
25/08/2023;16:05:00;UBERABA;Manobra de mudança de faixa;Colisão lateral mesmo sentido;Com Vítimas Feridas;Pleno dia;Crescente;Céu Claro;Dupla;Reta;-19,545198;-48,036129
25/08/2023;14:10:00;DIAMANTINO;Chuva;Colisão traseira;Com Vítimas Feridas;Pleno dia;Crescente;Chuva;Simples;"Reta;Declive";-14,39101303;-56,11636404
25/08/2023;17:40:00;UBERABA;Manobra de mudança de faixa;Colisão lateral mesmo sentido;Com Vítimas Feridas;Anoitecer;Decrescente;Nublado;Dupla;Reta;-19,76527861;-48,11638905
25/08/2023;16:40:00;ITAMONTE;Ausência de reação do condutor;Tombamento;Com Vítimas Feridas;Pleno dia;Decrescente;Céu Claro;Simples;Curva;-22,33634273;-44,82845824
25/08/2023;20:40:00;CURITIBA;Manobra de mudança de faixa;Colisão lateral mesmo sentido;Sem Vítimas;Plena Noite;Decrescente;Garoa/Chuvisco;Dupla;Reta;-25,551462;-49,279812
25/08/2023;20:05:00;SANTIAGO;Velocidade Incompatível;Colisão transversal;Com Vítimas Feridas;Plena Noite;Crescente;Céu Claro;Simples;"Interseção de Vias;Rotatória";-29,09682707;-54,9212122
25/08/2023;21:40:00;VIANA;Velocidade Incompatível;Tombamento;Com Vítimas Feridas;Plena Noite;Crescente;Céu Claro;Simples;"Curva;Declive";-20,38590584;-40,55354118