data_inversa;horario;municipio;causa_acidente;tipo_acidente;classificacao_acidente;fase_dia;sentido_via;condicao_metereologica;tipo_pista;tracado_via;latitude;longitude
03/09/2023;16:40:00;ACAILANDIA;Acostamento em desnível;Saída de leito carroçável;Com Vítimas Feridas;Pleno dia;Decrescente;Céu Claro;Simples;"Curva;Declive";-4,76489336;-47,05419172
04/09/2023;01:45:00;TRIUNFO;Pista Escorregadia;Colisão com objeto;Com Vítimas Feridas;Plena Noite;Decrescente;Chuva;Simples;Reta;-29,762325;-51,585972
04/09/2023;02:00:00;CAMPINA GRANDE;Carga excessiva e/ou mal acondicionada;Derramamento de carga;Sem Vítimas;Plena Noite;Decrescente;Céu Claro;Dupla;Curva;-7,268;-35,7991
04/09/2023;06:30:00;MAIRIPORA;Manobra de mudança de faixa;Colisão traseira;Com Vítimas Feridas;Pleno dia;Crescente;Céu Claro;Dupla;"Declive;Curva";-23,29011611;-46,5800681
04/09/2023;06:00:00;PARA DE MINAS;Manobra de mudança de faixa;Colisão lateral mesmo sentido;Com Vítimas Feridas;Amanhecer;Crescente;Céu Claro;Múltipla;Reta;-19,90299685;-44,524329
04/09/2023;06:45:00;CHAPECO;Velocidade Incompatível;Saída de leito carroçável;Sem Vítimas;Pleno dia;Crescente;Chuva;Dupla;"Declive;Reta";-27,00645896;-52,64298325
04/09/2023;08:05:00;NITEROI;Manobra de mudança de faixa;Colisão lateral mesmo sentido;Com Vítimas Feridas;Pleno dia;Decrescente;Céu Claro;Múltipla;Reta;-22,878923;-43,110676
23/08/2023;17:00:00;MANDIRITUBA;Ultrapassagem Indevida;Colisão frontal;Com Vítimas Fatais;Pleno dia;Crescente;Céu Claro;Simples;Declive;-25,792078;-49,327802
04/09/2023;10:00:00;CARUARU;Velocidade Incompatível;Colisão lateral sentido oposto;Com Vítimas Fatais;Pleno dia;Crescente;Chuva;Simples;Reta;-8,3596;-35,985822
04/09/2023;12:00:00;RESENDE;Curva acentuada;Tombamento;Com Vítimas Feridas;Pleno dia;Crescente;Céu Claro;Simples;"Curva;Declive";-22,45573779;-44,39454802
28/07/2023;08:30:00;CURVELO;Ultrapassagem Indevida;Colisão lateral mesmo sentido;Com Vítimas Feridas;Pleno dia;Crescente;Céu Claro;Simples;"Interseção de Vias;Reta";-19,13770835;-44,61616516
09/08/2023;14:30:00;BOM JESUS DO ARAGUAIA;Pista esburacada;Colisão frontal;Com Vítimas Feridas;Pleno dia;Decrescente;Céu Claro;Simples;Reta;-12,0957242;-51,69342041
04/09/2023;18:20:00;MORADA NOVA;Demais falhas na via;Saída de leito carroçável;Sem Vítimas;Plena Noite;Crescente;Céu Claro;Simples;Reta;-4,53988787;-38,29878793
04/09/2023;19:30:00;APUCARANA;Ausência de sinalização;Saída de leito carroçável;Com Vítimas Feridas;Plena Noite;Decrescente;Chuva;Dupla;"Reta;Em Obras";-23,609678;-51,401363
04/09/2023;19:00:00;PASSAGEM FRANCA DO PIAUI;Demais Fenômenos da natureza;Incêndio;Sem Vítimas;Plena Noite;Crescente;Céu Claro;Simples;"Aclive;Reta";-5,83728946;-42,48844504
05/09/2023;08:00:00;ITAPECERICA DA SERRA;Velocidade Incompatível;Colisão traseira;Com Vítimas Feridas;Pleno dia;Decrescente;Céu Claro;Dupla;Reta;-23,70925128;-46,87588966
05/09/2023;08:00:00;BOM DESPACHO;Ultrapassagem Indevida;Colisão frontal;Com Vítimas Feridas;Pleno dia;Crescente;Céu Claro;Simples;Reta;-19,78442409;-45,32295201
16/08/2023;11:00:00;ALTO ARAGUAIA;Demais Fenômenos da natureza;Incêndio;Sem Vítimas;Pleno dia;Decrescente;Céu Claro;Simples;Reta;-17,22241104;-53,3245262
05/09/2023;05:50:00;GOIANIA;Manobra de mudança de faixa;Colisão com objeto;Sem Vítimas;Amanhecer;Decrescente;Nublado;Dupla;Reta;-16,6854;-49,2338
05/09/2023;08:50:00;RIO VERDE;Manobra de mudança de faixa;Saída de leito carroçável;Com Vítimas Feridas;Pleno dia;Decrescente;Céu Claro;Dupla;Reta;-17,8154;-51,1083
05/09/2023;13:10:00;CAMPOS DOS GOYTACAZES;Reação tardia ou ineficiente do condutor;Tombamento;Com Vítimas Feridas;Pleno dia;Crescente;Céu Claro;Dupla;Rotatória;-21,75371806;-41,344292
05/09/2023;14:10:00;BELA VISTA DE MINAS;Curva acentuada;Tombamento;Com Vítimas Feridas;Pleno dia;Decrescente;Céu Claro;Simples;"Curva;Declive";-19,85663904;-43,10916603
05/09/2023;15:45:00;GUARULHOS;Manobra de mudança de faixa;Colisão lateral mesmo sentido;Com Vítimas Feridas;Pleno dia;Decrescente;Céu Claro;Múltipla;Reta;-23,46143954;-46,48885316
07/07/2023;17:30:00;CUITE;Ausência de sinalização;Colisão traseira;Com Vítimas Feridas;Plena Noite;Crescente;Garoa/Chuvisco;Simples;Reta;-6,583936;-36,134642
05/09/2023;16:05:00;BRASILIA;Acumulo de água sobre o pavimento;Colisão traseira;Com Vítimas Feridas;Plena Noite;Crescente;Chuva;Dupla;"Reta;Declive";-15,78833046;-48,22676182
05/09/2023;09:00:00;ROSARIO OESTE;Ultrapassagem Indevida;Colisão lateral mesmo sentido;Com Vítimas Feridas;Pleno dia;Decrescente;Céu Claro;Simples;Reta;-15,16260709;-56,52431488
05/09/2023;10:25:00;TIBAGI;Ausência de reação do condutor;Tombamento;Com Vítimas Feridas;Pleno dia;Crescente;Céu Claro;Dupla;Curva;-24,696035;-50,582898
05/09/2023;16:15:00;CAMPOS ALTOS;Velocidade Incompatível;Colisão traseira;Com Vítimas Feridas;Pleno dia;Decrescente;Chuva;Simples;Curva;-19,61522772;-46,2808104
05/09/2023;08:30:00;BARRA DO CORDA;Declive acentuado;Tombamento;Com Vítimas Feridas;Pleno dia;Crescente;Céu Claro;Simples;"Curva;Declive";-5,44287605;-45,30622904
01/06/2023;17:00:00;SANTA HELENA DE GOIAS;Ultrapassagem Indevida;Colisão frontal;Com Vítimas Fatais;Pleno dia;Crescente;Céu Claro;Simples;Declive;-17,89188718;-50,66204606
05/09/2023;17:00:00;CAETE;Chuva;Eventos atípicos;Sem Vítimas;Pleno dia;Decrescente;Chuva;Dupla;"Curva;Declive";-19,79546909;-43,67611297
05/09/2023;17:20:00;SANTANA DA BOA VISTA;Ultrapassagem Indevida;Colisão lateral mesmo sentido;Com Vítimas Fatais;Plena Noite;Decrescente;Céu Claro;Simples;"Ponte;Reta";-30,91474381;-53,10623646
05/09/2023;16:00:00;SABARA;Declive acentuado;Saída de leito carroçável;Com Vítimas Feridas;Pleno dia;Crescente;Sol;Simples;"Declive;Curva";-19,80010099;-43,75771301
06/09/2023;00:35:00;JOAO MONLEVADE;Reação tardia ou ineficiente do condutor;Tombamento;Com Vítimas Feridas;Plena Noite;Crescente;Nublado;Simples;Reta;-19,84953832;-43,15779198
05/09/2023;12:15:00;BETIM;Manobra de mudança de faixa;Colisão transversal;Sem Vítimas;Pleno dia;Decrescente;Céu Claro;Dupla;Reta;-19,96825;-44,198708
05/09/2023;16:20:00;ITAMARAJU;Reação tardia ou ineficiente do condutor;Tombamento;Sem Vítimas;Pleno dia;Decrescente;Céu Claro;Simples;Reta;-17,060711;-39,55297
06/09/2023;08:00:00;PALHOCA;Manobra de mudança de faixa;Colisão lateral mesmo sentido;Com Vítimas Feridas;Pleno dia;Decrescente;Céu Claro;Múltipla;Reta;-27,63697369;-48,66514142
06/09/2023;06:45:00;CARMO DA CACHOEIRA;Carga excessiva e/ou mal acondicionada;Tombamento;Com Vítimas Feridas;Plena Noite;Decrescente;Céu Claro;Dupla;Curva;-21,45321803;-45,21174621
06/09/2023;07:28:00;SORRISO;Acumulo de água sobre o pavimento;Colisão traseira;Com Vítimas Feridas;Pleno dia;Crescente;Nublado;Dupla;Retorno Regulamentado;-12,56415287;-55,72185343
01/09/2023;01:30:00;BOM JARDIM DE MINAS;Velocidade Incompatível;Tombamento;Com Vítimas Feridas;Plena Noite;Decrescente;Nublado;Simples;"Curva;Declive";-21,931292;-44,094997
06/09/2023;10:30:00;CAMPINA GRANDE;Ultrapassagem Indevida;Colisão lateral sentido oposto;Com Vítimas Feridas;Pleno dia;Decrescente;Sol;Simples;Reta;-7,2693;-35,9138
06/09/2023;11:30:00;PIRAI;Velocidade Incompatível;Tombamento;Com Vítimas Feridas;Pleno dia;Decrescente;Garoa/Chuvisco;Dupla;Curva;-22,66355363;-43,84062168
06/09/2023;11:10:00;CAMPO GRANDE;Frear bruscamente;Tombamento;Com Vítimas Feridas;Pleno dia;Crescente;Céu Claro;Simples;Reta;-20,7913116;-54,5216435
06/09/2023;09:30:00;CONCEICAO DA FEIRA;Reação tardia ou ineficiente do condutor;Derramamento de carga;Sem Vítimas;Pleno dia;Crescente;Céu Claro;Simples;"Ponte;Reta";-12,51314891;-38,96825106
06/09/2023;07:15:00;LAJEDINHO;Reação tardia ou ineficiente do condutor;Tombamento;Com Vítimas Feridas;Pleno dia;Decrescente;Nublado;Simples;Reta;-12,44075024;-40,8500359
06/09/2023;14:30:00;SAO FRANCISCO DO PARA;Desvio temporário;Tombamento;Com Vítimas Fatais;Pleno dia;Crescente;Céu Claro;Simples;Reta;-1,311744;-47,735767
06/09/2023;15:00:00;ESPLANADA;Velocidade Incompatível;Saída de leito carroçável;Sem Vítimas;Pleno dia;Decrescente;Céu Claro;Dupla;"Curva;Declive";-11,74325485;-37,93913118
06/09/2023;16:30:00;ITATIAIA;Manobra de mudança de faixa;Colisão lateral mesmo sentido;Com Vítimas Feridas;Pleno dia;Crescente;Nublado;Múltipla;Reta;-22,49106419;-44,56183985
06/09/2023;16:10:00;PARANAVAI;Ultrapassagem Indevida;Colisão lateral mesmo sentido;Com Vítimas Feridas;Pleno dia;Crescente;Céu Claro;Simples;"Reta;Declive";-23,00236363;-52,5566649
06/09/2023;15:00:00;BARAO DE GRAJAU;Reação tardia ou ineficiente do condutor;Tombamento;Com Vítimas Feridas;Pleno dia;Decrescente;Céu Claro;Simples;Curva;-6,61265242;-43,39803382
06/09/2023;20:30:00;GUARULHOS;Velocidade Incompatível;Capotamento;Sem Vítimas;Plena Noite;Crescente;Nublado;Dupla;Reta;-23,42222263;-46,3932771
06/09/2023;18:50:00;RIO VERDE;Ultrapassagem Indevida;Colisão frontal;Com Vítimas Fatais;Plena Noite;Crescente;Céu Claro;Simples;Aclive;-17,8421988;-50,79337593
07/09/2023;02:15:00;WANDERLANDIA;Iluminação deficiente;Saída de leito carroçável;Com Vítimas Feridas;Plena Noite;Decrescente;Chuva;Simples;"Rotatória;Retorno Regulamentado";-7,10025201;-48,17644299
07/09/2023;03:40:00;VARZEA GRANDE;Velocidade Incompatível;Tombamento;Com Vítimas Feridas;Plena Noite;Decrescente;Garoa/Chuvisco;Simples;Rotatória;-15,65015994;-56,19567033
06/09/2023;16:30:00;NOVA MUTUM;Pista Escorregadia;Colisão frontal;Com Vítimas Fatais;Pleno dia;Decrescente;Chuva;Simples;Reta;-14,1461131;-56,09974417
11/07/2023;09:00:00;CAMPANARIO;Manobra de mudança de faixa;Colisão lateral sentido oposto;Com Vítimas Feridas;Pleno dia;Crescente;Céu Claro;Simples;"Ponte;Reta";-18,346238;-41,771921
07/09/2023;07:00:00;BALNEARIO CAMBORIU;Manobra de mudança de faixa;Tombamento;Com Vítimas Feridas;Pleno dia;Crescente;Nublado;Múltipla;Reta;-26,99654133;-48,65564711
07/09/2023;03:45:00;BRUMADINHO;Velocidade Incompatível;Colisão com objeto;Com Vítimas Feridas;Plena Noite;Crescente;Céu Claro;Dupla;"Declive;Curva";-20,16175378;-44,34144636
08/08/2023;19:00:00;TRES CORACOES;Reação tardia ou ineficiente do condutor;Tombamento;Com Vítimas Feridas;Plena Noite;Crescente;Céu Claro;Dupla;"Curva;Declive";-21,59740119;-45,23880352
07/09/2023;11:30:00;CACOAL;Ultrapassagem Indevida;Colisão frontal;Com Vítimas Feridas;Pleno dia;Crescente;Céu Claro;Simples;"Curva;Declive";-11,433967;-61,468375
07/09/2023;12:00:00;ITABERABA;Chuva;Tombamento;Com Vítimas Feridas;Pleno dia;Decrescente;Chuva;Simples;Curva;-12,47309394;-40,54008887
07/09/2023;19:15:00;COXIM;Ultrapassagem Indevida;Colisão frontal;Com Vítimas Fatais;Plena Noite;Crescente;Céu Claro;Simples;Reta;-18,08657998;-54,6940541
07/09/2023;16:40:00;RIACHAO;Reação tardia ou ineficiente do condutor;Tombamento;Com Vítimas Feridas;Plena Noite;Decrescente;Céu Claro;Simples;"Curva;Declive";-7,43414436;-46,80717089
07/09/2023;17:00:00;IMBITUVA;Carga excessiva e/ou mal acondicionada;Tombamento;Com Vítimas Feridas;Pleno dia;Crescente;Céu Claro;Simples;Curva;-25,218813;-50,5911376
08/09/2023;01:30:00;JULIO DE CASTILHOS;Velocidade Incompatível;Tombamento;Sem Vítimas;Plena Noite;Decrescente;Chuva;Simples;"Reta;Declive;Ponte";-29,10973298;-53,65093978
07/09/2023;21:45:00;MIMOSO DO SUL;Velocidade Incompatível;Saída de leito carroçável;Com Vítimas Feridas;Plena Noite;Decrescente;Nublado;Simples;Reta;-21,16576582;-41,28618246
07/09/2023;18:15:00;PADRE BERNARDO;Condutor Dormindo;Tombamento;Com Vítimas Feridas;Plena Noite;Crescente;Céu Claro;Simples;"Curva;Declive";-15,493857;-48,22503
08/09/2023;09:25:00;DUQUE DE CAXIAS;Velocidade Incompatível;Tombamento;Com Vítimas Feridas;Pleno dia;Decrescente;Céu Claro;Dupla;Curva;-22,56876595;-43,27693723
08/09/2023;09:35:00;CAMPESTRE DA SERRA;Reação tardia ou ineficiente do condutor;Tombamento;Com Vítimas Feridas;Pleno dia;Decrescente;Nublado;Simples;Curva;-28,67070899;-51,06396104
08/09/2023;06:41:00;TRES CORACOES;Velocidade Incompatível;Colisão lateral mesmo sentido;Com Vítimas Feridas;Pleno dia;Crescente;Sol;Dupla;"Curva;Declive";-21,59740119;-45,23880352
08/09/2023;11:00:00;JI-PARANA;Ultrapassagem Indevida;Colisão lateral mesmo sentido;Com Vítimas Feridas;Pleno dia;Decrescente;Céu Claro;Dupla;Interseção de Vias;-10,87878519;-61,94499012
08/09/2023;09:50:00;JOACABA;Acumulo de óleo sobre o pavimento;Tombamento;Com Vítimas Feridas;Pleno dia;Decrescente;Chuva;Simples;Reta;-27,16017;-51,58284
08/09/2023;11:20:00;ARAGUARI;Velocidade Incompatível;Saída de leito carroçável;Com Vítimas Feridas;Pleno dia;Crescente;Céu Claro;Dupla;"Curva;Declive";-18,42432;-48,068207
08/09/2023;16:02:00;GUARULHOS;Manobra de mudança de faixa;Colisão traseira;Com Vítimas Feridas;Pleno dia;Crescente;Céu Claro;Múltipla;Reta;-23,46472809;-46,49793962
08/09/2023;15:10:00;PIRAI;Ausência de reação do condutor;Tombamento;Sem Vítimas;Pleno dia;Decrescente;Sol;Simples;"Curva;Declive";-22,67193646;-43,83513235
08/09/2023;16:30:00;LAPA;Velocidade Incompatível;Saída de leito carroçável;Sem Vítimas;Pleno dia;Crescente;Céu Claro;Simples;Curva;-25,714262;-49,608009
09/09/2023;02:15:00;MONTE ALEGRE DE MINAS;Velocidade Incompatível;Tombamento;Com Vítimas Feridas;Plena Noite;Crescente;Céu Claro;Dupla;Rotatória;-18,8789182;-49,05482003
08/09/2023;23:30:00;SAO DOMINGOS DO ARAGUAIA;Manobra de mudança de faixa;Tombamento;Com Vítimas Fatais;Plena Noite;Decrescente;Céu Claro;Simples;Reta;-5,738679;-48,680725
09/09/2023;09:20:00;SANTO ANTONIO DO AMPARO;Velocidade Incompatível;Tombamento;Com Vítimas Fatais;Pleno dia;Decrescente;Céu Claro;Dupla;Curva;-20,89963404;-44,85537595
09/09/2023;01:30:00;BAGE;Demais falhas mecânicas ou elétricas;Tombamento;Sem Vítimas;Plena Noite;Crescente;Céu Claro;Simples;Reta;-31,08043931;-53,69475585
09/09/2023;12:00:00;BARRA DO TURVO;Velocidade Incompatível;Tombamento;Com Vítimas Feridas;Pleno dia;Crescente;Céu Claro;Simples;"Declive;Reta";-24,97447301;-48,504597
09/09/2023;09:00:00;BELO ORIENTE;Velocidade Incompatível;Saída de leito carroçável;Com Vítimas Feridas;Pleno dia;Decrescente;Céu Claro;Simples;Curva;-19,23795112;-42,33237583
09/09/2023;13:00:00;PILAR;Velocidade Incompatível;Tombamento;Sem Vítimas;Pleno dia;Decrescente;Céu Claro;Dupla;"Interseção de Vias;Reta";-9,58714551;-35,98027797
09/09/2023;13:25:00;JAGUAQUARA;Ultrapassagem Indevida;Colisão frontal;Com Vítimas Feridas;Pleno dia;Crescente;Céu Claro;Simples;Reta;-13,53126279;-40,06433648
07/09/2023;10:01:00;TRAIRAO;Curva acentuada;Tombamento;Com Vítimas Feridas;Pleno dia;Crescente;Céu Claro;Simples;Reta;-4,73343252;-56,04523015
09/09/2023;16:51:00;PILAR;Manobra de mudança de faixa;Colisão lateral mesmo sentido;Sem Vítimas;Pleno dia;Crescente;Céu Claro;Dupla;"Curva;Retorno Regulamentado";-9,58714551;-35,98027797
09/09/2023;18:00:00;PORTO MURTINHO;Ausência de reação do condutor;Tombamento;Com Vítimas Feridas;Anoitecer;Crescente;Céu Claro;Simples;Reta;-21,71229377;-57,65809602
09/09/2023;15:00:00;TIBAGI;Velocidade Incompatível;Tombamento;Com Vítimas Feridas;Pleno dia;Crescente;Sol;Dupla;"Curva;Declive";-24,87731671;-50,4420948
09/09/2023;17:55:00;VITORIA DA CONQUISTA;Manobra de mudança de faixa;Colisão lateral sentido oposto;Com Vítimas Feridas;Plena Noite;Crescente;Céu Claro;Simples;Reta;-14,730072;-40,6393
09/09/2023;21:00:00;SOORETAMA;Ultrapassagem Indevida;Colisão frontal;Com Vítimas Fatais;Plena Noite;Decrescente;Nublado;Simples;Reta;-19,193953;-40,0951
09/09/2023;21:30:00;MONTE ALEGRE DE MINAS;Velocidade Incompatível;Tombamento;Com Vítimas Feridas;Plena Noite;Decrescente;Céu Claro;Simples;Rotatória;-18,8789182;-49,05482003
09/09/2023;22:30:00;TERESINA;Ausência de reação do condutor;Tombamento;Sem Vítimas;Plena Noite;Decrescente;Céu Claro;Múltipla;Reta;-5,21837815;-42,75257727
10/09/2023;01:20:00;IBAITI;Velocidade Incompatível;Saída de leito carroçável;Com Vítimas Fatais;Plena Noite;Crescente;Nevoeiro/Neblina;Simples;"Curva;Declive";-23,93119102;-50,23840265
10/09/2023;00:30:00;VENTANIA;Velocidade Incompatível;Saída de leito carroçável;Sem Vítimas;Plena Noite;Crescente;Céu Claro;Simples;Curva;-24,1796657;-50,2132138
10/09/2023;09:15:00;SANTA BARBARA DO LESTE;Velocidade Incompatível;Tombamento;Com Vítimas Feridas;Pleno dia;Decrescente;Céu Claro;Simples;Curva;-19,94406896;-42,1320258
10/09/2023;15:15:00;NAVIRAI;Velocidade Incompatível;Tombamento;Com Vítimas Feridas;Pleno dia;Crescente;Céu Claro;Simples;"Rotatória;Curva";-23,08074209;-54,2278866
10/09/2023;18:15:00;CABEDELO;Manobra de mudança de faixa;Colisão lateral mesmo sentido;Com Vítimas Feridas;Plena Noite;Decrescente;Céu Claro;Dupla;Reta;-6,9837;-34,8295
10/09/2023;19:50:00;PONTA GROSSA;Manobra de mudança de faixa;Colisão lateral mesmo sentido;Com Vítimas Feridas;Plena Noite;Crescente;Nublado;Dupla;Reta;-25,0372219;-50,29583358
11/09/2023;00:50:00;MAUA DA SERRA;Ausência de reação do condutor;Tombamento;Com Vítimas Feridas;Plena Noite;Decrescente;Vento;Dupla;"Aclive;Curva";-23,93404464;-51,1357677
10/09/2023;19:45:00;SAO JOAO DO ARAGUAIA;Ultrapassagem Indevida;Colisão frontal;Com Vítimas Feridas;Plena Noite;Decrescente;Céu Claro;Simples;Reta;-5,4776494;-48,8577382
11/09/2023;03:15:00;CONTAGEM;Velocidade Incompatível;Colisão traseira;Com Vítimas Feridas;Plena Noite;Crescente;Céu Claro;Múltipla;"Aclive;Reta";-19,96213552;-44,03957605
11/09/2023;05:40:00;TROMBUDO CENTRAL;Acostamento em desnível;Colisão frontal;Com Vítimas Feridas;Pleno dia;Crescente;Céu Claro;Simples;"Curva;Declive";-27,285425;-49,76881
18/05/2023;13:30:00;GENERAL CARNEIRO;Velocidade Incompatível;Tombamento;Com Vítimas Feridas;Pleno dia;Crescente;Sol;Simples;Curva;-15,60456566;-53,11711786
21/07/2023;21:00:00;ITAPEMIRIM;Manobra de mudança de faixa;Colisão frontal;Com Vítimas Feridas;Plena Noite;Decrescente;Nublado;Simples;Reta;-20,89685441;-41,05120897
11/09/2023;09:50:00;VITORIA DA CONQUISTA;Velocidade Incompatível;Colisão traseira;Com Vítimas Feridas;Pleno dia;Crescente;Céu Claro;Simples;Reta;-14,953925;-40,90171301
11/09/2023;07:30:00;FEIRA DE SANTANA;Velocidade Incompatível;Saída de leito carroçável;Com Vítimas Feridas;Pleno dia;Crescente;Chuva;Dupla;Curva;-12,351598;-39,092541
11/09/2023;12:00:00;CUIABA;Manobra de mudança de faixa;Colisão traseira;Sem Vítimas;Pleno dia;Decrescente;Céu Claro;Dupla;Retorno Regulamentado;-15,67014433;-55,95135396
11/09/2023;14:10:00;CASCAVEL;Manobra de mudança de faixa;Colisão lateral mesmo sentido;Com Vítimas Feridas;Pleno dia;Crescente;Céu Claro;Dupla;"Curva;Declive";-24,8897;-53,5525
11/09/2023;16:40:00;BARRA DO CORDA;Manobra de mudança de faixa;Colisão traseira;Com Vítimas Feridas;Pleno dia;Crescente;Céu Claro;Simples;Declive;-5,4412195;-45,05432082
11/09/2023;14:35:00;CASIMIRO DE ABREU;Reação tardia ou ineficiente do condutor;Tombamento;Com Vítimas Feridas;Pleno dia;Crescente;Céu Claro;Dupla;Curva;-22,48133694;-42,22930101
11/09/2023;21:45:00;SATUBA;Ausência de reação do condutor;Tombamento;Com Vítimas Feridas;Plena Noite;Crescente;Chuva;Simples;Rotatória;-9,58810831;-35,87945938
11/09/2023;21:30:00;PIRAI;Curva acentuada;Tombamento;Sem Vítimas;Plena Noite;Crescente;Céu Claro;Simples;Curva;-22,67208078;-43,81789284
11/09/2023;23:40:00;PEDRA BRANCA;Curva acentuada;Tombamento;Com Vítimas Feridas;Plena Noite;Decrescente;Céu Claro;Simples;Curva;-5,52165995;-39,63532448
11/09/2023;21:00:00;ITAITUBA;Ingestão de substâncias psicoativas pelo condutor;Tombamento;Sem Vítimas;Anoitecer;Crescente;Céu Claro;Simples;"Declive;Curva";-6,05507383;-55,67099188
11/09/2023;14:00:00;ITAMARAJU;Velocidade Incompatível;Tombamento;Com Vítimas Feridas;Pleno dia;Decrescente;Céu Claro;Simples;Curva;-17,145519;-39,567648
15/08/2023;01:30:00;ITAGUARA;Velocidade Incompatível;Colisão traseira;Com Vítimas Feridas;Plena Noite;Crescente;Céu Claro;Dupla;Reta;-20,40233189;-44,509134
12/09/2023;07:40:00;ITUIUTABA;Demais falhas mecânicas ou elétricas;Tombamento;Com Vítimas Fatais;Pleno dia;Decrescente;Sol;Simples;Reta;-18,95676504;-49,72167492
12/09/2023;09:30:00;SAO JOSE;Manobra de mudança de faixa;Colisão com objeto;Com Vítimas Feridas;Pleno dia;Crescente;Céu Claro;Múltipla;Reta;-27,6167305;-48,6457265
12/09/2023;09:45:00;SETE LAGOAS;Manobra de mudança de faixa;Colisão traseira;Com Vítimas Feridas;Pleno dia;Decrescente;Céu Claro;Dupla;"Reta;Declive";-19,51363098;-44,27021397
12/09/2023;11:00:00;UBERABA;Velocidade Incompatível;Engavetamento;Com Vítimas Feridas;Pleno dia;Crescente;Céu Claro;Simples;Reta;-19,75979936;-47,79518088
12/09/2023;09:40:00;JUSCIMEIRA;Demais Fenômenos da natureza;Incêndio;Sem Vítimas;Pleno dia;Decrescente;Céu Claro;Dupla;Reta;-16,19634212;-54,78316547
12/09/2023;13:40:00;MUNDO NOVO;Velocidade Incompatível;Tombamento;Com Vítimas Feridas;Pleno dia;Decrescente;Céu Claro;Simples;Curva;-24,04265079;-54,27479982
30/01/2023;18:45:00;MUQUI;Acumulo de areia ou detritos sobre o pavimento;Colisão frontal;Com Vítimas Fatais;Anoitecer;Crescente;Céu Claro;Simples;Reta;-20,8762707;-41,2655823
12/09/2023;17:30:00;GUARAMIRIM;Manobra de mudança de faixa;Colisão lateral mesmo sentido;Sem Vítimas;Pleno dia;Crescente;Nublado;Dupla;"Rotatória;Reta";-26,47584353;-48,9937858
12/09/2023;18:10:00;URUGUAIANA;Ausência de sinalização;Colisão lateral mesmo sentido;Sem Vítimas;Anoitecer;Decrescente;Chuva;Simples;Rotatória;-29,76580017;-57,00834791
12/09/2023;16:30:00;TERESOPOLIS;Ultrapassagem Indevida;Colisão lateral mesmo sentido;Com Vítimas Feridas;Pleno dia;Crescente;Céu Claro;Simples;"Em Obras;Desvio Temporário;Reta";-22,4065491;-42,95136745
12/09/2023;16:00:00;SAO FRANCISCO DO SUL;Ultrapassagem Indevida;Colisão lateral mesmo sentido;Com Vítimas Feridas;Pleno dia;Decrescente;Céu Claro;Simples;Reta;-26,23513098;-48,62815601
12/09/2023;14:20:00;AGUA DOCE;Acumulo de óleo sobre o pavimento;Colisão traseira;Com Vítimas Feridas;Pleno dia;Crescente;Nublado;Simples;"Declive;Reta";-26,721537;-51,624969
12/09/2023;21:00:00;RIO GRANDE;Falta de elemento de contenção que evite a saída do leito carroçável;Saída de leito carroçável;Com Vítimas Feridas;Plena Noite;Decrescente;Chuva;Dupla;Reta;-31,95866831;-52,30517018
12/09/2023;18:45:00;CRISTINAPOLIS;Pista esburacada;Queda de ocupante de veículo;Sem Vítimas;Plena Noite;Crescente;Céu Claro;Simples;"Curva;Declive";-11,45004803;-37,73745006
12/09/2023;20:30:00;BELO ORIENTE;Manobra de mudança de faixa;Colisão lateral mesmo sentido;Com Vítimas Feridas;Plena Noite;Decrescente;Céu Claro;Simples;Reta;-19,27970018;-42,35704964
12/09/2023;23:30:00;RIBEIRAO;Velocidade Incompatível;Tombamento;Com Vítimas Feridas;Plena Noite;Decrescente;Nublado;Dupla;Declive;-8,47458903;-35,37134167
13/09/2023;02:00:00;CARUARU;Velocidade Incompatível;Saída de leito carroçável;Com Vítimas Feridas;Plena Noite;Crescente;Chuva;Dupla;Reta;-8,30193507;-35,98092002
13/09/2023;03:00:00;PALMEIRAS;Velocidade Incompatível;Saída de leito carroçável;Com Vítimas Feridas;Plena Noite;Crescente;Nevoeiro/Neblina;Simples;Curva;-12,46398002;-41,46096001
13/09/2023;06:27:00;SANTO ANTONIO DO AMPARO;Velocidade Incompatível;Tombamento;Com Vítimas Feridas;Pleno dia;Decrescente;Céu Claro;Dupla;"Curva;Aclive";-20,98384831;-44,94479972
13/09/2023;05:50:00;SANTO ANTONIO DO GRAMA;Ultrapassagem Indevida;Colisão frontal;Com Vítimas Feridas;Amanhecer;Crescente;Nublado;Simples;Reta;-20,27926627;-42,56412506
13/09/2023;08:55:00;PARACAMBI;Manobra de mudança de faixa;Tombamento;Com Vítimas Feridas;Pleno dia;Crescente;Céu Claro;Dupla;Curva;-22,67208078;-43,81789284
13/09/2023;10:35:00;FRANCISCO SA;Ultrapassagem Indevida;Colisão frontal;Com Vítimas Feridas;Pleno dia;Crescente;Céu Claro;Simples;"Curva;Declive";-16,47174429;-43,46596604
13/09/2023;15:15:00;NOSSA SENHORA DO SOCORRO;Manobra de mudança de faixa;Colisão lateral mesmo sentido;Com Vítimas Feridas;Pleno dia;Decrescente;Céu Claro;Dupla;"Reta;Aclive";-10,88958218;-37,13256719
13/09/2023;14:40:00;PALMEIRA;Ultrapassagem Indevida;Colisão frontal;Com Vítimas Feridas;Pleno dia;Crescente;Céu Claro;Simples;"Reta;Declive";-25,4617584;-50,22090389