data_inversa;horario;municipio;causa_acidente;tipo_acidente;classificacao_acidente;fase_dia;sentido_via;condicao_metereologica;tipo_pista;tracado_via;latitude;longitude
13/09/2023;07:00:00;ITAPECURU MIRIM;Reação tardia ou ineficiente do condutor;Tombamento;Sem Vítimas;Pleno dia;Decrescente;Céu Claro;Simples;Reta;-3,48622006;-44,53885486
13/09/2023;12:10:00;ARIQUEMES;Ultrapassagem Indevida;Colisão traseira;Com Vítimas Feridas;Pleno dia;Crescente;Sol;Simples;Reta;-9,77171898;-63,09272491
13/09/2023;16:30:00;SAO JOAO DO SUL;Velocidade Incompatível;Colisão com objeto;Com Vítimas Feridas;Pleno dia;Decrescente;Chuva;Dupla;Reta;-29,24416898;-49,7543335
13/09/2023;18:20:00;SAO LUIZ GONZAGA;Velocidade Incompatível;Colisão lateral sentido oposto;Com Vítimas Feridas;Anoitecer;Decrescente;Chuva;Simples;"Reta;Declive";-28,406292;-54,611805
09/09/2023;06:35:00;EUNAPOLIS;Velocidade Incompatível;Saída de leito carroçável;Com Vítimas Feridas;Pleno dia;Crescente;Garoa/Chuvisco;Simples;"Reta;Aclive";-16,201705;-39,605286
13/09/2023;23:00:00;ORTIGUEIRA;Velocidade Incompatível;Colisão frontal;Com Vítimas Feridas;Plena Noite;Decrescente;Nevoeiro/Neblina;Múltipla;"Curva;Declive";-24,10226312;-51,04241024
14/09/2023;01:15:00;SANTOS DUMONT;Condutor Dormindo;Tombamento;Com Vítimas Fatais;Plena Noite;Crescente;Ignorado;Simples;"Curva;Declive;Viaduto";-21,41562494;-43,56352376
14/09/2023;03:50:00;CAMPINA GRANDE DO SUL;Ausência de reação do condutor;Tombamento;Com Vítimas Feridas;Plena Noite;Decrescente;Nublado;Dupla;Curva;-25,06368403;-48,57051896
14/09/2023;00:45:00;CARMOPOLIS DE MINAS;Condutor Dormindo;Tombamento;Sem Vítimas;Plena Noite;Decrescente;Nublado;Dupla;"Declive;Reta";-20,60240897;-44,71738265
14/09/2023;06:30:00;PALMEIRAS;Ausência de reação do condutor;Tombamento;Com Vítimas Feridas;Amanhecer;Decrescente;Céu Claro;Simples;Curva;-12,43834712;-41,50300952
14/09/2023;08:00:00;CARATINGA;Manobra de mudança de faixa;Tombamento;Com Vítimas Feridas;Pleno dia;Decrescente;Nublado;Dupla;Reta;-19,78510701;-42,13445297
14/09/2023;08:00:00;LAPA;Reação tardia ou ineficiente do condutor;Tombamento;Com Vítimas Feridas;Pleno dia;Crescente;Sol;Simples;Reta;-25,885603;-50,182251
14/09/2023;12:00:00;MURIBECA;Acumulo de areia ou detritos sobre o pavimento;Tombamento;Com Vítimas Fatais;Pleno dia;Crescente;Nublado;Dupla;"Declive;Reta;Em Obras";-10,41385308;-36,92027362
14/09/2023;12:30:00;PONTA GROSSA;Velocidade Incompatível;Colisão traseira;Com Vítimas Feridas;Pleno dia;Crescente;Céu Claro;Dupla;"Declive;Reta";-25,1068071;-50,1924777
14/09/2023;15:50:00;ABADIA DE GOIAS;Velocidade Incompatível;Colisão traseira;Com Vítimas Feridas;Pleno dia;Decrescente;Sol;Dupla;"Reta;Aclive";-16,7638;-49,466
14/09/2023;13:30:00;DUQUE DE CAXIAS;Carga excessiva e/ou mal acondicionada;Tombamento;Com Vítimas Feridas;Pleno dia;Decrescente;Garoa/Chuvisco;Dupla;Curva;-22,5554282;-43,25829998
14/09/2023;14:20:00;JOINVILLE;Manobra de mudança de faixa;Colisão lateral mesmo sentido;Com Vítimas Feridas;Pleno dia;Crescente;Céu Claro;Dupla;Curva;-26,41319508;-48,83617332
14/09/2023;17:27:00;RECIFE;Reação tardia ou ineficiente do condutor;Tombamento;Com Vítimas Fatais;Anoitecer;Crescente;Céu Claro;Múltipla;Reta;-8,00800604;-34,93756535
14/09/2023;17:00:00;CRISTALINA;Velocidade Incompatível;Tombamento;Com Vítimas Feridas;Pleno dia;Decrescente;Céu Claro;Simples;Curva;-16,7534623;-47,6038922
14/09/2023;16:30:00;IVINHEMA;Ausência de reação do condutor;Tombamento;Sem Vítimas;Anoitecer;Crescente;Céu Claro;Simples;"Declive;Reta";-22,33644658;-53,76125686
14/09/2023;12:30:00;PONTA GROSSA;Velocidade Incompatível;Colisão lateral mesmo sentido;Com Vítimas Feridas;Pleno dia;Crescente;Sol;Dupla;Reta;-25,10465214;-50,19531012
14/09/2023;08:10:00;RIO DO ANTONIO;Manobra de mudança de faixa;Colisão lateral mesmo sentido;Com Vítimas Fatais;Pleno dia;Decrescente;Céu Claro;Simples;Reta;-14,20960002;-42,033958
13/09/2023;04:00:00;MUQUEM DE SAO FRANCISCO;Reação tardia ou ineficiente do condutor;Tombamento;Com Vítimas Feridas;Plena Noite;Decrescente;Céu Claro;Simples;Reta;-12,22968473;-43,90421599
12/08/2023;00:30:00;JUSSARA;Condutor Dormindo;Tombamento;Com Vítimas Fatais;Plena Noite;Decrescente;Céu Claro;Simples;Declive;-15,93010895;-51,22680187
14/09/2023;19:20:00;MORRETES;Manobra de mudança de faixa;Colisão traseira;Com Vítimas Feridas;Plena Noite;Crescente;Nublado;Dupla;"Aclive;Curva";-25,58236192;-48,86961092
14/09/2023;17:00:00;MANGARATIBA;Velocidade Incompatível;Saída de leito carroçável;Com Vítimas Feridas;Pleno dia;Crescente;Chuva;Simples;Curva;-22,91666975;-43,93080593
14/09/2023;20:55:00;UBERLANDIA;Velocidade Incompatível;Saída de leito carroçável;Com Vítimas Feridas;Plena Noite;Crescente;Chuva;Dupla;"Declive;Curva";-18,83461207;-48,24970007
14/09/2023;18:30:00;PORTO SEGURO;Manobra de mudança de faixa;Colisão frontal;Com Vítimas Feridas;Plena Noite;Decrescente;Céu Claro;Simples;Reta;-16,38808224;-39,36613702
14/09/2023;15:45:00;CURACA;Velocidade Incompatível;Tombamento;Com Vítimas Feridas;Pleno dia;Crescente;Sol;Simples;"Curva;Rotatória";-9,621853;-39,813642
14/09/2023;18:55:00;CAMPO FLORIDO;Ultrapassagem Indevida;Colisão frontal;Com Vítimas Feridas;Plena Noite;Crescente;Céu Claro;Simples;Reta;-19,603078;-48,835427
14/09/2023;22:00:00;RONDONOPOLIS;Manobra de mudança de faixa;Colisão lateral mesmo sentido;Com Vítimas Feridas;Plena Noite;Crescente;Céu Claro;Dupla;Reta;-16,48347324;-54,64970354
14/09/2023;22:40:00;EXTREMA;Velocidade Incompatível;Colisão com objeto;Com Vítimas Feridas;Plena Noite;Decrescente;Chuva;Dupla;Reta;-22,86021873;-46,34260711
15/09/2023;05:50:00;SERRA;Manobra de mudança de faixa;Colisão lateral mesmo sentido;Com Vítimas Feridas;Pleno dia;Crescente;Nublado;Dupla;Reta;-20,1572331;-40,27678329
15/09/2023;04:20:00;TRES MARIAS;Velocidade Incompatível;Tombamento;Com Vítimas Fatais;Plena Noite;Crescente;Céu Claro;Simples;"Curva;Declive";-18,51247005;-45,07802246
15/09/2023;08:30:00;SANTA RITA DE MINAS;Velocidade Incompatível;Tombamento;Com Vítimas Feridas;Pleno dia;Decrescente;Céu Claro;Simples;Curva;-19,88240027;-42,13242591
30/08/2023;15:40:00;BEBERIBE;Manobra de mudança de faixa;Colisão frontal;Com Vítimas Fatais;Pleno dia;Decrescente;Céu Claro;Dupla;Reta;-4,58587513;-38,05851
15/09/2023;09:10:00;JACIARA;Velocidade Incompatível;Saída de leito carroçável;Com Vítimas Feridas;Pleno dia;Decrescente;Céu Claro;Dupla;Curva;-15,90147129;-55,05706072
11/08/2023;07:00:00;SAPUCAIA;Curva acentuada;Tombamento;Com Vítimas Feridas;Pleno dia;Crescente;Céu Claro;Simples;Curva;-21,98953084;-42,90298998
15/09/2023;10:45:00;NOVA LARANJEIRAS;Velocidade Incompatível;Tombamento;Com Vítimas Feridas;Pleno dia;Crescente;Sol;Simples;"Declive;Curva";-25,35433409;-52,48223603
15/09/2023;09:10:00;LAVRAS;Velocidade Incompatível;Tombamento;Com Vítimas Feridas;Pleno dia;Decrescente;Nublado;Simples;"Curva;Aclive";-21,21737985;-45,1265452
15/09/2023;13:02:00;NOVA LARANJEIRAS;Velocidade Incompatível;Tombamento;Sem Vítimas;Pleno dia;Decrescente;Sol;Simples;"Declive;Curva;Ponte";-25,30492452;-52,5592804
13/08/2023;12:40:00;MAGE;Manobra de mudança de faixa;Colisão lateral sentido oposto;Sem Vítimas;Pleno dia;Decrescente;Céu Claro;Simples;Reta;-22,66434888;-43,00014505
15/09/2023;15:20:00;ANTONIO OLINTO;Velocidade Incompatível;Engavetamento;Com Vítimas Feridas;Pleno dia;Decrescente;Céu Claro;Simples;"Reta;Em Obras;Declive";-25,888903;-50,216633
15/09/2023;12:30:00;NOVO LINO;Velocidade Incompatível;Tombamento;Com Vítimas Feridas;Pleno dia;Crescente;Sol;Dupla;Curva;-8,90455804;-35,63722012
15/09/2023;15:30:00;IBAITI;Velocidade Incompatível;Saída de leito carroçável;Com Vítimas Feridas;Pleno dia;Crescente;Céu Claro;Simples;"Curva;Declive";-23,91812302;-50,22862199
15/09/2023;17:45:00;CAMPOS DOS GOYTACAZES;Ultrapassagem Indevida;Colisão transversal;Com Vítimas Feridas;Anoitecer;Crescente;Nublado;Simples;"Interseção de Vias;Rotatória";-21,75371806;-41,344292
15/09/2023;16:15:00;VILHENA;Manobra de mudança de faixa;Tombamento;Com Vítimas Feridas;Pleno dia;Crescente;Céu Claro;Simples;Aclive;-12,50461682;-60,479963
15/09/2023;22:00:00;DIAMANTINO;Ausência de reação do condutor;Tombamento;Com Vítimas Feridas;Plena Noite;Crescente;Céu Claro;Simples;Reta;-14,36459123;-56,14081519
15/09/2023;21:00:00;DIVINO;Velocidade Incompatível;Colisão frontal;Com Vítimas Feridas;Plena Noite;Crescente;Chuva;Simples;Curva;-20,61019609;-42,21031063
16/09/2023;02:20:00;SANTA LUZIA;Velocidade Incompatível;Saída de leito carroçável;Com Vítimas Feridas;Plena Noite;Decrescente;Céu Claro;Simples;"Aclive;Reta";-19,82470843;-43,82220984
16/09/2023;01:00:00;TIBAGI;Velocidade Incompatível;Colisão com objeto;Sem Vítimas;Plena Noite;Decrescente;Céu Claro;Dupla;"Curva;Aclive";-24,89647103;-50,42823003
16/09/2023;12:35:00;JAGUARE;Velocidade Incompatível;Colisão traseira;Com Vítimas Feridas;Pleno dia;Decrescente;Nublado;Simples;"Reta;Aclive";-18,92266916;-39,96785068
16/09/2023;13:30:00;SORRISO;Faixas de trânsito com largura insuficiente;Colisão traseira;Com Vítimas Feridas;Pleno dia;Decrescente;Céu Claro;Dupla;Rotatória;-12,7007392;-55,81389079
16/09/2023;10:50:00;CAMPOS ALTOS;Ultrapassagem Indevida;Colisão lateral mesmo sentido;Com Vítimas Feridas;Pleno dia;Decrescente;Céu Claro;Simples;Curva;-19,65778399;-46,08627319
16/09/2023;11:05:00;IBAITI;Velocidade Incompatível;Tombamento;Com Vítimas Feridas;Pleno dia;Decrescente;Céu Claro;Simples;Curva;-23,96870233;-50,23573101
15/09/2023;15:50:00;TRAIRAO;Reação tardia ou ineficiente do condutor;Tombamento;Com Vítimas Feridas;Pleno dia;Crescente;Céu Claro;Simples;Curva;-4,73343252;-56,04523015
16/09/2023;18:10:00;BELTERRA;Reação tardia ou ineficiente do condutor;Tombamento;Sem Vítimas;Anoitecer;Crescente;Céu Claro;Simples;"Reta;Declive";-3,009095;-54,930395
16/09/2023;17:30:00;BELTERRA;Manobra de mudança de faixa;Colisão lateral sentido oposto;Sem Vítimas;Pleno dia;Crescente;Céu Claro;Simples;Reta;-2,86440082;-54,90329019
17/09/2023;08:17:00;ITABIRITO;Manobra de mudança de faixa;Colisão lateral mesmo sentido;Sem Vítimas;Pleno dia;Crescente;Céu Claro;Simples;Reta;-20,26485707;-43,9573481
17/09/2023;09:10:00;JAGUAQUARA;Ultrapassagem Indevida;Saída de leito carroçável;Com Vítimas Feridas;Pleno dia;Crescente;Céu Claro;Simples;Reta;-13,55599586;-40,07502733
04/08/2023;10:55:00;CARAZINHO;Velocidade Incompatível;Tombamento;Com Vítimas Feridas;Pleno dia;Crescente;Céu Claro;Simples;"Aclive;Curva";-28,30301099;-52,74321556
01/09/2023;08:50:00;PARANAIBA;Ultrapassagem Indevida;Colisão lateral mesmo sentido;Sem Vítimas;Pleno dia;Crescente;Céu Claro;Simples;Curva;-19,37081711;-51,44798514
17/09/2023;14:00:00;PORANGATU;Manobra de mudança de faixa;Colisão lateral mesmo sentido;Com Vítimas Feridas;Pleno dia;Crescente;Nublado;Simples;Reta;-13,25914;-49,135551
17/09/2023;13:30:00;MIRACATU;Manobra de mudança de faixa;Colisão lateral mesmo sentido;Com Vítimas Feridas;Pleno dia;Decrescente;Céu Claro;Dupla;Reta;-24,08289401;-47,25237399
17/09/2023;16:20:00;SAO CRISTOVAO;Manobra de mudança de faixa;Colisão lateral mesmo sentido;Com Vítimas Feridas;Pleno dia;Decrescente;Sol;Dupla;Reta;-10,96046958;-37,25352078
17/09/2023;16:30:00;ABADIANIA;Ingestão de álcool pelo condutor;Tombamento;Sem Vítimas;Pleno dia;Crescente;Nublado;Dupla;"Reta;Aclive";-16,2774;-48,7864
24/08/2023;15:00:00;MONTES CLAROS;Pista Escorregadia;Colisão frontal;Com Vítimas Feridas;Pleno dia;Crescente;Chuva;Simples;"Declive;Curva";-16,856837;-44,045257
17/09/2023;15:10:00;EUNAPOLIS;Velocidade Incompatível;Tombamento;Com Vítimas Feridas;Pleno dia;Decrescente;Céu Claro;Simples;"Curva;Declive";-16,22940098;-39,5977231
17/09/2023;20:00:00;AGUA CLARA;Acostamento em desnível;Tombamento;Com Vítimas Feridas;Plena Noite;Decrescente;Chuva;Simples;"Aclive;Reta";-20,51171349;-52,6447039
17/09/2023;21:30:00;SANTA LUZIA;Velocidade Incompatível;Saída de leito carroçável;Com Vítimas Feridas;Plena Noite;Decrescente;Céu Claro;Simples;"Curva;Declive";-4,109833;-45,96782
17/09/2023;18:25:00;SABARA;Velocidade Incompatível;Tombamento;Com Vítimas Feridas;Anoitecer;Crescente;Céu Claro;Simples;Declive;-19,78750571;-43,73981096
18/09/2023;04:00:00;CUSTODIA;Condutor Dormindo;Tombamento;Com Vítimas Feridas;Plena Noite;Crescente;Ignorado;Simples;"Reta;Aclive";-8,08583603;-37,69469399
17/09/2023;19:30:00;AGUA BOA;Reação tardia ou ineficiente do condutor;Tombamento;Sem Vítimas;Plena Noite;Crescente;Céu Claro;Simples;Reta;-14,49276784;-52,28569031
18/09/2023;07:00:00;RIACHAO DO JACUIPE;Chuva;Colisão transversal;Com Vítimas Fatais;Pleno dia;Crescente;Chuva;Simples;Reta;-11,81278836;-39,38462896
18/09/2023;09:00:00;MACAIBA;Manobra de mudança de faixa;Colisão frontal;Com Vítimas Feridas;Pleno dia;Decrescente;Chuva;Simples;Reta;-5,8711714;-35,42930088
17/09/2023;17:20:00;ITAUBA;Ultrapassagem Indevida;Saída de leito carroçável;Sem Vítimas;Anoitecer;Decrescente;Nublado;Simples;"Reta;Declive";-11,08111625;-55,2857746
18/09/2023;12:30:00;PORTO ALEGRE;Manobra de mudança de faixa;Colisão lateral mesmo sentido;Com Vítimas Feridas;Pleno dia;Decrescente;Nublado;Múltipla;Reta;-29,96822646;-51,1208868
18/09/2023;11:45:00;JOACABA;Velocidade Incompatível;Colisão traseira;Com Vítimas Feridas;Pleno dia;Crescente;Céu Claro;Simples;Reta;-27,139378;-51,621956
18/09/2023;12:45:00;AQUIDAUANA;Velocidade Incompatível;Tombamento;Com Vítimas Feridas;Pleno dia;Decrescente;Sol;Simples;"Curva;Declive";-20,40192322;-56,08028022
10/09/2023;16:45:00;JOINVILLE;Manobra de mudança de faixa;Colisão lateral mesmo sentido;Com Vítimas Feridas;Pleno dia;Decrescente;Nublado;Múltipla;Reta;-26,19234802;-48,91210384
14/09/2023;15:10:00;NOVA IGUACU;Manobra de mudança de faixa;Colisão lateral mesmo sentido;Sem Vítimas;Pleno dia;Decrescente;Nublado;Múltipla;Reta;-22,7516014;-43,43849831
18/09/2023;18:10:00;POUSO REDONDO;Ultrapassagem Indevida;Colisão frontal;Com Vítimas Fatais;Plena Noite;Crescente;Garoa/Chuvisco;Simples;Reta;-27,27469593;-49,85539123
18/09/2023;12:30:00;COLORADO DO OESTE;Velocidade Incompatível;Saída de leito carroçável;Com Vítimas Feridas;Pleno dia;Decrescente;Céu Claro;Simples;"Curva;Declive";-13,1021662;-60,41098797
18/09/2023;19:30:00;EXTREMA;Velocidade Incompatível;Colisão com objeto;Com Vítimas Feridas;Plena Noite;Crescente;Chuva;Dupla;Reta;-22,81315371;-46,29045367
18/09/2023;20:45:00;MACEIO;Manobra de mudança de faixa;Colisão lateral mesmo sentido;Sem Vítimas;Plena Noite;Crescente;Chuva;Simples;"Aclive;Curva";-9,57220905;-35,80237505
18/09/2023;19:00:00;TRES LAGOAS;Ultrapassagem Indevida;Colisão frontal;Com Vítimas Fatais;Plena Noite;Crescente;Céu Claro;Simples;Aclive;-20,76860444;-51,99613585
18/09/2023;22:00:00;JOINVILLE;Carga excessiva e/ou mal acondicionada;Tombamento;Com Vítimas Feridas;Plena Noite;Crescente;Nublado;Múltipla;"Curva;Aclive";-26,31588235;-48,87388229
18/09/2023;21:25:00;SAO JOSE DO CERRITO;Velocidade Incompatível;Tombamento;Com Vítimas Feridas;Plena Noite;Crescente;Céu Claro;Simples;"Curva;Declive";-27,73618713;-50,51728249
18/09/2023;22:00:00;ROLANDIA;Ultrapassagem Indevida;Colisão lateral mesmo sentido;Com Vítimas Feridas;Plena Noite;Decrescente;Céu Claro;Simples;"Interseção de Vias;Reta";-23,31277626;-51,37279451
18/09/2023;21:10:00;CACERES;Declive acentuado;Saída de leito carroçável;Com Vítimas Feridas;Plena Noite;Crescente;Céu Claro;Simples;"Declive;Reta";-16,243491;-57,545637
18/09/2023;20:55:00;SORRISO;Acumulo de óleo sobre o pavimento;Colisão lateral mesmo sentido;Com Vítimas Feridas;Plena Noite;Crescente;Chuva;Simples;Reta;-12,454615;-55,66351
14/09/2023;05:50:00;TEOLANDIA;Velocidade Incompatível;Saída de leito carroçável;Sem Vítimas;Amanhecer;Crescente;Nublado;Simples;"Curva;Declive";-13,60217799;-39,48125839
19/09/2023;02:17:00;RIO GRANDE;Manobra de mudança de faixa;Colisão transversal;Com Vítimas Feridas;Plena Noite;Decrescente;Nublado;Simples;Reta;-32,07687877;-52,10166627
19/09/2023;02:40:00;TIMOTEO;Velocidade Incompatível;Colisão traseira;Com Vítimas Feridas;Plena Noite;Crescente;Céu Claro;Simples;Curva;-19,52401425;-42,65022799
19/09/2023;06:45:00;TAUBATE;Velocidade Incompatível;Colisão traseira;Com Vítimas Feridas;Pleno dia;Decrescente;Céu Claro;Dupla;Reta;-23,03887149;-45,56097419
19/09/2023;01:40:00;PARACAMBI;Curva acentuada;Tombamento;Sem Vítimas;Plena Noite;Decrescente;Céu Claro;Dupla;Curva;-22,68709335;-43,81058612
19/09/2023;09:50:00;RIO NOVO DO SUL;Problema na suspensão;Tombamento;Com Vítimas Feridas;Pleno dia;Crescente;Sol;Simples;Curva;-20,85689511;-40,8767812
13/09/2023;21:30:00;PRESIDENTE MEDICI;Acostamento em desnível;Saída de leito carroçável;Sem Vítimas;Plena Noite;Crescente;Garoa/Chuvisco;Simples;Reta;-11,262843;-61,90205
19/09/2023;13:20:00;SARANDI;Manobra de mudança de faixa;Colisão lateral mesmo sentido;Com Vítimas Feridas;Pleno dia;Crescente;Céu Claro;Dupla;Reta;-23,43727145;-51,87849283
19/09/2023;13:55:00;BOM JESUS DO AMPARO;Velocidade Incompatível;Saída de leito carroçável;Com Vítimas Feridas;Pleno dia;Crescente;Céu Claro;Dupla;"Curva;Em Obras;Declive";-19,75621517;-43,47246139
19/09/2023;13:40:00;SINOP;Manobra de mudança de faixa;Colisão lateral mesmo sentido;Com Vítimas Feridas;Pleno dia;Decrescente;Sol;Dupla;Reta;-11,91;-55,508
19/09/2023;14:45:00;CAETANOPOLIS;Velocidade Incompatível;Saída de leito carroçável;Com Vítimas Feridas;Pleno dia;Crescente;Céu Claro;Dupla;Reta;-19,301651;-44,377922
19/09/2023;15:20:00;JAGUARARI;Ultrapassagem Indevida;Colisão frontal;Com Vítimas Feridas;Pleno dia;Crescente;Céu Claro;Simples;Aclive;-10,22018224;-40,21285144
18/09/2023;14:20:00;GARIBALDI;Manobra de mudança de faixa;Colisão lateral mesmo sentido;Com Vítimas Feridas;Pleno dia;Decrescente;Garoa/Chuvisco;Simples;"Curva;Aclive;Em Obras";-29,25901777;-51,50883508
06/09/2023;19:00:00;SAO LUIZ DO NORTE;Deficiência do Sistema de Iluminação/Sinalização;Colisão transversal;Com Vítimas Fatais;Plena Noite;Decrescente;Céu Claro;Simples;"Reta;Interseção de Vias";-14,948179;-49,375813
19/09/2023;15:20:00;TIMON;Manobra de mudança de faixa;Tombamento;Com Vítimas Feridas;Pleno dia;Crescente;Céu Claro;Dupla;Rotatória;-5,072684;-42,868118
19/09/2023;09:15:00;JULIO DE CASTILHOS;Reação tardia ou ineficiente do condutor;Tombamento;Com Vítimas Feridas;Pleno dia;Crescente;Nevoeiro/Neblina;Simples;Reta;-29,27472094;-53,66884035
19/09/2023;13:00:00;CATUJI;Manobra de mudança de faixa;Colisão lateral mesmo sentido;Com Vítimas Feridas;Pleno dia;Crescente;Céu Claro;Simples;"Curva;Aclive";-17,37337121;-41,53059483
19/09/2023;19:10:00;ENTRE RIOS;Velocidade Incompatível;Colisão frontal;Com Vítimas Fatais;Plena Noite;Decrescente;Céu Claro;Simples;Reta;-11,96567431;-38,15393102
19/09/2023;17:20:00;SINOP;Carga excessiva e/ou mal acondicionada;Derramamento de carga;Sem Vítimas;Anoitecer;Decrescente;Céu Claro;Simples;Reta;-11,853862;-55,49341
19/09/2023;19:20:00;SAO JOSE DOS PINHAIS;Chuva;Colisão lateral mesmo sentido;Com Vítimas Feridas;Plena Noite;Crescente;Chuva;Dupla;Reta;-25,57583659;-49,17953679
19/09/2023;13:40:00;PRIMAVERA DO LESTE;Ausência de reação do condutor;Tombamento;Com Vítimas Feridas;Pleno dia;Decrescente;Céu Claro;Simples;Reta;-15,58838098;-54,19001374
19/09/2023;16:00:00;ARATACA;Velocidade Incompatível;Capotamento;Com Vítimas Fatais;Pleno dia;Crescente;Céu Claro;Simples;Curva;-15,29360303;-39,48744897
19/09/2023;23:00:00;RIO CASCA;Iluminação deficiente;Colisão transversal;Com Vítimas Feridas;Plena Noite;Crescente;Nublado;Simples;Reta;-20,21312389;-42,65721909
20/09/2023;06:00:00;TAQUARITINGA DO NORTE;Pista Escorregadia;Colisão com objeto;Com Vítimas Feridas;Amanhecer;Crescente;Garoa/Chuvisco;Simples;Reta;-7,923709;-36,116184
16/09/2023;12:36:00;ITAQUIRAI;Demais falhas mecânicas ou elétricas;Tombamento;Com Vítimas Feridas;Pleno dia;Crescente;Céu Claro;Simples;"Declive;Reta";-23,30753605;-54,22191632
16/09/2023;10:20:00;CAMPO GRANDE;Ausência de reação do condutor;Tombamento;Com Vítimas Feridas;Pleno dia;Decrescente;Céu Claro;Simples;Reta;-20,75951198;-54,53107192
20/09/2023;09:30:00;PETROPOLIS;Velocidade Incompatível;Tombamento;Com Vítimas Feridas;Pleno dia;Crescente;Céu Claro;Simples;"Curva;Declive";-22,51915769;-43,22872281
20/09/2023;07:00:00;IBOTIRAMA;Velocidade Incompatível;Colisão lateral mesmo sentido;Com Vítimas Feridas;Pleno dia;Crescente;Céu Claro;Simples;Aclive;-12,15672294;-43,18486735
20/09/2023;08:45:00;SANTA CECILIA;Velocidade Incompatível;Tombamento;Com Vítimas Feridas;Pleno dia;Crescente;Céu Claro;Simples;Rotatória;-26,90777447;-50,44120314
14/03/2023;14:00:00;CAMPOS DE JULIO;Ultrapassagem Indevida;Colisão frontal;Com Vítimas Fatais;Pleno dia;Decrescente;Céu Claro;Simples;Reta;-13,7923679;-59,4290095
20/09/2023;12:10:00;JAGUAQUARA;Falta de acostamento;Colisão lateral sentido oposto;Sem Vítimas;Pleno dia;Crescente;Céu Claro;Simples;"Declive;Reta";-13,35700606;-40,01713362
20/09/2023;11:45:00;RIO MANSO;Manobra de mudança de faixa;Colisão traseira;Com Vítimas Feridas;Pleno dia;Decrescente;Céu Claro;Dupla;"Reta;Aclive";-20,30272561;-44,44474427
15/04/2023;18:00:00;TIMON;Manobra de mudança de faixa;Colisão lateral sentido oposto;Com Vítimas Fatais;Plena Noite;Crescente;Céu Claro;Simples;Reta;-5,014564;-42,997887
20/09/2023;09:00:00;SAO DOMINGOS DO PRATA;Velocidade Incompatível;Saída de leito carroçável;Com Vítimas Fatais;Pleno dia;Decrescente;Céu Claro;Simples;"Curva;Declive";-19,99113399;-42,79060753
20/09/2023;16:00:00;CEZARINA;Velocidade Incompatível;Colisão traseira;Com Vítimas Feridas;Pleno dia;Crescente;Céu Claro;Dupla;Reta;-17,0757;-49,8215
20/09/2023;12:50:00;PADRE CARVALHO;Velocidade Incompatível;Tombamento;Com Vítimas Feridas;Pleno dia;Decrescente;Céu Claro;Simples;"Curva;Aclive";-16,27666394;-42,55328994
20/09/2023;16:40:00;RIO NOVO DO SUL;Velocidade Incompatível;Saída de leito carroçável;Com Vítimas Feridas;Pleno dia;Decrescente;Céu Claro;Simples;Curva;-20,84290625;-40,87422184
20/09/2023;20:40:00;LAVRAS;Velocidade Incompatível;Tombamento;Com Vítimas Feridas;Plena Noite;Crescente;Céu Claro;Dupla;Reta;-21,28522379;-45,14051435
20/09/2023;16:00:00;TERRA NOVA DO NORTE;Ultrapassagem Indevida;Colisão lateral sentido oposto;Com Vítimas Feridas;Pleno dia;Decrescente;Céu Claro;Simples;"Aclive;Reta";-10,7481159;-55,14584334
24/08/2023;15:30:00;MONTES CLAROS;Velocidade Incompatível;Tombamento;Com Vítimas Feridas;Pleno dia;Decrescente;Chuva;Simples;Reta;-16,83452;-43,943562
21/09/2023;04:30:00;CAMPOS DOS GOYTACAZES;Velocidade Incompatível;Tombamento;Com Vítimas Feridas;Plena Noite;Decrescente;Céu Claro;Dupla;Curva;-21,82667291;-41,48736902
21/09/2023;08:30:00;BETIM;Manobra de mudança de faixa;Colisão lateral mesmo sentido;Com Vítimas Feridas;Pleno dia;Decrescente;Céu Claro;Múltipla;"Aclive;Reta";-19,96502819;-44,17422195
21/09/2023;11:10:00;MESSIAS;Velocidade Incompatível;Saída de leito carroçável;Sem Vítimas;Pleno dia;Decrescente;Chuva;Dupla;Curva;-9,30153295;-35,82114728
21/09/2023;11:00:00;MAGE;Avarias e/ou desgaste excessivo no pneu;Tombamento;Sem Vítimas;Pleno dia;Crescente;Sol;Dupla;Reta;-22,65156898;-43,07769901
09/04/2023;22:40:00;GUARAPUAVA;Reação tardia ou ineficiente do condutor;Tombamento;Com Vítimas Feridas;Plena Noite;Decrescente;Céu Claro;Dupla;"Curva;Declive";-25,37175406;-51,32074356
11/07/2023;13:10:00;CAMPO MAIOR;Manobra de mudança de faixa;Colisão frontal;Com Vítimas Feridas;Pleno dia;Crescente;Céu Claro;Simples;Reta;-4,768979;-42,113426
21/09/2023;10:00:00;EXTREMA;Velocidade Incompatível;Tombamento;Com Vítimas Feridas;Pleno dia;Decrescente;Céu Claro;Dupla;"Curva;Declive";-22,83909203;-46,32850893
21/09/2023;15:15:00;OLIVEIRA FORTES;Reação tardia ou ineficiente do condutor;Tombamento;Com Vítimas Feridas;Pleno dia;Crescente;Céu Claro;Dupla;"Curva;Declive";-21,33378994;-43,5866212
21/09/2023;14:10:00;MEDINA;Demais falhas mecânicas ou elétricas;Tombamento;Com Vítimas Feridas;Pleno dia;Crescente;Sol;Simples;"Declive;Reta";-16,41007208;-41,47875196