data_inversa;horario;municipio;causa_acidente;tipo_acidente;classificacao_acidente;fase_dia;sentido_via;condicao_metereologica;tipo_pista;tracado_via;latitude;longitude
21/09/2023;11:30:00;PEDRA PRETA;Reação tardia ou ineficiente do condutor;Tombamento;Com Vítimas Feridas;Pleno dia;Crescente;Céu Claro;Simples;"Curva;Declive";-16,786118;-54,167498
21/09/2023;12:20:00;SANTO ANTONIO DO LEVERGER;Reação tardia ou ineficiente do condutor;Tombamento;Com Vítimas Feridas;Pleno dia;Crescente;Céu Claro;Dupla;"Curva;Declive";-15,80502622;-55,5546431
21/09/2023;16:20:00;SAO FRANCISCO DO SUL;Demais falhas mecânicas ou elétricas;Tombamento;Sem Vítimas;Pleno dia;Crescente;Céu Claro;Simples;Reta;-26,275297;-48,644104
21/09/2023;17:30:00;NOVA ALVORADA DO SUL;Manobra de mudança de faixa;Colisão lateral mesmo sentido;Com Vítimas Feridas;Anoitecer;Crescente;Céu Claro;Simples;Aclive;-21,39332793;-54,40779977
21/09/2023;18:35:00;GLORINHA;Manobra de mudança de faixa;Colisão traseira;Sem Vítimas;Plena Noite;Decrescente;Nublado;Dupla;Reta;-29,913401;-50,808426
21/09/2023;18:00:00;CAMPOS DOS GOYTACAZES;Ultrapassagem Indevida;Colisão lateral mesmo sentido;Com Vítimas Feridas;Plena Noite;Crescente;Céu Claro;Simples;Reta;-21,34132801;-41,33552699
21/09/2023;20:50:00;ITABIRITO;Manobra de mudança de faixa;Colisão lateral mesmo sentido;Sem Vítimas;Plena Noite;Crescente;Céu Claro;Simples;Reta;-20,30234388;-43,93887077
21/09/2023;20:00:00;ITATIAIUCU;Velocidade Incompatível;Colisão traseira;Com Vítimas Feridas;Plena Noite;Decrescente;Céu Claro;Dupla;Reta;-20,1904316;-44,38268793
21/09/2023;17:00:00;BRUMADINHO;Velocidade Incompatível;Tombamento;Com Vítimas Feridas;Pleno dia;Crescente;Sol;Dupla;"Curva;Declive";-20,161793;-44,32994771
21/09/2023;13:45:00;DELTA;Velocidade Incompatível;Colisão traseira;Com Vítimas Feridas;Pleno dia;Decrescente;Céu Claro;Dupla;Reta;-19,92627147;-47,82191068
21/09/2023;23:00:00;GUARULHOS;Manobra de mudança de faixa;Colisão lateral mesmo sentido;Com Vítimas Feridas;Plena Noite;Crescente;Nublado;Múltipla;Reta;-23,44695693;-46,45394103
21/09/2023;22:00:00;MONTE CASTELO;Ausência de reação do condutor;Tombamento;Com Vítimas Feridas;Plena Noite;Decrescente;Céu Claro;Simples;"Curva;Declive";-26,75568818;-50,32812388
22/09/2023;00:10:00;MUCURI;Manobra de mudança de faixa;Colisão frontal;Com Vítimas Feridas;Plena Noite;Decrescente;Céu Claro;Simples;Curva;-18,16840196;-39,91873914
21/09/2023;23:15:00;SOMBRIO;Manobra de mudança de faixa;Colisão lateral mesmo sentido;Com Vítimas Feridas;Plena Noite;Crescente;Céu Claro;Múltipla;Reta;-29,075452;-49,627866
21/09/2023;20:45:00;CRISTALINA;Deficiência do Sistema de Iluminação/Sinalização;Colisão traseira;Com Vítimas Fatais;Plena Noite;Decrescente;Céu Claro;Dupla;Reta;-16,0507626;-47,53715515
22/09/2023;05:40:00;BELO HORIZONTE;Velocidade Incompatível;Tombamento;Com Vítimas Feridas;Pleno dia;Crescente;Céu Claro;Dupla;"Curva;Interseção de Vias;Retorno Regulamentado;Declive";-19,91965786;-44,02592009
22/09/2023;06:40:00;ARAUCARIA;Manobra de mudança de faixa;Colisão lateral mesmo sentido;Com Vítimas Feridas;Pleno dia;Decrescente;Sol;Simples;"Reta;Declive";-25,627626;-49,454449
22/09/2023;09:30:00;GUARULHOS;Manobra de mudança de faixa;Colisão lateral mesmo sentido;Com Vítimas Feridas;Pleno dia;Crescente;Céu Claro;Dupla;Reta;-23,492959;-46,559422
22/09/2023;10:35:00;EXTREMA;Velocidade Incompatível;Colisão traseira;Com Vítimas Feridas;Pleno dia;Decrescente;Céu Claro;Dupla;Curva;-22,8171787;-46,29341483
22/09/2023;13:55:00;MARINGA;Reação tardia ou ineficiente do condutor;Tombamento;Com Vítimas Feridas;Pleno dia;Decrescente;Céu Claro;Dupla;Curva;-23,4273;-51,9375
22/09/2023;11:10:00;LAJEDINHO;Velocidade Incompatível;Eventos atípicos;Sem Vítimas;Pleno dia;Crescente;Céu Claro;Simples;Curva;-12,44188944;-40,80808524
26/08/2023;14:30:00;SAO FRANCISCO DO OESTE;Pista esburacada;Colisão lateral mesmo sentido;Com Vítimas Fatais;Pleno dia;Decrescente;Céu Claro;Simples;Reta;-6,03641304;-38,19399888
22/09/2023;18:00:00;CAMPINA GRANDE;Ultrapassagem Indevida;Colisão frontal;Com Vítimas Fatais;Plena Noite;Decrescente;Céu Claro;Simples;"Reta;Em Obras;Aclive";-7,1775;-36,0247
22/09/2023;19:15:00;BARREIRAS;Demais falhas na via;Colisão traseira;Com Vítimas Feridas;Plena Noite;Decrescente;Céu Claro;Simples;Reta;-12,04796112;-44,9630617
22/09/2023;15:00:00;ARATACA;Demais falhas mecânicas ou elétricas;Tombamento;Com Vítimas Feridas;Pleno dia;Crescente;Nublado;Simples;"Curva;Declive";-15,3853068;-39,48541982
22/09/2023;17:15:00;CARAZINHO;Velocidade Incompatível;Tombamento;Com Vítimas Feridas;Pleno dia;Crescente;Céu Claro;Simples;"Curva;Declive";-28,28824;-52,713528
23/09/2023;01:10:00;OLIVEIRA;Velocidade Incompatível;Tombamento;Com Vítimas Feridas;Plena Noite;Crescente;Céu Claro;Dupla;Curva;-20,86147692;-44,84048107
22/09/2023;23:50:00;PORTO VELHO;Reação tardia ou ineficiente do condutor;Tombamento;Com Vítimas Feridas;Plena Noite;Crescente;Céu Claro;Simples;"Declive;Curva";-8,74359689;-63,94798279
22/09/2023;20:40:00;SANTO ANTONIO DO LEVERGER;Curva acentuada;Tombamento;Com Vítimas Feridas;Plena Noite;Crescente;Céu Claro;Dupla;Curva;-15,80502622;-55,5546431
22/09/2023;16:50:00;RIO VERDE;Manobra de mudança de faixa;Colisão transversal;Sem Vítimas;Pleno dia;Decrescente;Céu Claro;Dupla;"Reta;Declive";-17,8098;-50,9267
23/09/2023;07:35:00;CAMPO LARGO;Reação tardia ou ineficiente do condutor;Tombamento;Com Vítimas Fatais;Pleno dia;Crescente;Céu Claro;Dupla;Reta;-25,431733;-49,42886
23/09/2023;07:00:00;IMPERATRIZ;Manobra de mudança de faixa;Colisão frontal;Com Vítimas Feridas;Pleno dia;Decrescente;Céu Claro;Simples;Reta;-5,490634;-47,471973
23/09/2023;09:00:00;JULIO DE CASTILHOS;Demais falhas mecânicas ou elétricas;Tombamento;Com Vítimas Feridas;Pleno dia;Decrescente;Sol;Simples;"Declive;Reta";-29,22989896;-53,66607575
23/09/2023;11:07:00;EXTREMA;Carga excessiva e/ou mal acondicionada;Tombamento;Com Vítimas Feridas;Pleno dia;Decrescente;Céu Claro;Dupla;"Declive;Curva";-22,80471537;-46,25992256
23/09/2023;13:30:00;IBIRAMA;Ultrapassagem Indevida;Colisão lateral mesmo sentido;Com Vítimas Feridas;Pleno dia;Crescente;Céu Claro;Simples;Reta;-27,086386;-49,478001
23/09/2023;10:20:00;CAXIAS;Manobra de mudança de faixa;Colisão lateral sentido oposto;Com Vítimas Feridas;Pleno dia;Decrescente;Céu Claro;Simples;Reta;-4,814452;-43,544891
23/09/2023;10:30:00;LENCOIS;Manobra de mudança de faixa;Colisão transversal;Com Vítimas Feridas;Pleno dia;Crescente;Céu Claro;Simples;"Aclive;Curva";-12,49857081;-41,33159186
23/09/2023;15:10:00;CAUCAIA;Ultrapassagem Indevida;Colisão frontal;Com Vítimas Feridas;Pleno dia;Crescente;Céu Claro;Simples;Curva;-3,73348986;-38,75032425
23/09/2023;15:20:00;POSSE;Velocidade Incompatível;Saída de leito carroçável;Com Vítimas Feridas;Pleno dia;Decrescente;Sol;Simples;Reta;-14,298611;-46,444744
23/09/2023;17:35:00;ALAGOINHAS;Ultrapassagem Indevida;Colisão lateral sentido oposto;Com Vítimas Feridas;Pleno dia;Crescente;Céu Claro;Simples;Curva;-12,25680114;-38,38744515
23/09/2023;14:30:00;UBAITABA;Manobra de mudança de faixa;Colisão transversal;Com Vítimas Feridas;Pleno dia;Crescente;Céu Claro;Simples;Reta;-14,306856;-39,322784
23/09/2023;08:20:00;VACARIA;Reação tardia ou ineficiente do condutor;Tombamento;Com Vítimas Feridas;Pleno dia;Crescente;Céu Claro;Simples;"Curva;Declive";-28,60961593;-51,04158739
23/09/2023;22:00:00;MARINGA;Manobra de mudança de faixa;Colisão lateral mesmo sentido;Com Vítimas Feridas;Plena Noite;Decrescente;Céu Claro;Dupla;Aclive;-23,39406055;-52,00841904
23/09/2023;20:01:00;SAO JOSE DO CEDRO;Manobra de mudança de faixa;Colisão transversal;Com Vítimas Fatais;Plena Noite;Decrescente;Céu Claro;Simples;Reta;-26,4642801;-53,5053726
24/09/2023;02:10:00;PINDAMONHANGABA;Velocidade Incompatível;Colisão traseira;Com Vítimas Feridas;Plena Noite;Crescente;Céu Claro;Dupla;Reta;-22,97805164;-45,45583318
24/09/2023;00:45:00;SAO GONCALO DO ABAETE;Reação tardia ou ineficiente do condutor;Derramamento de carga;Sem Vítimas;Plena Noite;Crescente;Céu Claro;Simples;"Aclive;Reta";-18,02167408;-45,54020403
24/09/2023;09:40:00;TEOFILO OTONI;Manobra de mudança de faixa;Colisão transversal;Com Vítimas Feridas;Pleno dia;Decrescente;Céu Claro;Simples;Reta;-17,86846089;-41,5171394
24/09/2023;08:30:00;CRISTINAPOLIS;Demais falhas mecânicas ou elétricas;Tombamento;Sem Vítimas;Pleno dia;Decrescente;Céu Claro;Simples;"Curva;Aclive";-11,46225469;-37,74281194
24/09/2023;06:30:00;BARRA DO CORDA;Reação tardia ou ineficiente do condutor;Tombamento;Com Vítimas Feridas;Amanhecer;Decrescente;Sol;Simples;Reta;-5,46022912;-45,2882442
24/09/2023;15:00:00;SAO PAULO;Carga excessiva e/ou mal acondicionada;Derramamento de carga;Sem Vítimas;Pleno dia;Decrescente;Sol;Múltipla;"Reta;Declive";-23,37208014;-46,55700294
24/09/2023;17:15:00;SAO CRISTOVAO;Velocidade Incompatível;Colisão com objeto;Sem Vítimas;Pleno dia;Decrescente;Céu Claro;Dupla;Reta;-10,95669127;-37,22726486
24/09/2023;17:50:00;SAO PAULO;Manobra de mudança de faixa;Colisão traseira;Com Vítimas Feridas;Anoitecer;Decrescente;Céu Claro;Dupla;Reta;-23,52251783;-46,5855702
24/09/2023;16:30:00;BIGUACU;Acumulo de água sobre o pavimento;Saída de leito carroçável;Com Vítimas Feridas;Pleno dia;Decrescente;Nublado;Dupla;Reta;-27,33081601;-48,62697562
24/09/2023;18:50:00;VITORIA DA CONQUISTA;Frear bruscamente;Tombamento;Com Vítimas Feridas;Plena Noite;Decrescente;Céu Claro;Simples;Curva;-14,851;-40,8485
24/09/2023;10:45:00;GOVERNADOR VALADARES;Condutor Dormindo;Tombamento;Com Vítimas Feridas;Pleno dia;Decrescente;Sol;Simples;"Declive;Curva";-18,835552;-41,98926799
24/09/2023;20:37:00;TRES LAGOAS;Ultrapassagem Indevida;Colisão frontal;Com Vítimas Feridas;Plena Noite;Crescente;Céu Claro;Simples;Reta;-20,81380239;-51,74605698
24/09/2023;17:00:00;ENGENHEIRO CALDAS;Reação tardia ou ineficiente do condutor;Tombamento;Com Vítimas Feridas;Pleno dia;Decrescente;Céu Claro;Simples;Curva;-19,08450198;-41,99845794
24/09/2023;23:50:00;JACAREI;Ausência de reação do condutor;Tombamento;Sem Vítimas;Plena Noite;Crescente;Céu Claro;Múltipla;"Reta;Aclive";-23,30055667;-46,01686506
25/09/2023;03:42:00;BRASILIA;Curva acentuada;Tombamento;Sem Vítimas;Plena Noite;Crescente;Céu Claro;Dupla;Retorno Regulamentado;-15,939043;-47,606361
25/09/2023;05:30:00;CONTAGEM;Velocidade Incompatível;Colisão traseira;Com Vítimas Feridas;Amanhecer;Crescente;Céu Claro;Dupla;Reta;-19,8874744;-44,05036926
25/09/2023;03:20:00;NOVA VICOSA;Ultrapassagem Indevida;Colisão frontal;Com Vítimas Fatais;Plena Noite;Crescente;Céu Claro;Simples;Reta;-18,03101192;-39,86412233
25/09/2023;06:10:00;MURIAE;Velocidade Incompatível;Tombamento;Com Vítimas Fatais;Amanhecer;Crescente;Céu Claro;Simples;"Curva;Declive";-21,00239571;-42,36740588
25/09/2023;09:10:00;BALNEARIO CAMBORIU;Manobra de mudança de faixa;Colisão lateral sentido oposto;Com Vítimas Feridas;Pleno dia;Decrescente;Nublado;Múltipla;Reta;-27,02397426;-48,60761649
25/09/2023;10:40:00;ABADIANIA;Velocidade Incompatível;Engavetamento;Com Vítimas Fatais;Pleno dia;Crescente;Céu Claro;Simples;"Reta;Em Obras;Ponte;Declive;Desvio Temporário";-16,10791381;-48,8741361
10/08/2023;13:10:00;AGUA BRANCA;Pista esburacada;Colisão lateral sentido oposto;Com Vítimas Feridas;Pleno dia;Crescente;Céu Claro;Simples;"Em Obras;Reta";-9,288524;-37,809048
25/09/2023;14:55:00;NOVA OLINDA;Manobra de mudança de faixa;Colisão frontal;Com Vítimas Feridas;Pleno dia;Crescente;Céu Claro;Simples;Reta;-7,72636509;-48,44519874
25/09/2023;09:00:00;PADRE CARVALHO;Reação tardia ou ineficiente do condutor;Tombamento;Com Vítimas Fatais;Pleno dia;Decrescente;Céu Claro;Simples;Curva;-16,27666394;-42,55328994
25/09/2023;16:00:00;JOSE BONIFACIO;Ultrapassagem Indevida;Saída de leito carroçável;Com Vítimas Feridas;Pleno dia;Crescente;Céu Claro;Simples;Reta;-21,12117412;-49,69084075
03/07/2023;19:15:00;NOVA ESPERANCA;Animais na Pista;Tombamento;Com Vítimas Feridas;Plena Noite;Crescente;Céu Claro;Dupla;Declive;-23,17841393;-52,22515697
25/09/2023;16:50:00;CASCAVEL;Manobra de mudança de faixa;Derramamento de carga;Sem Vítimas;Pleno dia;Decrescente;Céu Claro;Dupla;"Aclive;Curva";-24,96684176;-53,40258186
10/03/2023;05:39:00;CAMPOS DOS GOYTACAZES;Acumulo de areia ou detritos sobre o pavimento;Eventos atípicos;Com Vítimas Feridas;Amanhecer;Crescente;Ignorado;Simples;Reta;-21,66937699;-41,31111673
25/09/2023;10:00:00;IBATIBA;Curva acentuada;Tombamento;Com Vítimas Feridas;Pleno dia;Decrescente;Céu Claro;Simples;Curva;-20,26434457;-41,59340179
25/09/2023;23:50:00;RECIFE;Deficiência do Sistema de Iluminação/Sinalização;Colisão traseira;Com Vítimas Feridas;Plena Noite;Crescente;Céu Claro;Múltipla;Reta;-8,07583727;-34,97015791
26/09/2023;00:50:00;GUARATUBA;Velocidade Incompatível;Tombamento;Com Vítimas Feridas;Plena Noite;Crescente;Nublado;Dupla;"Declive;Curva";-25,86037408;-48,95087256
14/09/2023;07:15:00;ATIBAIA;Manobra de mudança de faixa;Colisão com objeto;Com Vítimas Feridas;Amanhecer;Crescente;Céu Claro;Dupla;Reta;-23,02018004;-46,52966596
26/09/2023;05:00:00;MAFRA;Ultrapassagem Indevida;Colisão frontal;Com Vítimas Feridas;Amanhecer;Decrescente;Chuva;Simples;"Declive;Curva";-26,1759124;-49,8879912
26/09/2023;08:00:00;APARECIDA DE GOIANIA;Deficiência do Sistema de Iluminação/Sinalização;Colisão traseira;Com Vítimas Feridas;Pleno dia;Crescente;Céu Claro;Simples;Reta;-16,7537;-49,2411
26/09/2023;08:30:00;CASCAVEL;Velocidade Incompatível;Saída de leito carroçável;Com Vítimas Feridas;Pleno dia;Decrescente;Céu Claro;Dupla;Curva;-24,8599;-53,5868
10/09/2023;16:20:00;TIANGUA;Velocidade Incompatível;Atropelamento de Pedestre;Com Vítimas Fatais;Pleno dia;Decrescente;Céu Claro;Simples;Reta;-3,711973;-40,984356
26/09/2023;09:58:00;CONGONHAS;Acumulo de areia ou detritos sobre o pavimento;Colisão com objeto;Sem Vítimas;Pleno dia;Decrescente;Céu Claro;Simples;Curva;-20,52319889;-43,8291359
26/09/2023;06:10:00;VARGEM BONITA;Velocidade Incompatível;Tombamento;Com Vítimas Feridas;Amanhecer;Crescente;Céu Claro;Simples;Curva;-27,019398;-51,729195
19/09/2023;20:40:00;MASCOTE;Velocidade Incompatível;Tombamento;Com Vítimas Feridas;Plena Noite;Crescente;Céu Claro;Simples;Curva;-15,75042705;-39,4801369
26/09/2023;15:00:00;APARECIDA;Manobra de mudança de faixa;Colisão lateral mesmo sentido;Com Vítimas Feridas;Pleno dia;Decrescente;Céu Claro;Dupla;"Reta;Aclive";-22,86354218;-45,23746093
26/09/2023;16:15:00;TIBAGI;Manobra de mudança de faixa;Colisão lateral mesmo sentido;Sem Vítimas;Pleno dia;Crescente;Céu Claro;Dupla;"Reta;Declive";-24,63786425;-50,63357234
26/09/2023;15:50:00;BRASILIA;Chuva;Saída de leito carroçável;Sem Vítimas;Pleno dia;Decrescente;Chuva;Dupla;Declive;-15,612175;-47,700928
26/09/2023;15:00:00;BRASILIA;Chuva;Saída de leito carroçável;Sem Vítimas;Pleno dia;Crescente;Chuva;Dupla;"Declive;Reta";-15,625675;-47,725159
26/09/2023;17:00:00;ARARANGUA;Ausência de reação do condutor;Tombamento;Sem Vítimas;Pleno dia;Decrescente;Chuva;Dupla;Reta;-28,939333;-49,497513
26/09/2023;19:30:00;TIJUCAS DO SUL;Velocidade Incompatível;Colisão traseira;Com Vítimas Feridas;Plena Noite;Crescente;Nublado;Dupla;Reta;-25,82793738;-49,11945654
04/08/2023;12:30:00;OLHO DAGUA DO PIAUI;Ultrapassagem Indevida;Capotamento;Com Vítimas Feridas;Pleno dia;Crescente;Sol;Simples;"Em Obras;Reta";-5,77177776;-42,5931729
26/09/2023;11:20:00;LAJEDINHO;Reação tardia ou ineficiente do condutor;Tombamento;Sem Vítimas;Pleno dia;Decrescente;Céu Claro;Simples;"Declive;Curva";-12,44104699;-40,83284199
27/09/2023;01:50:00;BIGUACU;Velocidade Incompatível;Derramamento de carga;Sem Vítimas;Plena Noite;Decrescente;Chuva;Dupla;Curva;-27,48443781;-48,64765238
27/09/2023;05:00:00;LIBERDADE;Curva acentuada;Tombamento;Com Vítimas Feridas;Amanhecer;Crescente;Nublado;Simples;Curva;-21,92856091;-44,38769398
27/09/2023;07:15:00;APUCARANA;Manobra de mudança de faixa;Colisão lateral mesmo sentido;Sem Vítimas;Pleno dia;Decrescente;Céu Claro;Simples;"Declive;Reta";-23,54774694;-51,45124376
27/09/2023;07:30:00;CHOROZINHO;Ultrapassagem Indevida;Colisão frontal;Com Vítimas Feridas;Pleno dia;Crescente;Céu Claro;Simples;"Reta;Aclive";-4,24676793;-38,48372024
27/09/2023;09:39:00;JUQUITIBA;Manobra de mudança de faixa;Colisão lateral mesmo sentido;Sem Vítimas;Pleno dia;Decrescente;Nublado;Dupla;Reta;-23,93663197;-47,03568002
27/09/2023;08:00:00;LAJEDINHO;Acostamento em desnível;Eventos atípicos;Sem Vítimas;Amanhecer;Decrescente;Céu Claro;Simples;"Reta;Declive";-12,43874222;-40,84106995
27/09/2023;11:38:00;MORRETES;Velocidade Incompatível;Tombamento;Com Vítimas Feridas;Pleno dia;Crescente;Céu Claro;Simples;"Curva;Declive";-25,547373;-48,790559
27/09/2023;09:30:00;MANOEL VITORINO;Velocidade Incompatível;Tombamento;Com Vítimas Feridas;Pleno dia;Decrescente;Sol;Simples;"Curva;Declive";-14,22811175;-40,2803421
27/09/2023;15:15:00;PARAISO DO TOCANTINS;Velocidade Incompatível;Colisão frontal;Com Vítimas Fatais;Pleno dia;Decrescente;Céu Claro;Simples;Curva;-10,16527794;-48,88094578
27/09/2023;16:20:00;ITAJAI;Manobra de mudança de faixa;Colisão lateral mesmo sentido;Com Vítimas Feridas;Pleno dia;Decrescente;Nublado;Dupla;Reta;-26,912758;-48,711998
27/09/2023;17:50:00;SAO CRISTOVAO;Manobra de mudança de faixa;Colisão lateral mesmo sentido;Com Vítimas Feridas;Anoitecer;Decrescente;Céu Claro;Dupla;Reta;-10,966443;-37,270634
27/09/2023;19:09:00;MIRACATU;Pista Escorregadia;Colisão com objeto;Com Vítimas Feridas;Plena Noite;Decrescente;Garoa/Chuvisco;Dupla;Reta;-24,13881806;-47,27310246
27/09/2023;16:30:00;SAPUCAIA;Velocidade Incompatível;Saída de leito carroçável;Com Vítimas Feridas;Pleno dia;Crescente;Céu Claro;Simples;"Ponte;Curva";-21,96021372;-42,7364942
27/09/2023;20:25:00;POUSO ALEGRE;Sistema de drenagem ineficiente;Colisão com objeto;Com Vítimas Feridas;Plena Noite;Decrescente;Chuva;Dupla;Reta;-22,36795485;-45,93285817
10/09/2023;14:20:00;PARAISO DO TOCANTINS;Ultrapassagem Indevida;Tombamento;Com Vítimas Feridas;Pleno dia;Crescente;Céu Claro;Simples;Curva;-10,12486384;-48,88412526
27/09/2023;17:20:00;CAMPINA GRANDE DO SUL;Velocidade Incompatível;Tombamento;Com Vítimas Feridas;Anoitecer;Decrescente;Céu Claro;Simples;Curva;-25,177408;-48,87890339
28/09/2023;05:20:00;CARUARU;Velocidade Incompatível;Saída de leito carroçável;Com Vítimas Feridas;Amanhecer;Decrescente;Céu Claro;Dupla;"Declive;Reta";-8,29826697;-35,90192301
28/09/2023;09:50:00;JUIZ DE FORA;Velocidade Incompatível;Colisão traseira;Com Vítimas Feridas;Pleno dia;Decrescente;Céu Claro;Simples;Curva;-21,59924304;-43,4579108
26/08/2023;13:30:00;EXTREMA;Ausência de reação do condutor;Tombamento;Sem Vítimas;Pleno dia;Decrescente;Nublado;Dupla;Curva;-22,83554657;-46,32086698
28/09/2023;11:40:00;ALEGRETE;Acostamento em desnível;Saída de leito carroçável;Com Vítimas Feridas;Pleno dia;Crescente;Sol;Simples;"Reta;Declive";-30,044365;-55,312889
28/09/2023;15:00:00;ITAJAI;Ultrapassagem Indevida;Colisão lateral mesmo sentido;Com Vítimas Feridas;Pleno dia;Crescente;Nublado;Dupla;Reta;-26,92103178;-48,70856446
28/09/2023;14:25:00;IPIXUNA DO PARA;Ausência de sinalização;Colisão lateral mesmo sentido;Sem Vítimas;Amanhecer;Decrescente;Céu Claro;Simples;"Declive;Em Obras;Reta";-2,46277;-47,509827
28/09/2023;18:15:00;UBERABA;Ultrapassagem Indevida;Colisão lateral mesmo sentido;Com Vítimas Feridas;Anoitecer;Crescente;Céu Claro;Múltipla;Interseção de Vias;-19,77848216;-47,92194709
28/09/2023;15:00:00;POUSO ALTO;Velocidade Incompatível;Tombamento;Sem Vítimas;Pleno dia;Crescente;Céu Claro;Simples;Curva;-22,08471347;-44,95816492
27/09/2023;17:45:00;PACAJA;Velocidade Incompatível;Tombamento;Com Vítimas Fatais;Pleno dia;Decrescente;Céu Claro;Simples;"Curva;Declive";-3,70882777;-50,90566585
28/09/2023;22:10:00;ITAGUARA;Velocidade Incompatível;Colisão com objeto;Com Vítimas Fatais;Plena Noite;Crescente;Nublado;Dupla;"Declive;Curva";-20,39224209;-44,49492995
29/09/2023;04:15:00;MONTE CASTELO;Velocidade Incompatível;Incêndio;Sem Vítimas;Plena Noite;Decrescente;Garoa/Chuvisco;Simples;"Declive;Reta";-26,67989297;-50,29106905
11/09/2023;14:00:00;MONTES CLAROS DE GOIAS;Declive acentuado;Tombamento;Com Vítimas Feridas;Pleno dia;Crescente;Sol;Simples;"Curva;Declive";-15,89298947;-51,83710098
29/09/2023;06:10:00;MAUA DA SERRA;Reação tardia ou ineficiente do condutor;Tombamento;Sem Vítimas;Amanhecer;Crescente;Céu Claro;Dupla;"Declive;Curva";-23,94989462;-51,11471772
29/09/2023;07:00:00;UBERLANDIA;Manobra de mudança de faixa;Colisão lateral mesmo sentido;Com Vítimas Feridas;Pleno dia;Crescente;Sol;Dupla;"Em Obras;Reta;Viaduto;Aclive";-18,90748118;-48,31513708
29/09/2023;01:10:00;MIRACATU;Velocidade Incompatível;Tombamento;Com Vítimas Feridas;Plena Noite;Crescente;Nublado;Dupla;Aclive;-23,9983939;-47,14927316
28/09/2023;21:10:00;CORREGO DANTA;Velocidade Incompatível;Colisão lateral sentido oposto;Com Vítimas Feridas;Plena Noite;Decrescente;Garoa/Chuvisco;Simples;Reta;-19,68486101;-46,03918512
29/09/2023;07:10:00;SAPUCAIA;Carga excessiva e/ou mal acondicionada;Tombamento;Sem Vítimas;Amanhecer;Decrescente;Nublado;Simples;Curva;-21,94148988;-42,82319999
29/09/2023;10:20:00;IGARASSU;Manobra de mudança de faixa;Colisão lateral mesmo sentido;Com Vítimas Feridas;Pleno dia;Crescente;Céu Claro;Múltipla;"Reta;Aclive";-7,83887431;-34,91196739
29/09/2023;08:50:00;MUCURI;Velocidade Incompatível;Tombamento;Com Vítimas Feridas;Pleno dia;Decrescente;Céu Claro;Simples;Curva;-18,16840196;-39,91873914
29/09/2023;10:40:00;DOMINGOS MARTINS;Velocidade Incompatível;Tombamento;Com Vítimas Feridas;Pleno dia;Crescente;Nublado;Simples;Curva;-20,41115651;-40,92351223
26/09/2023;10:15:00;GRAJAU;Manobra de mudança de faixa;Colisão lateral sentido oposto;Sem Vítimas;Pleno dia;Crescente;Céu Claro;Simples;Reta;-5,90086271;-46,29972314
29/09/2023;11:10:00;MIRACATU;Reação tardia ou ineficiente do condutor;Tombamento;Com Vítimas Feridas;Pleno dia;Decrescente;Céu Claro;Dupla;Curva;-24,13881806;-47,27310246
29/09/2023;09:20:00;CAJATI;Acumulo de água sobre o pavimento;Colisão lateral mesmo sentido;Com Vítimas Feridas;Pleno dia;Decrescente;Chuva;Simples;Curva;-24,84668218;-48,21423054
29/09/2023;12:55:00;GOIANA;Ausência de reação do condutor;Tombamento;Com Vítimas Feridas;Pleno dia;Crescente;Céu Claro;Dupla;Reta;-7,62621106;-34,96669711
13/09/2023;19:15:00;PIRIPIRI;Ultrapassagem Indevida;Colisão lateral sentido oposto;Com Vítimas Feridas;Plena Noite;Decrescente;Céu Claro;Simples;"Aclive;Reta";-4,401662;-41,865887
29/09/2023;14:00:00;PONTA GROSSA;Velocidade Incompatível;Saída de leito carroçável;Com Vítimas Feridas;Pleno dia;Crescente;Sol;Dupla;"Reta;Declive";-25,14692309;-50,15072006
29/09/2023;12:00:00;MAFRA;Velocidade Incompatível;Colisão traseira;Com Vítimas Feridas;Pleno dia;Decrescente;Nublado;Simples;"Reta;Aclive";-26,1927121;-49,87729374
29/09/2023;17:30:00;VARGEM;Demais falhas mecânicas ou elétricas;Tombamento;Com Vítimas Feridas;Pleno dia;Crescente;Céu Claro;Dupla;Reta;-22,90533708;-46,42270582
29/09/2023;17:00:00;FEIRA DE SANTANA;Manobra de mudança de faixa;Colisão lateral mesmo sentido;Com Vítimas Feridas;Anoitecer;Decrescente;Céu Claro;Dupla;"Declive;Curva";-12,30142905;-38,89812469
29/09/2023;18:00:00;JUATUBA;Manobra de mudança de faixa;Colisão traseira;Com Vítimas Feridas;Anoitecer;Crescente;Céu Claro;Dupla;"Declive;Reta";-19,98332997;-44,23572401
29/09/2023;18:45:00;SAO GONCALO DO AMARANTE;Acesso irregular;Tombamento;Com Vítimas Feridas;Plena Noite;Decrescente;Céu Claro;Simples;Reta;-3,670547;-39,154318
29/09/2023;20:30:00;ITAMARAJU;Velocidade Incompatível;Tombamento;Com Vítimas Feridas;Plena Noite;Decrescente;Nublado;Simples;Curva;-17,182217;-39,580387
29/09/2023;22:15:00;CARIACICA;Manobra de mudança de faixa;Colisão frontal;Com Vítimas Feridas;Plena Noite;Crescente;Nublado;Múltipla;Curva;-20,27160351;-40,39091743
29/09/2023;22:05:00;MONTE ALEGRE DE MINAS;Pista Escorregadia;Saída de leito carroçável;Com Vítimas Feridas;Plena Noite;Crescente;Chuva;Dupla;Aclive;-18,7557052;-49,07788634