data_inversa;horario;municipio;causa_acidente;tipo_acidente;classificacao_acidente;fase_dia;sentido_via;condicao_metereologica;tipo_pista;tracado_via;latitude;longitude
29/09/2023;22:00:00;CANUDOS;Manobra de mudança de faixa;Colisão frontal;Com Vítimas Feridas;Plena Noite;Crescente;Céu Claro;Simples;Curva;-9,87851283;-39,01180322
29/09/2023;23:30:00;PARAMBU;Pista esburacada;Tombamento;Com Vítimas Feridas;Plena Noite;Decrescente;Céu Claro;Simples;Reta;-6,46156391;-40,74271417
29/09/2023;21:00:00;DIAMANTINO;Chuva;Saída de leito carroçável;Com Vítimas Feridas;Plena Noite;Crescente;Chuva;Simples;Reta;-14,54279705;-56,23245816
30/09/2023;08:40:00;JABOATAO DOS GUARARAPES;Manobra de mudança de faixa;Colisão com objeto;Com Vítimas Feridas;Pleno dia;Decrescente;Céu Claro;Dupla;"Curva;Viaduto";-8,17092;-34,937647
30/09/2023;09:00:00;TIANGUA;Problema com o freio;Tombamento;Sem Vítimas;Pleno dia;Decrescente;Céu Claro;Simples;Curva;-3,65653078;-40,9347551
30/09/2023;12:00:00;CAMPINA GRANDE DO SUL;Acumulo de água sobre o pavimento;Colisão lateral mesmo sentido;Sem Vítimas;Pleno dia;Decrescente;Chuva;Dupla;Reta;-25,210221;-48,896913
30/09/2023;13:21:00;BETIM;Manobra de mudança de faixa;Tombamento;Com Vítimas Feridas;Pleno dia;Crescente;Sol;Múltipla;"Declive;Reta";-19,96436;-44,17406
30/09/2023;07:30:00;ORTIGUEIRA;Carga excessiva e/ou mal acondicionada;Tombamento;Sem Vítimas;Pleno dia;Decrescente;Nublado;Simples;Reta;-24,07453985;-51,0583234
30/09/2023;03:00:00;CAETITE;Velocidade Incompatível;Saída de leito carroçável;Com Vítimas Feridas;Amanhecer;Crescente;Céu Claro;Simples;Curva;-14,1294;-42,40549
24/08/2023;12:20:00;ITAITUBA;Curva acentuada;Saída de leito carroçável;Com Vítimas Feridas;Pleno dia;Crescente;Céu Claro;Simples;Curva;-4,399095;-55,919023
30/09/2023;16:51:00;RECIFE;Ultrapassagem Indevida;Colisão traseira;Com Vítimas Feridas;Anoitecer;Crescente;Céu Claro;Múltipla;Reta;-8,05951606;-34,94581024
30/09/2023;16:10:00;TIJUCAS;Manobra de mudança de faixa;Colisão lateral mesmo sentido;Com Vítimas Feridas;Pleno dia;Crescente;Nublado;Dupla;Reta;-27,252663;-48,63154894
30/09/2023;15:30:00;ITAPEBI;Velocidade Incompatível;Colisão frontal;Com Vítimas Fatais;Pleno dia;Decrescente;Garoa/Chuvisco;Simples;"Declive;Curva";-16,00727976;-39,59590502
28/09/2023;20:50:00;SAO MIGUEL DO OESTE;Velocidade Incompatível;Saída de leito carroçável;Com Vítimas Feridas;Plena Noite;Crescente;Céu Claro;Dupla;Reta;-26,759436;-53,50055292
30/09/2023;17:00:00;BELO HORIZONTE;Manobra de mudança de faixa;Colisão lateral mesmo sentido;Com Vítimas Feridas;Pleno dia;Crescente;Sol;Dupla;Reta;-19,86134886;-43,92063055
14/09/2023;10:00:00;SETE LAGOAS;Manobra de mudança de faixa;Colisão lateral mesmo sentido;Sem Vítimas;Pleno dia;Crescente;Céu Claro;Dupla;"Reta;Aclive";-19,46787403;-44,29555707
30/09/2023;16:30:00;DIAMANTINO;Acumulo de água sobre o pavimento;Colisão traseira;Sem Vítimas;Pleno dia;Decrescente;Chuva;Simples;Reta;-14,499237;-56,191693
30/09/2023;23:30:00;ORIZANIA;Velocidade Incompatível;Colisão com objeto;Com Vítimas Feridas;Plena Noite;Crescente;Nublado;Simples;"Declive;Curva";-20,557301;-42,209023
01/10/2023;07:30:00;PORTO VELHO;Ultrapassagem Indevida;Colisão frontal;Com Vítimas Feridas;Pleno dia;Crescente;Céu Claro;Simples;Reta;-8,65745602;-63,99521824
01/10/2023;10:55:00;NOVO LINO;Velocidade Incompatível;Colisão com objeto;Com Vítimas Feridas;Pleno dia;Crescente;Céu Claro;Dupla;Reta;-8,948148902;-35,66640005
01/10/2023;13:15:00;SABARA;Velocidade Incompatível;Colisão com objeto;Sem Vítimas;Pleno dia;Decrescente;Chuva;Simples;"Curva;Declive";-19,80513;-43,76185
01/10/2023;10:06:00;MARACAJA;Manobra de mudança de faixa;Colisão lateral mesmo sentido;Com Vítimas Feridas;Pleno dia;Crescente;Nublado;Dupla;Reta;-28,86330994;-49,44595308
01/10/2023;15:00:00;CORBELIA;Condutor Dormindo;Tombamento;Com Vítimas Feridas;Pleno dia;Crescente;Céu Claro;Simples;"Curva;Aclive";-24,5819546;-53,1656115
01/10/2023;16:40:00;SANTA MARIA;Velocidade Incompatível;Colisão com objeto;Sem Vítimas;Pleno dia;Decrescente;Céu Claro;Simples;"Curva;Interseção de Vias";-29,72504837;-53,80601406
01/10/2023;15:40:00;LEOPOLDINA;Acostamento em desnível;Tombamento;Com Vítimas Feridas;Pleno dia;Crescente;Garoa/Chuvisco;Simples;"Declive;Curva";-21,66675874;-42,73137141
01/10/2023;13:47:00;SANTO ANTONIO DO AMPARO;Chuva;Colisão com objeto;Com Vítimas Feridas;Pleno dia;Decrescente;Chuva;Dupla;"Reta;Declive";-20,89141186;-44,8525565
01/10/2023;17:50:00;RECIFE;Manobra de mudança de faixa;Colisão lateral mesmo sentido;Com Vítimas Feridas;Plena Noite;Crescente;Céu Claro;Dupla;Reta;-8,06776119;-34,94265074
01/10/2023;19:45:00;SINOP;Manobra de mudança de faixa;Colisão lateral mesmo sentido;Com Vítimas Feridas;Plena Noite;Decrescente;Céu Claro;Dupla;Reta;-11,829;-55,487
01/10/2023;20:00:00;QUEIMADOS;Manobra de mudança de faixa;Colisão lateral mesmo sentido;Com Vítimas Feridas;Plena Noite;Decrescente;Garoa/Chuvisco;Dupla;Reta;-22,73573614;-43,54749701
02/10/2023;01:50:00;LUZIANIA;Pista Escorregadia;Capotamento;Com Vítimas Feridas;Plena Noite;Decrescente;Chuva;Dupla;Declive;-16,18487;-47,928641
01/10/2023;18:00:00;VARZEA GRANDE;Manobra de mudança de faixa;Colisão transversal;Com Vítimas Fatais;Plena Noite;Crescente;Garoa/Chuvisco;Simples;"Curva;Declive";-15,600446;-56,20621
02/10/2023;05:15:00;MARECHAL FLORIANO;Ultrapassagem Indevida;Colisão lateral mesmo sentido;Com Vítimas Feridas;Amanhecer;Crescente;Céu Claro;Simples;Reta;-20,41251052;-40,69798571
01/10/2023;20:30:00;CAPITAO LEONIDAS MARQUES;Velocidade Incompatível;Tombamento;Com Vítimas Feridas;Plena Noite;Crescente;Céu Claro;Dupla;Aclive;-25,44415695;-53,57850109
02/10/2023;05:20:00;VERANOPOLIS;Demais falhas na via;Tombamento;Com Vítimas Feridas;Amanhecer;Decrescente;Nevoeiro/Neblina;Simples;"Curva;Aclive";-28,981408;-51,566079
01/10/2023;20:00:00;MAUA DA SERRA;Ingestão de álcool pelo condutor;Tombamento;Sem Vítimas;Plena Noite;Crescente;Céu Claro;Dupla;Curva;-23,97286989;-51,10874914
02/10/2023;10:25:00;ARAGUARI;Manobra de mudança de faixa;Colisão traseira;Com Vítimas Feridas;Pleno dia;Decrescente;Céu Claro;Dupla;Reta;-18,71289097;-48,19662304
02/10/2023;09:00:00;VARZEA GRANDE;Ausência de reação do condutor;Tombamento;Sem Vítimas;Pleno dia;Crescente;Céu Claro;Dupla;Rotatória;-15,64575025;-56,14041787
31/08/2023;11:00:00;PIRACURUCA;Acumulo de areia ou detritos sobre o pavimento;Eventos atípicos;Sem Vítimas;Pleno dia;Crescente;Céu Claro;Simples;Reta;-4,011082;-41,77187
01/10/2023;22:30:00;SAO GONCALO DO ABAETE;Chuva;Saída de leito carroçável;Com Vítimas Feridas;Plena Noite;Decrescente;Chuva;Simples;Reta;-18,27540395;-45,89263002
02/10/2023;13:05:00;GARIBALDI;Velocidade Incompatível;Colisão frontal;Com Vítimas Feridas;Pleno dia;Crescente;Céu Claro;Simples;"Declive;Curva";-29,21657705;-51,51722624
02/10/2023;07:30:00;GUANAMBI;Demais falhas mecânicas ou elétricas;Tombamento;Com Vítimas Fatais;Pleno dia;Decrescente;Céu Claro;Simples;"Declive;Curva";-14,1529971;-42,6992402
02/10/2023;14:20:00;AMELIA RODRIGUES;Manobra de mudança de faixa;Colisão com objeto;Com Vítimas Feridas;Pleno dia;Crescente;Céu Claro;Dupla;Reta;-12,39713005;-38,76807002
02/10/2023;13:00:00;GOVERNADOR DIX-SEPT ROSADO;Reação tardia ou ineficiente do condutor;Tombamento;Com Vítimas Feridas;Pleno dia;Crescente;Céu Claro;Simples;Reta;-5,36499106;-37,60598292
26/09/2023;23:30:00;BOM JESUS DO SUL;Velocidade Incompatível;Colisão transversal;Sem Vítimas;Plena Noite;Decrescente;Céu Claro;Simples;Curva;-26,22568301;-53,64279395
02/10/2023;12:31:00;SAO FRANCISCO DO SUL;Mal súbito do condutor;Tombamento;Com Vítimas Fatais;Pleno dia;Decrescente;Nublado;Simples;Curva;-26,301368;-48,640089
02/10/2023;14:30:00;SAPUCAIA;Ultrapassagem Indevida;Colisão transversal;Com Vítimas Fatais;Pleno dia;Crescente;Céu Claro;Simples;"Ponte;Reta";-21,87336733;-42,66806602
02/10/2023;17:35:00;GUARATUBA;Manobra de mudança de faixa;Colisão transversal;Sem Vítimas;Pleno dia;Decrescente;Garoa/Chuvisco;Simples;"Reta;Aclive";-25,85276631;-48,97556799
02/10/2023;20:20:00;CAMPO GRANDE;Reação tardia ou ineficiente do condutor;Tombamento;Com Vítimas Fatais;Plena Noite;Crescente;Céu Claro;Simples;Reta;-20,60305192;-54,57852768
02/10/2023;18:50:00;ITAPEBI;Ausência de sinalização;Colisão lateral sentido oposto;Com Vítimas Feridas;Plena Noite;Crescente;Nublado;Simples;Curva;-16,05214898;-39,61572239
02/10/2023;23:00:00;CASTANHAL;Ultrapassagem Indevida;Colisão lateral sentido oposto;Com Vítimas Fatais;Plena Noite;Crescente;Céu Claro;Simples;Curva;-1,29446511;-47,82243505
03/10/2023;04:35:00;CAUCAIA;Manobra de mudança de faixa;Colisão lateral mesmo sentido;Com Vítimas Feridas;Amanhecer;Crescente;Céu Claro;Dupla;Reta;-3,7266762;-38,77703408
03/10/2023;05:00:00;CATALAO;Velocidade Incompatível;Tombamento;Com Vítimas Feridas;Amanhecer;Decrescente;Céu Claro;Simples;"Viaduto;Curva";-18,1087;-47,8878
03/10/2023;05:30:00;TEIXEIRA DE FREITAS;Ausência de reação do condutor;Tombamento;Com Vítimas Fatais;Amanhecer;Crescente;Céu Claro;Simples;"Curva;Aclive";-17,45299422;-39,69732754
03/10/2023;05:00:00;GOVERNADOR VALADARES;Velocidade Incompatível;Saída de leito carroçável;Com Vítimas Feridas;Amanhecer;Crescente;Céu Claro;Simples;"Declive;Curva";-18,62219904;-41,94238892
03/10/2023;07:10:00;ANTONIO DIAS;Velocidade Incompatível;Colisão traseira;Com Vítimas Fatais;Pleno dia;Crescente;Céu Claro;Dupla;"Aclive;Curva";-19,64148614;-42,9026413
03/10/2023;07:40:00;PONTA GROSSA;Manobra de mudança de faixa;Colisão lateral mesmo sentido;Sem Vítimas;Pleno dia;Decrescente;Nublado;Dupla;"Reta;Aclive";-25,18271102;-50,09257101
03/10/2023;08:50:00;SAO LUIS;Acumulo de areia ou detritos sobre o pavimento;Colisão lateral mesmo sentido;Com Vítimas Feridas;Pleno dia;Decrescente;Céu Claro;Dupla;Reta;-2,606802;-44,247512
03/10/2023;09:30:00;SAO DOMINGOS DO PRATA;Reação tardia ou ineficiente do condutor;Tombamento;Com Vítimas Feridas;Pleno dia;Decrescente;Sol;Simples;Curva;-19,8960903;-43,04050143
04/08/2023;22:55:00;CAPAO ALTO;Velocidade Incompatível;Tombamento;Com Vítimas Feridas;Plena Noite;Decrescente;Céu Claro;Simples;Curva;-28,19824113;-50,75066799
03/10/2023;09:30:00;ORTIGUEIRA;Velocidade Incompatível;Tombamento;Com Vítimas Feridas;Pleno dia;Decrescente;Nublado;Dupla;"Declive;Curva";-23,961206;-51,114645
03/10/2023;12:00:00;CAMPO FLORIDO;Ausência de sinalização;Engavetamento;Com Vítimas Feridas;Pleno dia;Crescente;Céu Claro;Simples;"Aclive;Em Obras;Reta";-19,62432356;-48,84561218
03/10/2023;06:45:00;GOIANIA;Reação tardia ou ineficiente do condutor;Tombamento;Com Vítimas Feridas;Amanhecer;Decrescente;Céu Claro;Dupla;Rotatória;-16,6777;-49,2676
03/10/2023;14:59:00;ITAJAI;Manobra de mudança de faixa;Colisão traseira;Com Vítimas Fatais;Pleno dia;Crescente;Céu Claro;Múltipla;"Reta;Interseção de Vias";-26,9361069;-48,748
03/10/2023;16:00:00;SERRA;Acumulo de água sobre o pavimento;Colisão frontal;Com Vítimas Feridas;Pleno dia;Crescente;Chuva;Dupla;Reta;-20,119123;-40,311005
03/10/2023;13:00:00;OLIVEIRA DOS BREJINHOS;Demais Fenômenos da natureza;Incêndio;Sem Vítimas;Pleno dia;Crescente;Céu Claro;Simples;Reta;-12,26347375;-42,73417091
03/10/2023;17:25:00;LONDRINA;Manobra de mudança de faixa;Colisão lateral mesmo sentido;Sem Vítimas;Pleno dia;Crescente;Sol;Dupla;"Reta;Aclive";-23,29313;-51,126882
03/10/2023;18:00:00;GUARAPARI;Velocidade Incompatível;Colisão traseira;Com Vítimas Feridas;Plena Noite;Crescente;Nublado;Dupla;"Declive;Reta";-20,54592303;-40,48155635
03/10/2023;17:00:00;FRANCISCO SA;Pista Escorregadia;Colisão com objeto;Com Vítimas Feridas;Pleno dia;Crescente;Chuva;Simples;"Reta;Aclive";-16,61472808;-43,6647179
03/10/2023;20:30:00;SABARA;Curva acentuada;Tombamento;Com Vítimas Feridas;Plena Noite;Crescente;Céu Claro;Simples;"Curva;Aclive";-19,78729777;-43,74288232
31/08/2023;15:45:00;ARAGUARI;Reação tardia ou ineficiente do condutor;Tombamento;Com Vítimas Feridas;Pleno dia;Decrescente;Nublado;Dupla;Reta;-18,55040354;-48,05342859
03/10/2023;21:10:00;JOACABA;Velocidade Incompatível;Colisão frontal;Com Vítimas Feridas;Plena Noite;Crescente;Chuva;Simples;"Declive;Curva";-27,156887;-51,592079
03/10/2023;21:50:00;SAO CAITANO;Ultrapassagem Indevida;Colisão frontal;Com Vítimas Feridas;Plena Noite;Crescente;Céu Claro;Simples;Reta;-8,379416;-36,172916
03/10/2023;22:00:00;SAO DESIDERIO;Demais falhas mecânicas ou elétricas;Tombamento;Sem Vítimas;Plena Noite;Crescente;Céu Claro;Simples;Reta;-13;-46
03/10/2023;21:00:00;POUSO REDONDO;Demais falhas mecânicas ou elétricas;Tombamento;Com Vítimas Feridas;Plena Noite;Crescente;Garoa/Chuvisco;Simples;Curva;-27,275368;-50,063206
04/10/2023;06:00:00;MEDIANEIRA;Acumulo de água sobre o pavimento;Colisão lateral mesmo sentido;Com Vítimas Feridas;Amanhecer;Crescente;Chuva;Dupla;"Reta;Declive";-25,31261205;-54,14871997
04/10/2023;07:25:00;PALHOCA;Manobra de mudança de faixa;Colisão lateral mesmo sentido;Com Vítimas Feridas;Pleno dia;Decrescente;Chuva;Múltipla;Reta;-27,64443;-48,67057
04/10/2023;06:50:00;FLEXEIRAS;Velocidade Incompatível;Tombamento;Sem Vítimas;Pleno dia;Decrescente;Céu Claro;Dupla;Curva;-9,241987;-35,760014
04/10/2023;09:15:00;GOVERNADOR VALADARES;Ultrapassagem Indevida;Colisão frontal;Com Vítimas Feridas;Pleno dia;Crescente;Céu Claro;Simples;Declive;-18,72499706;-41,98860609
04/10/2023;10:25:00;JOAO NEIVA;Ultrapassagem Indevida;Tombamento;Com Vítimas Feridas;Pleno dia;Crescente;Nublado;Simples;Curva;-19,646065;-40,4622941
04/10/2023;10:05:00;CANDEIAS;Manobra de mudança de faixa;Saída de leito carroçável;Com Vítimas Feridas;Pleno dia;Crescente;Céu Claro;Dupla;Reta;-12,72413461;-38,4500683
04/10/2023;09:05:00;MAFRA;Chuva;Saída de leito carroçável;Com Vítimas Feridas;Pleno dia;Decrescente;Chuva;Simples;"Declive;Curva";-26,21362587;-49,7181449
04/10/2023;15:25:00;JABOATAO DOS GUARARAPES;Manobra de mudança de faixa;Colisão traseira;Com Vítimas Feridas;Pleno dia;Crescente;Céu Claro;Dupla;"Em Obras;Aclive;Reta";-8,082165;-34,995651
04/10/2023;16:15:00;BREJETUBA;Carga excessiva e/ou mal acondicionada;Tombamento;Com Vítimas Feridas;Pleno dia;Crescente;Céu Claro;Simples;Curva;-20,24395403;-41,31727776
04/10/2023;14:00:00;MAFRA;Acumulo de água sobre o pavimento;Colisão traseira;Com Vítimas Feridas;Pleno dia;Crescente;Chuva;Simples;Aclive;-26,28051002;-49,92717199
04/10/2023;16:40:00;CAMPO LARGO;Manobra de mudança de faixa;Saída de leito carroçável;Sem Vítimas;Pleno dia;Decrescente;Chuva;Dupla;Curva;-25,42839253;-49,39137697
04/10/2023;15:30:00;SANTO ANTONIO DO LEVERGER;Demais Fenômenos da natureza;Incêndio;Sem Vítimas;Pleno dia;Decrescente;Céu Claro;Dupla;Reta;-15,703067;-55,786174
04/10/2023;15:45:00;ENCRUZILHADA;Velocidade Incompatível;Colisão frontal;Com Vítimas Feridas;Pleno dia;Decrescente;Chuva;Simples;Curva;-15,518794;-41,241226
04/10/2023;21:40:00;PORTO ALEGRE;Demais falhas mecânicas ou elétricas;Tombamento;Sem Vítimas;Plena Noite;Crescente;Nublado;Múltipla;"Interseção de Vias;Viaduto;Curva;Aclive";-29,971916;-51,176838
04/10/2023;11:50:00;GENERAL CARNEIRO;Velocidade Incompatível;Tombamento;Sem Vítimas;Pleno dia;Decrescente;Céu Claro;Simples;Curva;-15,59068783;-53,22057013
04/10/2023;16:00:00;CAJATI;Carga excessiva e/ou mal acondicionada;Derramamento de carga;Sem Vítimas;Pleno dia;Crescente;Garoa/Chuvisco;Dupla;"Reta;Aclive";-24,83558399;-48,2223738
04/10/2023;22:20:00;JUQUITIBA;Velocidade Incompatível;Colisão com objeto;Sem Vítimas;Plena Noite;Crescente;Chuva;Dupla;"Declive;Curva";-24,00193537;-47,1516037
05/10/2023;05:20:00;SARANDI;Velocidade Incompatível;Tombamento;Sem Vítimas;Amanhecer;Crescente;Céu Claro;Simples;Reta;-27,953636;-52,916374
05/10/2023;06:40:00;SAO JOSE;Manobra de mudança de faixa;Colisão traseira;Com Vítimas Feridas;Pleno dia;Crescente;Nublado;Múltipla;Reta;-27,57413014;-48,61363083
04/07/2023;11:15:00;DUQUE DE CAXIAS;Manobra de mudança de faixa;Colisão transversal;Com Vítimas Feridas;Pleno dia;Crescente;Céu Claro;Dupla;Reta;-22,665587;-43,32627
05/10/2023;06:10:00;TEOLANDIA;Velocidade Incompatível;Tombamento;Com Vítimas Feridas;Pleno dia;Decrescente;Céu Claro;Simples;"Declive;Curva";-13,61691;-39,496731
05/10/2023;07:50:00;PETROPOLIS;Velocidade Incompatível;Saída de leito carroçável;Com Vítimas Fatais;Pleno dia;Crescente;Céu Claro;Simples;"Curva;Declive";-22,5513522;-43,24572802
05/10/2023;08:15:00;RESENDE;Reação tardia ou ineficiente do condutor;Tombamento;Com Vítimas Feridas;Pleno dia;Decrescente;Chuva;Dupla;"Reta;Declive";-22,4550412;-44,38649998
05/10/2023;11:10:00;BARRA DO TURVO;Pista Escorregadia;Colisão com objeto;Com Vítimas Feridas;Pleno dia;Crescente;Chuva;Simples;"Curva;Declive";-24,95016699;-48,42400302
05/10/2023;13:20:00;MONTES CLAROS;Pista Escorregadia;Colisão frontal;Com Vítimas Feridas;Pleno dia;Crescente;Chuva;Simples;"Reta;Declive";-16,84711553;-44,07790476
23/03/2023;08:00:00;GARUVA;Ultrapassagem Indevida;Colisão lateral mesmo sentido;Com Vítimas Feridas;Pleno dia;Decrescente;Nublado;Simples;Viaduto;-26,02692002;-48,86142017
16/09/2023;09:25:00;ARAQUARI;Ultrapassagem Indevida;Colisão traseira;Com Vítimas Feridas;Pleno dia;Crescente;Céu Claro;Simples;Reta;-26,42993971;-48,79615614
05/10/2023;14:30:00;POCOES;Ausência de reação do condutor;Tombamento;Com Vítimas Feridas;Pleno dia;Crescente;Céu Claro;Simples;Reta;-14,40016204;-40,35442986
05/10/2023;15:30:00;POXOREO;Acostamento em desnível;Saída de leito carroçável;Com Vítimas Feridas;Pleno dia;Decrescente;Sol;Simples;Reta;-15,57996026;-54,46351203
05/10/2023;18:55:00;ARAGUAINA;Ultrapassagem Indevida;Saída de leito carroçável;Sem Vítimas;Plena Noite;Crescente;Céu Claro;Simples;Ponte;-7,27973969;-48,27188825
05/10/2023;19:15:00;GUARULHOS;Manobra de mudança de faixa;Colisão lateral mesmo sentido;Com Vítimas Feridas;Plena Noite;Decrescente;Chuva;Múltipla;Reta;-23,48586772;-46,54075317
05/10/2023;20:05:00;JUQUITIBA;Manobra de mudança de faixa;Colisão lateral mesmo sentido;Sem Vítimas;Plena Noite;Crescente;Chuva;Dupla;"Reta;Aclive";-23,9818403;-47,14564419
05/10/2023;22:40:00;RIO GRANDE;Ausência de sinalização;Colisão traseira;Com Vítimas Feridas;Plena Noite;Decrescente;Céu Claro;Simples;"Ponte;Reta";-32,05362099;-52,08645803
06/10/2023;00:10:00;FRANCISCO SA;Velocidade Incompatível;Tombamento;Com Vítimas Feridas;Plena Noite;Decrescente;Nublado;Simples;"Declive;Curva";-16,4669101;-43,43947986
06/10/2023;01:40:00;ICARA;Velocidade Incompatível;Colisão traseira;Sem Vítimas;Plena Noite;Decrescente;Nublado;Múltipla;"Aclive;Reta";-28,75966988;-49,28552404
06/10/2023;03:15:00;ALEM PARAIBA;Velocidade Incompatível;Tombamento;Com Vítimas Feridas;Plena Noite;Crescente;Garoa/Chuvisco;Simples;Curva;-21,79329495;-42,71656036
06/10/2023;04:10:00;VENDA NOVA DO IMIGRANTE;Velocidade Incompatível;Colisão frontal;Com Vítimas Feridas;Plena Noite;Crescente;Garoa/Chuvisco;Simples;Curva;-20,33129;-41,20435
06/10/2023;07:00:00;SAO MIGUEL DO IGUACU;Manobra de mudança de faixa;Colisão lateral mesmo sentido;Com Vítimas Feridas;Pleno dia;Crescente;Céu Claro;Dupla;"Reta;Declive";-25,37239725;-54,27033988
06/10/2023;08:24:00;TERESINA;Manobra de mudança de faixa;Colisão lateral mesmo sentido;Com Vítimas Feridas;Pleno dia;Crescente;Céu Claro;Múltipla;Reta;-5,081399;-42,765673
06/10/2023;09:00:00;CONTAGEM;Trafegar com motocicleta (ou similar) entre as faixas;Tombamento;Com Vítimas Feridas;Pleno dia;Crescente;Nublado;Dupla;"Curva;Aclive";-19,91295715;-44,04092789
25/04/2023;12:09:00;RECIFE;Velocidade Incompatível;Colisão com objeto;Com Vítimas Feridas;Pleno dia;Crescente;Céu Claro;Dupla;Declive;-8,056301;-34,996951
06/10/2023;14:00:00;OLIVEIRA DOS BREJINHOS;Manobra de mudança de faixa;Colisão lateral sentido oposto;Com Vítimas Fatais;Pleno dia;Crescente;Sol;Simples;Reta;-12,38561892;-42,40889692
06/10/2023;16:23:00;ARAGUARI;Velocidade Incompatível;Tombamento;Com Vítimas Feridas;Pleno dia;Decrescente;Céu Claro;Dupla;Curva;-18,61566;-48,114071
06/10/2023;15:15:00;MANHUACU;Chuva;Colisão frontal;Com Vítimas Fatais;Pleno dia;Crescente;Chuva;Simples;"Reta;Declive";-20,00117809;-42,14034158
06/10/2023;12:50:00;RIO DOS BOIS;Ultrapassagem Indevida;Colisão traseira;Sem Vítimas;Pleno dia;Crescente;Céu Claro;Simples;Aclive;-9,393278;-48,56296901
06/10/2023;16:45:00;MEDIANEIRA;Velocidade Incompatível;Colisão traseira;Com Vítimas Feridas;Pleno dia;Decrescente;Céu Claro;Dupla;Reta;-25,28740438;-54,09701091
06/10/2023;19:50:00;ANAPOLIS;Ausência de sinalização;Colisão frontal;Com Vítimas Feridas;Plena Noite;Crescente;Nublado;Dupla;Reta;-16,255061;-48,991751
06/10/2023;13:10:00;DUQUE DE CAXIAS;Velocidade Incompatível;Tombamento;Com Vítimas Feridas;Pleno dia;Decrescente;Sol;Múltipla;"Aclive;Curva;Viaduto";-22,76375592;-43,28683062
06/10/2023;19:26:00;JATAI;Reação tardia ou ineficiente do condutor;Derramamento de carga;Com Vítimas Feridas;Plena Noite;Não Informado;Nublado;Dupla;"Reta;Aclive";-17,90121;-51,762142
05/08/2023;14:55:00;SALVADOR;Velocidade Incompatível;Colisão lateral mesmo sentido;Sem Vítimas;Pleno dia;Crescente;Céu Claro;Múltipla;Reta;-12,87957905;-38,43213893
06/10/2023;15:45:00;TIBAGI;Reação tardia ou ineficiente do condutor;Tombamento;Com Vítimas Fatais;Pleno dia;Crescente;Céu Claro;Dupla;"Curva;Declive";-24,87795911;-50,44083953
06/10/2023;19:36:00;CAIAPONIA;Ausência de reação do condutor;Tombamento;Sem Vítimas;Anoitecer;Decrescente;Céu Claro;Simples;"Reta;Declive";-17,309656;-51,883157
06/10/2023;19:30:00;ROSARIO OESTE;Reação tardia ou ineficiente do condutor;Tombamento;Com Vítimas Fatais;Plena Noite;Decrescente;Nublado;Simples;"Reta;Ponte";-15,01361502;-56,5153232
07/10/2023;07:30:00;SANTO ANTONIO DA BARRA;Velocidade Incompatível;Tombamento;Com Vítimas Feridas;Pleno dia;Decrescente;Nublado;Dupla;"Retorno Regulamentado;Aclive";-17,592618;-50,71070194
07/10/2023;08:15:00;FEIRA DE SANTANA;Reação tardia ou ineficiente do condutor;Tombamento;Com Vítimas Feridas;Pleno dia;Decrescente;Céu Claro;Dupla;"Viaduto;Reta";-12,27234586;-38,93529123
07/10/2023;09:50:00;BARRA VELHA;Manobra de mudança de faixa;Colisão lateral mesmo sentido;Com Vítimas Feridas;Pleno dia;Decrescente;Chuva;Dupla;Reta;-26,67120698;-48,69011814
07/10/2023;08:30:00;IBIRAPITANGA;Reação tardia ou ineficiente do condutor;Tombamento;Com Vítimas Feridas;Pleno dia;Decrescente;Chuva;Simples;Curva;-13,907131;-39,47979
07/10/2023;12:03:00;BRUMADINHO;Velocidade Incompatível;Tombamento;Com Vítimas Feridas;Pleno dia;Decrescente;Sol;Dupla;Curva;-20,16283256;-44,35072739
07/10/2023;12:10:00;TIJUCAS DO SUL;Condutor deixou de manter distância do veículo da frente;Saída de leito carroçável;Com Vítimas Feridas;Pleno dia;Decrescente;Chuva;Dupla;"Reta;Declive";-25,844948;-49,07259
07/10/2023;09:00:00;PORTO VELHO;Velocidade Incompatível;Colisão traseira;Com Vítimas Feridas;Pleno dia;Decrescente;Céu Claro;Simples;Reta;-9,67144966;-65,40658389
07/10/2023;12:00:00;SAO MIGUEL DO IGUACU;Manobra de mudança de faixa;Saída de leito carroçável;Sem Vítimas;Pleno dia;Decrescente;Céu Claro;Dupla;"Reta;Declive";-25,3964712;-54,31179289
07/10/2023;13:28:00;SAO JOAQUIM DE BICAS;Velocidade Incompatível;Engavetamento;Com Vítimas Feridas;Pleno dia;Decrescente;Céu Claro;Dupla;Reta;-20,06277698;-44,29329002
07/10/2023;12:00:00;BARRA DO GARCAS;Ultrapassagem Indevida;Colisão traseira;Com Vítimas Feridas;Pleno dia;Decrescente;Céu Claro;Simples;"Reta;Declive";-15,77641997;-52,28416808
07/10/2023;17:00:00;CARMOPOLIS;Pista Escorregadia;Colisão com objeto;Sem Vítimas;Pleno dia;Crescente;Chuva;Dupla;Declive;-10,60303597;-36,9754765
19/06/2023;23:30:00;JOAQUIM GOMES;Chuva;Saída de leito carroçável;Com Vítimas Feridas;Plena Noite;Crescente;Chuva;Dupla;Curva;-9,10736895;-35,75887214
07/10/2023;20:00:00;PADRE CARVALHO;Reação tardia ou ineficiente do condutor;Tombamento;Com Vítimas Feridas;Plena Noite;Decrescente;Céu Claro;Simples;"Declive;Curva";-16,25752652;-42,52361298