data_inversa;horario;municipio;causa_acidente;tipo_acidente;classificacao_acidente;fase_dia;sentido_via;condicao_metereologica;tipo_pista;tracado_via;latitude;longitude
14/09/2023;13:45:00;ATIBAIA;Acumulo de água sobre o pavimento;Saída de leito carroçável;Com Vítimas Feridas;Pleno dia;Crescente;Chuva;Múltipla;"Reta;Declive";-23,079939;-46,569862
17/10/2023;23:15:00;SENA MADUREIRA;Declive acentuado;Capotamento;Sem Vítimas;Plena Noite;Decrescente;Céu Claro;Simples;Declive;-9,28715385;-68,49154566
29/09/2023;07:00:00;BARRA DO PIRAI;Velocidade Incompatível;Saída de leito carroçável;Com Vítimas Feridas;Pleno dia;Crescente;Céu Claro;Simples;Curva;-22,486377;-43,89981486
02/10/2023;18:30:00;BOM JARDIM DE MINAS;Ultrapassagem Indevida;Colisão lateral sentido oposto;Com Vítimas Feridas;Anoitecer;Crescente;Garoa/Chuvisco;Simples;Curva;-21,91840869;-44,0198551
06/09/2023;18:30:00;NOVA XAVANTINA;Ultrapassagem Indevida;Colisão frontal;Com Vítimas Fatais;Plena Noite;Crescente;Garoa/Chuvisco;Simples;Reta;-14,80178696;-52,3041909
18/10/2023;13:00:00;ITABUNA;Velocidade Incompatível;Colisão lateral sentido oposto;Com Vítimas Feridas;Pleno dia;Crescente;Céu Claro;Simples;Reta;-14,81574494;-39,29612388
18/10/2023;10:28:00;IBIA;Ultrapassagem Indevida;Colisão frontal;Com Vítimas Fatais;Pleno dia;Crescente;Céu Claro;Simples;"Reta;Aclive";-19,57402397;-46,55078888
18/10/2023;12:00:00;OLIVEIRA FORTES;Demais falhas mecânicas ou elétricas;Tombamento;Com Vítimas Feridas;Pleno dia;Decrescente;Céu Claro;Dupla;"Reta;Aclive";-21,32603098;-43,58445806
18/10/2023;12:45:00;PARIQUERA-ACU;Chuva;Saída de leito carroçável;Com Vítimas Feridas;Pleno dia;Decrescente;Chuva;Dupla;Reta;-24,63517676;-47,90877722
18/10/2023;15:00:00;SAO JOSE DOS CAMPOS;Manobra de mudança de faixa;Colisão lateral mesmo sentido;Com Vítimas Feridas;Pleno dia;Crescente;Nublado;Dupla;Reta;-23,1869844;-45,8548078
18/10/2023;16:30:00;PIRAI;Ausência de reação do condutor;Tombamento;Com Vítimas Feridas;Pleno dia;Decrescente;Nublado;Simples;Curva;-22,67033307;-43,8381958
18/10/2023;16:20:00;ELDORADO;Reação tardia ou ineficiente do condutor;Tombamento;Sem Vítimas;Pleno dia;Decrescente;Nublado;Simples;Reta;-23,66167206;-54,25911291
18/10/2023;17:00:00;IBIRAPITANGA;Velocidade Incompatível;Saída de leito carroçável;Com Vítimas Feridas;Anoitecer;Decrescente;Céu Claro;Simples;Curva;-14,03134687;-39,42203522
18/10/2023;17:40:00;ARAPONGAS;Manobra de mudança de faixa;Colisão traseira;Com Vítimas Feridas;Pleno dia;Decrescente;Céu Claro;Dupla;Reta;-23,4957;-51,4232
18/10/2023;20:30:00;CONTENDA;Ausência de reação do condutor;Tombamento;Com Vítimas Feridas;Plena Noite;Crescente;Nublado;Simples;Reta;-25,666254;-49,495918
18/10/2023;20:20:00;POUSO NOVO;Velocidade Incompatível;Colisão lateral mesmo sentido;Com Vítimas Feridas;Plena Noite;Decrescente;Nublado;Simples;Curva;-29,13776825;-52,23981857
18/10/2023;16:30:00;PRESIDENTE MEDICI;Curva acentuada;Saída de leito carroçável;Sem Vítimas;Anoitecer;Crescente;Céu Claro;Simples;"Curva;Declive";-2,39999602;-45,81523127
18/10/2023;22:20:00;REGISTRO;Manobra de mudança de faixa;Tombamento;Com Vítimas Feridas;Plena Noite;Decrescente;Céu Claro;Dupla;Reta;-24,49790715;-47,84208686
19/10/2023;03:45:00;PARANAGUA;Reação tardia ou ineficiente do condutor;Tombamento;Com Vítimas Feridas;Plena Noite;Crescente;Nublado;Dupla;Reta;-25,568198;-48,615292
19/10/2023;04:30:00;REGISTRO;Chuva;Tombamento;Com Vítimas Feridas;Plena Noite;Decrescente;Chuva;Dupla;Reta;-24,43589911;-47,7922419
19/10/2023;05:03:00;GANDU;Velocidade Incompatível;Saída de leito carroçável;Com Vítimas Feridas;Amanhecer;Decrescente;Céu Claro;Simples;Curva;-13,75128653;-39,48440409
19/10/2023;06:14:00;POSSE;Ultrapassagem Indevida;Colisão lateral mesmo sentido;Com Vítimas Feridas;Pleno dia;Crescente;Céu Claro;Simples;"Reta;Declive";-14,237023;-46,350555
19/10/2023;07:15:00;COLATINA;Velocidade Incompatível;Colisão frontal;Com Vítimas Fatais;Pleno dia;Crescente;Céu Claro;Dupla;Curva;-19,63675605;-40,46343891
31/07/2023;11:30:00;SANTANA DO ARAGUAIA;Manobra de mudança de faixa;Colisão lateral sentido oposto;Com Vítimas Feridas;Pleno dia;Decrescente;Céu Claro;Simples;Curva;-9,65631996;-50,88414503
19/10/2023;12:45:00;JANDAIA DO SUL;Acumulo de água sobre o pavimento;Saída de leito carroçável;Com Vítimas Feridas;Pleno dia;Decrescente;Chuva;Dupla;Curva;-23,5808343;-51,65143895
19/10/2023;14:10:00;CRISTINAPOLIS;Desvio temporário;Colisão lateral sentido oposto;Com Vítimas Feridas;Pleno dia;Crescente;Céu Claro;Simples;Curva;-11,41408;-37,700524
19/10/2023;13:30:00;MIRACATU;Demais falhas mecânicas ou elétricas;Tombamento;Com Vítimas Feridas;Pleno dia;Crescente;Céu Claro;Dupla;Curva;-24,1220177;-47,27047772
03/10/2023;13:20:00;GOIANINHA;Reação tardia ou ineficiente do condutor;Tombamento;Com Vítimas Feridas;Pleno dia;Decrescente;Céu Claro;Dupla;Curva;-6,27145987;-35,20823975
19/10/2023;16:10:00;SAO CAITANO;Manobra de mudança de faixa;Colisão traseira;Com Vítimas Feridas;Pleno dia;Crescente;Céu Claro;Dupla;Reta;-8,32046632;-36,07694496
19/10/2023;16:00:00;DELTA;Sistema de drenagem ineficiente;Saída de leito carroçável;Sem Vítimas;Pleno dia;Crescente;Chuva;Dupla;"Reta;Declive";-19,887439;-47,848374
19/10/2023;15:10:00;COMODORO;Curva acentuada;Tombamento;Com Vítimas Feridas;Pleno dia;Crescente;Céu Claro;Simples;Curva;-13,05270801;-59,90158206
19/10/2023;19:40:00;MURIAE;Falta de acostamento;Colisão traseira;Com Vítimas Feridas;Plena Noite;Crescente;Nublado;Simples;"Reta;Aclive";-21,15155562;-42,38248587
19/10/2023;15:50:00;CAMPOS ALTOS;Pista Escorregadia;Saída de leito carroçável;Com Vítimas Feridas;Pleno dia;Decrescente;Garoa/Chuvisco;Simples;Declive;-19,666414;-46,16032
19/10/2023;20:50:00;CAETITE;Velocidade Incompatível;Tombamento;Com Vítimas Feridas;Plena Noite;Crescente;Céu Claro;Simples;Curva;-14,09789655;-42,58010043
20/10/2023;06:00:00;CENTRALINA;Velocidade Incompatível;Saída de leito carroçável;Sem Vítimas;Amanhecer;Crescente;Céu Claro;Dupla;Reta;-18,542202;-49,19366
08/10/2023;06:00:00;BALNEARIO PICARRAS;Velocidade Incompatível;Colisão traseira;Sem Vítimas;Amanhecer;Decrescente;Chuva;Dupla;Reta;-26,7832381;-48,68314632
20/10/2023;08:25:00;SAO GONCALO DO AMARANTE;Demais falhas mecânicas ou elétricas;Tombamento;Com Vítimas Feridas;Pleno dia;Decrescente;Sol;Dupla;"Curva;Aclive;Viaduto";-5,74497504;-35,33527136
04/10/2023;10:05:00;ORTIGUEIRA;Chuva;Colisão lateral sentido oposto;Com Vítimas Feridas;Pleno dia;Crescente;Chuva;Simples;Reta;-24,08870932;-51,05177324
20/10/2023;10:10:00;ANCHIETA;Velocidade Incompatível;Tombamento;Com Vítimas Feridas;Pleno dia;Crescente;Nublado;Simples;"Declive;Curva";-20,753749;-40,75894999
14/09/2023;19:50:00;ROSEIRA;Chuva;Colisão lateral mesmo sentido;Com Vítimas Feridas;Plena Noite;Crescente;Garoa/Chuvisco;Dupla;Interseção de Vias;-22,90482177;-45,31030655
20/10/2023;12:00:00;APUCARANA;Demais falhas mecânicas ou elétricas;Tombamento;Com Vítimas Feridas;Pleno dia;Crescente;Céu Claro;Dupla;Curva;-23,58373109;-51,46335598
20/10/2023;13:30:00;MARECHAL CANDIDO RONDON;Velocidade Incompatível;Colisão transversal;Sem Vítimas;Pleno dia;Decrescente;Céu Claro;Simples;"Desvio Temporário;Aclive;Curva;Em Obras";-24,568102;-54,034168
20/10/2023;14:30:00;SEROPEDICA;Ultrapassagem Indevida;Colisão lateral mesmo sentido;Com Vítimas Feridas;Pleno dia;Crescente;Céu Claro;Simples;Reta;-22,771765;-43,670528
20/10/2023;17:15:00;RECIFE;Trafegar com motocicleta (ou similar) entre as faixas;Tombamento;Com Vítimas Fatais;Plena Noite;Crescente;Chuva;Dupla;Reta;-8,07663102;-34,94277871
04/10/2023;19:32:00;BELTERRA;Reação tardia ou ineficiente do condutor;Tombamento;Com Vítimas Feridas;Plena Noite;Crescente;Céu Claro;Simples;Curva;-2,91759693;-54,92465973
20/10/2023;17:00:00;ITAITUBA;Velocidade Incompatível;Tombamento;Com Vítimas Feridas;Anoitecer;Decrescente;Céu Claro;Simples;"Declive;Curva";-4,39912907;-55,91972351
20/10/2023;21:36:00;BARRA DO CORDA;Manobra de mudança de faixa;Colisão frontal;Com Vítimas Feridas;Plena Noite;Crescente;Céu Claro;Simples;Curva;-5,48391094;-45,27514167
21/10/2023;02:30:00;FERVEDOURO;Velocidade Incompatível;Colisão frontal;Com Vítimas Fatais;Plena Noite;Decrescente;Nublado;Simples;Curva;-20,715269;-42,282084
09/10/2023;00:24:00;MAE DO RIO;Carga excessiva e/ou mal acondicionada;Tombamento;Sem Vítimas;Plena Noite;Crescente;Céu Claro;Simples;"Reta;Aclive";-1,91433503;-47,52113775
20/10/2023;17:30:00;LUZIANIA;Chuva;Saída de leito carroçável;Com Vítimas Feridas;Pleno dia;Crescente;Chuva;Simples;"Declive;Curva";-16,37676;-47,830535
21/10/2023;08:30:00;CRUZ ALTA;Ultrapassagem Indevida;Colisão traseira;Com Vítimas Feridas;Pleno dia;Crescente;Céu Claro;Simples;Reta;-28,5700499;-53,56567808
21/10/2023;08:40:00;CARACARAI;Ultrapassagem Indevida;Colisão lateral sentido oposto;Com Vítimas Feridas;Pleno dia;Crescente;Céu Claro;Simples;Curva;1,262862;-60,500686
21/10/2023;12:30:00;RIBEIRAO DAS NEVES;Velocidade Incompatível;Colisão traseira;Com Vítimas Feridas;Pleno dia;Decrescente;Céu Claro;Dupla;Reta;-19,77463885;-44,12321882
21/10/2023;15:00:00;CRISTALINA;Reação tardia ou ineficiente do condutor;Tombamento;Com Vítimas Feridas;Pleno dia;Crescente;Sol;Dupla;Reta;-16,9309;-47,7117
21/10/2023;16:20:00;DOMINGOS MARTINS;Velocidade Incompatível;Colisão lateral sentido oposto;Com Vítimas Feridas;Pleno dia;Decrescente;Chuva;Simples;Curva;-20,38524458;-40,65385185
21/10/2023;16:04:00;PALHOCA;Manobra de mudança de faixa;Colisão lateral mesmo sentido;Com Vítimas Feridas;Pleno dia;Decrescente;Nublado;Múltipla;Curva;-27,65184843;-48,67604941
21/10/2023;17:00:00;APARECIDA DO TABOADO;Velocidade Incompatível;Colisão lateral sentido oposto;Com Vítimas Feridas;Pleno dia;Crescente;Céu Claro;Simples;Reta;-20,098198;-51,119575
21/10/2023;15:15:00;SAO CRISTOVAO DO SUL;Velocidade Incompatível;Colisão transversal;Com Vítimas Feridas;Pleno dia;Crescente;Céu Claro;Simples;Reta;-27,304041;-50,464909
21/10/2023;18:10:00;UBERLANDIA;Velocidade Incompatível;Tombamento;Com Vítimas Feridas;Pleno dia;Crescente;Céu Claro;Dupla;"Curva;Aclive;Viaduto";-18,85662527;-48,25405598
21/10/2023;19:20:00;VALPARAISO DE GOIAS;Manobra de mudança de faixa;Colisão lateral mesmo sentido;Com Vítimas Feridas;Plena Noite;Crescente;Nublado;Dupla;Reta;-16,085241;-47,986752
21/10/2023;18:40:00;CAPINZAL DO NORTE;Manobra de mudança de faixa;Colisão frontal;Com Vítimas Fatais;Plena Noite;Decrescente;Céu Claro;Simples;Reta;-4,67550283;-44,33421058
22/10/2023;02:30:00;BETIM;Manobra de mudança de faixa;Colisão lateral mesmo sentido;Sem Vítimas;Plena Noite;Decrescente;Céu Claro;Dupla;Reta;-19,97562699;-44,197751
22/10/2023;02:30:00;CAXIAS;Manobra de mudança de faixa;Colisão frontal;Com Vítimas Fatais;Plena Noite;Crescente;Céu Claro;Simples;Declive;-4,988132;-43,06432
21/10/2023;19:15:00;NOVA MUTUM;Acostamento em desnível;Saída de leito carroçável;Com Vítimas Fatais;Anoitecer;Decrescente;Garoa/Chuvisco;Simples;Reta;-14,05793518;-56,09856364
22/10/2023;07:20:00;SAO JOSE DOS CAMPOS;Manobra de mudança de faixa;Colisão lateral mesmo sentido;Sem Vítimas;Pleno dia;Crescente;Céu Claro;Dupla;Reta;-23,17849879;-45,83787411
22/10/2023;07:50:00;SABARA;Velocidade Incompatível;Tombamento;Com Vítimas Feridas;Pleno dia;Crescente;Sol;Simples;"Curva;Aclive";-19,799134;-43,760658
22/10/2023;09:45:00;TERESINA;Trafegar com motocicleta (ou similar) entre as faixas;Tombamento;Com Vítimas Fatais;Pleno dia;Decrescente;Sol;Múltipla;Curva;-5,12861853;-42,80706778
24/09/2023;17:20:00;MIMOSO DO SUL;Carga excessiva e/ou mal acondicionada;Derramamento de carga;Com Vítimas Feridas;Anoitecer;Crescente;Céu Claro;Simples;Curva;-21,14473102;-41,27036927
22/10/2023;15:11:00;SAO GONCALO DO GURGUEIA;Velocidade Incompatível;Tombamento;Com Vítimas Feridas;Pleno dia;Crescente;Céu Claro;Simples;Declive;-10,12504075;-45,23347393
22/10/2023;14:45:00;IBATIBA;Participar de racha;Tombamento;Com Vítimas Feridas;Pleno dia;Crescente;Céu Claro;Simples;Reta;-20,22651793;-41,47055672
23/10/2023;01:00:00;TRES MARIAS;Velocidade Incompatível;Tombamento;Com Vítimas Feridas;Plena Noite;Crescente;Céu Claro;Simples;"Declive;Curva;Ponte";-18,35277404;-45,09316921
23/10/2023;08:25:00;CAJATI;Reação tardia ou ineficiente do condutor;Tombamento;Com Vítimas Feridas;Pleno dia;Decrescente;Céu Claro;Simples;"Declive;Curva";-24,85874304;-48,21731282
23/10/2023;07:10:00;SANTANA DO IPANEMA;Ultrapassagem Indevida;Colisão lateral mesmo sentido;Sem Vítimas;Pleno dia;Crescente;Céu Claro;Simples;Reta;-9,34022598;-37,28513299
23/10/2023;09:30:00;CATUJI;Manobra de mudança de faixa;Colisão lateral mesmo sentido;Com Vítimas Feridas;Pleno dia;Decrescente;Céu Claro;Dupla;"Reta;Aclive";-17,36742595;-41,53218172
23/10/2023;12:30:00;DUQUE DE CAXIAS;Ausência de reação do condutor;Tombamento;Com Vítimas Feridas;Pleno dia;Crescente;Céu Claro;Simples;Retorno Regulamentado;-22,70948502;-43,29040354
23/10/2023;12:40:00;ICO;Ausência de reação do condutor;Tombamento;Sem Vítimas;Pleno dia;Decrescente;Céu Claro;Simples;Reta;-6,310941;-38,730328
23/10/2023;14:20:00;RIO VERDE;Velocidade Incompatível;Tombamento;Sem Vítimas;Pleno dia;Decrescente;Céu Claro;Dupla;"Declive;Curva";-17,786345;-50,901516
27/09/2023;15:30:00;JOAO NEIVA;Manobra de mudança de faixa;Colisão lateral sentido oposto;Com Vítimas Feridas;Pleno dia;Decrescente;Céu Claro;Simples;Reta;-19,72128119;-40,37548817
23/10/2023;14:40:00;ARATACA;Velocidade Incompatível;Colisão frontal;Com Vítimas Fatais;Pleno dia;Crescente;Garoa/Chuvisco;Simples;Curva;-15,3853068;-39,48541982
23/10/2023;16:02:00;RIO VERDE;Acesso irregular;Tombamento;Com Vítimas Feridas;Pleno dia;Decrescente;Chuva;Simples;"Curva;Aclive";-17,8266;-50,9789
23/10/2023;16:25:00;MATIPO;Manobra de mudança de faixa;Colisão lateral mesmo sentido;Com Vítimas Feridas;Anoitecer;Crescente;Nublado;Simples;"Reta;Rotatória";-20,30577418;-42,26805605
23/10/2023;18:00:00;JOAO PESSOA;Manobra de mudança de faixa;Colisão lateral mesmo sentido;Com Vítimas Feridas;Plena Noite;Decrescente;Céu Claro;Dupla;Curva;-7,1281;-34,8466
06/10/2023;22:30:00;CORRENTINA;Ultrapassagem Indevida;Colisão frontal;Com Vítimas Fatais;Plena Noite;Decrescente;Céu Claro;Simples;Aclive;-13,40088;-44,70402
23/10/2023;17:00:00;CUIABA;Chuva;Colisão traseira;Com Vítimas Feridas;Anoitecer;Crescente;Chuva;Dupla;Curva;-15,66592961;-55,96128887
23/10/2023;16:40:00;UBERLANDIA;Velocidade Incompatível;Colisão traseira;Com Vítimas Feridas;Pleno dia;Crescente;Sol;Dupla;"Reta;Aclive";-18,80182592;-48,23899615
24/10/2023;07:46:00;CAMPOS DOS GOYTACAZES;Ultrapassagem Indevida;Colisão lateral mesmo sentido;Com Vítimas Feridas;Pleno dia;Crescente;Céu Claro;Simples;Interseção de Vias;-21,71366497;-41,30861915
24/10/2023;07:40:00;MIRASSOL;Manobra de mudança de faixa;Colisão traseira;Com Vítimas Feridas;Pleno dia;Decrescente;Céu Claro;Dupla;Reta;-20,9344296;-49,51909431
24/10/2023;09:00:00;JOAO MONLEVADE;Reação tardia ou ineficiente do condutor;Tombamento;Com Vítimas Feridas;Pleno dia;Crescente;Céu Claro;Simples;Curva;-19,84644336;-43,16611234
13/10/2023;01:33:00;TANGARA;Sinalização mal posicionada;Colisão traseira;Com Vítimas Feridas;Plena Noite;Decrescente;Céu Claro;Simples;"Declive;Reta";-6,2466165;-35,8596715
24/10/2023;09:40:00;SERRINHA;Ultrapassagem Indevida;Colisão frontal;Com Vítimas Feridas;Pleno dia;Decrescente;Céu Claro;Simples;"Reta;Declive";-11,66618301;-39,00086165
24/10/2023;10:45:00;ARAQUARI;Ultrapassagem Indevida;Colisão frontal;Com Vítimas Fatais;Pleno dia;Decrescente;Nublado;Simples;"Reta;Em Obras";-26,4504798;-48,8652691
24/10/2023;13:30:00;ESMERALDAS;Manobra de mudança de faixa;Colisão traseira;Com Vítimas Feridas;Pleno dia;Crescente;Céu Claro;Dupla;Aclive;-19,65390808;-44,19841023
24/10/2023;10:40:00;SERITINGA;Velocidade Incompatível;Tombamento;Com Vítimas Feridas;Pleno dia;Crescente;Céu Claro;Simples;"Declive;Curva";-21,93458245;-44,57561505
24/10/2023;16:00:00;GARUVA;Manobra de mudança de faixa;Colisão lateral mesmo sentido;Com Vítimas Feridas;Pleno dia;Crescente;Nublado;Dupla;Reta;-26,08986803;-48,86345096
24/10/2023;15:32:00;INHAPIM;Manobra de mudança de faixa;Colisão lateral mesmo sentido;Com Vítimas Feridas;Pleno dia;Crescente;Nublado;Simples;Curva;-19,51892699;-42,12765395
11/10/2023;17:00:00;SAPEZAL;Ultrapassagem Indevida;Colisão lateral sentido oposto;Com Vítimas Feridas;Anoitecer;Crescente;Céu Claro;Simples;Reta;-13,53959629;-58,819608
24/10/2023;16:00:00;ILHOTA;Manobra de mudança de faixa;Colisão lateral mesmo sentido;Sem Vítimas;Pleno dia;Crescente;Céu Claro;Dupla;Reta;-26,880066;-48,836224
24/10/2023;17:20:00;PARACATU;Manobra de mudança de faixa;Colisão lateral mesmo sentido;Com Vítimas Fatais;Pleno dia;Decrescente;Céu Claro;Simples;"Reta;Declive";-17,43605208;-46,69859918
24/10/2023;21:15:00;DIAMANTINO;Pista Escorregadia;Saída de leito carroçável;Sem Vítimas;Plena Noite;Crescente;Chuva;Simples;Reta;-14,493;-56,184
25/10/2023;01:20:00;SANTA BARBARA;Reação tardia ou ineficiente do condutor;Tombamento;Com Vítimas Feridas;Plena Noite;Decrescente;Céu Claro;Simples;Reta;-12,033555;-39,02002
25/10/2023;03:40:00;POCOS DE CALDAS;Velocidade Incompatível;Saída de leito carroçável;Com Vítimas Feridas;Plena Noite;Crescente;Chuva;Simples;Reta;-21,761815;-46,411292
25/10/2023;06:30:00;VOLTA REDONDA;Chuva;Colisão com objeto;Com Vítimas Feridas;Pleno dia;Decrescente;Chuva;Dupla;Reta;-22,59213864;-44,07723781
25/10/2023;09:10:00;SAO GONCALO DO SAPUCAI;Falta de elemento de contenção que evite a saída do leito carroçável;Saída de leito carroçável;Com Vítimas Feridas;Pleno dia;Decrescente;Céu Claro;Dupla;Reta;-21,91466076;-45,5798775
13/10/2023;12:40:00;PATOS DE MINAS;Reação tardia ou ineficiente do condutor;Tombamento;Com Vítimas Feridas;Pleno dia;Crescente;Chuva;Simples;Reta;-18,62844934;-46,40554592
25/10/2023;09:30:00;RIO LARGO;Condutor Dormindo;Tombamento;Com Vítimas Feridas;Pleno dia;Decrescente;Céu Claro;Dupla;"Reta;Declive";-9,44864971;-35,86079908
25/10/2023;06:45:00;RIBEIRAO DAS NEVES;Velocidade Incompatível;Engavetamento;Com Vítimas Feridas;Pleno dia;Decrescente;Chuva;Dupla;Reta;-19,78946999;-44,11290699
25/10/2023;08:30:00;VILHENA;Manobra de mudança de faixa;Colisão lateral mesmo sentido;Sem Vítimas;Pleno dia;Decrescente;Céu Claro;Simples;"Curva;Aclive";-12,83939085;-60,37593022
25/10/2023;10:36:00;POMBOS;Fumaça;Colisão traseira;Com Vítimas Feridas;Pleno dia;Crescente;Céu Claro;Dupla;Reta;-8,13014263;-35,3484723
20/10/2023;01:20:00;GRAO MOGOL;Velocidade Incompatível;Tombamento;Com Vítimas Feridas;Plena Noite;Crescente;Ignorado;Simples;Curva;-16,31080884;-43,08618504
25/10/2023;13:05:00;ANAPOLIS;Demais falhas na via;Colisão com objeto;Com Vítimas Feridas;Pleno dia;Crescente;Céu Claro;Dupla;Declive;-16,3149;-48,846
25/10/2023;11:00:00;MACAE;Velocidade Incompatível;Saída de leito carroçável;Com Vítimas Feridas;Pleno dia;Crescente;Chuva;Simples;"Curva;Aclive";-22,32158385;-41,90349311
25/10/2023;11:45:00;IPIAU;Ultrapassagem Indevida;Colisão frontal;Com Vítimas Fatais;Pleno dia;Crescente;Céu Claro;Simples;"Reta;Aclive";-14,15993086;-39,69261383
25/10/2023;16:40:00;BETIM;Manobra de mudança de faixa;Colisão lateral mesmo sentido;Com Vítimas Feridas;Anoitecer;Decrescente;Nublado;Dupla;Reta;-19,97490091;-44,19004301
23/09/2023;22:40:00;ITABORAI;Velocidade Incompatível;Colisão traseira;Com Vítimas Fatais;Plena Noite;Decrescente;Céu Claro;Dupla;"Reta;Viaduto";-22,75950214;-42,93544822
25/10/2023;07:50:00;JUINA;Acumulo de areia ou detritos sobre o pavimento;Colisão lateral sentido oposto;Com Vítimas Feridas;Pleno dia;Decrescente;Céu Claro;Simples;"Em Obras;Reta";-11,8477371;-59,33488369
25/10/2023;18:58:00;BETIM;Manobra de mudança de faixa;Colisão lateral mesmo sentido;Com Vítimas Fatais;Plena Noite;Crescente;Nublado;Dupla;Reta;-19,96141954;-44,16070461
25/10/2023;14:10:00;RIO VERDE;Chuva;Colisão frontal;Com Vítimas Feridas;Pleno dia;Crescente;Chuva;Simples;Reta;-17,83540792;-50,81097597
25/10/2023;18:15:00;RONDON DO PARA;Curva acentuada;Tombamento;Com Vítimas Feridas;Amanhecer;Crescente;Céu Claro;Simples;Curva;-4,65342211;-47,92098999
25/10/2023;23:15:00;SAO LOURENCO DA SERRA;Ausência de reação do condutor;Tombamento;Sem Vítimas;Plena Noite;Crescente;Garoa/Chuvisco;Múltipla;Curva;-23,81147602;-46,92298208
25/10/2023;23:45:00;CAMPO DO TENENTE;Reação tardia ou ineficiente do condutor;Tombamento;Sem Vítimas;Plena Noite;Crescente;Nublado;Simples;"Declive;Curva";-25,91578318;-49,60928095
26/10/2023;09:10:00;AGUA BOA;Velocidade Incompatível;Tombamento;Com Vítimas Feridas;Pleno dia;Crescente;Céu Claro;Simples;Reta;-13,91987321;-52,09374055
26/10/2023;08:45:00;QUEIMADOS;Acumulo de água sobre o pavimento;Colisão lateral mesmo sentido;Com Vítimas Feridas;Pleno dia;Decrescente;Chuva;Simples;Reta;-22,73124742;-43,60364806
26/10/2023;04:30:00;FRANCISCO SA;Chuva;Saída de leito carroçável;Com Vítimas Feridas;Amanhecer;Decrescente;Chuva;Simples;Reta;-16,597915;-43,644385
26/10/2023;09:30:00;VENDA NOVA DO IMIGRANTE;Manobra de mudança de faixa;Colisão lateral mesmo sentido;Com Vítimas Feridas;Pleno dia;Crescente;Céu Claro;Simples;Reta;-20,33171889;-41,20453016
26/10/2023;07:50:00;CAMBUI;Velocidade Incompatível;Tombamento;Com Vítimas Feridas;Pleno dia;Decrescente;Céu Claro;Dupla;Curva;-22,68185904;-46,10140424
07/10/2023;18:30:00;CONGONHAS;Velocidade Incompatível;Colisão lateral sentido oposto;Com Vítimas Feridas;Plena Noite;Decrescente;Nublado;Simples;"Aclive;Curva";-20,44652525;-43,83959415
14/10/2023;12:30:00;URUACU;Ultrapassagem Indevida;Colisão frontal;Com Vítimas Feridas;Pleno dia;Crescente;Céu Claro;Simples;Declive;-14,567051;-49,156227
26/10/2023;14:20:00;GOIANA;Manobra de mudança de faixa;Colisão traseira;Com Vítimas Feridas;Pleno dia;Crescente;Nublado;Dupla;Reta;-7,53266939;-34,99151945
26/10/2023;14:20:00;CLARO DOS POCOES;Chuva;Saída de leito carroçável;Com Vítimas Feridas;Pleno dia;Decrescente;Chuva;Simples;"Reta;Declive";-16,91338837;-44,20830575
26/10/2023;14:45:00;CONSELHEIRO LAFAIETE;Pista Escorregadia;Colisão frontal;Com Vítimas Fatais;Pleno dia;Crescente;Chuva;Simples;Declive;-20,768771;-43,806129
26/10/2023;16:15:00;MEDIANEIRA;Manobra de mudança de faixa;Colisão com objeto;Sem Vítimas;Pleno dia;Decrescente;Céu Claro;Dupla;Reta;-25,28490106;-54,08744898
01/09/2023;00:30:00;SAPUCAIA;Reação tardia ou ineficiente do condutor;Tombamento;Com Vítimas Feridas;Plena Noite;Decrescente;Céu Claro;Simples;Curva;-22,06451983;-42,79542346
26/10/2023;15:50:00;CORREGO DANTA;Velocidade Incompatível;Saída de leito carroçável;Com Vítimas Feridas;Pleno dia;Crescente;Chuva;Simples;Curva;-19,666414;-46,16032
26/10/2023;17:30:00;SIMAO PEREIRA;Velocidade Incompatível;Colisão traseira;Com Vítimas Feridas;Anoitecer;Decrescente;Nublado;Dupla;"Aclive;Reta";-21,9614888;-43,2986757
26/10/2023;22:00:00;SETE LAGOAS;Carga excessiva e/ou mal acondicionada;Tombamento;Com Vítimas Feridas;Plena Noite;Crescente;Nublado;Dupla;Curva;-19,4065509;-44,33367766
26/10/2023;16:00:00;INHAPIM;Velocidade Incompatível;Tombamento;Com Vítimas Feridas;Pleno dia;Crescente;Sol;Simples;Curva;-19,45138982;-42,12752114
26/10/2023;19:10:00;TUCANO;Manobra de mudança de faixa;Colisão frontal;Com Vítimas Feridas;Plena Noite;Decrescente;Céu Claro;Simples;"Ponte;Reta";-11,08547;-38,834277
26/10/2023;23:30:00;SAO LEOPOLDO;Manobra de mudança de faixa;Colisão traseira;Sem Vítimas;Plena Noite;Decrescente;Nublado;Dupla;"Interseção de Vias;Em Obras;Reta";-29,75989613;-51,15191731
26/10/2023;23:50:00;SETE LAGOAS;Carga excessiva e/ou mal acondicionada;Tombamento;Com Vítimas Feridas;Plena Noite;Crescente;Nublado;Dupla;"Curva;Declive";-19,4065509;-44,33367766
26/10/2023;21:30:00;PAULO FRONTIN;Velocidade Incompatível;Tombamento;Com Vítimas Feridas;Plena Noite;Decrescente;Nublado;Simples;Curva;-26,028959;-50,679947
27/10/2023;04:30:00;MIMOSO DO SUL;Ultrapassagem Indevida;Saída de leito carroçável;Sem Vítimas;Plena Noite;Crescente;Nublado;Simples;Curva;-21,05840799;-41,204146