data_inversa;horario;municipio;causa_acidente;tipo_acidente;classificacao_acidente;fase_dia;sentido_via;condicao_metereologica;tipo_pista;tracado_via;latitude;longitude
27/10/2023;09:15:00;JACAREI;Manobra de mudança de faixa;Colisão traseira;Com Vítimas Feridas;Pleno dia;Decrescente;Nublado;Dupla;Reta;-23,28133317;-45,98394689
27/10/2023;09:30:00;GUAIRA;Ultrapassagem Indevida;Colisão lateral mesmo sentido;Com Vítimas Feridas;Pleno dia;Crescente;Chuva;Simples;Reta;-24,240841;-54,19934555
27/10/2023;11:00:00;ITAUBA;Ultrapassagem Indevida;Colisão lateral mesmo sentido;Com Vítimas Feridas;Pleno dia;Decrescente;Céu Claro;Simples;"Reta;Declive";-11,04892504;-55,27115879
27/10/2023;12:45:00;MAFRA;Pista Escorregadia;Saída de leito carroçável;Com Vítimas Feridas;Pleno dia;Decrescente;Chuva;Simples;"Curva;Declive";-26,21362587;-49,7181449
27/10/2023;09:00:00;PORTO AMAZONAS;Ultrapassagem Indevida;Colisão frontal;Com Vítimas Feridas;Pleno dia;Decrescente;Nublado;Simples;Curva;-25,47289;-49,895964
27/10/2023;14:09:00;BRASILIA;Chuva;Saída de leito carroçável;Sem Vítimas;Pleno dia;Crescente;Chuva;Dupla;Curva;-15,59834;-47,676186
27/10/2023;13:20:00;SANTA LUCIA;Ultrapassagem Indevida;Colisão lateral sentido oposto;Com Vítimas Feridas;Pleno dia;Decrescente;Chuva;Simples;Reta;-25,44415695;-53,57850109
27/10/2023;15:30:00;RIO VERDE;Manobra de mudança de faixa;Colisão com objeto;Com Vítimas Feridas;Pleno dia;Crescente;Céu Claro;Múltipla;Reta;-17,79126493;-50,89368296
27/10/2023;15:30:00;BRASILIA;Acumulo de água sobre o pavimento;Saída de leito carroçável;Com Vítimas Feridas;Pleno dia;Crescente;Chuva;Dupla;Reta;-15,607905;-47,692791
27/10/2023;15:50:00;SATUBA;Velocidade Incompatível;Colisão frontal;Sem Vítimas;Pleno dia;Decrescente;Céu Claro;Simples;Reta;-9,59126595;-35,904985
27/10/2023;18:00:00;CRISTALINA;Velocidade Incompatível;Saída de leito carroçável;Sem Vítimas;Pleno dia;Crescente;Céu Claro;Dupla;Reta;-16,713217;-47,670047
27/10/2023;17:00:00;CAMPO GRANDE;Reação tardia ou ineficiente do condutor;Tombamento;Com Vítimas Feridas;Pleno dia;Crescente;Céu Claro;Dupla;Rotatória;-20,58566898;-54,58258181
27/10/2023;15:00:00;NOVA SANTA HELENA;Velocidade Incompatível;Colisão transversal;Com Vítimas Feridas;Pleno dia;Crescente;Céu Claro;Simples;Reta;-10,732103;-55,139085
27/10/2023;14:00:00;TIBAGI;Ausência de reação do condutor;Tombamento;Sem Vítimas;Pleno dia;Decrescente;Chuva;Dupla;Reta;-24,530681;-50,697249
27/10/2023;08:20:00;CACAPAVA DO SUL;Ultrapassagem Indevida;Tombamento;Com Vítimas Feridas;Pleno dia;Decrescente;Céu Claro;Simples;"Reta;Ponte";-30,317604;-53,207886
27/10/2023;11:50:00;NOVA LARANJEIRAS;Velocidade Incompatível;Tombamento;Com Vítimas Feridas;Pleno dia;Crescente;Chuva;Simples;"Curva;Declive";-25,25897966;-52,62848809
27/10/2023;17:30:00;SAPUCAIA;Carga excessiva e/ou mal acondicionada;Tombamento;Com Vítimas Feridas;Pleno dia;Decrescente;Nublado;Simples;Curva;-22,05084092;-42,78853
27/10/2023;22:15:00;DOMINGOS MARTINS;Velocidade Incompatível;Colisão traseira;Sem Vítimas;Plena Noite;Crescente;Chuva;Simples;Reta;-20,38123513;-41,02431905
28/10/2023;03:00:00;CRISTALINA;Velocidade Incompatível;Tombamento;Com Vítimas Feridas;Plena Noite;Decrescente;Nublado;Dupla;Curva;-16,621476;-47,748846
27/10/2023;22:30:00;TUNTUM;Acostamento em desnível;Tombamento;Com Vítimas Fatais;Plena Noite;Decrescente;Céu Claro;Simples;"Declive;Curva";-5,39389381;-44,87027096
14/10/2023;10:56:00;XANXERE;Velocidade Incompatível;Colisão lateral mesmo sentido;Com Vítimas Feridas;Pleno dia;Decrescente;Céu Claro;Dupla;Reta;-26,885883;-52,418762
28/10/2023;02:20:00;DAVINOPOLIS;Ultrapassagem Indevida;Colisão frontal;Com Vítimas Fatais;Plena Noite;Decrescente;Céu Claro;Simples;Reta;-5,618424;-47,413895
28/10/2023;07:40:00;SAO GONCALO DO RIO ABAIXO;Velocidade Incompatível;Tombamento;Com Vítimas Feridas;Pleno dia;Crescente;Chuva;Simples;Curva;-19,85130197;-43,24808594
28/10/2023;06:30:00;JEQUITAI;Pista Escorregadia;Saída de leito carroçável;Com Vítimas Feridas;Amanhecer;Decrescente;Chuva;Simples;"Reta;Declive";-17,07222805;-44,33952581
28/10/2023;07:18:00;CACOAL;Ausência de reação do condutor;Tombamento;Com Vítimas Feridas;Pleno dia;Decrescente;Céu Claro;Simples;Reta;-11,43672682;-61,58825899
28/10/2023;17:40:00;CAJATI;Pista Escorregadia;Saída de leito carroçável;Sem Vítimas;Anoitecer;Decrescente;Chuva;Dupla;Curva;-24,84304306;-48,22027915
28/10/2023;16:45:00;ITAMBACURI;Demais falhas mecânicas ou elétricas;Tombamento;Com Vítimas Feridas;Pleno dia;Crescente;Céu Claro;Simples;Curva;-18,03188584;-41,65290534
28/10/2023;19:25:00;SERRA TALHADA;Ultrapassagem Indevida;Colisão frontal;Com Vítimas Fatais;Plena Noite;Crescente;Céu Claro;Simples;Reta;-8,009602;-38,503681
28/10/2023;20:20:00;DUQUE DE CAXIAS;Manobra de mudança de faixa;Colisão transversal;Sem Vítimas;Plena Noite;Crescente;Céu Claro;Múltipla;Reta;-22,71853604;-43,28993324
29/10/2023;03:45:00;ERECHIM;Manobra de mudança de faixa;Colisão frontal;Com Vítimas Feridas;Plena Noite;Crescente;Nublado;Simples;Curva;-27,604625;-52,236579
13/10/2023;23:20:00;LORETO;Ultrapassagem Indevida;Saída de leito carroçável;Sem Vítimas;Plena Noite;Crescente;Ignorado;Simples;Reta;-6,85152348;-45,15555511
29/10/2023;09:20:00;MARILIA;Manobra de mudança de faixa;Colisão lateral mesmo sentido;Sem Vítimas;Pleno dia;Decrescente;Céu Claro;Dupla;"Reta;Aclive";-22,24864701;-49,92085793
29/10/2023;09:30:00;MARECHAL FLORIANO;Ultrapassagem Indevida;Colisão lateral mesmo sentido;Com Vítimas Feridas;Pleno dia;Decrescente;Céu Claro;Simples;Reta;-20,42077468;-40,80814348
29/10/2023;11:19:00;IGARAPE;Velocidade Incompatível;Tombamento;Com Vítimas Feridas;Pleno dia;Decrescente;Céu Claro;Dupla;Curva;-20,109791;-44,327031
29/10/2023;10:55:00;MURIAE;Velocidade Incompatível;Tombamento;Com Vítimas Feridas;Pleno dia;Decrescente;Céu Claro;Simples;Curva;-21,21283022;-42,38932659
29/10/2023;11:30:00;TERENOS;Afundamento ou ondulação no pavimento;Tombamento;Sem Vítimas;Pleno dia;Decrescente;Nublado;Simples;"Curva;Declive";-20,49058984;-54,80878841
29/10/2023;15:10:00;RIBAS DO RIO PARDO;Manobra de mudança de faixa;Colisão frontal;Com Vítimas Feridas;Pleno dia;Crescente;Céu Claro;Simples;Declive;-20,46560596;-53,471373
29/10/2023;10:30:00;MANHUACU;Velocidade Incompatível;Tombamento;Com Vítimas Feridas;Pleno dia;Crescente;Nublado;Simples;"Curva;Declive";-20,00911074;-42,14328403
29/10/2023;16:47:00;NOVA GRANADA;Velocidade Incompatível;Engavetamento;Com Vítimas Feridas;Anoitecer;Crescente;Nublado;Simples;Reta;-20,58054802;-49,31936791
29/10/2023;20:00:00;CAMBE;Manobra de mudança de faixa;Colisão lateral mesmo sentido;Com Vítimas Feridas;Pleno dia;Crescente;Céu Claro;Dupla;"Reta;Declive";-23,28901136;-51,26216513
29/10/2023;20:50:00;BALNEARIO PICARRAS;Ausência de reação do condutor;Tombamento;Com Vítimas Fatais;Plena Noite;Decrescente;Nublado;Dupla;Reta;-26,7494895;-48,6942051
29/10/2023;21:45:00;FRANCISCO SA;Velocidade Incompatível;Tombamento;Com Vítimas Feridas;Plena Noite;Crescente;Nublado;Simples;Reta;-16,47174429;-43,46596604
29/10/2023;21:30:00;JAGUAQUARA;Velocidade Incompatível;Colisão traseira;Com Vítimas Feridas;Plena Noite;Crescente;Céu Claro;Simples;Curva;-13,51488923;-39,96550197
30/10/2023;05:30:00;BARRA MANSA;Velocidade Incompatível;Tombamento;Com Vítimas Feridas;Amanhecer;Crescente;Céu Claro;Dupla;"Reta;Aclive";-22,58964229;-44,10482516
30/10/2023;11:30:00;IBIRAMA;Velocidade Incompatível;Colisão traseira;Com Vítimas Feridas;Pleno dia;Decrescente;Chuva;Simples;"Ponte;Curva";-27,080416;-49,485348
01/09/2023;22:50:00;VALE DE SAO DOMINGOS;Ausência de reação do condutor;Tombamento;Com Vítimas Feridas;Plena Noite;Crescente;Céu Claro;Simples;Curva;-15,35715686;-59,20664586
30/10/2023;13:44:00;CARIACICA;Manobra de mudança de faixa;Colisão lateral mesmo sentido;Com Vítimas Feridas;Pleno dia;Decrescente;Céu Claro;Dupla;Reta;-20,28927747;-40,39181575
30/10/2023;14:15:00;DIVISA ALEGRE;Carga excessiva e/ou mal acondicionada;Tombamento;Com Vítimas Feridas;Pleno dia;Crescente;Céu Claro;Simples;"Curva;Declive";-15,72609196;-41,34372437
30/10/2023;18:00:00;RIO GRANDE;Ultrapassagem Indevida;Colisão lateral sentido oposto;Com Vítimas Feridas;Anoitecer;Crescente;Garoa/Chuvisco;Simples;Reta;-32,04488513;-52,0855305
30/10/2023;17:43:00;FORQUILHA;Velocidade Incompatível;Tombamento;Com Vítimas Feridas;Anoitecer;Decrescente;Céu Claro;Simples;Curva;-3,80533532;-40,20309448
30/10/2023;11:00:00;INHAPIM;Velocidade Incompatível;Tombamento;Com Vítimas Feridas;Pleno dia;Crescente;Céu Claro;Simples;Curva;-19,45138982;-42,12752114
12/10/2023;11:50:00;URUACU;Manobra de mudança de faixa;Colisão lateral mesmo sentido;Com Vítimas Feridas;Pleno dia;Decrescente;Céu Claro;Simples;"Curva;Aclive";-14,547464;-49,160545
30/10/2023;16:00:00;NOVA LIMA;Ultrapassagem Indevida;Colisão lateral mesmo sentido;Com Vítimas Feridas;Pleno dia;Decrescente;Céu Claro;Simples;Reta;-20,18749199;-43,96845002
30/10/2023;21:50:00;CAMPOS DOS GOYTACAZES;Ultrapassagem Indevida;Colisão lateral sentido oposto;Com Vítimas Feridas;Plena Noite;Crescente;Céu Claro;Simples;"Reta;Em Obras";-21,76090387;-41,34788959
30/10/2023;10:00:00;PIRAI;Curva acentuada;Derramamento de carga;Sem Vítimas;Pleno dia;Decrescente;Céu Claro;Dupla;"Curva;Declive";-22,660623;-43,82667
30/10/2023;22:45:00;CARAZINHO;Reação tardia ou ineficiente do condutor;Tombamento;Com Vítimas Feridas;Plena Noite;Crescente;Nublado;Simples;Reta;-28,31926;-52,827145
31/10/2023;02:45:00;ARACRUZ;Velocidade Incompatível;Saída de leito carroçável;Com Vítimas Feridas;Plena Noite;Crescente;Nublado;Simples;Curva;-19,64708421;-40,23286555
30/10/2023;07:20:00;FRUTAL;Velocidade Incompatível;Tombamento;Com Vítimas Feridas;Pleno dia;Decrescente;Céu Claro;Simples;"Reta;Aclive";-19,798119;-48,966989
30/10/2023;20:00:00;GUAPIMIRIM;Curva acentuada;Tombamento;Com Vítimas Feridas;Plena Noite;Crescente;Céu Claro;Simples;Curva;-22,47811419;-42,99603471
30/10/2023;15:40:00;MAUA DA SERRA;Velocidade Incompatível;Tombamento;Com Vítimas Feridas;Pleno dia;Crescente;Nublado;Dupla;Curva;-23,94255214;-51,12285589
31/10/2023;09:20:00;CASCAVEL;Chuva;Colisão frontal;Com Vítimas Fatais;Pleno dia;Crescente;Chuva;Dupla;"Curva;Declive";-24,853666;-53,599856
31/10/2023;07:55:00;ALAGOINHAS;Velocidade Incompatível;Colisão lateral mesmo sentido;Com Vítimas Feridas;Pleno dia;Crescente;Céu Claro;Simples;Reta;-12,15401817;-38,51205106
31/10/2023;11:45:00;ITAPEMA;Manobra de mudança de faixa;Colisão lateral mesmo sentido;Com Vítimas Feridas;Pleno dia;Decrescente;Garoa/Chuvisco;Múltipla;"Reta;Aclive";-27,08139206;-48,60130993
31/10/2023;13:00:00;ITAPEMIRIM;Manobra de mudança de faixa;Colisão lateral mesmo sentido;Com Vítimas Feridas;Pleno dia;Decrescente;Sol;Simples;Reta;-20,87530245;-40,95792915
31/10/2023;12:34:00;PAUDALHO;Carga excessiva e/ou mal acondicionada;Tombamento;Sem Vítimas;Pleno dia;Crescente;Céu Claro;Dupla;"Curva;Declive";-7,94549251;-35,11580722
09/10/2023;14:00:00;ALTAMIRA;Manobra de mudança de faixa;Colisão lateral mesmo sentido;Com Vítimas Feridas;Pleno dia;Decrescente;Céu Claro;Simples;"Reta;Declive";-8,82576506;-54,96800916
31/10/2023;14:30:00;JACIARA;Manobra de mudança de faixa;Colisão traseira;Com Vítimas Feridas;Pleno dia;Decrescente;Céu Claro;Dupla;Reta;-15,98124307;-54,93240309
31/10/2023;15:45:00;FRANCISCO SA;Pista Escorregadia;Tombamento;Com Vítimas Feridas;Pleno dia;Crescente;Chuva;Simples;Reta;-16,47174429;-43,46596604
31/10/2023;06:20:00;SAO DESIDERIO;Reação tardia ou ineficiente do condutor;Tombamento;Com Vítimas Feridas;Pleno dia;Decrescente;Céu Claro;Simples;"Reta;Declive";-13,28027556;-46,05522394
31/10/2023;11:15:00;ITAMONTE;Velocidade Incompatível;Tombamento;Com Vítimas Feridas;Pleno dia;Decrescente;Céu Claro;Simples;Curva;-22,28077569;-44,87170669
28/10/2023;04:00:00;POUSO ALTO;Velocidade Incompatível;Tombamento;Sem Vítimas;Amanhecer;Decrescente;Chuva;Simples;"Curva;Declive";-22,20144068;-44,96659879
31/10/2023;13:40:00;SANTA VITORIA;Velocidade Incompatível;Saída de leito carroçável;Com Vítimas Feridas;Pleno dia;Decrescente;Chuva;Simples;Reta;-18,88905014;-50,01094202
31/10/2023;18:40:00;BRASILIA;Chuva;Colisão transversal;Com Vítimas Fatais;Plena Noite;Decrescente;Chuva;Simples;Reta;-15,940314;-47,740455
31/10/2023;16:00:00;DELMIRO GOUVEIA;Acumulo de areia ou detritos sobre o pavimento;Colisão transversal;Com Vítimas Feridas;Anoitecer;Crescente;Céu Claro;Simples;Reta;-9,32481684;-37,96857706
31/10/2023;17:40:00;MURIAE;Chuva;Colisão frontal;Com Vítimas Feridas;Anoitecer;Decrescente;Chuva;Simples;"Curva;Declive";-21,23756793;-42,39406193
31/10/2023;23:15:00;OURO PRETO;Reação tardia ou ineficiente do condutor;Tombamento;Sem Vítimas;Plena Noite;Crescente;Nublado;Simples;Reta;-20,43217759;-43,85352915
31/10/2023;22:50:00;CAMPO MOURAO;Ultrapassagem Indevida;Colisão frontal;Com Vítimas Fatais;Plena Noite;Crescente;Nublado;Simples;Curva;-24,15803126;-52,47241974
01/11/2023;00:20:00;MAE DO RIO;Ausência de sinalização;Tombamento;Com Vítimas Feridas;Plena Noite;Crescente;Céu Claro;Simples;Reta;-1,88753098;-47,52195782
01/11/2023;03:50:00;ABRE CAMPO;Ultrapassagem Indevida;Colisão frontal;Com Vítimas Feridas;Amanhecer;Crescente;Chuva;Simples;Reta;-20,29258347;-42,51536077
31/10/2023;08:30:00;MATOES DO NORTE;Demais falhas mecânicas ou elétricas;Tombamento;Sem Vítimas;Pleno dia;Decrescente;Céu Claro;Simples;Curva;-3,8221759;-44,5172497
01/11/2023;03:40:00;PORTO VELHO;Iluminação deficiente;Atropelamento de Animal;Com Vítimas Fatais;Amanhecer;Decrescente;Céu Claro;Simples;Reta;-9,79163284;-66,48425502
31/10/2023;22:45:00;TIBAGI;Demais falhas mecânicas ou elétricas;Derramamento de carga;Sem Vítimas;Plena Noite;Crescente;Céu Claro;Dupla;Reta;-24,61990918;-50,6481542
30/09/2023;09:40:00;GRAVATAI;Manobra de mudança de faixa;Colisão lateral mesmo sentido;Com Vítimas Feridas;Pleno dia;Decrescente;Nublado;Dupla;"Reta;Em Obras";-29,955027;-51,027363
01/11/2023;07:40:00;FORTALEZA;Restrição de visibilidade em curvas horizontais;Colisão traseira;Com Vítimas Feridas;Pleno dia;Crescente;Sol;Dupla;Retorno Regulamentado;-3,89617918;-38,50336042
01/11/2023;13:50:00;IBIRAMA;Ultrapassagem Indevida;Colisão frontal;Com Vítimas Fatais;Pleno dia;Crescente;Sol;Simples;"Curva;Aclive";-27,1045512;-49,523828
01/11/2023;15:20:00;SORRISO;Reação tardia ou ineficiente do condutor;Tombamento;Com Vítimas Feridas;Pleno dia;Crescente;Céu Claro;Simples;Declive;-12,611208;-55,758139
01/11/2023;12:30:00;FRANCISCO SA;Velocidade Incompatível;Saída de leito carroçável;Sem Vítimas;Pleno dia;Decrescente;Céu Claro;Simples;"Curva;Declive";-16,4669101;-43,43947986
01/11/2023;15:25:00;CAETITE;Demais falhas mecânicas ou elétricas;Tombamento;Com Vítimas Feridas;Pleno dia;Crescente;Céu Claro;Dupla;"Reta;Interseção de Vias;Rotatória";-14,09789655;-42,58010043
01/11/2023;19:00:00;BRASILIA;Manobra de mudança de faixa;Capotamento;Sem Vítimas;Plena Noite;Decrescente;Chuva;Dupla;Reta;-16,020638;-48,250832
01/11/2023;19:30:00;GOIANIA;Velocidade Incompatível;Colisão lateral mesmo sentido;Com Vítimas Feridas;Plena Noite;Crescente;Nublado;Dupla;"Declive;Curva";-16,7175;-49,3663
01/11/2023;17:00:00;CAMPOS ALTOS;Pista Escorregadia;Saída de leito carroçável;Com Vítimas Feridas;Pleno dia;Decrescente;Chuva;Simples;Reta;-19,65688108;-46,06847896
01/11/2023;21:30:00;CONTAGEM;Manobra de mudança de faixa;Colisão lateral mesmo sentido;Com Vítimas Feridas;Plena Noite;Decrescente;Céu Claro;Dupla;Reta;-19,88361702;-44,05039336
01/11/2023;22:15:00;FEIRA DE SANTANA;Velocidade Incompatível;Tombamento;Com Vítimas Feridas;Plena Noite;Crescente;Céu Claro;Dupla;"Declive;Curva";-12,33163605;-39,06586497
01/11/2023;23:36:00;NOVA ERECHIM;Chuva;Colisão com objeto;Com Vítimas Fatais;Plena Noite;Decrescente;Chuva;Simples;"Reta;Ponte";-26,92470056;-52,85713434
02/11/2023;04:50:00;COLATINA;Velocidade Incompatível;Colisão frontal;Com Vítimas Fatais;Amanhecer;Crescente;Chuva;Simples;"Curva;Declive";-19,643761;-40,4644232
02/11/2023;03:30:00;ESTRELA DO NORTE;Reação tardia ou ineficiente do condutor;Tombamento;Com Vítimas Feridas;Plena Noite;Crescente;Nublado;Simples;Aclive;-13,949925;-49,08493
02/11/2023;08:00:00;ARUJA;Reação tardia ou ineficiente do condutor;Tombamento;Com Vítimas Feridas;Pleno dia;Crescente;Céu Claro;Dupla;Curva;-23,40362877;-46,33050107
02/11/2023;07:15:00;POUSO ALTO;Falta de acostamento;Tombamento;Sem Vítimas;Amanhecer;Decrescente;Nublado;Simples;"Reta;Declive";-22,21739825;-44,94656131
02/11/2023;08:20:00;PALHOCA;Acumulo de água sobre o pavimento;Colisão com objeto;Com Vítimas Feridas;Pleno dia;Decrescente;Chuva;Dupla;"Curva;Aclive";-27,8177775;-48,6315025
02/11/2023;08:15:00;GUARATUBA;Manobra de mudança de faixa;Colisão lateral mesmo sentido;Com Vítimas Feridas;Pleno dia;Decrescente;Chuva;Dupla;Reta;-25,86958174;-48,93464712
02/11/2023;12:20:00;GARUVA;Manobra de mudança de faixa;Colisão traseira;Com Vítimas Feridas;Pleno dia;Decrescente;Chuva;Dupla;Reta;-26,00908719;-48,86448735
02/11/2023;12:10:00;PEDRO CANARIO;Reação tardia ou ineficiente do condutor;Tombamento;Com Vítimas Feridas;Pleno dia;Crescente;Céu Claro;Simples;Curva;-18,23027961;-39,95278417
02/11/2023;13:20:00;MAUA DA SERRA;Demais falhas mecânicas ou elétricas;Tombamento;Com Vítimas Feridas;Pleno dia;Decrescente;Céu Claro;Dupla;Curva;-23,95008184;-51,11829579
02/11/2023;15:00:00;VASSOURAS;Afundamento ou ondulação no pavimento;Saída de leito carroçável;Com Vítimas Feridas;Pleno dia;Decrescente;Nublado;Simples;Curva;-22,37534415;-43,6282897
02/11/2023;16:05:00;CHOROZINHO;Condutor deixou de manter distância do veículo da frente;Saída de leito carroçável;Com Vítimas Feridas;Pleno dia;Crescente;Céu Claro;Simples;"Reta;Declive";-4,25539588;-38,48633338
02/11/2023;17:46:00;PATOS DE MINAS;Manobra de mudança de faixa;Colisão lateral mesmo sentido;Sem Vítimas;Anoitecer;Decrescente;Nublado;Simples;Reta;-18,686628;-46,578346
02/11/2023;22:30:00;MIRACATU;Reação tardia ou ineficiente do condutor;Tombamento;Com Vítimas Feridas;Plena Noite;Crescente;Nublado;Múltipla;Curva;-24,04699491;-47,19706111
03/11/2023;04:15:00;CAXIAS;Demais falhas mecânicas ou elétricas;Tombamento;Sem Vítimas;Amanhecer;Decrescente;Céu Claro;Simples;Reta;-4,957611;-43,128502
03/11/2023;06:50:00;PALHOCA;Acumulo de água sobre o pavimento;Colisão lateral mesmo sentido;Com Vítimas Feridas;Pleno dia;Decrescente;Garoa/Chuvisco;Dupla;Reta;-27,66779034;-48,67393586
03/11/2023;06:00:00;TEOTONIO VILELA;Demais falhas mecânicas ou elétricas;Tombamento;Sem Vítimas;Pleno dia;Decrescente;Céu Claro;Dupla;"Reta;Aclive";-9,90891928;-36,34223292
03/11/2023;06:45:00;ANAPOLIS;Ausência de sinalização;Colisão traseira;Sem Vítimas;Pleno dia;Decrescente;Céu Claro;Dupla;"Declive;Curva";-16,298529;-48,928207
03/11/2023;09:45:00;PORTO XAVIER;Velocidade Incompatível;Saída de leito carroçável;Com Vítimas Feridas;Pleno dia;Crescente;Chuva;Simples;Curva;-27,963909;-55,127575
03/11/2023;10:05:00;BARRA DO PIRAI;Carga excessiva e/ou mal acondicionada;Derramamento de carga;Sem Vítimas;Pleno dia;Decrescente;Céu Claro;Simples;"Curva;Declive";-22,48328327;-43,96042792
15/10/2023;08:40:00;GOIATUBA;Velocidade Incompatível;Colisão traseira;Com Vítimas Feridas;Pleno dia;Crescente;Céu Claro;Dupla;"Declive;Curva";-18,0812;-49,271
03/11/2023;15:20:00;RANCHO QUEIMADO;Pista Escorregadia;Colisão frontal;Com Vítimas Fatais;Pleno dia;Crescente;Chuva;Simples;"Curva;Aclive";-27,6915189;-49,0909447
03/11/2023;11:00:00;OLIVEIRA DOS BREJINHOS;Velocidade Incompatível;Tombamento;Com Vítimas Feridas;Pleno dia;Crescente;Céu Claro;Simples;"Declive;Curva";-12,41360616;-42,36805991
03/11/2023;07:15:00;VARGEM BONITA;Chuva;Saída de leito carroçável;Sem Vítimas;Pleno dia;Crescente;Chuva;Simples;"Aclive;Curva";-26,896812;-51,76989
03/11/2023;23:30:00;CAETANOPOLIS;Demais falhas mecânicas ou elétricas;Tombamento;Com Vítimas Feridas;Plena Noite;Crescente;Nublado;Dupla;"Declive;Curva";-19,395604;-44,33448
03/11/2023;22:30:00;PETROLINA;Ausência de reação do condutor;Tombamento;Com Vítimas Feridas;Plena Noite;Decrescente;Céu Claro;Dupla;"Interseção de Vias;Rotatória";-9,38067769;-40,51113714
04/11/2023;00:35:00;ITATIAIUCU;Pista Escorregadia;Colisão traseira;Com Vítimas Feridas;Plena Noite;Decrescente;Chuva;Dupla;"Declive;Curva";-20,17327539;-44,37545454
04/11/2023;04:40:00;CAMPOS DOS GOYTACAZES;Reação tardia ou ineficiente do condutor;Tombamento;Com Vítimas Feridas;Amanhecer;Decrescente;Chuva;Dupla;Curva;-21,82752108;-41,45414032
04/11/2023;06:55:00;FEIRA DE SANTANA;Ingestão de álcool pelo condutor;Tombamento;Sem Vítimas;Pleno dia;Crescente;Céu Claro;Dupla;Retorno Regulamentado;-12,15091699;-38,96471948
04/11/2023;09:00:00;CORUMBA DE GOIAS;Velocidade Incompatível;Tombamento;Com Vítimas Fatais;Pleno dia;Decrescente;Céu Claro;Simples;Curva;-15,88575819;-48,79661256
04/11/2023;09:00:00;AREAL;Velocidade Incompatível;Tombamento;Com Vítimas Feridas;Pleno dia;Decrescente;Céu Claro;Dupla;Curva;-22,19245612;-43,16023202
04/11/2023;13:40:00;LARANJEIRAS DO SUL;Ultrapassagem Indevida;Colisão frontal;Com Vítimas Feridas;Pleno dia;Decrescente;Céu Claro;Simples;"Reta;Aclive";-25,36682209;-52,46439902
04/11/2023;13:16:00;GOIANA;Fumaça;Engavetamento;Com Vítimas Feridas;Pleno dia;Decrescente;Céu Claro;Dupla;Reta;-7,53264499;-34,99145786
04/11/2023;15:54:00;FORMOSA;Ausência de sinalização;Colisão frontal;Com Vítimas Feridas;Pleno dia;Decrescente;Garoa/Chuvisco;Simples;Reta;-15,555275;-47,306908
04/11/2023;14:55:00;TERESOPOLIS;Neblina;Colisão lateral sentido oposto;Com Vítimas Feridas;Pleno dia;Decrescente;Garoa/Chuvisco;Simples;Curva;-22,45706098;-42,96221791
04/11/2023;14:50:00;MAGE;Velocidade Incompatível;Tombamento;Com Vítimas Feridas;Pleno dia;Decrescente;Nublado;Dupla;"Curva;Aclive";-22,65949914;-43,11671944
04/11/2023;16:40:00;JOINVILLE;Manobra de mudança de faixa;Colisão lateral mesmo sentido;Sem Vítimas;Pleno dia;Decrescente;Céu Claro;Múltipla;Declive;-26,24573198;-48,9101069
04/11/2023;18:45:00;ARAUCARIA;Ultrapassagem Indevida;Colisão lateral mesmo sentido;Com Vítimas Feridas;Anoitecer;Crescente;Céu Claro;Simples;Reta;-25,59446068;-49,41495455
04/11/2023;16:45:00;FAXINAL DOS GUEDES;Velocidade Incompatível;Colisão traseira;Com Vítimas Feridas;Pleno dia;Decrescente;Céu Claro;Simples;Rotatória;-26,863047;-52,270107
04/11/2023;17:00:00;SEABRA;Pista Escorregadia;Saída de leito carroçável;Com Vítimas Feridas;Pleno dia;Decrescente;Chuva;Simples;"Curva;Declive";-12,47110671;-41,69517517
05/11/2023;01:30:00;IRACEMINHA;Neblina;Colisão traseira;Com Vítimas Feridas;Plena Noite;Decrescente;Nevoeiro/Neblina;Simples;Aclive;-26,818754;-53,365486
04/11/2023;18:20:00;BRUNOPOLIS;Demais falhas mecânicas ou elétricas;Tombamento;Sem Vítimas;Anoitecer;Decrescente;Céu Claro;Simples;"Curva;Declive";-27,33639499;-50,87665558
04/11/2023;20:05:00;BOA VISTA DAS MISSOES;Manobra de mudança de faixa;Colisão lateral mesmo sentido;Sem Vítimas;Plena Noite;Crescente;Céu Claro;Simples;"Reta;Interseção de Vias;Rotatória";-27,70153;-53,297718
05/11/2023;06:50:00;FRUTAL;Afundamento ou ondulação no pavimento;Tombamento;Com Vítimas Feridas;Pleno dia;Decrescente;Céu Claro;Simples;"Reta;Declive";-19,8280354;-48,9665291
05/11/2023;09:30:00;BARRA DO GARCAS;Reação tardia ou ineficiente do condutor;Tombamento;Com Vítimas Feridas;Pleno dia;Crescente;Céu Claro;Simples;Declive;-15,74586406;-52,61386501
05/11/2023;10:05:00;ARAGUARI;Demais falhas mecânicas ou elétricas;Derramamento de carga;Com Vítimas Feridas;Pleno dia;Decrescente;Sol;Dupla;Reta;-18,53888193;-48,04646111
05/11/2023;14:00:00;CURITIBA;Manobra de mudança de faixa;Colisão lateral mesmo sentido;Com Vítimas Feridas;Pleno dia;Crescente;Sol;Dupla;"Reta;Declive";-25,579438;-49,312853
05/11/2023;11:30:00;VITORIA DO XINGU;Velocidade Incompatível;Tombamento;Com Vítimas Feridas;Pleno dia;Decrescente;Céu Claro;Simples;Curva;-3,086002;-51,896967
05/11/2023;14:30:00;BELTERRA;Ausência de reação do condutor;Tombamento;Sem Vítimas;Pleno dia;Decrescente;Céu Claro;Simples;"Curva;Declive";-3,37763;-54,908359