data_inversa;horario;municipio;causa_acidente;tipo_acidente;classificacao_acidente;fase_dia;sentido_via;condicao_metereologica;tipo_pista;tracado_via;latitude;longitude
14/11/2023;07:00:00;QUELUZ;Reação tardia ou ineficiente do condutor;Tombamento;Com Vítimas Feridas;Pleno dia;Decrescente;Céu Claro;Dupla;Curva;-22,55635862;-44,81985452
14/11/2023;17:38:00;CABEDELO;Manobra de mudança de faixa;Colisão lateral mesmo sentido;Com Vítimas Feridas;Plena Noite;Crescente;Céu Claro;Dupla;Retorno Regulamentado;-7,0772;-34,8494
14/11/2023;17:15:00;ACAILANDIA;Transitar no Acostamento;Tombamento;Com Vítimas Fatais;Pleno dia;Decrescente;Céu Claro;Simples;Reta;-4,92960481;-47,44590111
15/11/2023;04:00:00;DAVINOPOLIS;Manobra de mudança de faixa;Colisão frontal;Com Vítimas Fatais;Plena Noite;Crescente;Céu Claro;Simples;Reta;-5,618424;-47,413895
15/11/2023;05:30:00;CAMPOS DOS GOYTACAZES;Reação tardia ou ineficiente do condutor;Tombamento;Sem Vítimas;Amanhecer;Decrescente;Céu Claro;Dupla;Curva;-21,82667291;-41,48736902
15/11/2023;06:00:00;GRAVATA;Manobra de mudança de faixa;Colisão lateral mesmo sentido;Com Vítimas Feridas;Pleno dia;Decrescente;Céu Claro;Dupla;Reta;-8,213563;-35,623761
15/11/2023;04:40:00;MUQUEM DE SAO FRANCISCO;Reação tardia ou ineficiente do condutor;Tombamento;Com Vítimas Feridas;Amanhecer;Decrescente;Ignorado;Simples;Reta;-12,20570639;-43,77416611
14/11/2023;16:00:00;BELTERRA;Ausência de reação do condutor;Tombamento;Com Vítimas Feridas;Pleno dia;Decrescente;Céu Claro;Simples;Reta;-3,2570943;-54,93513107
15/11/2023;08:10:00;SABARA;Ultrapassagem Indevida;Colisão frontal;Com Vítimas Feridas;Pleno dia;Decrescente;Céu Claro;Simples;Reta;-19,85197588;-43,88851019
15/11/2023;07:00:00;COLORADO DO OESTE;Curva acentuada;Saída de leito carroçável;Com Vítimas Feridas;Pleno dia;Decrescente;Céu Claro;Simples;"Declive;Curva";-13,1038111;-60,4273343
04/09/2023;12:10:00;SEROPEDICA;Fumaça;Colisão traseira;Com Vítimas Feridas;Pleno dia;Decrescente;Céu Claro;Dupla;Reta;-22,767147;-43,678768
15/11/2023;11:00:00;AGUAS LINDAS DE GOIAS;Ausência de reação do condutor;Tombamento;Sem Vítimas;Pleno dia;Crescente;Céu Claro;Simples;"Curva;Aclive";-15,783543;-48,2326
15/11/2023;03:00:00;MONTE ALEGRE DO PIAUI;Ausência de reação do condutor;Tombamento;Com Vítimas Feridas;Pleno dia;Decrescente;Céu Claro;Simples;Curva;-9,59053998;-45,03613904
15/11/2023;11:50:00;DOMINGOS MARTINS;Velocidade Incompatível;Tombamento;Com Vítimas Feridas;Pleno dia;Decrescente;Céu Claro;Simples;"Curva;Declive";-20,40924049;-40,94035394
15/11/2023;08:45:00;INHAPIM;Curva acentuada;Tombamento;Com Vítimas Feridas;Pleno dia;Decrescente;Céu Claro;Simples;Curva;-19,45138982;-42,12752114
15/11/2023;15:00:00;GRAO MOGOL;Ausência de sinalização;Colisão traseira;Com Vítimas Feridas;Pleno dia;Decrescente;Céu Claro;Simples;"Aclive;Reta";-16,23680778;-42,91751713
15/11/2023;15:50:00;ITABAIANA;Ultrapassagem Indevida;Colisão frontal;Com Vítimas Fatais;Pleno dia;Decrescente;Céu Claro;Simples;"Reta;Ponte";-10,731889;-37,411335
15/11/2023;14:50:00;CUIABA;Afundamento ou ondulação no pavimento;Colisão lateral sentido oposto;Com Vítimas Feridas;Pleno dia;Crescente;Céu Claro;Simples;Reta;-15,68569395;-55,91512398
15/11/2023;15:50:00;DIAMANTINO;Acostamento em desnível;Saída de leito carroçável;Com Vítimas Feridas;Pleno dia;Crescente;Céu Claro;Simples;"Reta;Declive";-14,37723896;-56,12799796
15/11/2023;16:30:00;ORTIGUEIRA;Velocidade Incompatível;Tombamento;Com Vítimas Feridas;Pleno dia;Crescente;Céu Claro;Dupla;Curva;-23,96;-51,114
15/11/2023;18:20:00;IMPERATRIZ;Acumulo de areia ou detritos sobre o pavimento;Tombamento;Com Vítimas Fatais;Plena Noite;Crescente;Céu Claro;Simples;"Reta;Em Obras";-5,436281;-47,472649
16/11/2023;08:30:00;ATIBAIA;Demais falhas mecânicas ou elétricas;Tombamento;Com Vítimas Feridas;Pleno dia;Crescente;Céu Claro;Dupla;Reta;-23,1215761;-46,57471572
16/11/2023;05:50:00;SAO LUIS;Manobra de mudança de faixa;Colisão lateral mesmo sentido;Com Vítimas Feridas;Pleno dia;Crescente;Céu Claro;Dupla;Retorno Regulamentado;-2,74596712;-44,34234384
16/11/2023;08:40:00;PIRAQUARA;Manobra de mudança de faixa;Colisão lateral mesmo sentido;Sem Vítimas;Pleno dia;Crescente;Nublado;Múltipla;Reta;-25,46603018;-49,09052968
16/10/2023;05:20:00;JOINVILLE;Manobra de mudança de faixa;Colisão lateral mesmo sentido;Com Vítimas Feridas;Amanhecer;Crescente;Nublado;Dupla;Reta;-26,36479799;-48,85878798
16/11/2023;11:50:00;NOVA ERA;Reação tardia ou ineficiente do condutor;Tombamento;Com Vítimas Feridas;Pleno dia;Crescente;Sol;Simples;"Curva;Aclive";-19,79994695;-43,05451587
16/11/2023;06:30:00;CAPITAO LEONIDAS MARQUES;Ausência de sinalização;Colisão transversal;Com Vítimas Feridas;Amanhecer;Decrescente;Chuva;Dupla;"Reta;Em Obras";-25,49765306;-53,59938318
16/11/2023;07:33:00;IMBITUVA;Velocidade Incompatível;Colisão lateral sentido oposto;Com Vítimas Feridas;Pleno dia;Decrescente;Céu Claro;Simples;Curva;-25,19023004;-50,73977299
16/11/2023;13:25:00;IRATI;Carga excessiva e/ou mal acondicionada;Tombamento;Com Vítimas Feridas;Pleno dia;Decrescente;Nublado;Simples;"Viaduto;Curva";-25,45471011;-50,6196247
17/10/2023;11:00:00;GENERAL CARNEIRO;Ultrapassagem Indevida;Colisão lateral mesmo sentido;Sem Vítimas;Pleno dia;Crescente;Céu Claro;Simples;"Aclive;Reta";-15,59978313;-53,13010596
16/11/2023;15:30:00;CAETITE;Curva acentuada;Tombamento;Com Vítimas Feridas;Pleno dia;Decrescente;Céu Claro;Simples;Curva;-14,09789655;-42,58010043
16/11/2023;17:30:00;SAO BORJA;Afundamento ou ondulação no pavimento;Saída de leito carroçável;Sem Vítimas;Pleno dia;Crescente;Nublado;Simples;Reta;-28,65798;-55,91003
17/11/2023;04:00:00;ITATIAIUCU;Condutor Dormindo;Tombamento;Com Vítimas Feridas;Plena Noite;Decrescente;Céu Claro;Dupla;"Curva;Declive";-20,25145691;-44,41136239
17/11/2023;00:30:00;NOVA IGUACU;Ausência de reação do condutor;Derramamento de carga;Sem Vítimas;Plena Noite;Crescente;Céu Claro;Dupla;Reta;-22,7651616;-43,4154728
17/11/2023;05:30:00;FRUTAL;Pista esburacada;Saída de leito carroçável;Com Vítimas Feridas;Amanhecer;Crescente;Céu Claro;Simples;Reta;-19,88094003;-48,97505084
17/11/2023;09:00:00;SAO GONCALO DO RIO ABAIXO;Velocidade Incompatível;Tombamento;Com Vítimas Feridas;Pleno dia;Decrescente;Céu Claro;Simples;Curva;-19,85130197;-43,24808594
17/11/2023;09:30:00;INHUMA;Mal súbito do condutor;Tombamento;Com Vítimas Feridas;Pleno dia;Crescente;Céu Claro;Simples;"Reta;Declive";-6,61611998;-41,72267376
17/11/2023;10:49:00;BRASILIA;Manobra de mudança de faixa;Colisão lateral mesmo sentido;Sem Vítimas;Pleno dia;Crescente;Céu Claro;Dupla;Reta;-15,795264;-48,063801
17/11/2023;13:00:00;JOAO PESSOA;Velocidade Incompatível;Colisão com objeto;Sem Vítimas;Pleno dia;Decrescente;Céu Claro;Dupla;Reta;-7,12894883;-34,849436
17/11/2023;13:10:00;RANCHO QUEIMADO;Ultrapassagem Indevida;Colisão frontal;Com Vítimas Feridas;Pleno dia;Crescente;Nevoeiro/Neblina;Simples;Reta;-27,681437;-49,113388
17/11/2023;15:00:00;JEQUIA DA PRAIA;Demais Fenômenos da natureza;Colisão traseira;Com Vítimas Feridas;Pleno dia;Crescente;Céu Claro;Dupla;Reta;-9,88974591;-36,16761599
17/11/2023;14:10:00;PATROCINIO;Ultrapassagem Indevida;Colisão lateral sentido oposto;Com Vítimas Feridas;Pleno dia;Crescente;Sol;Simples;Reta;-18,87059443;-46,9025997
17/11/2023;16:28:00;PARANAVAI;Velocidade Incompatível;Engavetamento;Com Vítimas Feridas;Pleno dia;Decrescente;Céu Claro;Simples;"Em Obras;Declive";-23,00236363;-52,5566649
17/11/2023;17:50:00;JANGADA;Manobra de mudança de faixa;Colisão lateral mesmo sentido;Com Vítimas Feridas;Anoitecer;Crescente;Céu Claro;Simples;Declive;-15,36640171;-56,40847758
11/11/2023;16:00:00;TUBARAO;Pista Escorregadia;Colisão lateral mesmo sentido;Com Vítimas Feridas;Pleno dia;Crescente;Chuva;Dupla;"Reta;Declive";-28,497241;-49,044613
17/11/2023;17:00:00;PIRAQUE;Ultrapassagem Indevida;Capotamento;Com Vítimas Feridas;Plena Noite;Decrescente;Céu Claro;Simples;Reta;-6,74566108;-48,24661308
17/11/2023;20:27:00;LUZIANIA;Falta de elemento de contenção que evite a saída do leito carroçável;Tombamento;Com Vítimas Fatais;Plena Noite;Crescente;Chuva;Dupla;Reta;-16,266185;-47,888241
18/11/2023;01:00:00;BRASILIA;Pista Escorregadia;Saída de leito carroçável;Sem Vítimas;Plena Noite;Crescente;Garoa/Chuvisco;Dupla;Curva;-15,798048;-48,073235
18/11/2023;07:00:00;LUZIANIA;Manobra de mudança de faixa;Colisão transversal;Com Vítimas Feridas;Pleno dia;Crescente;Céu Claro;Dupla;Reta;-16,131285;-47,957923
18/11/2023;05:40:00;ORTIGUEIRA;Ausência de reação do condutor;Tombamento;Com Vítimas Fatais;Pleno dia;Crescente;Sol;Dupla;"Declive;Curva";-23,98554683;-51,08346462
18/11/2023;10:50:00;SAO JOSE DE MIPIBU;Manobra de mudança de faixa;Colisão traseira;Com Vítimas Feridas;Pleno dia;Crescente;Céu Claro;Dupla;"Aclive;Retorno Regulamentado";-5,96429;-35,264877
18/11/2023;13:15:00;RIBAS DO RIO PARDO;Manobra de mudança de faixa;Colisão frontal;Com Vítimas Fatais;Pleno dia;Crescente;Céu Claro;Simples;Curva;-20,48065406;-54,13748999
18/11/2023;07:30:00;PARIQUERA-ACU;Reação tardia ou ineficiente do condutor;Tombamento;Com Vítimas Feridas;Pleno dia;Crescente;Céu Claro;Dupla;"Reta;Aclive";-24,60387477;-47,8770803
18/11/2023;09:40:00;MILAGRES;Velocidade Incompatível;Tombamento;Com Vítimas Feridas;Pleno dia;Crescente;Céu Claro;Simples;Reta;-12,8528822;-39,8456033
18/11/2023;15:50:00;SAO JOSE DOS CAMPOS;Manobra de mudança de faixa;Colisão lateral mesmo sentido;Com Vítimas Feridas;Pleno dia;Decrescente;Céu Claro;Dupla;"Reta;Declive";-23,24524337;-45,92772774
18/11/2023;10:00:00;POUSO NOVO;Acumulo de água sobre o pavimento;Colisão frontal;Com Vítimas Fatais;Pleno dia;Decrescente;Chuva;Simples;Reta;-29,215427;-52,171204
18/11/2023;15:30:00;CAMBE;Reação tardia ou ineficiente do condutor;Tombamento;Com Vítimas Feridas;Pleno dia;Decrescente;Céu Claro;Simples;"Curva;Aclive";-23,285778;-51,23391
18/11/2023;13:30:00;MARMELEIRO;Reação tardia ou ineficiente do condutor;Tombamento;Sem Vítimas;Pleno dia;Crescente;Nublado;Simples;Curva;-26,22293196;-53,13957999
18/11/2023;11:30:00;BOA VISTA DO TUPIM;Velocidade Incompatível;Tombamento;Com Vítimas Feridas;Pleno dia;Decrescente;Céu Claro;Simples;Curva;-12,47309394;-40,54008887
18/11/2023;13:50:00;VENTANIA;Velocidade Incompatível;Tombamento;Com Vítimas Feridas;Pleno dia;Crescente;Céu Claro;Simples;"Curva;Declive";-24,04805819;-50,24742694
18/11/2023;18:30:00;CANDOI;Velocidade Incompatível;Saída de leito carroçável;Com Vítimas Fatais;Anoitecer;Crescente;Chuva;Simples;"Declive;Curva";-25,43184986;-52,00714351
18/11/2023;16:00:00;NOVA LARANJEIRAS;Velocidade Incompatível;Tombamento;Sem Vítimas;Pleno dia;Decrescente;Nublado;Simples;"Curva;Declive";-25,2594036;-52,6285146
19/11/2023;02:40:00;SAO GONCALO DO RIO ABAIXO;Ausência de reação do condutor;Tombamento;Com Vítimas Feridas;Plena Noite;Crescente;Céu Claro;Simples;Curva;-19,84959351;-43,27455396
19/11/2023;06:45:00;SAO SEPE;Reação tardia ou ineficiente do condutor;Tombamento;Com Vítimas Feridas;Pleno dia;Decrescente;Céu Claro;Simples;"Reta;Declive";-30,374712;-53,548542
19/11/2023;07:30:00;LEOPOLDINA;Velocidade Incompatível;Tombamento;Com Vítimas Fatais;Pleno dia;Decrescente;Nublado;Simples;"Curva;Declive";-21,57932128;-42,68264985
18/11/2023;02:00:00;PALMEIRAS;Reação tardia ou ineficiente do condutor;Tombamento;Com Vítimas Feridas;Plena Noite;Decrescente;Céu Claro;Simples;Curva;-12,432308;-41,504572
19/11/2023;11:40:00;JOAO NEIVA;Carga excessiva e/ou mal acondicionada;Tombamento;Com Vítimas Feridas;Pleno dia;Crescente;Céu Claro;Simples;Reta;-19,65668001;-40,423168
19/11/2023;12:19:00;GUARATUBA;Velocidade Incompatível;Colisão traseira;Com Vítimas Feridas;Pleno dia;Crescente;Nublado;Dupla;Curva;-25,864159;-48,937538
19/11/2023;12:35:00;BURITIZEIRO;Velocidade Incompatível;Colisão frontal;Com Vítimas Fatais;Pleno dia;Crescente;Chuva;Simples;Curva;-17,56727915;-45,3223819
19/11/2023;13:10:00;FEIRA DE SANTANA;Manobra de mudança de faixa;Colisão com objeto;Com Vítimas Feridas;Pleno dia;Crescente;Céu Claro;Dupla;Curva;-12,2784504;-38,98077965
19/11/2023;12:45:00;POUSO REDONDO;Reação tardia ou ineficiente do condutor;Tombamento;Com Vítimas Feridas;Pleno dia;Decrescente;Céu Claro;Simples;"Declive;Curva";-27,300575;-50,075451
19/11/2023;15:20:00;CAPELA;Velocidade Incompatível;Saída de leito carroçável;Com Vítimas Feridas;Pleno dia;Decrescente;Céu Claro;Dupla;Retorno Regulamentado;-10,46945504;-36,9465065
19/11/2023;06:15:00;CAMANDUCAIA;Velocidade Incompatível;Eventos atípicos;Com Vítimas Feridas;Amanhecer;Crescente;Chuva;Dupla;"Declive;Curva";-22,76272753;-46,17010111
19/11/2023;11:00:00;CALCOENE;Declive acentuado;Tombamento;Com Vítimas Feridas;Pleno dia;Crescente;Nublado;Simples;"Reta;Aclive";2,749600013;-51,37290265
19/11/2023;16:40:00;UNISTALDA;Velocidade Incompatível;Saída de leito carroçável;Com Vítimas Feridas;Pleno dia;Crescente;Céu Claro;Simples;Curva;-29,01884294;-55,26551867
19/11/2023;16:30:00;PIRAI;Acumulo de água sobre o pavimento;Atropelamento de Pedestre;Com Vítimas Feridas;Pleno dia;Decrescente;Chuva;Dupla;Curva;-22,61896277;-43,92771721
19/11/2023;22:00:00;PROFESSOR JAMIL;Velocidade Incompatível;Saída de leito carroçável;Com Vítimas Feridas;Plena Noite;Decrescente;Chuva;Dupla;Reta;-17,2383;-49,239
20/11/2023;01:40:00;BREJO SANTO;Demais falhas na via;Tombamento;Sem Vítimas;Plena Noite;Decrescente;Céu Claro;Simples;"Reta;Interseção de Vias;Aclive";-7,4559354;-38,973782
20/11/2023;04:30:00;BAEPENDI;Velocidade Incompatível;Saída de leito carroçável;Com Vítimas Feridas;Plena Noite;Crescente;Nublado;Simples;Curva;-22,004772;-44,924529
20/11/2023;06:40:00;CAMBUI;Velocidade Incompatível;Saída de leito carroçável;Com Vítimas Fatais;Pleno dia;Decrescente;Céu Claro;Dupla;Reta;-22,65695471;-46,08883923
20/11/2023;06:20:00;BRASILIA;Chuva;Saída de leito carroçável;Com Vítimas Feridas;Pleno dia;Decrescente;Garoa/Chuvisco;Dupla;"Reta;Declive";-15,607905;-47,692791
19/11/2023;16:00:00;NOVA IGUACU;Ausência de reação do condutor;Tombamento;Com Vítimas Feridas;Pleno dia;Crescente;Chuva;Dupla;Curva;-22,66249212;-43,34587097
20/11/2023;08:30:00;IBIRACU;Condutor Dormindo;Tombamento;Com Vítimas Feridas;Pleno dia;Crescente;Céu Claro;Simples;Curva;-19,86967622;-40,40915873
20/11/2023;08:20:00;CAJATI;Acumulo de água sobre o pavimento;Eventos atípicos;Com Vítimas Feridas;Pleno dia;Decrescente;Chuva;Simples;Curva;-24,86887764;-48,21071148
20/11/2023;11:50:00;IGARASSU;Manobra de mudança de faixa;Colisão lateral mesmo sentido;Com Vítimas Feridas;Pleno dia;Decrescente;Céu Claro;Dupla;Reta;-7,9005152;-34,90180641
18/11/2023;16:00:00;CASSILANDIA;Ultrapassagem Indevida;Queda de ocupante de veículo;Com Vítimas Feridas;Pleno dia;Decrescente;Céu Claro;Simples;Reta;-19,12172416;-51,72355512
20/11/2023;15:45:00;SOLEDADE;Reação tardia ou ineficiente do condutor;Tombamento;Com Vítimas Fatais;Pleno dia;Crescente;Sol;Simples;"Reta;Declive;Em Obras";-28,722898;-52,560581
20/11/2023;17:10:00;VERANOPOLIS;Manobra de mudança de faixa;Colisão lateral mesmo sentido;Com Vítimas Feridas;Pleno dia;Crescente;Céu Claro;Dupla;Reta;-28,95614928;-51,56242466
01/09/2023;19:30:00;ITAIOPOLIS;Ultrapassagem Indevida;Colisão lateral sentido oposto;Com Vítimas Feridas;Plena Noite;Crescente;Céu Claro;Simples;Curva;-26,33676966;-50,08224597
20/11/2023;15:50:00;LAVRAS;Chuva;Colisão traseira;Com Vítimas Feridas;Pleno dia;Crescente;Chuva;Dupla;"Declive;Curva";-21,20030689;-45,11944438
20/11/2023;19:47:00;BETIM;Ausência de reação do condutor;Tombamento;Com Vítimas Feridas;Plena Noite;Decrescente;Chuva;Dupla;"Curva;Viaduto";-19,95685839;-44,12746483
20/11/2023;19:40:00;BETIM;Pista Escorregadia;Colisão traseira;Com Vítimas Feridas;Plena Noite;Crescente;Chuva;Múltipla;"Reta;Declive";-19,985563;-44,20318
20/11/2023;20:30:00;GUARULHOS;Manobra de mudança de faixa;Colisão lateral mesmo sentido;Com Vítimas Feridas;Plena Noite;Decrescente;Céu Claro;Múltipla;Reta;-23,46802395;-46,50704901
20/11/2023;18:30:00;ARROIO DOS RATOS;Manobra de mudança de faixa;Colisão lateral sentido oposto;Com Vítimas Feridas;Plena Noite;Crescente;Céu Claro;Simples;Reta;-30,082417;-51,609337
20/11/2023;15:50:00;MIRACATU;Chuva;Colisão lateral mesmo sentido;Com Vítimas Feridas;Pleno dia;Decrescente;Chuva;Dupla;Curva;-24,04699491;-47,19706111
20/11/2023;16:55:00;GUARANIACU;Ausência de reação do condutor;Tombamento;Com Vítimas Fatais;Pleno dia;Decrescente;Céu Claro;Simples;"Declive;Curva";-25,09150659;-52,91719437
21/11/2023;03:15:00;JUQUITIBA;Reação tardia ou ineficiente do condutor;Tombamento;Com Vítimas Feridas;Amanhecer;Decrescente;Garoa/Chuvisco;Múltipla;Reta;-23,92536222;-46,99376156
20/11/2023;23:30:00;ARAGUARI;Velocidade Incompatível;Saída de leito carroçável;Com Vítimas Feridas;Plena Noite;Crescente;Céu Claro;Dupla;Curva;-18,55486284;-48,05572438
21/11/2023;07:00:00;CAMPO GRANDE;Ausência de reação do condutor;Tombamento;Com Vítimas Feridas;Pleno dia;Crescente;Nublado;Simples;Reta;-20,4336361;-54,54376745
21/11/2023;10:40:00;ALMIRANTE TAMANDARE DO SUL;Manobra de mudança de faixa;Colisão lateral sentido oposto;Com Vítimas Feridas;Pleno dia;Crescente;Céu Claro;Simples;Reta;-28,150818;-52,847565
21/11/2023;08:15:00;IBIA;Velocidade Incompatível;Colisão frontal;Com Vítimas Fatais;Pleno dia;Decrescente;Céu Claro;Simples;Curva;-19,59165703;-46,30853101
21/11/2023;13:30:00;CUIABA;Ausência de reação do condutor;Tombamento;Com Vítimas Feridas;Pleno dia;Decrescente;Céu Claro;Dupla;"Reta;Interseção de Vias";-15,651273;-55,996652
21/11/2023;15:10:00;CAMANDUCAIA;Velocidade Incompatível;Tombamento;Com Vítimas Feridas;Pleno dia;Crescente;Sol;Dupla;Curva;-22,76700121;-46,17875277
21/11/2023;15:10:00;CANDEIAS;Manobra de mudança de faixa;Colisão com objeto;Com Vítimas Feridas;Pleno dia;Decrescente;Sol;Dupla;Reta;-12,607366;-38,495032
21/11/2023;15:00:00;FLEXEIRAS;Acumulo de água sobre o pavimento;Saída de leito carroçável;Sem Vítimas;Pleno dia;Crescente;Garoa/Chuvisco;Dupla;Reta;-9,24853718;-35,76615286
21/11/2023;15:00:00;SINOP;Afundamento ou ondulação no pavimento;Saída de leito carroçável;Com Vítimas Feridas;Pleno dia;Decrescente;Céu Claro;Simples;"Declive;Reta;Em Obras";-12,13923003;-55,5145573
21/11/2023;14:30:00;XEXEU;Velocidade Incompatível;Colisão lateral mesmo sentido;Com Vítimas Feridas;Pleno dia;Decrescente;Chuva;Dupla;Curva;-8,789545;-35,622338
21/11/2023;17:00:00;POUSO NOVO;Curva acentuada;Saída de leito carroçável;Com Vítimas Feridas;Pleno dia;Crescente;Sol;Simples;"Declive;Curva";-29,202335;-52,183838
21/11/2023;16:00:00;QUIPAPA;Velocidade Incompatível;Tombamento;Com Vítimas Feridas;Pleno dia;Crescente;Ignorado;Simples;Curva;-8,81962231;-36,01896156
21/11/2023;16:20:00;PROFESSOR JAMIL;Acumulo de água sobre o pavimento;Saída de leito carroçável;Com Vítimas Feridas;Pleno dia;Decrescente;Chuva;Dupla;Reta;-17,3032;-49,2355
21/11/2023;19:30:00;PANAMBI;Demais falhas na via;Saída de leito carroçável;Com Vítimas Feridas;Anoitecer;Crescente;Céu Claro;Simples;Reta;-28,31080108;-53,49251523
21/11/2023;19:50:00;CASCAVEL;Velocidade Incompatível;Tombamento;Com Vítimas Feridas;Plena Noite;Decrescente;Céu Claro;Múltipla;"Curva;Aclive";-24,96044398;-53,39782693
22/11/2023;00:40:00;TAUBATE;Velocidade Incompatível;Engavetamento;Com Vítimas Fatais;Plena Noite;Decrescente;Chuva;Dupla;"Reta;Declive";-22,99919465;-45,49788917
22/11/2023;01:50:00;TIANGUA;Ausência de reação do condutor;Tombamento;Com Vítimas Feridas;Plena Noite;Decrescente;Céu Claro;Simples;"Curva;Declive";-3,66159701;-40,940041
21/11/2023;19:40:00;FLORES DE GOIAS;Acumulo de água sobre o pavimento;Saída de leito carroçável;Sem Vítimas;Plena Noite;Crescente;Chuva;Simples;Reta;-14,759251;-46,671932
22/11/2023;07:30:00;GENERAL CARNEIRO;Velocidade Incompatível;Saída de leito carroçável;Com Vítimas Feridas;Pleno dia;Decrescente;Nublado;Simples;Curva;-15,67421693;-52,81408803
22/11/2023;11:35:00;BETIM;Manobra de mudança de faixa;Colisão lateral mesmo sentido;Com Vítimas Feridas;Pleno dia;Crescente;Céu Claro;Dupla;Reta;-19,96245618;-44,16455495
22/11/2023;10:49:00;CAMANDUCAIA;Velocidade Incompatível;Tombamento;Com Vítimas Feridas;Pleno dia;Crescente;Nublado;Dupla;Curva;-22,75390001;-46,146503
22/11/2023;08:00:00;ALTO ARAGUAIA;Sinalização mal posicionada;Saída de leito carroçável;Com Vítimas Feridas;Pleno dia;Decrescente;Céu Claro;Simples;"Declive;Reta;Em Obras";-17,18398184;-53,37848084
22/11/2023;11:00:00;SANTO ANTONIO DO SUDOESTE;Velocidade Incompatível;Tombamento;Com Vítimas Feridas;Pleno dia;Crescente;Céu Claro;Simples;Rotatória;-26,0595587;-53,72005463
22/11/2023;07:15:00;BELTERRA;Ultrapassagem Indevida;Colisão com objeto;Com Vítimas Fatais;Pleno dia;Decrescente;Nevoeiro/Neblina;Simples;"Reta;Declive";-3,08982197;-54,9259931
22/11/2023;15:40:00;PORTO BELO;Velocidade Incompatível;Colisão transversal;Com Vítimas Feridas;Pleno dia;Crescente;Chuva;Dupla;Reta;-27,181625;-48,6121179
22/11/2023;13:50:00;VARGEM;Avarias e/ou desgaste excessivo no pneu;Tombamento;Sem Vítimas;Pleno dia;Crescente;Chuva;Simples;Reta;-27,423697;-51,03046
22/11/2023;16:15:00;JUATUBA;Chuva;Colisão frontal;Com Vítimas Feridas;Pleno dia;Crescente;Chuva;Dupla;"Reta;Declive";-19,974217;-44,261798
22/11/2023;14:00:00;CONSELHEIRO MAIRINCK;Velocidade Incompatível;Tombamento;Sem Vítimas;Pleno dia;Decrescente;Nublado;Simples;"Declive;Curva";-23,58652909;-50,14448225
22/11/2023;15:34:00;CANDOI;Reação tardia ou ineficiente do condutor;Tombamento;Sem Vítimas;Pleno dia;Decrescente;Nublado;Simples;"Curva;Aclive";-25,449308;-51,915079
22/11/2023;11:45:00;ITAGIMIRIM;Carga excessiva e/ou mal acondicionada;Tombamento;Com Vítimas Feridas;Pleno dia;Decrescente;Céu Claro;Simples;Curva;-16,039108;-39,609742
22/11/2023;17:40:00;DUQUE DE CAXIAS;Manobra de mudança de faixa;Colisão lateral mesmo sentido;Com Vítimas Feridas;Pleno dia;Decrescente;Céu Claro;Múltipla;Reta;-22,67374628;-43,28638368
22/11/2023;17:15:00;CAMPO LARGO;Manobra de mudança de faixa;Colisão lateral mesmo sentido;Com Vítimas Feridas;Pleno dia;Crescente;Chuva;Dupla;Curva;-25,44375327;-49,50487733
02/01/2023;18:30:00;FILADELFIA;Ultrapassagem Indevida;Colisão lateral sentido oposto;Com Vítimas Feridas;Plena Noite;Decrescente;Chuva;Simples;Reta;-10,79429803;-40,11707135
23/11/2023;07:15:00;CAMBUI;Ausência de sinalização;Colisão lateral mesmo sentido;Sem Vítimas;Pleno dia;Decrescente;Céu Claro;Dupla;"Reta;Aclive";-22,62324893;-46,07503911
23/11/2023;06:37:00;PARNAMIRIM;Manobra de mudança de faixa;Colisão lateral mesmo sentido;Com Vítimas Feridas;Pleno dia;Decrescente;Céu Claro;Dupla;Reta;-5,96615126;-35,2516488
22/11/2023;13:00:00;SAO JOSE DO SUL;Velocidade Incompatível;Tombamento;Com Vítimas Fatais;Pleno dia;Crescente;Chuva;Simples;"Declive;Curva";-29,60936093;-51,47514375
23/11/2023;07:30:00;CAUCAIA;Manobra de mudança de faixa;Colisão lateral sentido oposto;Com Vítimas Feridas;Pleno dia;Crescente;Céu Claro;Simples;Reta;-3,76479979;-38,66897196
19/11/2023;09:00:00;JEQUIE;Ultrapassagem Indevida;Colisão lateral sentido oposto;Com Vítimas Feridas;Pleno dia;Decrescente;Céu Claro;Simples;Reta;-13,672783;-40,09670093
31/10/2023;06:25:00;SANTO ANTONIO DA PLATINA;Ultrapassagem Indevida;Colisão frontal;Com Vítimas Feridas;Amanhecer;Decrescente;Céu Claro;Simples;Reta;-23,24053595;-50,03827052
23/11/2023;09:50:00;VITORIA DO XINGU;Ultrapassagem Indevida;Colisão lateral mesmo sentido;Com Vítimas Feridas;Pleno dia;Decrescente;Céu Claro;Simples;Reta;-3,1711469;-52,10529328
17/09/2023;20:40:00;BARREIRAS;Manobra de mudança de faixa;Colisão lateral sentido oposto;Sem Vítimas;Plena Noite;Crescente;Céu Claro;Simples;Curva;-12,15048602;-44,70085001
23/11/2023;08:50:00;ACAILANDIA;Demais falhas mecânicas ou elétricas;Tombamento;Sem Vítimas;Pleno dia;Crescente;Chuva;Simples;"Curva;Aclive";-4,63496329;-46,95758151
23/11/2023;12:45:00;SALVADOR;Carga excessiva e/ou mal acondicionada;Derramamento de carga;Com Vítimas Feridas;Pleno dia;Decrescente;Céu Claro;Dupla;Reta;-12,891109;-38,445374