data_inversa;horario;municipio;causa_acidente;tipo_acidente;classificacao_acidente;fase_dia;sentido_via;condicao_metereologica;tipo_pista;tracado_via;latitude;longitude
16/09/2023;23:50:00;GOVERNADOR VALADARES;Ultrapassagem Indevida;Colisão frontal;Com Vítimas Fatais;Plena Noite;Crescente;Céu Claro;Dupla;"Aclive;Curva";-18,72499706;-41,98860609
01/08/2023;17:10:00;CAETITE;Acostamento em desnível;Saída de leito carroçável;Com Vítimas Feridas;Pleno dia;Crescente;Céu Claro;Simples;"Declive;Reta";-14,003046;-42,5361
26/08/2023;18:40:00;UBERABA;Pista Escorregadia;Colisão traseira;Com Vítimas Feridas;Plena Noite;Decrescente;Garoa/Chuvisco;Dupla;Reta;-19,26611991;-48,12839379
23/11/2023;08:45:00;JABOATAO DOS GUARARAPES;Manobra de mudança de faixa;Colisão transversal;Com Vítimas Feridas;Pleno dia;Crescente;Céu Claro;Múltipla;Reta;-8,168383;-34,9376
23/11/2023;13:00:00;QUEIMADOS;Manobra de mudança de faixa;Saída de leito carroçável;Com Vítimas Feridas;Pleno dia;Crescente;Sol;Dupla;Curva;-22,72996588;-43,61317403
23/11/2023;16:30:00;BETIM;Manobra de mudança de faixa;Colisão traseira;Com Vítimas Feridas;Pleno dia;Decrescente;Céu Claro;Dupla;Reta;-19,955532;-44,097209
23/11/2023;17:20:00;POUSO ALEGRE;Ausência de reação do condutor;Tombamento;Com Vítimas Feridas;Pleno dia;Decrescente;Nublado;Simples;"Reta;Declive";-22,196163;-45,978573
23/11/2023;16:30:00;SINOP;Ultrapassagem Indevida;Colisão traseira;Com Vítimas Feridas;Pleno dia;Decrescente;Céu Claro;Simples;Reta;-11,787039;-55,475925
23/11/2023;15:15:00;BARAO DE COTEGIPE;Velocidade Incompatível;Saída de leito carroçável;Com Vítimas Feridas;Pleno dia;Decrescente;Céu Claro;Simples;Curva;-27,63150868;-52,36002465
23/11/2023;16:00:00;GLORIA DOESTE;Acostamento em desnível;Tombamento;Com Vítimas Feridas;Pleno dia;Crescente;Céu Claro;Simples;Reta;-15,840086;-58,449749
23/11/2023;14:30:00;JAGUARARI;Velocidade Incompatível;Tombamento;Com Vítimas Feridas;Pleno dia;Crescente;Céu Claro;Simples;Declive;-10,167995;-40,22679602
26/10/2023;19:00:00;IUNA;Velocidade Incompatível;Colisão frontal;Com Vítimas Fatais;Plena Noite;Crescente;Chuva;Simples;"Curva;Aclive";-20,29551627;-41,70587605
23/11/2023;14:00:00;MORRINHOS;Ausência de reação do condutor;Tombamento;Com Vítimas Feridas;Pleno dia;Decrescente;Céu Claro;Dupla;Curva;-17,7843;-49,1865
23/11/2023;20:50:00;CACERES;Ausência de sinalização;Colisão lateral sentido oposto;Com Vítimas Feridas;Plena Noite;Crescente;Céu Claro;Simples;Reta;-15,832418;-57,898711
23/11/2023;18:00:00;DIVISA ALEGRE;Reação tardia ou ineficiente do condutor;Tombamento;Com Vítimas Feridas;Plena Noite;Crescente;Céu Claro;Simples;Curva;-15,74952994;-41,33072084
23/11/2023;22:25:00;JOAO PINHEIRO;Reação tardia ou ineficiente do condutor;Tombamento;Com Vítimas Feridas;Plena Noite;Decrescente;Garoa/Chuvisco;Simples;"Declive;Reta";-17,73570757;-46,21099068
24/11/2023;04:45:00;SAO JOSE DOS PINHAIS;Manobra de mudança de faixa;Colisão lateral mesmo sentido;Com Vítimas Feridas;Amanhecer;Crescente;Garoa/Chuvisco;Dupla;"Declive;Curva";-25,58426494;-49,17618795
24/11/2023;04:07:00;ALEM PARAIBA;Ultrapassagem Indevida;Colisão frontal;Com Vítimas Feridas;Plena Noite;Crescente;Nublado;Simples;"Declive;Reta";-21,81324096;-42,69642196
24/11/2023;07:30:00;SAO JOSE DE MIPIBU;Manobra de mudança de faixa;Colisão lateral mesmo sentido;Com Vítimas Feridas;Pleno dia;Crescente;Céu Claro;Dupla;Reta;-6,06166101;-35,24094602
24/11/2023;06:20:00;GENERAL CARNEIRO;Ausência de reação do condutor;Tombamento;Sem Vítimas;Pleno dia;Decrescente;Céu Claro;Simples;Curva;-26,46627032;-51,32434845
06/11/2023;18:00:00;NAVEGANTES;Reação tardia ou ineficiente do condutor;Tombamento;Com Vítimas Feridas;Pleno dia;Decrescente;Céu Claro;Dupla;Em Obras;-26,861937;-48,681618
28/10/2023;04:00:00;RUBELITA;Manobra de mudança de faixa;Colisão frontal;Com Vítimas Fatais;Amanhecer;Crescente;Garoa/Chuvisco;Simples;Reta;-16,25628797;-42,453666
24/11/2023;11:40:00;AMELIA RODRIGUES;Afundamento ou ondulação no pavimento;Tombamento;Com Vítimas Feridas;Pleno dia;Crescente;Céu Claro;Dupla;Reta;-12,48182515;-38,66808011
23/10/2023;23:40:00;FEIRA DE SANTANA;Deficiência do Sistema de Iluminação/Sinalização;Colisão traseira;Com Vítimas Feridas;Plena Noite;Decrescente;Céu Claro;Dupla;Reta;-12,2921164;-39,02284246
24/11/2023;11:00:00;XAXIM;Manobra de mudança de faixa;Colisão lateral mesmo sentido;Com Vítimas Feridas;Pleno dia;Decrescente;Céu Claro;Simples;Curva;-26,950415;-52,526096
24/11/2023;19:13:00;SAO JOSE DOS PINHAIS;Manobra de mudança de faixa;Colisão lateral mesmo sentido;Com Vítimas Feridas;Plena Noite;Crescente;Nublado;Dupla;"Reta;Declive";-25,6366031;-49,16110396
24/11/2023;22:00:00;BALNEARIO CAMBORIU;Ultrapassagem Indevida;Colisão lateral mesmo sentido;Com Vítimas Feridas;Plena Noite;Crescente;Nublado;Dupla;Reta;-27,04761729;-48,59995855
24/11/2023;21:00:00;MIMOSO DO SUL;Chuva;Colisão traseira;Com Vítimas Feridas;Plena Noite;Crescente;Chuva;Simples;Reta;-21,07264705;-41,22787382
24/11/2023;22:40:00;ITAPERUNA;Ultrapassagem Indevida;Colisão frontal;Com Vítimas Feridas;Plena Noite;Crescente;Céu Claro;Simples;Aclive;-21,28663997;-41,71935299
24/11/2023;20:20:00;PIQUETE;Curva acentuada;Colisão frontal;Com Vítimas Feridas;Plena Noite;Crescente;Chuva;Simples;Curva;-22,57524131;-45,19316196
24/11/2023;15:00:00;MUQUEM DE SAO FRANCISCO;Problema com o freio;Tombamento;Com Vítimas Fatais;Pleno dia;Decrescente;Céu Claro;Simples;Curva;-12,20307858;-43,64488595
25/11/2023;00:35:00;MONTE ALEGRE DE MINAS;Velocidade Incompatível;Colisão traseira;Com Vítimas Fatais;Plena Noite;Decrescente;Céu Claro;Dupla;"Aclive;Reta";-18,859408;-48,860358
24/11/2023;16:00:00;OURO PRETO DO OESTE;Chuva;Colisão frontal;Com Vítimas Fatais;Pleno dia;Crescente;Chuva;Simples;Reta;-10,79098663;-62,04115379
25/11/2023;00:30:00;SAO LUIZ GONZAGA;Ausência de sinalização;Colisão lateral sentido oposto;Com Vítimas Feridas;Plena Noite;Crescente;Céu Claro;Simples;Reta;-28,426762;-55,076145
24/11/2023;21:00:00;MORRINHOS;Velocidade Incompatível;Colisão traseira;Com Vítimas Feridas;Plena Noite;Decrescente;Nublado;Dupla;Reta;-17,757;-49,1624
24/11/2023;21:00:00;PAULO LOPES;Manobra de mudança de faixa;Colisão transversal;Com Vítimas Feridas;Plena Noite;Decrescente;Céu Claro;Dupla;Reta;-27,91824491;-48,65414317
25/11/2023;06:00:00;POUSO ALTO;Carga excessiva e/ou mal acondicionada;Tombamento;Sem Vítimas;Pleno dia;Decrescente;Céu Claro;Simples;Curva;-22,08202996;-44,9429857
25/11/2023;07:35:00;CRUZEIRO;Manobra de mudança de faixa;Colisão traseira;Com Vítimas Feridas;Pleno dia;Decrescente;Céu Claro;Dupla;Reta;-22,63400287;-44,93203106
25/11/2023;09:30:00;NOSSA SENHORA DO SOCORRO;Manobra de mudança de faixa;Colisão com objeto;Com Vítimas Feridas;Pleno dia;Decrescente;Céu Claro;Dupla;Reta;-10,89849802;-37,13176324
25/11/2023;09:30:00;APARECIDA DO TABOADO;Velocidade Incompatível;Tombamento;Com Vítimas Feridas;Pleno dia;Decrescente;Céu Claro;Simples;Rotatória;-20,08266802;-51,13729763
25/11/2023;12:30:00;PAULA FREITAS;Reação tardia ou ineficiente do condutor;Tombamento;Com Vítimas Fatais;Pleno dia;Crescente;Sol;Simples;"Em Obras;Reta";-26,190107;-50,976234
25/11/2023;10:10:00;ARAGUARI;Velocidade Incompatível;Saída de leito carroçável;Com Vítimas Feridas;Pleno dia;Decrescente;Céu Claro;Dupla;"Curva;Declive";-18,42432;-48,068207
25/11/2023;14:30:00;RIO VERDE;Falta de elemento de contenção que evite a saída do leito carroçável;Colisão com objeto;Sem Vítimas;Pleno dia;Decrescente;Céu Claro;Dupla;"Reta;Declive";-17,8687406;-50,73337771
25/11/2023;16:30:00;ARAUCARIA;Velocidade Incompatível;Colisão traseira;Sem Vítimas;Pleno dia;Crescente;Nublado;Dupla;Reta;-25,613539;-49,424255
06/09/2023;15:00:00;BETIM;Manobra de mudança de faixa;Colisão lateral mesmo sentido;Com Vítimas Feridas;Pleno dia;Crescente;Céu Claro;Múltipla;"Declive;Reta";-19,9582702;-44,1527742
25/11/2023;20:30:00;ITUMBIARA;Ultrapassagem Indevida;Colisão frontal;Com Vítimas Fatais;Plena Noite;Crescente;Céu Claro;Simples;Declive;-18,4008952;-49,31007395
26/11/2023;01:55:00;AREIA BRANCA;Manobra de mudança de faixa;Colisão frontal;Com Vítimas Feridas;Plena Noite;Decrescente;Nublado;Simples;Reta;-10,769286;-37,299343
26/11/2023;04:30:00;CAMPO GRANDE;Manobra de mudança de faixa;Colisão lateral sentido oposto;Com Vítimas Feridas;Amanhecer;Decrescente;Nublado;Simples;"Reta;Aclive";-20,41637298;-54,54777596
02/11/2023;22:30:00;MASCOTE;Velocidade Incompatível;Colisão com objeto;Com Vítimas Fatais;Plena Noite;Crescente;Céu Claro;Simples;"Ponte;Curva";-15,71817664;-39,4534904
26/11/2023;15:30:00;JACAREI;Reação tardia ou ineficiente do condutor;Tombamento;Com Vítimas Feridas;Pleno dia;Crescente;Céu Claro;Dupla;Reta;-23,28133317;-45,98394689
26/11/2023;15:40:00;JANDAIA DO SUL;Carga excessiva e/ou mal acondicionada;Tombamento;Sem Vítimas;Pleno dia;Decrescente;Garoa/Chuvisco;Múltipla;"Curva;Em Obras";-23,59767281;-51,63339596
26/11/2023;16:30:00;ATILIO VIVACQUA;Velocidade Incompatível;Tombamento;Com Vítimas Feridas;Pleno dia;Crescente;Nublado;Simples;"Curva;Rotatória";-21,0112649;-41,14630938
26/11/2023;20:27:00;FEIRA DE SANTANA;Velocidade Incompatível;Colisão traseira;Com Vítimas Feridas;Plena Noite;Crescente;Céu Claro;Simples;Reta;-12,2585708;-38,9322122
26/11/2023;17:30:00;LUZ;Velocidade Incompatível;Tombamento;Com Vítimas Feridas;Pleno dia;Decrescente;Nublado;Simples;"Declive;Curva";-19,71819541;-45,89938601
26/11/2023;17:40:00;MASCOTE;Velocidade Incompatível;Colisão transversal;Com Vítimas Fatais;Anoitecer;Crescente;Chuva;Simples;Curva;-15,74211501;-39,47647498
26/11/2023;21:37:00;ITIQUIRA;Ausência de reação do condutor;Tombamento;Com Vítimas Feridas;Plena Noite;Crescente;Nublado;Dupla;Reta;-17,05681499;-54,76071395
27/11/2023;01:50:00;BRASILIA;Velocidade Incompatível;Saída de leito carroçável;Com Vítimas Fatais;Plena Noite;Decrescente;Chuva;Dupla;"Reta;Declive";-15,650243;-47,773872
27/11/2023;03:15:00;MAQUINE;Ausência de reação do condutor;Tombamento;Sem Vítimas;Plena Noite;Crescente;Céu Claro;Dupla;Reta;-29,678094;-50,146119
27/11/2023;05:41:00;TRES RIOS;Ausência de reação do condutor;Tombamento;Com Vítimas Feridas;Amanhecer;Crescente;Céu Claro;Dupla;Curva;-22,12244792;-43,1568498
27/11/2023;07:40:00;CAMPO GRANDE;Ultrapassagem Indevida;Colisão lateral mesmo sentido;Com Vítimas Feridas;Pleno dia;Decrescente;Céu Claro;Simples;Reta;-20,4009904;-54,55527306
27/11/2023;09:15:00;PARAGOMINAS;Ultrapassagem Indevida;Derramamento de carga;Sem Vítimas;Pleno dia;Crescente;Céu Claro;Simples;Reta;-3,392432;-47,444252
18/10/2023;18:10:00;CAIAPONIA;Ausência de sinalização;Colisão transversal;Com Vítimas Feridas;Plena Noite;Crescente;Céu Claro;Múltipla;Interseção de Vias;-16,949462;-51,82462593
27/11/2023;11:40:00;IGARAPE;Velocidade Incompatível;Engavetamento;Com Vítimas Fatais;Pleno dia;Decrescente;Céu Claro;Dupla;"Reta;Declive";-20,11382303;-44,30720801
27/11/2023;16:45:00;LUZ;Velocidade Incompatível;Colisão lateral sentido oposto;Com Vítimas Feridas;Pleno dia;Crescente;Chuva;Simples;Reta;-19,74135904;-45,84378401
27/11/2023;14:40:00;MAFRA;Chuva;Colisão lateral sentido oposto;Com Vítimas Fatais;Pleno dia;Crescente;Chuva;Simples;"Curva;Declive";-26,21362587;-49,7181449
27/11/2023;14:45:00;MORADA NOVA;Manobra de mudança de faixa;Tombamento;Com Vítimas Feridas;Pleno dia;Crescente;Céu Claro;Simples;Reta;-4,54857288;-38,28304795
19/11/2023;23:45:00;BIGUACU;Ultrapassagem Indevida;Tombamento;Com Vítimas Feridas;Plena Noite;Decrescente;Nublado;Dupla;Reta;-27,45123421;-48,63370766
27/11/2023;22:30:00;FLEXEIRAS;Velocidade Incompatível;Tombamento;Com Vítimas Feridas;Plena Noite;Decrescente;Céu Claro;Dupla;Curva;-9,24928061;-35,75771436
28/11/2023;00:05:00;TRES CORACOES;Velocidade Incompatível;Tombamento;Com Vítimas Feridas;Plena Noite;Crescente;Céu Claro;Dupla;"Curva;Declive";-21,71597801;-45,37713297
27/11/2023;23:45:00;CACHOEIRA DE PAJEU;Reação tardia ou ineficiente do condutor;Tombamento;Com Vítimas Feridas;Plena Noite;Decrescente;Céu Claro;Simples;"Aclive;Curva";-15,81769104;-41,38754395
28/11/2023;00:30:00;GUARATUBA;Pista Escorregadia;Tombamento;Com Vítimas Feridas;Plena Noite;Decrescente;Garoa/Chuvisco;Simples;"Reta;Aclive";-25,86284787;-48,93929601
28/11/2023;04:40:00;SERRA;Reação tardia ou ineficiente do condutor;Tombamento;Com Vítimas Feridas;Plena Noite;Crescente;Nublado;Dupla;Retorno Regulamentado;-20,12455095;-40,30331881
27/11/2023;20:36:00;PARNAMIRIM;Acumulo de água sobre o pavimento;Colisão com objeto;Sem Vítimas;Plena Noite;Crescente;Chuva;Dupla;Declive;-5,8876927;-35,2721949
28/11/2023;05:00:00;CABO DE SANTO AGOSTINHO;Carga excessiva e/ou mal acondicionada;Derramamento de carga;Com Vítimas Feridas;Amanhecer;Crescente;Chuva;Dupla;Curva;-8,311557;-35,10102
28/11/2023;06:10:00;CAPIM GROSSO;Velocidade Incompatível;Saída de leito carroçável;Com Vítimas Fatais;Pleno dia;Crescente;Sol;Simples;Reta;-11,36443597;-40,01315076
22/10/2023;07:46:00;SAPUCAIA;Velocidade Incompatível;Saída de leito carroçável;Com Vítimas Feridas;Pleno dia;Decrescente;Nublado;Simples;Curva;-22,00940716;-42,94750929
28/11/2023;11:30:00;SAO JOSE DOS CAMPOS;Manobra de mudança de faixa;Colisão lateral mesmo sentido;Com Vítimas Feridas;Pleno dia;Crescente;Nublado;Múltipla;"Retorno Regulamentado;Reta";-23,17849879;-45,83787411
28/11/2023;12:25:00;SAO JOSE DOS PINHAIS;Velocidade Incompatível;Tombamento;Com Vítimas Fatais;Pleno dia;Decrescente;Chuva;Simples;"Aclive;Curva";-25,571262;-49,18007
28/11/2023;10:20:00;TROMBUDO CENTRAL;Velocidade Incompatível;Colisão frontal;Com Vítimas Feridas;Pleno dia;Decrescente;Chuva;Simples;Curva;-27,28712938;-49,77836609
28/11/2023;15:10:00;PROFESSOR JAMIL;Acumulo de água sobre o pavimento;Saída de leito carroçável;Com Vítimas Feridas;Pleno dia;Decrescente;Chuva;Dupla;Curva;-17,242688;-49,240695
28/11/2023;16:45:00;CORREGO DANTA;Ultrapassagem Indevida;Colisão lateral sentido oposto;Com Vítimas Feridas;Pleno dia;Crescente;Céu Claro;Simples;"Reta;Declive";-19,70593204;-46,02450705
28/11/2023;15:55:00;CHAPECO;Chuva;Colisão traseira;Sem Vítimas;Pleno dia;Decrescente;Chuva;Dupla;"Reta;Declive";-27,02011782;-52,63608813
28/11/2023;18:30:00;APODI;Manobra de mudança de faixa;Colisão lateral mesmo sentido;Com Vítimas Feridas;Plena Noite;Decrescente;Céu Claro;Dupla;Reta;-5,649533;-37,799712
28/11/2023;10:15:00;BENTO GONCALVES;Acumulo de água sobre o pavimento;Colisão frontal;Com Vítimas Feridas;Pleno dia;Decrescente;Chuva;Dupla;"Declive;Curva";-29,17909489;-51,51855675
28/11/2023;13:40:00;ITABIRITO;Pista Escorregadia;Colisão com objeto;Sem Vítimas;Pleno dia;Decrescente;Chuva;Dupla;"Declive;Curva";-20,37383713;-43,91055107
28/11/2023;20:15:00;JOINVILLE;Manobra de mudança de faixa;Colisão frontal;Sem Vítimas;Plena Noite;Decrescente;Garoa/Chuvisco;Dupla;Reta;-26,42280898;-48,82977496
28/11/2023;22:10:00;CAMPOS DOS GOYTACAZES;Manobra de mudança de faixa;Colisão lateral mesmo sentido;Com Vítimas Feridas;Plena Noite;Decrescente;Céu Claro;Dupla;"Rotatória;Interseção de Vias;Em Obras";-21,76090387;-41,34788959
29/11/2023;01:30:00;VARGEAO;Velocidade Incompatível;Saída de leito carroçável;Com Vítimas Feridas;Plena Noite;Crescente;Nevoeiro/Neblina;Simples;Rotatória;-26,882666;-52,169231
29/11/2023;05:00:00;AREAL;Velocidade Incompatível;Colisão com objeto;Com Vítimas Feridas;Amanhecer;Decrescente;Garoa/Chuvisco;Dupla;Curva;-22,20122568;-43,14116761
28/11/2023;16:00:00;BELO ORIENTE;Velocidade Incompatível;Colisão com objeto;Com Vítimas Feridas;Pleno dia;Crescente;Céu Claro;Simples;Reta;-19,37236068;-42,4590332
29/11/2023;06:45:00;EXTREMA;Manobra de mudança de faixa;Colisão com objeto;Com Vítimas Feridas;Pleno dia;Crescente;Nublado;Simples;Reta;-22,81198015;-46,28431295
29/11/2023;08:00:00;TUBARAO;Pista Escorregadia;Colisão lateral mesmo sentido;Com Vítimas Feridas;Pleno dia;Decrescente;Garoa/Chuvisco;Múltipla;Reta;-28,467709;-49,003025
25/10/2023;04:00:00;BARRA DO TURVO;Pista Escorregadia;Colisão com objeto;Com Vítimas Feridas;Plena Noite;Crescente;Garoa/Chuvisco;Simples;"Curva;Declive";-24,95016699;-48,42400302
29/11/2023;12:40:00;GUARAPARI;Reação tardia ou ineficiente do condutor;Tombamento;Com Vítimas Feridas;Pleno dia;Crescente;Céu Claro;Múltipla;Curva;-20,6213791;-40,52011191
29/11/2023;12:30:00;SERRA;Iluminação deficiente;Incêndio;Sem Vítimas;Pleno dia;Decrescente;Céu Claro;Simples;Reta;-20,09618209;-40,33951217
14/11/2023;01:30:00;SAPUCAIA;Ausência de reação do condutor;Tombamento;Sem Vítimas;Plena Noite;Decrescente;Ignorado;Dupla;Reta;-21,99271807;-42,76213911
29/11/2023;16:00:00;PRATA;Acumulo de água sobre o pavimento;Colisão frontal;Com Vítimas Fatais;Pleno dia;Crescente;Chuva;Simples;"Curva;Declive";-19,12589594;-48,96661173
29/11/2023;18:30:00;PRATA;Velocidade Incompatível;Saída de leito carroçável;Com Vítimas Feridas;Plena Noite;Crescente;Chuva;Simples;"Curva;Declive";-19,10959519;-48,97442725
29/11/2023;10:00:00;SAO GONCALO DO RIO ABAIXO;Velocidade Incompatível;Saída de leito carroçável;Com Vítimas Feridas;Pleno dia;Decrescente;Céu Claro;Simples;"Curva;Declive";-19,84250801;-43,31533375
29/11/2023;16:00:00;CANAS;Falta de acostamento;Colisão lateral mesmo sentido;Com Vítimas Feridas;Pleno dia;Crescente;Céu Claro;Dupla;Reta;-22,71393589;-45,05335608
29/11/2023;10:30:00;RUY BARBOSA;Reação tardia ou ineficiente do condutor;Tombamento;Com Vítimas Fatais;Pleno dia;Decrescente;Céu Claro;Simples;"Declive;Curva";-12,46551979;-40,56472754
29/11/2023;21:30:00;GUAMIRANGA;Ultrapassagem Indevida;Colisão frontal;Com Vítimas Fatais;Plena Noite;Crescente;Nublado;Simples;"Reta;Aclive";-25,19027709;-50,7405548
29/11/2023;22:25:00;MONTE CASTELO;Problema com o freio;Tombamento;Com Vítimas Feridas;Plena Noite;Decrescente;Céu Claro;Simples;"Declive;Curva";-26,75095005;-50,31749478
07/07/2023;23:29:00;RIALMA;Velocidade Incompatível;Tombamento;Com Vítimas Fatais;Plena Noite;Decrescente;Céu Claro;Simples;"Reta;Aclive";-15,287417;-49,565777
30/11/2023;07:50:00;NOSSA SENHORA DO SOCORRO;Manobra de mudança de faixa;Colisão traseira;Com Vítimas Feridas;Pleno dia;Decrescente;Céu Claro;Dupla;"Reta;Aclive";-10,86174498;-37,13526579
30/11/2023;07:00:00;POCOS DE CALDAS;Velocidade Incompatível;Colisão frontal;Com Vítimas Fatais;Pleno dia;Decrescente;Céu Claro;Simples;"Curva;Declive";-21,7749674;-46,4304026
30/11/2023;13:10:00;PORTO REAL;Manobra de mudança de faixa;Colisão lateral mesmo sentido;Com Vítimas Feridas;Pleno dia;Crescente;Sol;Dupla;Reta;-22,45223481;-44,35432502
30/11/2023;14:00:00;NOVA OLINDA;Ultrapassagem Indevida;Colisão frontal;Sem Vítimas;Pleno dia;Crescente;Céu Claro;Simples;Reta;-7,78605799;-48,46547734
30/11/2023;16:20:00;MARABA;Ultrapassagem Indevida;Colisão traseira;Sem Vítimas;Pleno dia;Decrescente;Céu Claro;Simples;Reta;-5,468274;-49,075905
30/11/2023;17:30:00;SAO LUIZ GONZAGA;Manobra de mudança de faixa;Colisão traseira;Com Vítimas Feridas;Pleno dia;Crescente;Sol;Simples;Reta;-28,416992;-54,936764
30/11/2023;12:00:00;PORTO BELO;Velocidade Incompatível;Colisão com objeto;Com Vítimas Feridas;Pleno dia;Crescente;Sol;Dupla;Reta;-27,144717;-48,61063935
30/11/2023;10:30:00;BURITICUPU;Reação tardia ou ineficiente do condutor;Tombamento;Sem Vítimas;Pleno dia;Decrescente;Céu Claro;Simples;Declive;-4,34469017;-46,3650539
30/11/2023;23:35:00;GUARANTA DO NORTE;Reação tardia ou ineficiente do condutor;Tombamento;Sem Vítimas;Plena Noite;Decrescente;Céu Claro;Simples;Curva;-9,71780888;-54,87808527
18/11/2023;12:45:00;BELTERRA;Reação tardia ou ineficiente do condutor;Tombamento;Com Vítimas Feridas;Pleno dia;Crescente;Nevoeiro/Neblina;Simples;"Declive;Curva";-3,419191;-54,910145
01/12/2023;05:55:00;SANTAREM;Objeto estático sobre o leito carroçável;Tombamento;Com Vítimas Feridas;Pleno dia;Crescente;Céu Claro;Simples;"Reta;Declive";-2,63235897;-54,74384308
30/11/2023;17:20:00;SAO MIGUEL DO OESTE;Pista esburacada;Colisão transversal;Com Vítimas Feridas;Pleno dia;Decrescente;Céu Claro;Simples;"Declive;Curva";-26,68478399;-53,51451486
01/12/2023;05:20:00;PAULISTA;Carga excessiva e/ou mal acondicionada;Tombamento;Com Vítimas Feridas;Pleno dia;Decrescente;Céu Claro;Dupla;"Curva;Declive";-7,9169968;-34,89689272
01/12/2023;08:05:00;UBERLANDIA;Velocidade Incompatível;Colisão lateral mesmo sentido;Com Vítimas Feridas;Pleno dia;Decrescente;Nublado;Dupla;Reta;-18,9113;-48,2622
01/12/2023;07:15:00;SAO GONCALO;Manobra de mudança de faixa;Colisão lateral mesmo sentido;Com Vítimas Feridas;Pleno dia;Decrescente;Céu Claro;Dupla;Reta;-22,79498873;-43,03446105
01/12/2023;14:20:00;CURITIBA;Manobra de mudança de faixa;Colisão lateral mesmo sentido;Com Vítimas Feridas;Pleno dia;Decrescente;Céu Claro;Dupla;Reta;-25,541075;-49,310518
01/12/2023;12:00:00;PANAMBI;Ultrapassagem Indevida;Colisão frontal;Com Vítimas Fatais;Pleno dia;Crescente;Sol;Múltipla;"Curva;Declive";-28,23443887;-53,47576408
01/12/2023;14:20:00;VARZEA GRANDE;Pista Escorregadia;Colisão lateral sentido oposto;Com Vítimas Feridas;Pleno dia;Decrescente;Chuva;Simples;"Curva;Declive";-15,60093;-56,20568
02/10/2023;22:00:00;FORQUILHA;Curva acentuada;Tombamento;Com Vítimas Fatais;Plena Noite;Crescente;Céu Claro;Simples;Curva;-3,80773328;-40,18043518
04/09/2023;12:15:00;CAMPO MAIOR;Demais Fenômenos da natureza;Incêndio;Sem Vítimas;Pleno dia;Decrescente;Céu Claro;Simples;Reta;-4,849445;-42,193741
01/12/2023;15:00:00;JOINVILLE;Manobra de mudança de faixa;Colisão lateral mesmo sentido;Com Vítimas Feridas;Pleno dia;Crescente;Nublado;Dupla;Curva;-26,42280898;-48,82977496
01/12/2023;10:30:00;IPOJUCA;Velocidade Incompatível;Tombamento;Com Vítimas Feridas;Pleno dia;Decrescente;Céu Claro;Dupla;"Curva;Declive";-8,3278918;-35,119238
01/12/2023;14:00:00;CAXIAS;Manobra de mudança de faixa;Colisão lateral sentido oposto;Com Vítimas Feridas;Pleno dia;Crescente;Sol;Simples;Curva;-5,22433402;-43,47908201
01/12/2023;21:10:00;NOVA VICOSA;Reação tardia ou ineficiente do condutor;Tombamento;Com Vítimas Fatais;Plena Noite;Crescente;Céu Claro;Simples;"Curva;Declive";-17,89587195;-39,81936412
01/12/2023;18:10:00;DUQUE DE CAXIAS;Manobra de mudança de faixa;Colisão lateral mesmo sentido;Com Vítimas Feridas;Anoitecer;Crescente;Céu Claro;Dupla;"Reta;Ponte";-22,73662299;-43,28858785
01/12/2023;22:30:00;PIMENTA BUENO;Ultrapassagem Indevida;Colisão lateral sentido oposto;Com Vítimas Feridas;Plena Noite;Crescente;Céu Claro;Simples;Aclive;-11,896872;-60,979482
02/12/2023;03:50:00;SAO JOAO DA BARRA;Animais na Pista;Tombamento;Com Vítimas Feridas;Plena Noite;Decrescente;Nublado;Dupla;Curva;-21,711961;-41,155168
02/12/2023;06:55:00;GOVERNADOR VALADARES;Velocidade Incompatível;Tombamento;Com Vítimas Feridas;Pleno dia;Decrescente;Nublado;Simples;"Curva;Ponte";-18,88760943;-42,00425148
02/12/2023;13:40:00;RECIFE;Manobra de mudança de faixa;Colisão lateral mesmo sentido;Com Vítimas Feridas;Pleno dia;Crescente;Céu Claro;Dupla;Reta;-8,133835;-34,947418
02/12/2023;16:30:00;CANABRAVA DO NORTE;Falta de acostamento;Saída de leito carroçável;Com Vítimas Feridas;Anoitecer;Decrescente;Nublado;Simples;Reta;-11,11795603;-51,70332751
02/12/2023;19:15:00;IPIXUNA DO PARA;Chuva;Saída de leito carroçável;Com Vítimas Feridas;Plena Noite;Decrescente;Chuva;Simples;Declive;-2,55659601;-47,4943411
02/12/2023;19:00:00;PRESIDENTE MEDICI;Ultrapassagem Indevida;Tombamento;Com Vítimas Feridas;Plena Noite;Crescente;Céu Claro;Simples;Reta;-11,025783;-61,93004
03/12/2023;05:25:00;RECIFE;Velocidade Incompatível;Colisão traseira;Com Vítimas Feridas;Pleno dia;Decrescente;Sol;Múltipla;Reta;-8,07333497;-34,96184301
03/12/2023;06:00:00;MIRACATU;Chuva;Saída de leito carroçável;Com Vítimas Feridas;Pleno dia;Crescente;Garoa/Chuvisco;Dupla;Curva;-24,1220177;-47,27047772
03/12/2023;06:50:00;CARUARU;Velocidade Incompatível;Saída de leito carroçável;Com Vítimas Feridas;Amanhecer;Decrescente;Céu Claro;Simples;"Curva;Declive";-8,332917;-35,981609