data_inversa;horario;municipio;causa_acidente;tipo_acidente;classificacao_acidente;fase_dia;sentido_via;condicao_metereologica;tipo_pista;tracado_via;latitude;longitude
10/12/2023;18:39:00;MIRACATU;Reação tardia ou ineficiente do condutor;Tombamento;Com Vítimas Feridas;Plena Noite;Crescente;Garoa/Chuvisco;Dupla;"Curva;Declive";-24,1220177;-47,27047772
10/12/2023;20:15:00;BIGUACU;Manobra de mudança de faixa;Colisão lateral mesmo sentido;Sem Vítimas;Plena Noite;Crescente;Chuva;Dupla;Curva;-27,4341098;-48,62567129
10/12/2023;20:50:00;SAO JOSE DO INHACORA;Ultrapassagem Indevida;Colisão frontal;Com Vítimas Fatais;Plena Noite;Decrescente;Céu Claro;Simples;Reta;-27,6907112;-54,14624213
10/12/2023;19:10:00;CARANDAI;Acostamento em desnível;Colisão lateral mesmo sentido;Sem Vítimas;Plena Noite;Decrescente;Céu Claro;Simples;Reta;-20,88523519;-43,80990585
10/12/2023;23:00:00;ARARANGUA;Manobra de mudança de faixa;Colisão lateral mesmo sentido;Sem Vítimas;Plena Noite;Decrescente;Nublado;Dupla;Reta;-28,90009415;-49,47472781
10/12/2023;23:20:00;ITABELA;Velocidade Incompatível;Tombamento;Com Vítimas Feridas;Plena Noite;Crescente;Céu Claro;Simples;Curva;-16,744017;-39,454727
11/12/2023;01:00:00;ITATIAIA;Demais falhas na via;Colisão lateral mesmo sentido;Com Vítimas Feridas;Plena Noite;Crescente;Céu Claro;Dupla;Reta;-22,48404979;-44,54454609
11/12/2023;05:30:00;SAO SEBASTIAO DA BELA VISTA;Velocidade Incompatível;Colisão traseira;Com Vítimas Feridas;Amanhecer;Decrescente;Nublado;Dupla;Reta;-22,12151427;-45,77033901
10/12/2023;22:00:00;JOAO PINHEIRO;Chuva;Saída de leito carroçável;Com Vítimas Feridas;Plena Noite;Crescente;Chuva;Simples;"Aclive;Reta";-17,6638974;-46,35562202
10/12/2023;20:35:00;BOM JARDIM DE MINAS;Velocidade Incompatível;Tombamento;Com Vítimas Feridas;Plena Noite;Decrescente;Nublado;Simples;"Curva;Declive";-21,94774717;-44,18530805
11/12/2023;08:00:00;PLANALTO;Avarias e/ou desgaste excessivo no pneu;Tombamento;Com Vítimas Feridas;Pleno dia;Decrescente;Céu Claro;Simples;Reta;-14,69158;-40,56717
11/12/2023;07:00:00;BARREIRAS;Manobra de mudança de faixa;Colisão lateral sentido oposto;Com Vítimas Feridas;Pleno dia;Decrescente;Céu Claro;Simples;Reta;-12,16145253;-44,61060097
11/12/2023;07:20:00;UBERABA;Ultrapassagem Indevida;Colisão frontal;Com Vítimas Fatais;Pleno dia;Decrescente;Chuva;Simples;Reta;-19,76551214;-47,86399
11/12/2023;07:00:00;PONTE SERRADA;Ausência de sinalização;Colisão lateral sentido oposto;Com Vítimas Feridas;Pleno dia;Crescente;Céu Claro;Simples;Reta;-26,885752;-52,004669
11/12/2023;08:45:00;MATELANDIA;Velocidade Incompatível;Tombamento;Com Vítimas Feridas;Pleno dia;Crescente;Céu Claro;Dupla;"Curva;Declive";-25,24664169;-53,98334832
11/12/2023;10:20:00;MARAVILHA;Demais falhas na via;Colisão lateral sentido oposto;Com Vítimas Feridas;Pleno dia;Decrescente;Sol;Simples;Reta;-26,772648;-53,2062
11/12/2023;12:02:00;BRASILIA;Reação tardia ou ineficiente do condutor;Tombamento;Sem Vítimas;Pleno dia;Crescente;Sol;Simples;Reta;-15,731;-48,168938
11/12/2023;12:45:00;JOAO PESSOA;Velocidade Incompatível;Colisão traseira;Com Vítimas Feridas;Pleno dia;Decrescente;Céu Claro;Dupla;Reta;-7,1198;-34,8453
11/12/2023;13:50:00;SANTA LUZIA;Manobra de mudança de faixa;Colisão frontal;Com Vítimas Feridas;Pleno dia;Crescente;Céu Claro;Simples;Reta;-19,80934;-43,77545
11/12/2023;12:30:00;GUARANTA DO NORTE;Demais falhas mecânicas ou elétricas;Tombamento;Com Vítimas Feridas;Pleno dia;Crescente;Céu Claro;Simples;Curva;-9,78200529;-54,90867173
11/12/2023;14:20:00;RECIFE;Trafegar com motocicleta (ou similar) entre as faixas;Tombamento;Com Vítimas Feridas;Pleno dia;Decrescente;Céu Claro;Dupla;Curva;-8,149125;-34,943515
11/12/2023;07:30:00;ITAJAI;Velocidade Incompatível;Engavetamento;Com Vítimas Feridas;Pleno dia;Decrescente;Céu Claro;Dupla;Reta;-26,92103178;-48,70856446
11/12/2023;05:00:00;AGUAS VERMELHAS;Ultrapassagem Indevida;Colisão lateral mesmo sentido;Com Vítimas Feridas;Amanhecer;Crescente;Céu Claro;Simples;"Aclive;Reta";-15,87160794;-41,46738052
11/12/2023;17:20:00;APARECIDA DE GOIANIA;Manobra de mudança de faixa;Colisão lateral mesmo sentido;Sem Vítimas;Pleno dia;Crescente;Céu Claro;Dupla;Reta;-16,8504;-49,2473
11/12/2023;17:00:00;MIRACATU;Reação tardia ou ineficiente do condutor;Tombamento;Com Vítimas Feridas;Pleno dia;Crescente;Chuva;Dupla;Curva;-24,00328505;-47,15633198
11/12/2023;18:10:00;LAVRAS DA MANGABEIRA;Iluminação deficiente;Atropelamento de Pedestre;Com Vítimas Feridas;Anoitecer;Decrescente;Céu Claro;Simples;Reta;-6,74974417;-38,97332086
11/12/2023;19:35:00;FEIRA DE SANTANA;Manobra de mudança de faixa;Colisão lateral mesmo sentido;Com Vítimas Feridas;Plena Noite;Crescente;Céu Claro;Dupla;"Reta;Declive";-12,27765366;-38,98148775
11/12/2023;13:45:00;MIRASSOL DOESTE;Chuva;Tombamento;Com Vítimas Feridas;Pleno dia;Crescente;Chuva;Simples;Reta;-15,83302794;-58,16111296
11/12/2023;22:20:00;SAO JOSE;Manobra de mudança de faixa;Colisão lateral mesmo sentido;Com Vítimas Feridas;Plena Noite;Decrescente;Nublado;Múltipla;Reta;-27,57413014;-48,61363083
12/12/2023;06:00:00;UBERLANDIA;Velocidade Incompatível;Tombamento;Com Vítimas Feridas;Amanhecer;Crescente;Sol;Dupla;"Curva;Retorno Regulamentado";-18,9113;-48,2622
11/12/2023;23:50:00;CARAVELAS;Reação tardia ou ineficiente do condutor;Tombamento;Com Vítimas Feridas;Plena Noite;Crescente;Céu Claro;Simples;Curva;-17,69200131;-39,77457762
11/12/2023;23:30:00;PAULO FRONTIN;Velocidade Incompatível;Saída de leito carroçável;Com Vítimas Feridas;Plena Noite;Decrescente;Céu Claro;Simples;Curva;-26,034035;-50,698009
12/12/2023;09:30:00;LINHARES;Ultrapassagem Indevida;Colisão frontal;Com Vítimas Fatais;Pleno dia;Crescente;Céu Claro;Simples;Reta;-19,52915483;-40,15366673
12/12/2023;10:15:00;GUARULHOS;Manobra de mudança de faixa;Colisão lateral mesmo sentido;Sem Vítimas;Pleno dia;Crescente;Céu Claro;Múltipla;Reta;-23,41236123;-46,35692496
12/12/2023;10:30:00;CONTAGEM;Velocidade Incompatível;Engavetamento;Com Vítimas Feridas;Pleno dia;Decrescente;Céu Claro;Dupla;"Reta;Declive";-19,95826094;-44,05921101
12/12/2023;10:00:00;SAO PEDRO DO TURVO;Carga excessiva e/ou mal acondicionada;Tombamento;Com Vítimas Feridas;Pleno dia;Crescente;Céu Claro;Simples;Reta;-22,659222;-49,88955916
12/12/2023;13:59:00;BARRA DO GARCAS;Reação tardia ou ineficiente do condutor;Tombamento;Sem Vítimas;Pleno dia;Crescente;Sol;Simples;Reta;-15,69693479;-52,69881921
12/12/2023;15:50:00;DUQUE DE CAXIAS;Manobra de mudança de faixa;Colisão lateral mesmo sentido;Com Vítimas Feridas;Pleno dia;Crescente;Céu Claro;Múltipla;Reta;-22,79907687;-43,29015739
12/12/2023;16:05:00;JOINVILLE;Manobra de mudança de faixa;Colisão lateral mesmo sentido;Sem Vítimas;Pleno dia;Decrescente;Céu Claro;Dupla;Reta;-26,43207484;-48,82263984
12/12/2023;17:30:00;MUCURI;Velocidade Incompatível;Tombamento;Com Vítimas Feridas;Anoitecer;Crescente;Céu Claro;Simples;Curva;-18,16840196;-39,91873914
12/12/2023;15:45:00;PALMEIRAS;Demais falhas mecânicas ou elétricas;Tombamento;Sem Vítimas;Pleno dia;Decrescente;Céu Claro;Simples;"Curva;Declive";-12,43834712;-41,50300952
12/12/2023;16:10:00;PORTO SEGURO;Ultrapassagem Indevida;Colisão frontal;Com Vítimas Feridas;Pleno dia;Decrescente;Céu Claro;Simples;Curva;-16,37672212;-39,23544508
12/12/2023;16:15:00;GUANAMBI;Curva acentuada;Colisão frontal;Com Vítimas Fatais;Plena Noite;Decrescente;Céu Claro;Simples;"Curva;Declive";-14,11945851;-42,60970133
12/12/2023;18:40:00;MURIAE;Curva acentuada;Colisão lateral sentido oposto;Com Vítimas Feridas;Plena Noite;Crescente;Chuva;Simples;Curva;-21,00463422;-42,36667213
12/12/2023;15:00:00;SAO GONCALO DO ABAETE;Pista Escorregadia;Saída de leito carroçável;Com Vítimas Feridas;Pleno dia;Crescente;Chuva;Simples;Reta;-18,30125895;-45,94792402
13/12/2023;07:10:00;UBERLANDIA;Manobra de mudança de faixa;Colisão lateral sentido oposto;Com Vítimas Feridas;Pleno dia;Decrescente;Céu Claro;Simples;Reta;-18,92231514;-48,20277214
13/12/2023;02:00:00;NOVA XAVANTINA;Acostamento em desnível;Tombamento;Com Vítimas Feridas;Plena Noite;Crescente;Céu Claro;Simples;Reta;-14,4766339;-52,2771232
13/12/2023;09:00:00;PETROPOLIS;Reação tardia ou ineficiente do condutor;Tombamento;Com Vítimas Feridas;Pleno dia;Crescente;Céu Claro;Simples;Curva;-22,51183137;-43,23076171
28/10/2023;22:09:00;ARAGUARI;Velocidade Incompatível;Tombamento;Com Vítimas Feridas;Plena Noite;Crescente;Céu Claro;Dupla;Curva;-18,61943321;-48,09375199
17/08/2023;19:00:00;ITABUNA;Velocidade Incompatível;Colisão frontal;Com Vítimas Feridas;Plena Noite;Crescente;Nublado;Simples;Reta;-14,86771592;-39,27972794
13/12/2023;10:30:00;UBERLANDIA;Velocidade Incompatível;Colisão traseira;Com Vítimas Feridas;Pleno dia;Crescente;Céu Claro;Dupla;Reta;-19,11861301;-48,17588405
13/12/2023;08:15:00;NORTELANDIA;Ausência de reação do condutor;Tombamento;Com Vítimas Feridas;Pleno dia;Crescente;Céu Claro;Simples;Curva;-14,132547;-56,707289
13/12/2023;14:30:00;ITAPEMA;Manobra de mudança de faixa;Colisão traseira;Com Vítimas Feridas;Pleno dia;Crescente;Sol;Dupla;Reta;-27,0732659;-48,59672716
22/11/2023;09:00:00;BOM JESUS DO ARAGUAIA;Afundamento ou ondulação no pavimento;Tombamento;Com Vítimas Feridas;Pleno dia;Crescente;Céu Claro;Simples;Reta;-12,09828115;-51,69935691
03/11/2023;14:10:00;SAO MATEUS;Ultrapassagem Indevida;Colisão lateral sentido oposto;Com Vítimas Feridas;Pleno dia;Crescente;Céu Claro;Simples;Reta;-18,88987374;-39,95207255
13/12/2023;18:50:00;RIBEIRAO DAS NEVES;Velocidade Incompatível;Colisão traseira;Com Vítimas Feridas;Pleno dia;Decrescente;Céu Claro;Dupla;Reta;-19,83792969;-44,07796383
13/12/2023;19:15:00;BRASILIA;Ultrapassagem Indevida;Colisão lateral mesmo sentido;Sem Vítimas;Plena Noite;Crescente;Nublado;Dupla;"Reta;Declive";-15,906521;-48,140328
13/12/2023;13:28:00;GUARANIACU;Velocidade Incompatível;Colisão lateral sentido oposto;Com Vítimas Feridas;Pleno dia;Crescente;Céu Claro;Simples;"Curva;Declive";-25,091649;-52,949265
13/12/2023;18:40:00;GUARULHOS;Manobra de mudança de faixa;Colisão lateral mesmo sentido;Com Vítimas Feridas;Plena Noite;Crescente;Nublado;Múltipla;Reta;-23,49659264;-46,55648754
13/12/2023;17:10:00;JOAO PINHEIRO;Acostamento em desnível;Tombamento;Sem Vítimas;Pleno dia;Decrescente;Céu Claro;Dupla;"Reta;Interseção de Vias;Retorno Regulamentado";-17,94245402;-46,04307001
13/12/2023;22:15:00;SABARA;Demais falhas na via;Saída de leito carroçável;Com Vítimas Feridas;Plena Noite;Crescente;Céu Claro;Simples;Reta;-19,7873368;-43,72776926
13/12/2023;22:00:00;IBIRACU;Velocidade Incompatível;Tombamento;Com Vítimas Feridas;Plena Noite;Decrescente;Céu Claro;Múltipla;"Curva;Declive";-19,86460092;-40,38336629
14/12/2023;00:40:00;SANTA CECILIA;Velocidade Incompatível;Colisão traseira;Com Vítimas Feridas;Plena Noite;Decrescente;Céu Claro;Simples;"Aclive;Curva";-26,89968986;-50,43667825
13/12/2023;20:00:00;TEIXEIRA DE FREITAS;Ausência de reação do condutor;Tombamento;Com Vítimas Feridas;Plena Noite;Decrescente;Céu Claro;Simples;Aclive;-17,62122718;-39,76605876
14/12/2023;05:30:00;SAO CAITANO;Ultrapassagem Indevida;Colisão traseira;Com Vítimas Feridas;Amanhecer;Crescente;Chuva;Simples;Reta;-8,45069903;-36,21115394
24/11/2023;07:30:00;CARIACICA;Manobra de mudança de faixa;Colisão lateral mesmo sentido;Com Vítimas Feridas;Pleno dia;Crescente;Nublado;Dupla;Reta;-20,25902175;-40,37753412
14/12/2023;07:40:00;MIRACATU;Velocidade Incompatível;Tombamento;Com Vítimas Feridas;Pleno dia;Decrescente;Céu Claro;Simples;Curva;-24,10862227;-47,26589989
14/12/2023;07:00:00;PIRAI;Objeto estático sobre o leito carroçável;Tombamento;Com Vítimas Feridas;Pleno dia;Decrescente;Céu Claro;Dupla;Curva;-22,61426907;-43,93189964
14/12/2023;08:45:00;CASCAVEL;Manobra de mudança de faixa;Colisão lateral mesmo sentido;Com Vítimas Feridas;Pleno dia;Crescente;Céu Claro;Simples;Reta;-24,98082053;-53,48254989
14/12/2023;09:40:00;CONDADO;Ausência de reação do condutor;Tombamento;Com Vítimas Feridas;Pleno dia;Crescente;Céu Claro;Simples;Reta;-6,9108;-37,6026
14/12/2023;09:50:00;PETROLINA;Ultrapassagem Indevida;Colisão lateral mesmo sentido;Com Vítimas Feridas;Pleno dia;Crescente;Sol;Simples;Reta;-9,3663948;-40,5431151
14/12/2023;09:20:00;SAO JOSE DO CERRITO;Ausência de sinalização;Colisão transversal;Com Vítimas Feridas;Pleno dia;Crescente;Sol;Simples;"Interseção de Vias;Em Obras";-27,673826;-50,572021
14/12/2023;14:10:00;SAO PAULO;Carga excessiva e/ou mal acondicionada;Tombamento;Com Vítimas Feridas;Pleno dia;Crescente;Céu Claro;Dupla;"Curva;Declive";-23,40090211;-46,57617331
28/11/2023;11:30:00;DOMINGOS MARTINS;Curva acentuada;Tombamento;Sem Vítimas;Pleno dia;Crescente;Céu Claro;Dupla;"Aclive;Curva";-20,38337149;-40,64076662
14/12/2023;14:45:00;FRUTAL;Reação tardia ou ineficiente do condutor;Tombamento;Sem Vítimas;Pleno dia;Crescente;Céu Claro;Simples;"Aclive;Reta";-19,94033745;-48,95790887
24/11/2023;11:15:00;SABARA;Ausência de reação do condutor;Tombamento;Com Vítimas Feridas;Pleno dia;Decrescente;Céu Claro;Simples;Curva;-19,85777408;-43,90468298
14/12/2023;13:45:00;CAPAO ALTO;Acessar a via sem observar a presença dos outros veículos;Tombamento;Com Vítimas Feridas;Pleno dia;Decrescente;Sol;Simples;Reta;-27,93262143;-50,46174687
14/12/2023;17:00:00;SAO GONCALO DO SAPUCAI;Manobra de mudança de faixa;Colisão traseira;Com Vítimas Fatais;Pleno dia;Crescente;Céu Claro;Dupla;"Aclive;Reta";-21,97237106;-45,63123585
14/12/2023;18:00:00;DUQUE DE CAXIAS;Manobra de mudança de faixa;Colisão lateral mesmo sentido;Com Vítimas Feridas;Pleno dia;Crescente;Céu Claro;Múltipla;"Reta;Viaduto";-22,64697319;-43,19165101
14/12/2023;20:40:00;MATELANDIA;Velocidade Incompatível;Tombamento;Com Vítimas Feridas;Plena Noite;Crescente;Céu Claro;Dupla;"Curva;Declive";-25,24664169;-53,98334832
14/12/2023;21:11:00;LARANJEIRAS;Reação tardia ou ineficiente do condutor;Tombamento;Sem Vítimas;Plena Noite;Decrescente;Nublado;Dupla;Reta;-10,77357687;-37,12583705
04/12/2023;14:20:00;CRISTOPOLIS;Acumulo de água sobre o pavimento;Saída de leito carroçável;Com Vítimas Feridas;Pleno dia;Crescente;Chuva;Simples;Reta;-12,2299706;-43,95767212
14/12/2023;23:54:00;SILVEIRAS;Declive acentuado;Colisão com objeto;Com Vítimas Feridas;Plena Noite;Crescente;Céu Claro;Dupla;Declive;-22,61419397;-44,90005302
15/12/2023;00:20:00;LARANJAL;Condutor Dormindo;Tombamento;Com Vítimas Feridas;Plena Noite;Crescente;Céu Claro;Simples;"Declive;Curva";-21,35508786;-42,46891737
15/12/2023;06:20:00;MONTES CLAROS;Curva acentuada;Colisão com objeto;Sem Vítimas;Amanhecer;Crescente;Céu Claro;Simples;Retorno Regulamentado;-16,6575132;-43,72704597
15/12/2023;06:39:00;CONTAGEM;Manobra de mudança de faixa;Colisão lateral mesmo sentido;Com Vítimas Feridas;Pleno dia;Crescente;Céu Claro;Dupla;"Aclive;Reta";-19,95931561;-44,08825597
15/12/2023;09:30:00;BRUNOPOLIS;Velocidade Incompatível;Tombamento;Com Vítimas Feridas;Pleno dia;Crescente;Nublado;Simples;Curva;-27,333916;-50,845214
15/12/2023;07:45:00;POCONE;Ultrapassagem Indevida;Colisão frontal;Com Vítimas Feridas;Pleno dia;Crescente;Sol;Simples;Curva;-15,84932911;-56,80410299
08/12/2023;22:02:00;CONTAGEM;Manobra de mudança de faixa;Colisão lateral mesmo sentido;Com Vítimas Feridas;Plena Noite;Crescente;Céu Claro;Dupla;"Reta;Declive";-19,87522;-44,05387
15/12/2023;09:45:00;RECIFE;Velocidade Incompatível;Colisão traseira;Com Vítimas Feridas;Pleno dia;Crescente;Céu Claro;Múltipla;Reta;-8,05951606;-34,94581024
15/12/2023;11:40:00;SANTA LUCIA;Curva acentuada;Tombamento;Com Vítimas Feridas;Pleno dia;Decrescente;Céu Claro;Dupla;"Curva;Declive";-25,44415695;-53,57850109
15/12/2023;10:40:00;ICONHA;Velocidade Incompatível;Tombamento;Com Vítimas Feridas;Pleno dia;Decrescente;Céu Claro;Dupla;"Curva;Declive";-20,80656519;-40,79757258
15/12/2023;08:30:00;CASCAVEL;Manobra de mudança de faixa;Colisão lateral mesmo sentido;Com Vítimas Feridas;Pleno dia;Crescente;Céu Claro;Dupla;"Curva;Declive";-24,92573701;-53,53696393
15/12/2023;15:30:00;ITAJAI;Manobra de mudança de faixa;Colisão lateral mesmo sentido;Com Vítimas Feridas;Pleno dia;Decrescente;Sol;Múltipla;Reta;-26,87905605;-48,72603512
15/12/2023;15:50:00;PARANAGUA;Ultrapassagem Indevida;Colisão lateral mesmo sentido;Com Vítimas Fatais;Pleno dia;Crescente;Sol;Simples;Reta;-25,539557;-48,558426
09/06/2023;16:30:00;CAMPOS ALTOS;Velocidade Incompatível;Tombamento;Com Vítimas Feridas;Pleno dia;Decrescente;Céu Claro;Simples;"Declive;Curva";-19,65792178;-46,126369
15/12/2023;16:50:00;BIGUACU;Condutor Dormindo;Tombamento;Com Vítimas Feridas;Pleno dia;Decrescente;Nublado;Múltipla;"Reta;Aclive";-27,51844497;-48,63848496
15/12/2023;13:30:00;SAO JOSE DO SUL;Velocidade Incompatível;Colisão transversal;Com Vítimas Feridas;Pleno dia;Crescente;Céu Claro;Simples;"Reta;Em Obras";-29,54606764;-51,48461872
15/12/2023;18:00:00;SANTO CRISTO;Manobra de mudança de faixa;Colisão frontal;Com Vítimas Feridas;Pleno dia;Crescente;Chuva;Simples;Reta;-27,83776123;-54,59972262
14/12/2023;07:20:00;RIO GRANDE;Ultrapassagem Indevida;Colisão lateral mesmo sentido;Sem Vítimas;Pleno dia;Crescente;Nublado;Simples;Reta;-32,121338;-52,360302
16/12/2023;01:00:00;SAO GONCALO DO AMARANTE;Velocidade Incompatível;Colisão traseira;Com Vítimas Feridas;Pleno dia;Decrescente;Ignorado;Simples;Reta;-3,67349567;-38,94937096
15/12/2023;21:44:00;CACERES;Iluminação deficiente;Colisão transversal;Sem Vítimas;Plena Noite;Crescente;Céu Claro;Simples;Reta;-16,21699197;-57,57323657
16/12/2023;01:30:00;ITAPECERICA DA SERRA;Reação tardia ou ineficiente do condutor;Tombamento;Com Vítimas Feridas;Plena Noite;Decrescente;Céu Claro;Dupla;Curva;-23,7303281;-46,89425963
16/12/2023;05:30:00;BOM JESUS DO SUL;Ultrapassagem Indevida;Colisão lateral sentido oposto;Com Vítimas Feridas;Amanhecer;Decrescente;Céu Claro;Simples;Reta;-26,179335;-53,664798
16/12/2023;06:30:00;DUQUE DE CAXIAS;Reação tardia ou ineficiente do condutor;Tombamento;Com Vítimas Feridas;Pleno dia;Crescente;Céu Claro;Simples;Curva;-22,807953;-43,289124
16/12/2023;06:45:00;ITABELA;Chuva;Saída de leito carroçável;Com Vítimas Feridas;Amanhecer;Decrescente;Chuva;Simples;Curva;-16,91007658;-39,52163946
16/12/2023;09:30:00;RECIFE;Manobra de mudança de faixa;Colisão lateral mesmo sentido;Com Vítimas Feridas;Pleno dia;Crescente;Nublado;Dupla;Reta;-8,11813811;-34,94329214
16/12/2023;10:50:00;MAUA DA SERRA;Velocidade Incompatível;Tombamento;Com Vítimas Feridas;Pleno dia;Crescente;Céu Claro;Dupla;"Curva;Declive";-23,985439;-51,08337879
16/12/2023;10:35:00;VALENCA;Ausência de reação do condutor;Tombamento;Com Vítimas Feridas;Pleno dia;Crescente;Céu Claro;Simples;Curva;-13,264913;-39,326966
16/12/2023;13:55:00;CAMPOS NOVOS;Chuva;Colisão com objeto;Com Vítimas Feridas;Pleno dia;Decrescente;Chuva;Simples;Curva;-27,366648;-51,040581
16/12/2023;15:00:00;GUARULHOS;Velocidade Incompatível;Colisão frontal;Com Vítimas Feridas;Pleno dia;Crescente;Chuva;Simples;Curva;-23,46143954;-46,48885316
15/12/2023;01:20:00;BREJOES;Ausência de reação do condutor;Tombamento;Sem Vítimas;Plena Noite;Decrescente;Céu Claro;Simples;"Curva;Declive";-13,08915503;-39,9629037
16/12/2023;18:10:00;JOAO NEIVA;Velocidade Incompatível;Tombamento;Com Vítimas Feridas;Plena Noite;Decrescente;Céu Claro;Simples;Curva;-19,74171801;-40,36521517
16/12/2023;17:20:00;ITAJAI;Manobra de mudança de faixa;Colisão transversal;Com Vítimas Feridas;Pleno dia;Crescente;Céu Claro;Dupla;Reta;-26,9639319;-48,68328024
16/12/2023;15:00:00;BOM RETIRO;Ultrapassagem Indevida;Colisão frontal;Com Vítimas Feridas;Pleno dia;Decrescente;Céu Claro;Simples;"Aclive;Curva";-27,82741967;-49,57929254
16/12/2023;20:30:00;CURITIBA;Manobra de mudança de faixa;Capotamento;Sem Vítimas;Plena Noite;Crescente;Nublado;Dupla;Reta;-25,46833525;-49,35524543
16/12/2023;20:09:00;INHUMA;Demais falhas mecânicas ou elétricas;Tombamento;Sem Vítimas;Plena Noite;Crescente;Céu Claro;Simples;Reta;-6,61611998;-41,72267376
16/12/2023;20:04:00;ITAPECURU MIRIM;Sinalização encoberta;Colisão frontal;Com Vítimas Feridas;Plena Noite;Crescente;Céu Claro;Simples;"Desvio Temporário;Em Obras";-3,357454;-44,468338
17/12/2023;10:45:00;POUSO ALTO;Velocidade Incompatível;Tombamento;Com Vítimas Feridas;Pleno dia;Crescente;Céu Claro;Simples;"Curva;Declive";-22,17071402;-44,96390985
16/12/2023;01:00:00;MAFRA;Reação tardia ou ineficiente do condutor;Tombamento;Com Vítimas Feridas;Plena Noite;Crescente;Céu Claro;Simples;Curva;-26,22730215;-49,7063452
17/12/2023;11:20:00;MANHUACU;Ultrapassagem Indevida;Colisão lateral mesmo sentido;Com Vítimas Feridas;Pleno dia;Decrescente;Céu Claro;Simples;Reta;-20,22987753;-42,17260057
17/12/2023;13:20:00;RIO DOS BOIS;Ultrapassagem Indevida;Colisão traseira;Com Vítimas Feridas;Pleno dia;Decrescente;Nublado;Simples;"Reta;Ponte";-9,34871475;-48,53977025
17/12/2023;15:20:00;VILHENA;Ultrapassagem Indevida;Colisão lateral mesmo sentido;Com Vítimas Feridas;Pleno dia;Crescente;Céu Claro;Simples;Reta;-12,73437947;-60,15696986
17/12/2023;17:30:00;CAMANDUCAIA;Velocidade Incompatível;Eventos atípicos;Com Vítimas Feridas;Pleno dia;Crescente;Chuva;Dupla;"Curva;Declive";-22,7680939;-46,20854399
17/12/2023;18:00:00;ITAPECURU MIRIM;Ultrapassagem Indevida;Colisão frontal;Com Vítimas Feridas;Plena Noite;Decrescente;Céu Claro;Simples;"Ponte;Reta";-3,43672802;-44,33539905
17/12/2023;14:10:00;CORBELIA;Ultrapassagem Indevida;Colisão frontal;Com Vítimas Fatais;Pleno dia;Decrescente;Sol;Simples;Reta;-24,68785;-53,23322
17/12/2023;18:00:00;TEOTONIO VILELA;Ultrapassagem Indevida;Colisão lateral sentido oposto;Com Vítimas Fatais;Plena Noite;Decrescente;Céu Claro;Simples;Reta;-9,90706536;-36,35090419
17/12/2023;22:20:00;GENERAL CARNEIRO;Demais falhas na via;Saída de leito carroçável;Com Vítimas Feridas;Plena Noite;Decrescente;Céu Claro;Simples;Curva;-26,39434;-51,27881
17/12/2023;18:20:00;SAO LUIS;Acostamento em desnível;Tombamento;Com Vítimas Feridas;Plena Noite;Crescente;Chuva;Dupla;Reta;-2,72463965;-44,32574035
18/12/2023;01:20:00;MURIBECA;Velocidade Incompatível;Colisão traseira;Com Vítimas Feridas;Plena Noite;Crescente;Céu Claro;Dupla;"Em Obras;Reta;Desvio Temporário";-10,41385308;-36,92027362
18/12/2023;01:20:00;ATIBAIA;Manobra de mudança de faixa;Engavetamento;Com Vítimas Feridas;Plena Noite;Crescente;Céu Claro;Dupla;Reta;-23,02018004;-46,52966596
18/12/2023;03:20:00;UBERABA;Manobra de mudança de faixa;Colisão traseira;Com Vítimas Feridas;Amanhecer;Decrescente;Céu Claro;Dupla;"Retorno Regulamentado;Reta";-19,300957;-48,113228
18/12/2023;06:40:00;CAMPINA GRANDE DO SUL;Ausência de reação do condutor;Tombamento;Com Vítimas Fatais;Pleno dia;Decrescente;Céu Claro;Dupla;"Curva;Declive";-25,29341084;-48,93481135
18/12/2023;06:15:00;RONDONOPOLIS;Demais falhas na via;Colisão com objeto;Sem Vítimas;Pleno dia;Crescente;Céu Claro;Dupla;"Aclive;Reta";-16,40353387;-54,71551895
18/12/2023;07:30:00;PALMEIRA;Sinalização mal posicionada;Colisão lateral mesmo sentido;Com Vítimas Feridas;Pleno dia;Crescente;Céu Claro;Dupla;Reta;-25,400283;-49,789084
18/12/2023;06:00:00;SANTA MARIA DO PARA;Velocidade Incompatível;Tombamento;Com Vítimas Feridas;Pleno dia;Decrescente;Sol;Simples;Rotatória;-1,33808348;-47,58656009
18/12/2023;08:05:00;CORBELIA;Manobra de mudança de faixa;Colisão transversal;Com Vítimas Feridas;Pleno dia;Crescente;Sol;Simples;Reta;-24,597434;-53,204
18/12/2023;13:30:00;SANTA IZABEL DO PARA;Manobra de mudança de faixa;Colisão lateral mesmo sentido;Com Vítimas Feridas;Pleno dia;Crescente;Céu Claro;Dupla;Reta;-1,304277;-48,04272
18/12/2023;13:15:00;ATIBAIA;Demais falhas mecânicas ou elétricas;Tombamento;Sem Vítimas;Pleno dia;Decrescente;Sol;Dupla;"Curva;Declive";-23,2449074;-46,59562343
18/12/2023;14:10:00;BOA NOVA;Velocidade Incompatível;Saída de leito carroçável;Com Vítimas Feridas;Pleno dia;Decrescente;Céu Claro;Simples;Curva;-14,360824;-40,339446
17/10/2023;05:45:00;GUARULHOS;Manobra de mudança de faixa;Colisão lateral mesmo sentido;Com Vítimas Feridas;Pleno dia;Crescente;Céu Claro;Múltipla;Reta;-23,479122;-46,560342