data_inversa;horario;municipio;causa_acidente;tipo_acidente;classificacao_acidente;fase_dia;sentido_via;condicao_metereologica;tipo_pista;tracado_via;latitude;longitude
18/12/2023;17:00:00;NAVEGANTES;Velocidade Incompatível;Tombamento;Com Vítimas Feridas;Pleno dia;Decrescente;Céu Claro;Simples;"Interseção de Vias;Curva;Viaduto";-26,84589005;-48,72131295
18/12/2023;17:10:00;GUARATUBA;Velocidade Incompatível;Saída de leito carroçável;Com Vítimas Feridas;Pleno dia;Crescente;Nublado;Dupla;"Curva;Declive";-25,945599;-48,907394
18/12/2023;17:50:00;MEDIANEIRA;Velocidade Incompatível;Colisão transversal;Com Vítimas Feridas;Pleno dia;Crescente;Céu Claro;Dupla;Reta;-25,29891949;-54,12338731
18/12/2023;17:35:00;REGISTRO;Manobra de mudança de faixa;Colisão lateral mesmo sentido;Com Vítimas Feridas;Pleno dia;Crescente;Céu Claro;Dupla;Reta;-24,52099699;-47,85336602
18/12/2023;17:40:00;BARRA DO GARCAS;Velocidade Incompatível;Colisão frontal;Com Vítimas Feridas;Anoitecer;Crescente;Nublado;Simples;Reta;-14,98422201;-52,26085206
18/12/2023;22:00:00;APARECIDA DE GOIANIA;Chuva;Colisão traseira;Com Vítimas Feridas;Plena Noite;Crescente;Chuva;Dupla;"Reta;Declive";-16,7451;-49,2408
18/12/2023;21:45:00;CAMBUI;Velocidade Incompatível;Tombamento;Com Vítimas Feridas;Plena Noite;Decrescente;Nublado;Dupla;"Curva;Declive";-22,71744092;-46,12652111
18/12/2023;21:20:00;GUARAMIRIM;Manobra de mudança de faixa;Colisão com objeto;Com Vítimas Feridas;Plena Noite;Decrescente;Céu Claro;Dupla;Reta;-26,47802633;-49,03894425
19/12/2023;04:00:00;MONTES CLAROS;Chuva;Colisão com objeto;Com Vítimas Feridas;Plena Noite;Crescente;Garoa/Chuvisco;Simples;"Reta;Ponte;Declive";-16,66154421;-43,76055398
19/12/2023;02:30:00;TIBAGI;Ausência de reação do condutor;Tombamento;Sem Vítimas;Plena Noite;Crescente;Céu Claro;Dupla;"Aclive;Curva";-24,80592963;-50,48855066
19/12/2023;05:39:00;MASSARANDUBA;Velocidade Incompatível;Tombamento;Com Vítimas Feridas;Amanhecer;Crescente;Nublado;Dupla;"Curva;Retorno Regulamentado";-7,28164351;-35,76931715
19/12/2023;05:45:00;CAETE;Reação tardia ou ineficiente do condutor;Tombamento;Com Vítimas Feridas;Pleno dia;Crescente;Céu Claro;Dupla;Curva;-19,78854826;-43,69815304
13/12/2023;16:10:00;NOVA ESPERANCA;Manobra de mudança de faixa;Colisão lateral mesmo sentido;Com Vítimas Feridas;Pleno dia;Crescente;Céu Claro;Dupla;Reta;-23,219958;-52,181292
19/12/2023;08:45:00;RECIFE;Manobra de mudança de faixa;Colisão lateral mesmo sentido;Sem Vítimas;Pleno dia;Decrescente;Chuva;Múltipla;Rotatória;-8,05074296;-34,94580619
19/12/2023;07:20:00;IRAUCUBA;Velocidade Incompatível;Tombamento;Com Vítimas Feridas;Pleno dia;Crescente;Chuva;Simples;Reta;-3,7603063;-39,73895318
19/12/2023;10:10:00;BOA VIAGEM;Avarias e/ou desgaste excessivo no pneu;Tombamento;Com Vítimas Feridas;Pleno dia;Crescente;Céu Claro;Simples;Reta;-5,05326502;-39,69065897
19/12/2023;12:42:00;CONTAGEM;Manobra de mudança de faixa;Colisão lateral mesmo sentido;Com Vítimas Feridas;Pleno dia;Decrescente;Céu Claro;Múltipla;"Reta;Declive";-19,95898;-44,06252
19/12/2023;12:10:00;SAO BRAS;Demais Fenômenos da natureza;Incêndio;Sem Vítimas;Pleno dia;Crescente;Céu Claro;Dupla;Reta;-10,11732075;-36,77563499
19/12/2023;12:45:00;ALIANCA;Ultrapassagem Indevida;Colisão frontal;Com Vítimas Feridas;Pleno dia;Decrescente;Chuva;Simples;Declive;-7,61947891;-35,24140725
20/11/2023;02:05:00;IMPERATRIZ;Manobra de mudança de faixa;Colisão frontal;Com Vítimas Fatais;Plena Noite;Crescente;Céu Claro;Simples;Reta;-5,625862;-47,408913
19/12/2023;14:00:00;SAO FRANCISCO DO PARA;Ultrapassagem Indevida;Colisão lateral mesmo sentido;Com Vítimas Feridas;Pleno dia;Crescente;Céu Claro;Simples;Reta;-1,29862919;-47,81449908
14/09/2023;04:45:00;TEOTONIO VILELA;Neblina;Colisão traseira;Com Vítimas Fatais;Amanhecer;Decrescente;Nevoeiro/Neblina;Dupla;"Reta;Viaduto;Aclive";-9,88962;-36,382435
19/12/2023;13:25:00;FORQUILHA;Velocidade Incompatível;Saída de leito carroçável;Com Vítimas Feridas;Pleno dia;Crescente;Chuva;Simples;Curva;-3,785627;-40,24134
19/12/2023;17:20:00;UBATUBA;Manobra de mudança de faixa;Colisão traseira;Com Vítimas Feridas;Pleno dia;Crescente;Céu Claro;Simples;"Reta;Declive";-23,39141027;-44,99853296
19/12/2023;17:00:00;IMBAU;Manobra de mudança de faixa;Colisão frontal;Com Vítimas Feridas;Pleno dia;Decrescente;Céu Claro;Simples;"Aclive;Reta";-24,44402691;-50,76102963
08/12/2023;20:20:00;SANTA LUCIA;Ausência de reação do condutor;Tombamento;Com Vítimas Feridas;Plena Noite;Decrescente;Céu Claro;Dupla;Curva;-25,38467195;-53,57633054
19/12/2023;19:10:00;PATO BRANCO;Curva acentuada;Queda de ocupante de veículo;Com Vítimas Feridas;Anoitecer;Crescente;Nublado;Dupla;"Curva;Rotatória";-26,23547098;-52,69066504
19/12/2023;21:20:00;CRUZ DO ESPIRITO SANTO;Acumulo de água sobre o pavimento;Saída de leito carroçável;Com Vítimas Feridas;Plena Noite;Decrescente;Chuva;Dupla;Reta;-7,2035;-35,1214
19/12/2023;21:50:00;JUQUITIBA;Reação tardia ou ineficiente do condutor;Tombamento;Com Vítimas Feridas;Plena Noite;Crescente;Céu Claro;Dupla;Reta;-23,935106;-47,026682
19/12/2023;22:40:00;JOAQUIM GOMES;Sinalização encoberta;Saída de leito carroçável;Com Vítimas Feridas;Plena Noite;Crescente;Nublado;Simples;Reta;-9,05000091;-35,71075009
19/12/2023;23:00:00;LAPA;Ausência de reação do condutor;Tombamento;Com Vítimas Feridas;Plena Noite;Crescente;Céu Claro;Simples;Curva;-25,859262;-50,077301
20/12/2023;05:50:00;JOINVILLE;Velocidade Incompatível;Colisão traseira;Com Vítimas Feridas;Amanhecer;Decrescente;Céu Claro;Múltipla;Reta;-26,32214492;-48,8689509
20/12/2023;07:00:00;GENERAL CARNEIRO;Curva acentuada;Tombamento;Com Vítimas Fatais;Pleno dia;Crescente;Céu Claro;Simples;Curva;-15,62211981;-52,83378091
20/12/2023;07:30:00;BETIM;Manobra de mudança de faixa;Colisão lateral mesmo sentido;Sem Vítimas;Pleno dia;Decrescente;Céu Claro;Dupla;Reta;-19,955532;-44,097209
20/12/2023;12:30:00;ALVORADA DO NORTE;Chuva;Tombamento;Sem Vítimas;Pleno dia;Crescente;Chuva;Simples;"Curva;Declive";-14,498608;-46,510159
20/12/2023;08:30:00;ITAUBA;Manobra de mudança de faixa;Colisão transversal;Com Vítimas Feridas;Pleno dia;Crescente;Céu Claro;Simples;Reta;-11,23395388;-55,30433047
20/12/2023;11:15:00;SANTO ANTONIO DO LEVERGER;Reação tardia ou ineficiente do condutor;Tombamento;Com Vítimas Fatais;Pleno dia;Decrescente;Céu Claro;Dupla;"Curva;Declive";-15,78489984;-55,60855772
20/12/2023;12:00:00;CAMPINA GRANDE;Manobra de mudança de faixa;Colisão com objeto;Sem Vítimas;Pleno dia;Crescente;Chuva;Dupla;Reta;-7,2557;-35,8223
20/12/2023;10:10:00;JAGUARARI;Ultrapassagem Indevida;Colisão frontal;Com Vítimas Fatais;Pleno dia;Crescente;Garoa/Chuvisco;Simples;Reta;-10,0517431;-40,2284706
20/12/2023;16:30:00;SAO PAULO;Manobra de mudança de faixa;Colisão lateral mesmo sentido;Sem Vítimas;Pleno dia;Crescente;Céu Claro;Múltipla;Reta;-23,52251783;-46,5855702
20/12/2023;13:40:00;SANTANA DO LIVRAMENTO;Velocidade Incompatível;Colisão traseira;Sem Vítimas;Pleno dia;Decrescente;Nublado;Simples;Reta;-30,81687127;-55,31688489
20/12/2023;14:50:00;PIRACANJUBA;Velocidade Incompatível;Colisão traseira;Com Vítimas Feridas;Pleno dia;Decrescente;Chuva;Dupla;"Reta;Declive";-17,4509;-49,2274
20/12/2023;17:00:00;DUQUE DE CAXIAS;Manobra de mudança de faixa;Colisão lateral mesmo sentido;Com Vítimas Feridas;Pleno dia;Decrescente;Nublado;Múltipla;Reta;-22,71853604;-43,28993324
20/12/2023;16:00:00;LAVRAS;Manobra de mudança de faixa;Colisão transversal;Com Vítimas Feridas;Pleno dia;Decrescente;Céu Claro;Dupla;"Aclive;Curva";-21,29905212;-45,15077778
20/12/2023;18:00:00;PALHOCA;Ultrapassagem Indevida;Colisão traseira;Com Vítimas Feridas;Pleno dia;Crescente;Céu Claro;Múltipla;"Interseção de Vias;Rotatória;Curva";-27,65184843;-48,67604941
20/12/2023;10:20:00;SEABRA;Chuva;Saída de leito carroçável;Sem Vítimas;Pleno dia;Decrescente;Chuva;Simples;"Curva;Aclive";-12,47134497;-41,69102199
20/12/2023;17:30:00;SAO JOSE DOS PINHAIS;Trafegar com motocicleta (ou similar) entre as faixas;Tombamento;Com Vítimas Fatais;Pleno dia;Crescente;Céu Claro;Dupla;Reta;-25,48460806;-49,18815285
20/12/2023;17:50:00;MAUA DA SERRA;Problema com o freio;Tombamento;Com Vítimas Feridas;Pleno dia;Crescente;Sol;Dupla;"Curva;Declive";-23,93590782;-51,1411643
05/10/2023;18:05:00;GRAVATAI;Manobra de mudança de faixa;Colisão lateral mesmo sentido;Com Vítimas Feridas;Pleno dia;Decrescente;Céu Claro;Múltipla;Reta;-29,956612;-51,017124
20/12/2023;08:22:00;EUNAPOLIS;Chuva;Saída de leito carroçável;Com Vítimas Feridas;Pleno dia;Crescente;Chuva;Simples;"Curva;Declive";-16,33255702;-39,58174321
20/12/2023;20:20:00;CAXIAS;Velocidade Incompatível;Saída de leito carroçável;Sem Vítimas;Plena Noite;Decrescente;Chuva;Simples;"Reta;Declive";-4,981047;-43,080875
20/12/2023;22:40:00;BETIM;Manobra de mudança de faixa;Colisão lateral mesmo sentido;Com Vítimas Feridas;Plena Noite;Decrescente;Chuva;Múltipla;Reta;-19,98890883;-44,20522016
21/12/2023;02:20:00;JEQUIA DA PRAIA;Velocidade Incompatível;Colisão com objeto;Com Vítimas Feridas;Plena Noite;Crescente;Chuva;Dupla;Curva;-9,89402674;-36,14110191
21/12/2023;03:00:00;PALHANO;Ultrapassagem Indevida;Colisão traseira;Com Vítimas Fatais;Plena Noite;Decrescente;Céu Claro;Simples;Curva;-4,77568054;-38,04870129
21/12/2023;03:50:00;MURIAE;Velocidade Incompatível;Colisão frontal;Com Vítimas Fatais;Plena Noite;Decrescente;Chuva;Simples;"Curva;Declive";-21,212412;-42,389161
21/12/2023;06:45:00;CRISTINAPOLIS;Acumulo de água sobre o pavimento;Colisão com objeto;Com Vítimas Feridas;Pleno dia;Crescente;Chuva;Simples;Reta;-11,418026;-37,704486
20/12/2023;17:19:00;TERRA NOVA DO NORTE;Acostamento em desnível;Saída de leito carroçável;Com Vítimas Feridas;Amanhecer;Crescente;Céu Claro;Simples;Reta;-10,65228007;-55,13016961
21/12/2023;08:30:00;SANTA VITORIA DO PALMAR;Manobra de mudança de faixa;Tombamento;Com Vítimas Feridas;Pleno dia;Crescente;Nublado;Simples;Reta;-33,580353;-53,379459
21/12/2023;13:25:00;ALEM PARAIBA;Acessar a via sem observar a presença dos outros veículos;Tombamento;Com Vítimas Fatais;Pleno dia;Crescente;Céu Claro;Simples;"Reta;Declive;Interseção de Vias";-21,85629;-42,66083
21/12/2023;09:10:00;BOM RETIRO;Velocidade Incompatível;Tombamento;Com Vítimas Feridas;Pleno dia;Crescente;Sol;Simples;Rotatória;-27,82268113;-49,57018375
21/12/2023;13:06:00;ITAMBACURI;Reação tardia ou ineficiente do condutor;Tombamento;Com Vítimas Feridas;Pleno dia;Decrescente;Céu Claro;Simples;Reta;-18,06936519;-41,67662169
21/12/2023;12:30:00;JEQUIE;Velocidade Incompatível;Tombamento;Com Vítimas Feridas;Pleno dia;Crescente;Nublado;Simples;Curva;-14,03785522;-40,2041502
21/12/2023;17:30:00;FUNDAO;Reação tardia ou ineficiente do condutor;Tombamento;Com Vítimas Feridas;Anoitecer;Crescente;Chuva;Simples;Reta;-19,91868701;-40,40570613
21/12/2023;16:30:00;VITORIA DE SANTO ANTAO;Velocidade Incompatível;Tombamento;Com Vítimas Feridas;Pleno dia;Decrescente;Nublado;Simples;Curva;-8,13014263;-35,3484723
21/12/2023;15:30:00;IBIRAPITANGA;Velocidade Incompatível;Colisão transversal;Com Vítimas Feridas;Pleno dia;Decrescente;Chuva;Simples;"Aclive;Curva";-14,13429;-39,358193
21/12/2023;18:20:00;BOM DESPACHO;Velocidade Incompatível;Saída de leito carroçável;Com Vítimas Feridas;Anoitecer;Decrescente;Chuva;Simples;Curva;-19,80696129;-45,12497507
21/12/2023;07:55:00;MASCOTE;Acumulo de óleo sobre o pavimento;Colisão lateral sentido oposto;Com Vítimas Feridas;Pleno dia;Crescente;Chuva;Simples;Curva;-15,858785;-39,520394
21/12/2023;18:25:00;CAMBORIU;Velocidade Incompatível;Colisão frontal;Com Vítimas Feridas;Pleno dia;Crescente;Céu Claro;Simples;Reta;-26,98064277;-48,6790679
21/12/2023;17:15:00;MARINGA;Manobra de mudança de faixa;Colisão lateral mesmo sentido;Com Vítimas Feridas;Pleno dia;Crescente;Céu Claro;Dupla;Reta;-23,4311584;-51,88898563
21/12/2023;21:25:00;FUNDAO;Pista Escorregadia;Colisão frontal;Com Vítimas Fatais;Plena Noite;Crescente;Chuva;Simples;Curva;-19,96973516;-40,40766379
21/12/2023;13:10:00;NITEROI;Demais Fenômenos da natureza;Tombamento;Sem Vítimas;Pleno dia;Decrescente;Céu Claro;Múltipla;"Ponte;Reta";-22,87028692;-43,16579699
21/12/2023;16:10:00;SAO GONCALO DO ABAETE;Reação tardia ou ineficiente do condutor;Tombamento;Com Vítimas Feridas;Pleno dia;Crescente;Chuva;Simples;"Reta;Declive";-18,02833377;-45,53404466
21/12/2023;23:30:00;PARANAGUA;Manobra de mudança de faixa;Colisão lateral mesmo sentido;Com Vítimas Feridas;Plena Noite;Decrescente;Céu Claro;Dupla;Reta;-25,567088;-48,62085
22/12/2023;00:50:00;MIRACATU;Velocidade Incompatível;Colisão com objeto;Com Vítimas Feridas;Plena Noite;Crescente;Nublado;Dupla;Curva;-24,05242089;-47,20275879
22/12/2023;01:30:00;DOM EXPEDITO LOPES;Ultrapassagem Indevida;Colisão frontal;Com Vítimas Feridas;Plena Noite;Decrescente;Chuva;Simples;Declive;-6,97063308;-41,64426908
21/12/2023;23:15:00;CARVALHOS;Velocidade Incompatível;Tombamento;Com Vítimas Feridas;Plena Noite;Crescente;Nublado;Simples;Curva;-21,94474803;-44,47532094
22/12/2023;05:25:00;SANTO ANTONIO DO LEVERGER;Reação tardia ou ineficiente do condutor;Tombamento;Com Vítimas Fatais;Amanhecer;Crescente;Nublado;Dupla;"Curva;Declive";-15,79423574;-55,58498383
22/12/2023;07:15:00;SAO JOAO DO MANHUACU;Ausência de reação do condutor;Tombamento;Com Vítimas Feridas;Pleno dia;Crescente;Céu Claro;Simples;Curva;-20,27018211;-42,14428578
22/12/2023;08:10:00;CAJATI;Velocidade Incompatível;Tombamento;Com Vítimas Feridas;Pleno dia;Decrescente;Céu Claro;Simples;"Curva;Declive";-24,84304306;-48,22027915
22/12/2023;08:30:00;ARES;Chuva;Tombamento;Com Vítimas Feridas;Pleno dia;Crescente;Chuva;Dupla;Reta;-6,18022401;-35,21699006
22/12/2023;06:40:00;SANTANA DA BOA VISTA;Reação tardia ou ineficiente do condutor;Tombamento;Com Vítimas Feridas;Amanhecer;Crescente;Céu Claro;Simples;"Curva;Declive";-30,91242801;-53,10603527
22/12/2023;10:05:00;CONSELHEIRO LAFAIETE;Manobra de mudança de faixa;Colisão com objeto;Com Vítimas Feridas;Pleno dia;Crescente;Céu Claro;Simples;Reta;-20,74938509;-43,80105361
22/12/2023;08:30:00;VOLTA REDONDA;Velocidade Incompatível;Colisão lateral mesmo sentido;Com Vítimas Feridas;Pleno dia;Decrescente;Sol;Dupla;Reta;-22,560883;-44,12224
22/12/2023;13:10:00;LONDRINA;Velocidade Incompatível;Engavetamento;Com Vítimas Feridas;Pleno dia;Decrescente;Céu Claro;Dupla;"Reta;Declive";-23,29078566;-51,21942043
22/12/2023;15:40:00;EXTREMA;Velocidade Incompatível;Colisão com objeto;Com Vítimas Feridas;Pleno dia;Decrescente;Chuva;Dupla;Curva;-22,79257893;-46,25068372
12/11/2023;12:30:00;ALTO GARCAS;Acostamento em desnível;Saída de leito carroçável;Com Vítimas Feridas;Pleno dia;Decrescente;Céu Claro;Simples;Declive;-16,86792697;-53,88105807
22/12/2023;17:00:00;MARILANDIA DO SUL;Manobra de mudança de faixa;Colisão lateral mesmo sentido;Com Vítimas Feridas;Pleno dia;Crescente;Céu Claro;Dupla;Curva;-23,755954;-51,271168
22/12/2023;18:15:00;BOA VISTA;Demais falhas na via;Colisão lateral sentido oposto;Com Vítimas Feridas;Anoitecer;Decrescente;Céu Claro;Simples;Reta;3,274183;-60,848
22/12/2023;20:00:00;BRAGANCA PAULISTA;Pista Escorregadia;Colisão com objeto;Com Vítimas Feridas;Plena Noite;Crescente;Chuva;Dupla;"Aclive;Reta";-22,99697186;-46,5163051
22/12/2023;21:00:00;APARECIDA DE GOIANIA;Demais falhas mecânicas ou elétricas;Tombamento;Com Vítimas Feridas;Plena Noite;Crescente;Chuva;Múltipla;Declive;-16,7804;-49,2371
22/12/2023;22:00:00;ITAMBACURI;Ultrapassagem Indevida;Colisão lateral sentido oposto;Com Vítimas Feridas;Plena Noite;Crescente;Céu Claro;Simples;Reta;-18,128808;-41,69483198
23/12/2023;01:30:00;AURELINO LEAL;Ultrapassagem Indevida;Saída de leito carroçável;Com Vítimas Feridas;Plena Noite;Decrescente;Nevoeiro/Neblina;Simples;Declive;-14,48285692;-39,32926641
23/12/2023;05:50:00;SAO JOSE;Ultrapassagem Indevida;Colisão traseira;Sem Vítimas;Amanhecer;Crescente;Céu Claro;Dupla;Reta;-27,57413014;-48,61363083
23/12/2023;04:50:00;BRUMADINHO;Chuva;Tombamento;Com Vítimas Feridas;Amanhecer;Crescente;Garoa/Chuvisco;Dupla;Curva;-20,16175378;-44,34144636
23/12/2023;09:45:00;BRASILIA;Demais falhas mecânicas ou elétricas;Tombamento;Com Vítimas Feridas;Pleno dia;Decrescente;Nublado;Dupla;"Curva;Ponte;Aclive";-15,581853;-47,512711
23/12/2023;07:00:00;NOVA ITARANA;Demais falhas na via;Tombamento;Sem Vítimas;Pleno dia;Decrescente;Céu Claro;Simples;"Aclive;Curva";-13,08036903;-39,96198779
23/12/2023;10:00:00;GENERAL CARNEIRO;Velocidade Incompatível;Colisão lateral sentido oposto;Com Vítimas Feridas;Pleno dia;Crescente;Chuva;Simples;Curva;-26,494292;-51,34702
23/12/2023;09:30:00;SANTA TERESINHA;Ultrapassagem Indevida;Colisão frontal;Com Vítimas Feridas;Pleno dia;Crescente;Sol;Simples;Reta;-12,59322;-39,52939
23/12/2023;14:10:00;JEQUITAI;Velocidade Incompatível;Colisão com objeto;Com Vítimas Fatais;Pleno dia;Crescente;Chuva;Simples;Curva;-17,18163106;-44,669981
23/12/2023;14:30:00;ORTIGUEIRA;Pista Escorregadia;Colisão transversal;Com Vítimas Fatais;Pleno dia;Crescente;Chuva;Simples;Curva;-24,053259;-51,066071
23/12/2023;15:40:00;MIRACATU;Velocidade Incompatível;Colisão com objeto;Com Vítimas Feridas;Pleno dia;Crescente;Chuva;Dupla;Declive;-24,105307;-47,262953
23/12/2023;13:20:00;NAVIRAI;Ultrapassagem Indevida;Colisão lateral mesmo sentido;Com Vítimas Feridas;Pleno dia;Decrescente;Céu Claro;Simples;Reta;-22,97569122;-54,41510119
23/12/2023;17:00:00;SETE LAGOAS;Pista Escorregadia;Saída de leito carroçável;Com Vítimas Feridas;Pleno dia;Crescente;Chuva;Dupla;"Reta;Declive";-19,4136917;-44,33879427
23/12/2023;06:50:00;CONTENDA;Velocidade Incompatível;Tombamento;Com Vítimas Fatais;Pleno dia;Crescente;Céu Claro;Simples;Curva;-25,699764;-49,572849
23/12/2023;19:20:00;MORRETES;Velocidade Incompatível;Colisão com objeto;Com Vítimas Fatais;Plena Noite;Decrescente;Céu Claro;Dupla;"Curva;Declive";-25,57103;-48,836958
23/12/2023;16:00:00;BOA VISTA DO TUPIM;Velocidade Incompatível;Saída de leito carroçável;Com Vítimas Feridas;Pleno dia;Crescente;Céu Claro;Simples;"Curva;Declive";-12,48248103;-40,52734434
23/12/2023;22:30:00;MINEIROS;Ausência de reação do condutor;Tombamento;Com Vítimas Feridas;Plena Noite;Decrescente;Nublado;Simples;Curva;-17,378584;-52,949085
24/12/2023;05:00:00;NOVA ITARANA;Ultrapassagem Indevida;Colisão lateral sentido oposto;Com Vítimas Feridas;Pleno dia;Crescente;Céu Claro;Simples;"Aclive;Reta";-12,97080612;-39,93364785
24/12/2023;06:30:00;CAETANOPOLIS;Carga excessiva e/ou mal acondicionada;Tombamento;Sem Vítimas;Amanhecer;Crescente;Céu Claro;Dupla;"Curva;Declive";-19,39230586;-44,33522415
24/12/2023;06:30:00;ARACI;Velocidade Incompatível;Colisão frontal;Com Vítimas Fatais;Amanhecer;Decrescente;Céu Claro;Simples;Reta;-11,20681695;-38,87740007
24/12/2023;12:30:00;TOLEDO;Manobra de mudança de faixa;Colisão com objeto;Com Vítimas Feridas;Pleno dia;Decrescente;Céu Claro;Dupla;"Ponte;Declive;Curva";-24,73116265;-53,70078564
24/12/2023;14:10:00;RECIFE;Velocidade Incompatível;Colisão com objeto;Com Vítimas Feridas;Pleno dia;Decrescente;Céu Claro;Dupla;"Curva;Declive";-8,133843;-34,947042
24/12/2023;23:30:00;SETE LAGOAS;Carga excessiva e/ou mal acondicionada;Tombamento;Com Vítimas Feridas;Plena Noite;Crescente;Garoa/Chuvisco;Dupla;"Curva;Aclive";-19,4136917;-44,33879427
25/12/2023;02:34:00;SAO GONCALO DO AMARANTE;Ausência de sinalização;Colisão lateral mesmo sentido;Sem Vítimas;Plena Noite;Decrescente;Céu Claro;Simples;Reta;-3,6706;-39,169586
25/12/2023;07:00:00;TEOTONIO VILELA;Velocidade Incompatível;Tombamento;Sem Vítimas;Pleno dia;Crescente;Céu Claro;Dupla;"Aclive;Curva";-9,89373101;-36,40518514
09/12/2023;10:50:00;JOAO MONLEVADE;Acessar a via sem observar a presença dos outros veículos;Tombamento;Com Vítimas Fatais;Pleno dia;Decrescente;Céu Claro;Simples;Interseção de Vias;-19,85592801;-43,21689055
25/12/2023;10:20:00;CANUDOS;Reação tardia ou ineficiente do condutor;Tombamento;Com Vítimas Feridas;Pleno dia;Crescente;Céu Claro;Simples;Reta;-10,00386502;-39,16097933
26/12/2023;13:50:00;PONTE ALTA;Demais falhas mecânicas ou elétricas;Tombamento;Sem Vítimas;Pleno dia;Crescente;Céu Claro;Simples;"Curva;Declive";-27,51040007;-50,36397936
26/12/2023;12:40:00;MAFRA;Velocidade Incompatível;Engavetamento;Com Vítimas Feridas;Pleno dia;Decrescente;Céu Claro;Simples;Reta;-26,17524536;-49,91598805
26/12/2023;14:50:00;APARECIDA;Pista Escorregadia;Engavetamento;Com Vítimas Feridas;Pleno dia;Decrescente;Chuva;Dupla;"Curva;Declive";-22,84017188;-45,22364349
26/12/2023;07:10:00;SAO GONCALO DO RIO ABAIXO;Curva acentuada;Colisão lateral sentido oposto;Com Vítimas Feridas;Amanhecer;Crescente;Céu Claro;Simples;Curva;-19,80485239;-43,40309858
26/12/2023;17:10:00;TRES DE MAIO;Ultrapassagem Indevida;Colisão frontal;Com Vítimas Fatais;Pleno dia;Decrescente;Sol;Simples;"Reta;Aclive";-27,769993;-54,351942
26/12/2023;12:05:00;DESCANSO;Demais falhas mecânicas ou elétricas;Tombamento;Com Vítimas Feridas;Pleno dia;Decrescente;Céu Claro;Simples;"Curva;Declive";-26,824224;-53,412407
26/12/2023;20:01:00;SANTA LUZIA;Demais Fenômenos da natureza;Colisão com objeto;Com Vítimas Feridas;Plena Noite;Decrescente;Nublado;Simples;Reta;-19,824646;-43,823241
26/12/2023;21:30:00;SABARA;Manobra de mudança de faixa;Tombamento;Com Vítimas Feridas;Plena Noite;Decrescente;Céu Claro;Simples;Curva;-19,83435173;-43,85962899
27/12/2023;07:05:00;LAVRINHAS;Velocidade Incompatível;Atropelamento de Pedestre;Com Vítimas Feridas;Pleno dia;Crescente;Chuva;Dupla;Curva;-22,5584158;-44,85667011
27/12/2023;07:14:00;LAVRINHAS;Velocidade Incompatível;Colisão com objeto;Com Vítimas Feridas;Pleno dia;Crescente;Chuva;Dupla;Curva;-22,55671443;-44,85237122
27/12/2023;10:00:00;CAJATI;Reação tardia ou ineficiente do condutor;Tombamento;Com Vítimas Feridas;Pleno dia;Decrescente;Céu Claro;Dupla;Curva;-24,85874304;-48,21731282
27/12/2023;10:30:00;CAMPINA GRANDE;Manobra de mudança de faixa;Colisão lateral mesmo sentido;Com Vítimas Feridas;Pleno dia;Crescente;Sol;Dupla;"Reta;Aclive";-7,237331;-35,868099
27/12/2023;10:45:00;SERRA;Manobra de mudança de faixa;Colisão traseira;Sem Vítimas;Pleno dia;Crescente;Chuva;Dupla;Reta;-20,22724888;-40,28426988
27/12/2023;11:05:00;UBERABA;Manobra de mudança de faixa;Colisão lateral mesmo sentido;Com Vítimas Feridas;Pleno dia;Crescente;Céu Claro;Dupla;Reta;-19,34165402;-48,09547304
27/12/2023;12:00:00;SAO GONCALO DO RIO ABAIXO;Velocidade Incompatível;Capotamento;Com Vítimas Feridas;Pleno dia;Crescente;Céu Claro;Simples;Curva;-19,85643939;-43,24280693
08/12/2023;06:05:00;CURITIBA;Velocidade Incompatível;Tombamento;Com Vítimas Feridas;Pleno dia;Crescente;Céu Claro;Dupla;"Curva;Declive";-25,543802;-49,305328
27/12/2023;10:50:00;BARRA MANSA;Manobra de mudança de faixa;Colisão lateral mesmo sentido;Com Vítimas Feridas;Pleno dia;Crescente;Nublado;Simples;"Curva;Declive";-22,54744306;-44,1836602
18/09/2023;09:10:00;POUSO ALTO;Velocidade Incompatível;Saída de leito carroçável;Sem Vítimas;Pleno dia;Crescente;Sol;Simples;"Curva;Declive";-22,17071402;-44,96390985
19/12/2023;11:30:00;GRAO MOGOL;Ultrapassagem Indevida;Colisão lateral sentido oposto;Com Vítimas Feridas;Pleno dia;Crescente;Céu Claro;Simples;Reta;-16,26304715;-42,61300564
27/12/2023;13:45:00;PORTELANDIA;Ultrapassagem Indevida;Tombamento;Com Vítimas Feridas;Pleno dia;Decrescente;Chuva;Simples;Reta;-17,400017;-52,673855
27/12/2023;17:10:00;CACAPAVA DO SUL;Ultrapassagem Indevida;Saída de leito carroçável;Com Vítimas Feridas;Pleno dia;Crescente;Céu Claro;Simples;"Em Obras;Desvio Temporário;Curva";-30,336958;-53,311825
27/12/2023;14:50:00;PERDOES;Ausência de sinalização;Colisão traseira;Com Vítimas Feridas;Pleno dia;Decrescente;Sol;Dupla;"Curva;Aclive";-21,05493912;-45,03103599
27/12/2023;12:45:00;MOEMA;Velocidade Incompatível;Colisão transversal;Com Vítimas Feridas;Pleno dia;Crescente;Céu Claro;Simples;"Reta;Interseção de Vias";-19,78179443;-45,36099191