data_inversa;horario;municipio;causa_acidente;tipo_acidente;classificacao_acidente;fase_dia;sentido_via;condicao_metereologica;tipo_pista;tracado_via;latitude;longitude
06/09/2023;20:30:00;CONTAGEM;Manobra de mudança de faixa;Colisão lateral mesmo sentido;Com Vítimas Feridas;Plena Noite;Decrescente;Céu Claro;Múltipla;Reta;-19,95999765;-44,0831995
27/12/2023;15:30:00;FRUTAL;Ausência de reação do condutor;Tombamento;Sem Vítimas;Pleno dia;Crescente;Sol;Simples;Reta;-19,877308;-48,974454
27/12/2023;22:15:00;MAGE;Iluminação deficiente;Colisão traseira;Com Vítimas Feridas;Plena Noite;Crescente;Chuva;Dupla;Reta;-22,63509742;-43,05577963
27/12/2023;22:00:00;PETROLINA;Velocidade Incompatível;Tombamento;Com Vítimas Feridas;Plena Noite;Decrescente;Céu Claro;Simples;Declive;-8,95517208;-40,7255021
27/12/2023;17:00:00;DIAMANTINO;Acostamento em desnível;Tombamento;Com Vítimas Feridas;Pleno dia;Decrescente;Céu Claro;Simples;Reta;-14,15079542;-56,09744333
28/12/2023;07:55:00;TEOFILO OTONI;Ausência de sinalização;Tombamento;Com Vítimas Feridas;Pleno dia;Crescente;Nublado;Simples;Curva;-17,85105696;-41,51454492
28/12/2023;06:40:00;RIO DE JANEIRO;Reação tardia ou ineficiente do condutor;Tombamento;Com Vítimas Feridas;Amanhecer;Crescente;Céu Claro;Múltipla;"Reta;Retorno Regulamentado";-22,8765463;-43,61463385
28/12/2023;09:20:00;CAMPINA GRANDE DO SUL;Manobra de mudança de faixa;Colisão lateral mesmo sentido;Com Vítimas Feridas;Pleno dia;Crescente;Céu Claro;Dupla;Reta;-25,10840189;-48,79505902
28/12/2023;08:32:00;VIRMOND;Velocidade Incompatível;Tombamento;Sem Vítimas;Pleno dia;Decrescente;Céu Claro;Simples;Reta;-25,37374294;-52,22093399
28/12/2023;09:55:00;PARAGOMINAS;Velocidade Incompatível;Tombamento;Com Vítimas Feridas;Pleno dia;Decrescente;Sol;Simples;Rotatória;-2,89433295;-47,4335408
28/12/2023;15:44:00;CAMBUI;Velocidade Incompatível;Colisão traseira;Com Vítimas Feridas;Pleno dia;Crescente;Céu Claro;Dupla;Reta;-22,63961103;-46,08077997
28/12/2023;14:00:00;CURITIBA;Manobra de mudança de faixa;Capotamento;Com Vítimas Feridas;Pleno dia;Decrescente;Sol;Dupla;Reta;-25,51408786;-49,33726669
28/12/2023;15:30:00;SAO GONCALO DO SAPUCAI;Manobra de mudança de faixa;Saída de leito carroçável;Com Vítimas Feridas;Pleno dia;Decrescente;Céu Claro;Dupla;Reta;-21,86536321;-45,53455982
28/12/2023;19:20:00;CALCADO;Reação tardia ou ineficiente do condutor;Tombamento;Sem Vítimas;Plena Noite;Crescente;Céu Claro;Simples;Reta;-8,66427961;-36,35636509
28/12/2023;21:00:00;ORTIGUEIRA;Velocidade Incompatível;Saída de leito carroçável;Com Vítimas Feridas;Plena Noite;Crescente;Céu Claro;Simples;Curva;-24,186;-50,961
28/12/2023;23:30:00;TIJUCAS DO SUL;Velocidade Incompatível;Tombamento;Com Vítimas Feridas;Plena Noite;Decrescente;Nublado;Dupla;"Rotatória;Aclive;Retorno Regulamentado;Curva";-25,820902;-49,12719
28/12/2023;18:30:00;PORTO ESPERIDIAO;Velocidade Incompatível;Tombamento;Com Vítimas Feridas;Anoitecer;Crescente;Céu Claro;Simples;Reta;-15,61702027;-58,80808109
29/12/2023;00:45:00;CAJATI;Reação tardia ou ineficiente do condutor;Tombamento;Com Vítimas Feridas;Plena Noite;Crescente;Céu Claro;Simples;Curva;-24,83558399;-48,2223738
29/12/2023;04:45:00;GARUVA;Velocidade Incompatível;Colisão traseira;Sem Vítimas;Amanhecer;Crescente;Céu Claro;Dupla;"Declive;Reta";-25,99699834;-48,87891655
29/12/2023;05:00:00;FEIRA DE SANTANA;Velocidade Incompatível;Tombamento;Com Vítimas Feridas;Amanhecer;Crescente;Céu Claro;Dupla;Curva;-12,35147824;-39,09209132
23/11/2023;17:00:00;MAFRA;Chuva;Saída de leito carroçável;Com Vítimas Feridas;Anoitecer;Crescente;Chuva;Simples;Declive;-26,20741005;-49,73642503
29/12/2023;07:36:00;SAO PAULO;Ausência de reação do condutor;Tombamento;Sem Vítimas;Pleno dia;Crescente;Céu Claro;Dupla;"Aclive;Reta";-23,449343;-46,56983501
18/12/2023;18:10:00;ANAPOLIS;Velocidade Incompatível;Engavetamento;Com Vítimas Feridas;Pleno dia;Crescente;Céu Claro;Dupla;Viaduto;-16,3924;-48,9588
29/12/2023;15:00:00;GOIANIA;Chuva;Saída de leito carroçável;Com Vítimas Feridas;Pleno dia;Decrescente;Chuva;Dupla;Curva;-16,7033;-49,2311
29/12/2023;09:00:00;NOVA SANTA RITA;Chuva;Engavetamento;Com Vítimas Feridas;Pleno dia;Decrescente;Chuva;Dupla;Reta;-29,837873;-51,304909
29/12/2023;04:30:00;LAJEDINHO;Ultrapassagem Indevida;Colisão frontal;Com Vítimas Fatais;Amanhecer;Decrescente;Ignorado;Simples;Reta;-12,48000143;-41,12344987
29/12/2023;15:10:00;PANELAS;Problema com o freio;Tombamento;Com Vítimas Feridas;Pleno dia;Crescente;Céu Claro;Simples;"Curva;Declive";-8,690898;-36,023423
30/12/2023;01:50:00;BARREIRAS;Ultrapassagem Indevida;Colisão frontal;Com Vítimas Fatais;Plena Noite;Crescente;Céu Claro;Simples;Reta;-12,13926441;-44,79046585
30/12/2023;02:05:00;CAMPINA GRANDE DO SUL;Velocidade Incompatível;Colisão transversal;Com Vítimas Fatais;Plena Noite;Crescente;Chuva;Simples;Curva;-25,06368403;-48,57051896
29/12/2023;18:00:00;ITAITUBA;Manobra de mudança de faixa;Colisão frontal;Com Vítimas Fatais;Anoitecer;Crescente;Chuva;Simples;Reta;-4,38681871;-55,87952914
30/12/2023;02:00:00;MUQUEM DE SAO FRANCISCO;Chuva;Derramamento de carga;Sem Vítimas;Plena Noite;Decrescente;Chuva;Simples;"Aclive;Curva";-12,21722011;-43,85982513
30/12/2023;17:40:00;PENHA;Frear bruscamente;Tombamento;Com Vítimas Feridas;Pleno dia;Crescente;Céu Claro;Dupla;"Declive;Reta";-26,77383397;-48,68594062
31/12/2023;06:10:00;PONTA GROSSA;Restrição de visibilidade em curvas verticais;Colisão traseira;Com Vítimas Feridas;Amanhecer;Crescente;Céu Claro;Dupla;"Aclive;Reta";-25,26557754;-49,95466232
31/12/2023;07:50:00;APARECIDA DE GOIANIA;Acumulo de água sobre o pavimento;Colisão lateral mesmo sentido;Com Vítimas Feridas;Pleno dia;Crescente;Chuva;Dupla;Reta;-16,7715;-49,2387
31/12/2023;08:20:00;ITAITINGA;Manobra de mudança de faixa;Colisão lateral mesmo sentido;Com Vítimas Feridas;Pleno dia;Crescente;Céu Claro;Dupla;Curva;-3,95797982;-38,5131124
31/12/2023;07:15:00;ALIANCA;Ausência de reação do condutor;Tombamento;Com Vítimas Feridas;Pleno dia;Decrescente;Sol;Simples;Curva;-7,550668;-35,256188
31/12/2023;15:25:00;CARATINGA;Manobra de mudança de faixa;Colisão traseira;Com Vítimas Feridas;Pleno dia;Crescente;Nublado;Simples;Reta;-19,81067298;-42,13539446
08/12/2023;00:00:00;BUERAREMA;Ultrapassagem Indevida;Colisão frontal;Com Vítimas Feridas;Plena Noite;Crescente;Céu Claro;Simples;Reta;-14,93541387;-39,30212975
14/10/2023;08:06:00;BERTOLINIA;Falta de elemento de contenção que evite a saída do leito carroçável;Saída de leito carroçável;Com Vítimas Feridas;Pleno dia;Decrescente;Céu Claro;Simples;Curva;-7,65678248;-43,95378325
20/12/2023;02:50:00;CURITIBA;Velocidade Incompatível;Saída de leito carroçável;Com Vítimas Feridas;Plena Noite;Crescente;Nublado;Dupla;Curva;-25,4268891;-49,3827818
02/12/2023;08:50:00;MINEIROS;Demais falhas mecânicas ou elétricas;Tombamento;Com Vítimas Feridas;Pleno dia;Decrescente;Sol;Simples;"Curva;Aclive";-17,453203;-52,59116
29/11/2023;23:30:00;CAMPOS ALTOS;Acumulo de água sobre o pavimento;Saída de leito carroçável;Com Vítimas Feridas;Plena Noite;Decrescente;Chuva;Simples;Curva;-19,66568189;-46,16901785
09/03/2023;03:38:00;DIAMANTINO;Carga excessiva e/ou mal acondicionada;Derramamento de carga;Sem Vítimas;Plena Noite;Decrescente;Nublado;Dupla;Reta;-14,66298789;-56,29936934
16/12/2023;09:45:00;ITAPEMA;Manobra de mudança de faixa;Colisão lateral mesmo sentido;Com Vítimas Feridas;Pleno dia;Crescente;Céu Claro;Dupla;"Curva;Declive";-27,04761729;-48,59995855
29/12/2023;13:00:00;CAMAMU;Velocidade Incompatível;Tombamento;Com Vítimas Feridas;Pleno dia;Decrescente;Céu Claro;Simples;Curva;-14,154894;-39,326884
09/12/2023;08:10:00;MANOEL VITORINO;Manobra de mudança de faixa;Colisão traseira;Com Vítimas Fatais;Pleno dia;Decrescente;Céu Claro;Simples;Reta;-14,21319097;-40,27342609
15/03/2023;04:45:00;CAJATI;Ausência de reação do condutor;Tombamento;Com Vítimas Feridas;Amanhecer;Decrescente;Céu Claro;Dupla;Curva;-24,82178987;-48,21419034
15/12/2023;19:00:00;MONTE CARMELO;Faixas de trânsito com largura insuficiente;Colisão lateral sentido oposto;Com Vítimas Feridas;Plena Noite;Decrescente;Céu Claro;Simples;"Reta;Declive";-18,9212413;-47,34152417
22/12/2023;20:10:00;BARREIRAS;Ultrapassagem Indevida;Colisão frontal;Com Vítimas Fatais;Plena Noite;Crescente;Céu Claro;Simples;Reta;-12,0863384;-45,44268506
30/11/2023;13:10:00;MAUA DA SERRA;Problema na suspensão;Tombamento;Com Vítimas Feridas;Pleno dia;Crescente;Céu Claro;Dupla;"Curva;Declive";-23,952969;-51,114033
29/11/2023;09:00:00;MURIAE;Velocidade Incompatível;Tombamento;Com Vítimas Feridas;Pleno dia;Crescente;Céu Claro;Simples;"Curva;Declive";-21,01024799;-42,36121097
03/12/2023;18:00:00;MACAIBA;Ultrapassagem Indevida;Colisão lateral mesmo sentido;Com Vítimas Feridas;Plena Noite;Decrescente;Céu Claro;Dupla;Reta;-5,8682343;-35,3321791
06/11/2023;05:15:00;COLATINA;Velocidade Incompatível;Tombamento;Com Vítimas Feridas;Amanhecer;Crescente;Chuva;Simples;Curva;-19,55539306;-40,49662884
05/12/2023;10:35:00;SANTO ANTONIO DA PATRULHA;Manobra de mudança de faixa;Colisão lateral mesmo sentido;Com Vítimas Feridas;Pleno dia;Crescente;Sol;Múltipla;Reta;-29,888767;-50,679028
28/12/2023;13:25:00;LAPA;Velocidade Incompatível;Colisão traseira;Com Vítimas Fatais;Pleno dia;Crescente;Céu Claro;Simples;Reta;-25,883068;-49,998787
04/12/2023;15:45:00;COMENDADOR LEVY GASPARIAN;Velocidade Incompatível;Colisão com objeto;Com Vítimas Feridas;Pleno dia;Crescente;Chuva;Dupla;"Curva;Declive";-22,01067195;-43,25892193
24/11/2023;13:20:00;JOAO MONLEVADE;Carga excessiva e/ou mal acondicionada;Derramamento de carga;Sem Vítimas;Pleno dia;Decrescente;Céu Claro;Simples;Declive;-19,84953832;-43,15779198
24/09/2023;20:20:00;CAPIM GROSSO;Ausência de sinalização;Colisão lateral sentido oposto;Com Vítimas Feridas;Plena Noite;Crescente;Céu Claro;Simples;Reta;-11,41474997;-39,91703499
17/05/2023;20:00:00;AGUA DOCE;Reação tardia ou ineficiente do condutor;Tombamento;Com Vítimas Feridas;Plena Noite;Crescente;Céu Claro;Simples;Curva;-26,612688;-51,494854
18/12/2023;18:30:00;MOSSORO;Ausência de sinalização;Colisão traseira;Com Vítimas Feridas;Plena Noite;Crescente;Céu Claro;Dupla;"Reta;Aclive;Viaduto";-5,17455933;-37,36227171
14/11/2023;10:00:00;SANTANA DO LIVRAMENTO;Pista esburacada;Colisão lateral mesmo sentido;Com Vítimas Feridas;Pleno dia;Crescente;Nublado;Simples;Reta;-30,7913314;-55,20625591
15/10/2023;02:00:00;DARCINOPOLIS;Ultrapassagem Indevida;Colisão lateral sentido oposto;Com Vítimas Fatais;Plena Noite;Crescente;Nublado;Simples;"Reta;Aclive";-6,690203;-47,74395
21/09/2023;12:45:00;NOVA IGUACU;Manobra de mudança de faixa;Capotamento;Com Vítimas Feridas;Pleno dia;Crescente;Céu Claro;Dupla;Reta;-22,73765712;-43,49182298
07/12/2023;18:26:00;RIO DE JANEIRO;Manobra de mudança de faixa;Colisão lateral mesmo sentido;Com Vítimas Feridas;Plena Noite;Crescente;Céu Claro;Múltipla;Reta;-22,89104139;-43,70052338
09/02/2023;13:10:00;SAO JOSE DA LAJE;Velocidade Incompatível;Colisão frontal;Com Vítimas Fatais;Pleno dia;Crescente;Chuva;Simples;Curva;-8,9149203;-36,01867676
14/11/2023;15:22:00;CURITIBA;Ausência de reação do condutor;Tombamento;Sem Vítimas;Pleno dia;Crescente;Nublado;Dupla;"Curva;Declive";-25,52228492;-49,3331539
13/03/2023;22:00:00;RORAINOPOLIS;Afundamento ou ondulação no pavimento;Colisão traseira;Com Vítimas Feridas;Plena Noite;Crescente;Céu Claro;Simples;Reta;0,297476;-60,521362
23/11/2023;05:40:00;LUIS CORREIA;Faixas de trânsito com largura insuficiente;Colisão lateral sentido oposto;Com Vítimas Feridas;Amanhecer;Crescente;Céu Claro;Simples;Reta;-3,04359904;-41,62405005
21/11/2023;06:00:00;LAVRAS;Ausência de reação do condutor;Tombamento;Com Vítimas Feridas;Amanhecer;Crescente;Céu Claro;Dupla;"Declive;Curva";-21,321704;-45,165609
04/10/2023;13:30:00;ITAPECURU MIRIM;Manobra de mudança de faixa;Colisão frontal;Com Vítimas Fatais;Pleno dia;Decrescente;Céu Claro;Simples;Reta;-3,29245794;-44,41526719
24/11/2023;09:40:00;BARRA DO TURVO;Acumulo de água sobre o pavimento;Engavetamento;Com Vítimas Feridas;Pleno dia;Crescente;Chuva;Dupla;Curva;-25,02045097;-48,51586004
05/07/2023;18:50:00;VARGEM;Deficiência do Sistema de Iluminação/Sinalização;Colisão traseira;Com Vítimas Feridas;Plena Noite;Decrescente;Céu Claro;Simples;"Reta;Ponte";-27,48248988;-50,98212004
28/09/2023;16:48:00;BRUMADINHO;Chuva;Saída de leito carroçável;Com Vítimas Feridas;Pleno dia;Decrescente;Chuva;Dupla;"Aclive;Curva";-20,13846621;-44,31715274
09/10/2023;08:30:00;BOM JESUS;Reação tardia ou ineficiente do condutor;Tombamento;Com Vítimas Feridas;Pleno dia;Decrescente;Céu Claro;Simples;"Aclive;Curva";-9,136134;-44,388796
15/07/2023;18:30:00;ORTIGUEIRA;Ultrapassagem Indevida;Colisão traseira;Com Vítimas Feridas;Plena Noite;Decrescente;Céu Claro;Dupla;"Curva;Aclive";-24,22342025;-50,92990234
06/11/2023;14:30:00;CAMBE;Velocidade Incompatível;Engavetamento;Com Vítimas Feridas;Pleno dia;Decrescente;Céu Claro;Dupla;"Declive;Viaduto";-23,29707964;-51,27769411
03/11/2023;19:40:00;TEIXEIRA DE FREITAS;Ausência de reação do condutor;Tombamento;Com Vítimas Feridas;Plena Noite;Decrescente;Céu Claro;Simples;"Curva;Declive";-17,44478792;-39,69338817
03/11/2023;10:30:00;REMANSO;Ausência de reação do condutor;Tombamento;Com Vítimas Feridas;Pleno dia;Crescente;Céu Claro;Simples;Reta;-9,61441134;-42,49584799
03/11/2023;19:40:00;TEIXEIRA DE FREITAS;Ausência de reação do condutor;Tombamento;Sem Vítimas;Plena Noite;Decrescente;Céu Claro;Simples;"Declive;Reta";-17,44478792;-39,69338817
25/12/2023;12:45:00;JOAO MONLEVADE;Curva acentuada;Tombamento;Com Vítimas Feridas;Pleno dia;Crescente;Céu Claro;Simples;"Curva;Declive";-19,85130197;-43,24808594
13/11/2023;16:35:00;ALTO ALEGRE DO MARANHAO;Ultrapassagem Indevida;Colisão lateral sentido oposto;Com Vítimas Fatais;Pleno dia;Crescente;Céu Claro;Simples;Reta;-4,189019;-44,489983
30/12/2023;19:45:00;POUSO REDONDO;Velocidade Incompatível;Colisão traseira;Com Vítimas Fatais;Plena Noite;Crescente;Céu Claro;Simples;Curva;-27,2478642;-49,979979
20/11/2023;20:50:00;TIJUCAS;Manobra de mudança de faixa;Colisão lateral mesmo sentido;Com Vítimas Feridas;Plena Noite;Decrescente;Nublado;Dupla;Reta;-27,23461699;-48,63039809
12/11/2023;18:30:00;SENHOR DO BONFIM;Iluminação deficiente;Atropelamento de Pedestre;Com Vítimas Feridas;Plena Noite;Decrescente;Céu Claro;Simples;Reta;-10,40995;-40,18256
29/12/2023;07:50:00;SANHARO;Ultrapassagem Indevida;Colisão frontal;Com Vítimas Fatais;Pleno dia;Decrescente;Sol;Simples;Reta;-8,36209062;-36,55441109
24/11/2023;16:00:00;CRISTINAPOLIS;Reação tardia ou ineficiente do condutor;Tombamento;Com Vítimas Feridas;Pleno dia;Crescente;Céu Claro;Simples;Curva;-11,44262788;-37,73258333
21/12/2023;09:00:00;CAMPOS ALTOS;Chuva;Colisão lateral mesmo sentido;Com Vítimas Feridas;Pleno dia;Crescente;Chuva;Simples;Reta;-19,66012;-46,08894
19/05/2023;23:58:00;JI-PARANA;Redutor de velocidade em desacordo;Colisão traseira;Com Vítimas Feridas;Plena Noite;Crescente;Céu Claro;Simples;Reta;-10,95763508;-61,91765021
28/01/2023;00:37:00;ALTAMIRA;Ausência de reação do condutor;Tombamento;Com Vítimas Fatais;Plena Noite;Crescente;Ignorado;Simples;Reta;-8,319565;-55,0993
20/12/2023;18:45:00;RIO DE JANEIRO;Manobra de mudança de faixa;Colisão lateral mesmo sentido;Com Vítimas Feridas;Amanhecer;Decrescente;Céu Claro;Dupla;"Interseção de Vias;Reta";-22,8060415;-43,34289573
28/08/2023;06:30:00;IPOJUCA;Velocidade Incompatível;Colisão com objeto;Com Vítimas Feridas;Pleno dia;Decrescente;Céu Claro;Dupla;Curva;-8,327907;-35,1212
02/09/2023;14:20:00;BALSA NOVA;Neblina;Colisão traseira;Com Vítimas Fatais;Pleno dia;Crescente;Nevoeiro/Neblina;Dupla;"Declive;Curva";-25,4713;-49,6948
20/10/2023;13:00:00;COLINAS;Ultrapassagem Indevida;Colisão frontal;Com Vítimas Feridas;Pleno dia;Crescente;Céu Claro;Simples;Reta;-6,174442;-44,093493
20/11/2023;14:15:00;PEDRA PRETA;Velocidade Incompatível;Tombamento;Sem Vítimas;Pleno dia;Decrescente;Céu Claro;Simples;Curva;-16,793147;-54,197147
25/10/2023;06:19:00;ITAPUA DO OESTE;Manobra de mudança de faixa;Colisão lateral mesmo sentido;Sem Vítimas;Pleno dia;Decrescente;Céu Claro;Dupla;Reta;-9,22239207;-63,1713643
21/03/2023;17:10:00;FRANCISCO SA;Velocidade Incompatível;Colisão traseira;Com Vítimas Feridas;Pleno dia;Crescente;Nublado;Simples;"Reta;Declive";-16,64567192;-43,70581503
21/01/2023;13:55:00;CARUARU;Avarias e/ou desgaste excessivo no pneu;Tombamento;Com Vítimas Feridas;Pleno dia;Crescente;Céu Claro;Dupla;"Declive;Reta";-8,2783;-35,9815
18/12/2023;20:15:00;SAO JOSE DOS PINHAIS;Manobra de mudança de faixa;Tombamento;Com Vítimas Feridas;Plena Noite;Decrescente;Nublado;Dupla;"Declive;Reta";-25,53231261;-49,14499462
06/09/2023;15:35:00;SANTA RITA;Acostamento em desnível;Colisão lateral mesmo sentido;Com Vítimas Feridas;Pleno dia;Crescente;Céu Claro;Simples;Reta;-3,11481199;-44,32344911
12/12/2023;21:30:00;LEOPOLDINA;Velocidade Incompatível;Tombamento;Com Vítimas Feridas;Plena Noite;Crescente;Nublado;Simples;"Declive;Curva";-21,59023796;-42,68715187
23/09/2023;02:00:00;CAETE;Velocidade Incompatível;Saída de leito carroçável;Com Vítimas Feridas;Plena Noite;Crescente;Céu Claro;Dupla;Reta;-19,78353087;-43,66633394
14/11/2023;11:32:00;PALHOCA;Acumulo de óleo sobre o pavimento;Tombamento;Com Vítimas Fatais;Pleno dia;Crescente;Chuva;Simples;Interseção de Vias;-27,68689795;-48,71353263
06/11/2023;19:20:00;SANTANA DO ARAGUAIA;Manobra de mudança de faixa;Colisão com objeto;Com Vítimas Feridas;Plena Noite;Crescente;Céu Claro;Simples;Reta;-9,16839776;-50,35371859
20/12/2023;12:36:00;NOVO PROGRESSO;Ultrapassagem Indevida;Colisão frontal;Com Vítimas Feridas;Pleno dia;Decrescente;Céu Claro;Simples;Reta;-7,04006395;-55,4149349
18/04/2023;12:00:00;GLORIA DOESTE;Manobra de mudança de faixa;Colisão frontal;Com Vítimas Fatais;Pleno dia;Decrescente;Céu Claro;Simples;Reta;-15,80819984;-58,36852698
12/03/2023;04:00:00;FRUTA DE LEITE;Reação tardia ou ineficiente do condutor;Tombamento;Com Vítimas Feridas;Plena Noite;Decrescente;Céu Claro;Simples;"Declive;Curva";-16,26288236;-42,40799904
08/11/2023;06:40:00;ITABERABA;Velocidade Incompatível;Tombamento;Com Vítimas Feridas;Pleno dia;Decrescente;Céu Claro;Simples;Curva;-12,501019;-40,427317
18/01/2023;11:15:00;OURO PRETO DO OESTE;Ultrapassagem Indevida;Colisão frontal;Com Vítimas Feridas;Pleno dia;Crescente;Céu Claro;Simples;Reta;-10,6037419;-62,34299189
02/03/2023;15:58:00;BRASILIA;Chuva;Colisão lateral mesmo sentido;Com Vítimas Feridas;Pleno dia;Crescente;Chuva;Dupla;"Declive;Curva";-15,679851;-47,832211
07/02/2023;20:15:00;BALNEARIO PICARRAS;Manobra de mudança de faixa;Colisão lateral mesmo sentido;Sem Vítimas;Plena Noite;Crescente;Céu Claro;Dupla;Reta;-26,7832381;-48,68314632
25/05/2023;15:08:00;PARNAIBA;Manobra de mudança de faixa;Colisão transversal;Com Vítimas Feridas;Pleno dia;Decrescente;Céu Claro;Simples;Reta;-2,90061888;-41,73250616
08/06/2023;09:10:00;ICARAIMA;Ultrapassagem Indevida;Colisão lateral mesmo sentido;Com Vítimas Feridas;Pleno dia;Decrescente;Céu Claro;Simples;Aclive;-23,39435;-53,626625
11/07/2023;03:30:00;CONSELHEIRO LAFAIETE;Velocidade Incompatível;Saída de leito carroçável;Com Vítimas Feridas;Plena Noite;Decrescente;Céu Claro;Dupla;Reta;-20,648012;-43,809537
24/08/2023;08:30:00;AGUA BOA;Falta de acostamento;Saída de leito carroçável;Sem Vítimas;Plena Noite;Decrescente;Céu Claro;Simples;Curva;-14,53691046;-52,32954037
01/09/2023;11:40:00;IRATI;Carga excessiva e/ou mal acondicionada;Tombamento;Sem Vítimas;Pleno dia;Crescente;Céu Claro;Simples;Rotatória;-25,45471011;-50,6196247
07/10/2023;18:23:00;RIO BRANCO;Deficiência do Sistema de Iluminação/Sinalização;Queda de ocupante de veículo;Com Vítimas Feridas;Anoitecer;Decrescente;Nublado;Dupla;Reta;-9,91988701;-67,88789905
19/10/2023;06:00:00;SAO GONCALO DOS CAMPOS;Demais Fenômenos da natureza;Incêndio;Sem Vítimas;Amanhecer;Crescente;Céu Claro;Simples;Reta;-12,519078;-38,970829
02/11/2023;18:09:00;PEDRA PRETA;Ultrapassagem Indevida;Saída de leito carroçável;Com Vítimas Feridas;Anoitecer;Crescente;Céu Claro;Simples;Reta;-16,671022;-54,306168
19/11/2023;01:15:00;SAO JOAQUIM DE BICAS;Velocidade Incompatível;Colisão com objeto;Com Vítimas Feridas;Plena Noite;Decrescente;Céu Claro;Múltipla;Curva;-20,05643192;-44,28663308
21/11/2023;06:30:00;RIBEIRAO DAS NEVES;Manobra de mudança de faixa;Colisão lateral mesmo sentido;Sem Vítimas;Pleno dia;Decrescente;Céu Claro;Simples;Reta;-19,78288295;-44,11628908
16/12/2023;14:00:00;JOAO PESSOA;Acessar a via sem observar a presença dos outros veículos;Tombamento;Sem Vítimas;Pleno dia;Decrescente;Ignorado;Dupla;Reta;-7,1710694;-34,89765372
19/03/2023;14:15:00;TRES CORACOES;Velocidade Incompatível;Colisão com objeto;Com Vítimas Feridas;Pleno dia;Crescente;Céu Claro;Dupla;Reta;-21,66281681;-45,30798018
22/05/2023;10:25:00;ELESBAO VELOSO;Pista esburacada;Saída de leito carroçável;Com Vítimas Feridas;Pleno dia;Decrescente;Céu Claro;Simples;Reta;-6,21662886;-42,08176795
21/07/2023;22:30:00;TACAIMBO;Manobra de mudança de faixa;Colisão frontal;Com Vítimas Fatais;Plena Noite;Crescente;Céu Claro;Simples;Reta;-8,33279019;-36,27154399
09/08/2023;04:40:00;SEROPEDICA;Pista Escorregadia;Saída de leito carroçável;Com Vítimas Feridas;Plena Noite;Decrescente;Chuva;Dupla;"Reta;Viaduto";-22,7523926;-43,72791778
04/10/2023;12:05:00;CAJATI;Chuva;Saída de leito carroçável;Sem Vítimas;Pleno dia;Decrescente;Chuva;Dupla;Curva;-24,82178987;-48,21419034
28/12/2023;12:45:00;SANTO ANTONIO DA PATRULHA;Manobra de mudança de faixa;Colisão lateral mesmo sentido;Com Vítimas Feridas;Pleno dia;Decrescente;Céu Claro;Múltipla;Reta;-29,88049495;-50,5040431
13/01/2023;14:42:00;JI-PARANA;Manobra de mudança de faixa;Colisão lateral mesmo sentido;Com Vítimas Feridas;Pleno dia;Crescente;Nublado;Dupla;"Reta;Interseção de Vias";-10,88381227;-61,93741416
14/01/2023;05:40:00;BOA VISTA;Iluminação deficiente;Colisão traseira;Com Vítimas Feridas;Amanhecer;Decrescente;Céu Claro;Simples;Reta;2,88055;-60,698753
16/01/2023;19:15:00;MOSSORO;Deficiência do Sistema de Iluminação/Sinalização;Colisão traseira;Com Vítimas Feridas;Plena Noite;Decrescente;Céu Claro;Simples;Reta;-5,19609575;-37,40700697
17/01/2023;14:00:00;BOA VISTA;Manobra de mudança de faixa;Colisão lateral mesmo sentido;Com Vítimas Feridas;Pleno dia;Crescente;Céu Claro;Dupla;Interseção de Vias;2,80229396;-60,68243402
18/01/2023;16:40:00;RIO VERDE;Acumulo de água sobre o pavimento;Saída de leito carroçável;Com Vítimas Feridas;Anoitecer;Decrescente;Chuva;Dupla;Retorno Regulamentado;-17,6551;-50,8059
21/01/2023;21:00:00;LUZ;Velocidade Incompatível;Saída de leito carroçável;Com Vítimas Feridas;Plena Noite;Crescente;Nublado;Simples;Reta;-19,78291077;-45,72383994
30/01/2023;08:00:00;CAPIVARI DE BAIXO;Obstrução na via;Colisão traseira;Com Vítimas Feridas;Pleno dia;Crescente;Céu Claro;Dupla;Viaduto;-28,44012;-48,963143
07/02/2023;07:12:00;ELDORADO DO SUL;Manobra de mudança de faixa;Saída de leito carroçável;Com Vítimas Feridas;Pleno dia;Crescente;Céu Claro;Dupla;Reta;-30,032066;-51,325138
15/02/2023;20:07:00;SAPUCAIA DO SUL;Chuva;Colisão lateral mesmo sentido;Com Vítimas Feridas;Plena Noite;Decrescente;Chuva;Dupla;"Reta;Interseção de Vias";-29,79148798;-51,16399615
04/03/2023;18:00:00;RECIFE;Manobra de mudança de faixa;Colisão lateral mesmo sentido;Com Vítimas Feridas;Plena Noite;Crescente;Céu Claro;Múltipla;Reta;-8,012364;-34,939098
08/03/2023;14:05:00;BRANQUINHA;Manobra de mudança de faixa;Colisão lateral mesmo sentido;Com Vítimas Feridas;Pleno dia;Decrescente;Céu Claro;Simples;Reta;-9,2457014;-36,00588206
24/02/2023;17:50:00;SAUDADES;Deficiência do Sistema de Iluminação/Sinalização;Colisão traseira;Com Vítimas Fatais;Anoitecer;Crescente;Chuva;Simples;"Aclive;Reta";-26,825861;-53,072893
10/03/2023;19:15:00;ITUIUTABA;Iluminação deficiente;Colisão traseira;Com Vítimas Feridas;Plena Noite;Decrescente;Chuva;Simples;"Reta;Declive";-18,9630482;-49,57199501