data_inversa;horario;municipio;causa_acidente;tipo_acidente;classificacao_acidente;fase_dia;sentido_via;condicao_metereologica;tipo_pista;tracado_via;latitude;longitude
03/01/2023;08:55:00;FORTALEZA;Manobra de mudança de faixa;Colisão lateral mesmo sentido;Com Vítimas Feridas;Pleno dia;Decrescente;Céu Claro;Dupla;Viaduto;-3,7785374;-38,5152034
03/01/2023;07:35:00;FLORIANO;Acostamento em desnível;Tombamento;Com Vítimas Feridas;Pleno dia;Decrescente;Chuva;Simples;Reta;-6,77813444;-43,00529664
03/01/2023;08:40:00;SAO MIGUEL DO GUAMA;Avarias e/ou desgaste excessivo no pneu;Tombamento;Com Vítimas Feridas;Pleno dia;Crescente;Céu Claro;Simples;"Curva;Aclive";-1,5722672;-47,5061904
03/01/2023;08:00:00;NITEROI;Manobra de mudança de faixa;Colisão lateral mesmo sentido;Com Vítimas Feridas;Pleno dia;Crescente;Céu Claro;Dupla;Reta;-22,84562994;-43,09841211
03/01/2023;11:15:00;PORTO VELHO;Manobra de mudança de faixa;Colisão lateral mesmo sentido;Com Vítimas Feridas;Pleno dia;Decrescente;Céu Claro;Dupla;Reta;-8,80049441;-63,74709964
03/01/2023;11:30:00;AMELIA RODRIGUES;Manobra de mudança de faixa;Colisão lateral mesmo sentido;Com Vítimas Feridas;Pleno dia;Crescente;Chuva;Dupla;"Declive;Reta";-12,42109386;-38,74516692
03/01/2023;13:15:00;ITAPERUNA;Pista esburacada;Saída de leito carroçável;Com Vítimas Feridas;Pleno dia;Crescente;Céu Claro;Simples;Reta;-21,25300596;-41,78325793
03/01/2023;13:40:00;SANTO ANTONIO DA PATRULHA;Avarias e/ou desgaste excessivo no pneu;Tombamento;Com Vítimas Feridas;Pleno dia;Crescente;Céu Claro;Dupla;Reta;-29,882015;-50,493973
03/01/2023;12:15:00;JI-PARANA;Demais falhas mecânicas ou elétricas;Tombamento;Com Vítimas Feridas;Pleno dia;Decrescente;Sol;Dupla;Reta;-10,865874;-61,968647
03/01/2023;13:41:00;BRUMADINHO;Chuva;Saída de leito carroçável;Com Vítimas Feridas;Pleno dia;Decrescente;Chuva;Dupla;"Aclive;Curva";-20,13846621;-44,31715274
03/01/2023;14:40:00;ABREU E LIMA;Demais falhas na via;Colisão com objeto;Sem Vítimas;Pleno dia;Decrescente;Céu Claro;Múltipla;Reta;-7,8910423;-34,9034331
03/01/2023;13:50:00;IBIRAMA;Ultrapassagem Indevida;Colisão lateral mesmo sentido;Com Vítimas Feridas;Pleno dia;Crescente;Sol;Simples;Curva;-27,099888;-49,527679
03/01/2023;10:30:00;OLINDINA;Pista esburacada;Saída de leito carroçável;Com Vítimas Feridas;Pleno dia;Decrescente;Chuva;Simples;"Reta;Declive";-11,416905;-38,292923
03/01/2023;16:00:00;GUARULHOS;Manobra de mudança de faixa;Colisão traseira;Sem Vítimas;Pleno dia;Decrescente;Nublado;Múltipla;Reta;-23,43971486;-46,43667806
03/01/2023;14:50:00;BALNEARIO CAMBORIU;Ausência de reação do condutor;Tombamento;Com Vítimas Feridas;Pleno dia;Crescente;Nublado;Simples;Reta;-27,056089;-48,599449
03/01/2023;17:18:00;AGUAS MORNAS;Velocidade Incompatível;Colisão lateral sentido oposto;Com Vítimas Feridas;Pleno dia;Crescente;Chuva;Simples;"Declive;Curva";-27,708536;-48,952251
03/01/2023;13:30:00;MONTES CLAROS;Condutor deixou de manter distância do veículo da frente;Saída de leito carroçável;Com Vítimas Feridas;Pleno dia;Decrescente;Chuva;Simples;Curva;-16,87724015;-43,993381
03/01/2023;14:50:00;GUARUJA DO SUL;Velocidade Incompatível;Saída de leito carroçável;Com Vítimas Feridas;Pleno dia;Decrescente;Chuva;Simples;"Curva;Declive";-26,41032059;-53,52221489
03/01/2023;15:45:00;PORTO VELHO;Manobra de mudança de faixa;Colisão lateral mesmo sentido;Com Vítimas Feridas;Pleno dia;Decrescente;Céu Claro;Dupla;Reta;-8,766685;-63,884052
03/01/2023;17:00:00;CORNELIO PROCOPIO;Manobra de mudança de faixa;Colisão lateral mesmo sentido;Com Vítimas Feridas;Pleno dia;Crescente;Nublado;Simples;"Reta;Aclive";-23,182893;-50,634175
03/01/2023;18:00:00;ANGRA DOS REIS;Sinalização encoberta;Atropelamento de Pedestre;Com Vítimas Feridas;Anoitecer;Decrescente;Nublado;Simples;"Em Obras;Reta";-22,97708786;-44,29634653
03/01/2023;06:42:00;SAO GONCALO;Avarias e/ou desgaste excessivo no pneu;Tombamento;Com Vítimas Feridas;Pleno dia;Crescente;Céu Claro;Dupla;Reta;-22,84562994;-43,09841211
03/01/2023;19:30:00;CAMPOS DOS GOYTACAZES;Avarias e/ou desgaste excessivo no pneu;Tombamento;Com Vítimas Feridas;Plena Noite;Decrescente;Céu Claro;Dupla;Curva;-21,87599581;-41,58368111
03/01/2023;19:40:00;QUEIMADAS;Reação tardia ou ineficiente do condutor;Tombamento;Com Vítimas Feridas;Plena Noite;Decrescente;Céu Claro;Simples;Reta;-7,36116095;-35,90230617
03/01/2023;20:15:00;CURITIBA;Manobra de mudança de faixa;Colisão lateral mesmo sentido;Com Vítimas Feridas;Plena Noite;Decrescente;Chuva;Múltipla;Reta;-25,44439844;-49,23383474
03/01/2023;21:50:00;LAJEADO;Afundamento ou ondulação no pavimento;Tombamento;Com Vítimas Feridas;Plena Noite;Crescente;Céu Claro;Dupla;"Interseção de Vias;Reta;Em Obras;Declive";-29,446793;-51,974564
03/01/2023;20:30:00;LAPA;Chuva;Capotamento;Com Vítimas Feridas;Plena Noite;Decrescente;Garoa/Chuvisco;Simples;"Curva;Declive";-25,78072542;-49,83879089
03/01/2023;14:35:00;ITAITUBA;Chuva;Saída de leito carroçável;Com Vítimas Feridas;Pleno dia;Decrescente;Chuva;Simples;Curva;-4,50624587;-55,86575279
04/01/2023;04:30:00;FOZ DO IGUACU;Velocidade Incompatível;Saída de leito carroçável;Com Vítimas Fatais;Amanhecer;Decrescente;Garoa/Chuvisco;Dupla;"Rotatória;Curva";-25,51082156;-54,55961823
04/01/2023;09:45:00;JOINVILLE;Avarias e/ou desgaste excessivo no pneu;Tombamento;Com Vítimas Feridas;Pleno dia;Decrescente;Chuva;Dupla;"Reta;Aclive";-26,28215489;-48,88973081
04/01/2023;10:20:00;JOINVILLE;Acumulo de água sobre o pavimento;Saída de leito carroçável;Com Vítimas Feridas;Pleno dia;Crescente;Chuva;Múltipla;Curva;-26,26231716;-48,90232444
04/01/2023;09:33:00;CAMPANHA;Chuva;Saída de leito carroçável;Com Vítimas Feridas;Pleno dia;Decrescente;Chuva;Dupla;"Declive;Curva";-21,83280868;-45,50064606
04/01/2023;09:10:00;FLORES DE GOIAS;Manobra de mudança de faixa;Colisão transversal;Com Vítimas Feridas;Pleno dia;Crescente;Nublado;Simples;Reta;-14,817605;-46,715759
04/01/2023;08:00:00;PONTE SERRADA;Velocidade Incompatível;Colisão com objeto;Com Vítimas Feridas;Pleno dia;Crescente;Sol;Simples;Reta;-26,888617;-51,99427
04/01/2023;12:40:00;JUQUITIBA;Chuva;Capotamento;Com Vítimas Feridas;Pleno dia;Decrescente;Chuva;Dupla;Reta;-23,93901304;-47,06241203
04/01/2023;12:15:00;ITAIBA;Manobra de mudança de faixa;Colisão lateral mesmo sentido;Com Vítimas Feridas;Pleno dia;Crescente;Céu Claro;Simples;"Reta;Aclive";-9,13623085;-37,286076
04/01/2023;13:00:00;MURIAE;Desrespeitar a preferência no cruzamento;Tombamento;Com Vítimas Feridas;Pleno dia;Crescente;Ignorado;Simples;Interseção de Vias;-21,11938311;-42,38006362
04/01/2023;13:10:00;MAIRIPORA;Chuva;Capotamento;Com Vítimas Feridas;Pleno dia;Decrescente;Chuva;Dupla;"Curva;Declive";-23,34043796;-46,57433588
04/01/2023;13:30:00;PORTO BELO;Ausência de reação do condutor;Tombamento;Com Vítimas Feridas;Pleno dia;Decrescente;Garoa/Chuvisco;Dupla;Reta;-27,144717;-48,61063935
04/01/2023;09:30:00;CAMPOS DOS GOYTACAZES;Ultrapassagem Indevida;Colisão transversal;Com Vítimas Feridas;Pleno dia;Decrescente;Céu Claro;Simples;Reta;-21,835838;-41,4205933
01/01/2023;00:01:00;SETE LAGOAS;Velocidade Incompatível;Saída de leito carroçável;Com Vítimas Feridas;Plena Noite;Decrescente;Chuva;Dupla;Reta;-19,45630182;-44,30941888
04/01/2023;14:13:00;ABADIANIA;Velocidade Incompatível;Saída de leito carroçável;Com Vítimas Feridas;Pleno dia;Crescente;Chuva;Dupla;"Curva;Declive";-16,262998;-48,763951
04/01/2023;09:40:00;FELIXLANDIA;Chuva;Saída de leito carroçável;Com Vítimas Feridas;Pleno dia;Crescente;Chuva;Simples;Reta;-18,72886757;-44,91107898
04/01/2023;15:35:00;ESTRELA;Manobra de mudança de faixa;Colisão traseira;Com Vítimas Feridas;Pleno dia;Decrescente;Sol;Dupla;"Reta;Retorno Regulamentado";-29,506611;-51,943012
01/01/2023;03:00:00;TERESOPOLIS;Velocidade Incompatível;Saída de leito carroçável;Com Vítimas Feridas;Plena Noite;Decrescente;Nublado;Simples;Curva;-22,29371693;-42,93354335
04/01/2023;14:00:00;CAMPINA GRANDE DO SUL;Chuva;Saída de leito carroçável;Sem Vítimas;Pleno dia;Decrescente;Chuva;Dupla;Curva;-25,24249703;-48,90292205
04/01/2023;15:30:00;NOVA LIMA;Velocidade Incompatível;Saída de leito carroçável;Com Vítimas Feridas;Pleno dia;Crescente;Garoa/Chuvisco;Dupla;Reta;-20,11861708;-43,96783926
04/01/2023;16:40:00;OCAUCU;Pista esburacada;Queda de ocupante de veículo;Com Vítimas Feridas;Pleno dia;Crescente;Garoa/Chuvisco;Simples;"Declive;Reta";-22,527683;-49,88952096
04/01/2023;16:30:00;PARNAMIRIM;Manobra de mudança de faixa;Colisão lateral mesmo sentido;Sem Vítimas;Pleno dia;Crescente;Céu Claro;Dupla;Reta;-5,89012265;-35,26352022
04/01/2023;18:21:00;MANHUACU;Manobra de mudança de faixa;Colisão frontal;Com Vítimas Feridas;Pleno dia;Decrescente;Nublado;Simples;Reta;-20,27165802;-42,03950458
04/01/2023;18:00:00;PORTO ALEGRE;Pista Escorregadia;Eventos atípicos;Com Vítimas Feridas;Pleno dia;Decrescente;Céu Claro;Simples;Curva;-29,97242193;-51,17670894
04/01/2023;14:50:00;CORUPA;Acumulo de óleo sobre o pavimento;Saída de leito carroçável;Com Vítimas Feridas;Pleno dia;Crescente;Garoa/Chuvisco;Simples;Reta;-26,41501369;-49,25741675
04/01/2023;17:30:00;LAGOA SECA;Ultrapassagem Indevida;Colisão frontal;Com Vítimas Feridas;Anoitecer;Crescente;Céu Claro;Simples;Reta;-7,15342626;-35,85241772
04/01/2023;18:05:00;MURIAE;Curva acentuada;Saída de leito carroçável;Com Vítimas Feridas;Anoitecer;Decrescente;Chuva;Simples;"Declive;Curva";-21,20240564;-42,38551877
04/01/2023;19:00:00;CAMPINA GRANDE DO SUL;Chuva;Saída de leito carroçável;Com Vítimas Feridas;Anoitecer;Crescente;Chuva;Simples;Curva;-25,09706813;-48,65517895
04/01/2023;18:20:00;CONGONHAS;Ultrapassagem Indevida;Colisão transversal;Com Vítimas Feridas;Anoitecer;Crescente;Céu Claro;Simples;"Interseção de Vias;Curva;Declive;Retorno Regulamentado";-20,55615194;-43,81433579
04/01/2023;20:00:00;TABOAO DA SERRA;Reação tardia ou ineficiente do condutor;Tombamento;Com Vítimas Feridas;Plena Noite;Crescente;Chuva;Dupla;Reta;-23,61799728;-46,79677694
04/01/2023;19:50:00;DUQUE DE CAXIAS;Demais falhas mecânicas ou elétricas;Tombamento;Com Vítimas Feridas;Plena Noite;Crescente;Nublado;Múltipla;Reta;-22,79907687;-43,29015739
04/01/2023;16:45:00;NOVA LACERDA;Acumulo de água sobre o pavimento;Capotamento;Com Vítimas Feridas;Pleno dia;Crescente;Chuva;Simples;Reta;-14,44382499;-59,59962877
04/01/2023;18:35:00;RONDONOPOLIS;Velocidade Incompatível;Capotamento;Com Vítimas Feridas;Plena Noite;Crescente;Chuva;Dupla;Retorno Regulamentado;-16,29454715;-54,7617973
05/01/2023;04:30:00;PARANAGUA;Velocidade Incompatível;Colisão com objeto;Sem Vítimas;Plena Noite;Crescente;Garoa/Chuvisco;Dupla;Reta;-25,568198;-48,615292
05/01/2023;06:20:00;RECIFE;Manobra de mudança de faixa;Colisão lateral mesmo sentido;Com Vítimas Feridas;Pleno dia;Crescente;Nublado;Dupla;"Reta;Aclive;Viaduto";-8,05074296;-34,94580619
05/01/2023;01:20:00;ASCURRA;Velocidade Incompatível;Saída de leito carroçável;Sem Vítimas;Plena Noite;Crescente;Céu Claro;Simples;Reta;-26,97769;-49,369198
05/01/2023;08:05:00;SAO LEOPOLDO;Reação tardia ou ineficiente do condutor;Tombamento;Com Vítimas Feridas;Pleno dia;Crescente;Céu Claro;Dupla;Reta;-29,78039519;-51,15812659
05/01/2023;06:00:00;ITAGUAI;Velocidade Incompatível;Colisão com objeto;Sem Vítimas;Amanhecer;Crescente;Chuva;Dupla;Curva;-22,89720365;-43,85639217
05/01/2023;12:30:00;BIGUACU;Ausência de reação do condutor;Tombamento;Com Vítimas Feridas;Pleno dia;Decrescente;Céu Claro;Dupla;Reta;-27,41613807;-48,6266443
05/01/2023;13:00:00;JOAO PINHEIRO;Reação tardia ou ineficiente do condutor;Tombamento;Com Vítimas Feridas;Pleno dia;Crescente;Nublado;Simples;Reta;-17,66604196;-46,34649298
05/01/2023;13:00:00;MAIRIPORA;Reação tardia ou ineficiente do condutor;Tombamento;Com Vítimas Feridas;Pleno dia;Decrescente;Chuva;Múltipla;"Curva;Declive";-23,34553108;-46,56787903
05/01/2023;13:15:00;PROFESSOR JAMIL;Velocidade Incompatível;Saída de leito carroçável;Com Vítimas Feridas;Pleno dia;Decrescente;Chuva;Dupla;"Retorno Regulamentado;Curva";-17,4071;-49,2247
05/01/2023;15:20:00;BOM SUCESSO;Ultrapassagem Indevida;Colisão traseira;Com Vítimas Feridas;Pleno dia;Crescente;Céu Claro;Simples;Curva;-23,70049344;-51,75590515
05/01/2023;17:45:00;VITORIA DA CONQUISTA;Acumulo de areia ou detritos sobre o pavimento;Tombamento;Com Vítimas Feridas;Pleno dia;Decrescente;Chuva;Simples;Reta;-14,826;-40,84716797
05/01/2023;18:20:00;SAO JOSE DO RIO PRETO;Pista Escorregadia;Tombamento;Com Vítimas Feridas;Pleno dia;Decrescente;Nublado;Dupla;"Rotatória;Curva";-20,85210258;-49,39299367
05/01/2023;16:50:00;PETROPOLIS;Chuva;Colisão lateral mesmo sentido;Com Vítimas Feridas;Pleno dia;Crescente;Chuva;Dupla;Curva;-22,38628773;-43,13543464
05/01/2023;18:40:00;PIRAI;Acumulo de água sobre o pavimento;Colisão com objeto;Com Vítimas Feridas;Plena Noite;Crescente;Chuva;Dupla;Reta;-22,66934677;-43,85528603
05/01/2023;18:45:00;SAO JOSE DO RIO PRETO;Reação tardia ou ineficiente do condutor;Tombamento;Com Vítimas Feridas;Anoitecer;Crescente;Chuva;Dupla;"Reta;Interseção de Vias";-20,8580187;-49,40666241
05/01/2023;18:00:00;CURITIBA;Manobra de mudança de faixa;Colisão lateral mesmo sentido;Com Vítimas Feridas;Pleno dia;Decrescente;Céu Claro;Dupla;Reta;-25,549892;-49,326607
05/01/2023;15:03:00;CRISTINO CASTRO;Manobra de mudança de faixa;Colisão lateral mesmo sentido;Com Vítimas Feridas;Pleno dia;Crescente;Nublado;Simples;"Reta;Declive";-8,7604319;-44,16633808
05/01/2023;19:45:00;RECIFE;Manobra de mudança de faixa;Colisão lateral mesmo sentido;Com Vítimas Feridas;Plena Noite;Crescente;Céu Claro;Dupla;"Viaduto;Reta;Aclive";-8,05074296;-34,94580619
05/01/2023;20:10:00;SOORETAMA;Ingestão de álcool pelo condutor;Tombamento;Com Vítimas Feridas;Plena Noite;Crescente;Céu Claro;Simples;Declive;-19,16834502;-40,08717096
05/01/2023;20:20:00;JUATUBA;Condutor Dormindo;Tombamento;Com Vítimas Feridas;Plena Noite;Crescente;Nublado;Múltipla;"Reta;Declive";-19,98332997;-44,23572401
05/01/2023;19:00:00;ITAPECERICA DA SERRA;Chuva;Queda de ocupante de veículo;Com Vítimas Feridas;Plena Noite;Crescente;Chuva;Dupla;"Viaduto;Curva";-23,74581995;-46,90003027
05/01/2023;22:30:00;UBATUBA;Manobra de mudança de faixa;Colisão lateral mesmo sentido;Com Vítimas Feridas;Plena Noite;Crescente;Chuva;Simples;Reta;-23,45018939;-45,07743735
05/01/2023;21:36:00;ARAQUARI;Ultrapassagem Indevida;Colisão lateral sentido oposto;Com Vítimas Feridas;Plena Noite;Decrescente;Nublado;Simples;Reta;-26,36990477;-48,68224301
06/01/2023;02:00:00;LONDRINA;Velocidade Incompatível;Saída de leito carroçável;Com Vítimas Feridas;Plena Noite;Crescente;Céu Claro;Dupla;Declive;-23,29332519;-51,10780299
06/01/2023;06:19:00;BRUMADINHO;Velocidade Incompatível;Capotamento;Com Vítimas Feridas;Pleno dia;Crescente;Chuva;Dupla;Curva;-20,13756375;-44,31592941
06/01/2023;08:45:00;PETROLINA;Manobra de mudança de faixa;Colisão lateral mesmo sentido;Com Vítimas Feridas;Pleno dia;Crescente;Céu Claro;Dupla;Curva;-9,36400596;-40,48266808
06/01/2023;08:10:00;SEROPEDICA;Manobra de mudança de faixa;Colisão traseira;Sem Vítimas;Pleno dia;Crescente;Chuva;Dupla;Reta;-22,72454443;-43,66145706
06/01/2023;07:00:00;COCALZINHO DE GOIAS;Acumulo de água sobre o pavimento;Saída de leito carroçável;Sem Vítimas;Pleno dia;Decrescente;Chuva;Dupla;"Reta;Aclive";-15,76396108;-48,44290582
06/01/2023;09:00:00;ANGRA DOS REIS;Acumulo de água sobre o pavimento;Colisão frontal;Com Vítimas Feridas;Pleno dia;Decrescente;Chuva;Simples;Curva;-22,96828891;-44,29864663
06/01/2023;10:05:00;QUATRO BARRAS;Manobra de mudança de faixa;Tombamento;Com Vítimas Feridas;Pleno dia;Decrescente;Céu Claro;Dupla;Reta;-25,30617192;-48,99337399
06/01/2023;11:51:00;ANGRA DOS REIS;Velocidade Incompatível;Colisão com objeto;Com Vítimas Feridas;Pleno dia;Crescente;Chuva;Simples;Reta;-22,92526971;-44,36990312
06/01/2023;12:50:00;PORTO ALEGRE;Manobra de mudança de faixa;Colisão com objeto;Com Vítimas Feridas;Pleno dia;Decrescente;Céu Claro;Dupla;Reta;-29,968412;-51,117138
06/01/2023;09:00:00;ACAILANDIA;Ultrapassagem Indevida;Colisão frontal;Com Vítimas Feridas;Pleno dia;Decrescente;Céu Claro;Simples;Declive;-4,84645;-47,514587
06/01/2023;13:10:00;JATAI;Chuva;Saída de leito carroçável;Com Vítimas Feridas;Pleno dia;Decrescente;Chuva;Simples;Curva;-17,956751;-51,621475
06/01/2023;15:20:00;ITAPEMA;Demais falhas mecânicas ou elétricas;Tombamento;Com Vítimas Feridas;Pleno dia;Decrescente;Sol;Dupla;Curva;-27,056089;-48,599449
06/01/2023;15:50:00;OLIVEIRA;Chuva;Saída de leito carroçável;Com Vítimas Feridas;Pleno dia;Crescente;Chuva;Dupla;"Declive;Curva";-20,7275927;-44,77176647
06/01/2023;13:50:00;RONDONOPOLIS;Chuva;Saída de leito carroçável;Com Vítimas Fatais;Pleno dia;Crescente;Chuva;Dupla;Reta;-16,97903791;-54,74750626
06/01/2023;17:50:00;VALPARAISO DE GOIAS;Manobra de mudança de faixa;Colisão traseira;Sem Vítimas;Pleno dia;Crescente;Nublado;Dupla;Reta;-16,058245;-47,982825
06/01/2023;18:15:00;UBERLANDIA;Pista esburacada;Colisão lateral mesmo sentido;Com Vítimas Feridas;Pleno dia;Crescente;Céu Claro;Dupla;"Reta;Aclive";-18,88555889;-48,26438785
06/01/2023;16:50:00;CAMPOS DOS GOYTACAZES;Acumulo de água sobre o pavimento;Saída de leito carroçável;Com Vítimas Feridas;Pleno dia;Decrescente;Chuva;Simples;Curva;-21,36674798;-41,33782488
06/01/2023;19:30:00;VALPARAISO DE GOIAS;Manobra de mudança de faixa;Colisão lateral mesmo sentido;Com Vítimas Feridas;Plena Noite;Crescente;Nublado;Dupla;Reta;-16,058245;-47,982825
06/01/2023;19:16:00;ABREU E LIMA;Demais falhas na via;Tombamento;Com Vítimas Feridas;Plena Noite;Crescente;Céu Claro;Simples;Reta;-7,9169968;-34,89689272
06/01/2023;20:40:00;ITAPEMA;Reação tardia ou ineficiente do condutor;Tombamento;Com Vítimas Fatais;Plena Noite;Decrescente;Nublado;Múltipla;Reta;-27,12318;-48,609335
06/01/2023;20:10:00;UBERABA;Pista esburacada;Tombamento;Com Vítimas Feridas;Plena Noite;Decrescente;Chuva;Dupla;Reta;-19,77914852;-47,95047701
06/01/2023;22:20:00;GUARULHOS;Deficiência do Sistema de Iluminação/Sinalização;Colisão com objeto;Com Vítimas Feridas;Plena Noite;Crescente;Garoa/Chuvisco;Múltipla;"Em Obras;Reta;Desvio Temporário";-23,44333014;-46,44531294
06/01/2023;21:40:00;ANGRA DOS REIS;Manobra de mudança de faixa;Colisão frontal;Com Vítimas Feridas;Plena Noite;Decrescente;Garoa/Chuvisco;Simples;Curva;-22,944515;-44,431107
06/01/2023;19:50:00;COLORADO DO OESTE;Manobra de mudança de faixa;Colisão transversal;Com Vítimas Feridas;Plena Noite;Decrescente;Céu Claro;Simples;Reta;-13,13258044;-60,54497553
07/01/2023;01:00:00;UBATUBA;Velocidade Incompatível;Colisão frontal;Com Vítimas Feridas;Plena Noite;Decrescente;Chuva;Simples;"Reta;Ponte";-23,429897;-45,082436
06/01/2023;23:10:00;VACARIA;Ultrapassagem Indevida;Colisão lateral sentido oposto;Com Vítimas Feridas;Plena Noite;Decrescente;Céu Claro;Simples;Reta;-28,3821008;-50,84227235
07/01/2023;02:24:00;COLINAS DO TOCANTINS;Manobra de mudança de faixa;Capotamento;Com Vítimas Feridas;Plena Noite;Crescente;Garoa/Chuvisco;Simples;Reta;-7,81874399;-48,45272586
06/01/2023;16:30:00;ILHEUS;Ultrapassagem Indevida;Colisão frontal;Com Vítimas Feridas;Pleno dia;Crescente;Céu Claro;Simples;Reta;-14,79934842;-39,17238057
07/01/2023;02:52:00;CARIACICA;Sinalização mal posicionada;Colisão com objeto;Com Vítimas Feridas;Plena Noite;Decrescente;Garoa/Chuvisco;Dupla;"Reta;Em Obras";-20,31526144;-40,39567044
07/01/2023;04:15:00;ATALAIA;Deficiência do Sistema de Iluminação/Sinalização;Colisão traseira;Com Vítimas Feridas;Plena Noite;Crescente;Céu Claro;Simples;Reta;-9,49408508;-36,109717
07/01/2023;03:20:00;POUSO REDONDO;Velocidade Incompatível;Colisão frontal;Com Vítimas Feridas;Plena Noite;Crescente;Nublado;Simples;"Aclive;Curva";-27,25617;-49,938969
07/01/2023;04:40:00;PARA DE MINAS;Chuva;Saída de leito carroçável;Com Vítimas Feridas;Pleno dia;Crescente;Chuva;Dupla;Retorno Regulamentado;-19,88831848;-44,79548464
07/01/2023;04:23:00;COCALZINHO DE GOIAS;Neblina;Colisão traseira;Com Vítimas Feridas;Amanhecer;Crescente;Nevoeiro/Neblina;Simples;Reta;-15,75067958;-48,64470457
07/01/2023;05:20:00;TUBARAO;Ausência de reação do condutor;Tombamento;Com Vítimas Feridas;Amanhecer;Crescente;Céu Claro;Simples;Declive;-28,46016431;-48,98968873
06/01/2023;23:10:00;FERVEDOURO;Manobra de mudança de faixa;Colisão transversal;Com Vítimas Feridas;Plena Noite;Crescente;Chuva;Simples;Reta;-20,70304399;-42,27800019
07/01/2023;01:15:00;PARANAIBA;Ultrapassagem Indevida;Tombamento;Com Vítimas Feridas;Plena Noite;Crescente;Chuva;Simples;"Reta;Declive";-19,47795147;-51,30858284
07/01/2023;05:15:00;CAMPOS NOVOS;Velocidade Incompatível;Saída de leito carroçável;Com Vítimas Feridas;Amanhecer;Crescente;Nublado;Simples;Reta;-27,513157;-51,348293
07/01/2023;08:50:00;SANTO ANTONIO DA PATRULHA;Velocidade Incompatível;Saída de leito carroçável;Com Vítimas Feridas;Pleno dia;Decrescente;Céu Claro;Dupla;Reta;-29,874662;-50,397
07/01/2023;08:00:00;ITAMBACURI;Ultrapassagem Indevida;Saída de leito carroçável;Com Vítimas Feridas;Pleno dia;Crescente;Céu Claro;Simples;Curva;-18,03188584;-41,65290534
07/01/2023;08:00:00;CAMPINA GRANDE;Velocidade Incompatível;Saída de leito carroçável;Com Vítimas Feridas;Pleno dia;Decrescente;Céu Claro;Dupla;Curva;-7,2789;-35,7591
06/01/2023;19:30:00;PEIXOTO DE AZEVEDO;Ultrapassagem Indevida;Colisão transversal;Com Vítimas Feridas;Plena Noite;Crescente;Ignorado;Simples;Reta;-10,32534197;-55,03743014
07/01/2023;12:55:00;AGUAS MORNAS;Pista Escorregadia;Saída de leito carroçável;Com Vítimas Feridas;Pleno dia;Decrescente;Garoa/Chuvisco;Simples;Curva;-27,685799;-48,974514
07/01/2023;13:45:00;AGUAS LINDAS DE GOIAS;Avarias e/ou desgaste excessivo no pneu;Tombamento;Com Vítimas Feridas;Pleno dia;Crescente;Nublado;Dupla;Reta;-15,767021;-48,229945
07/01/2023;11:45:00;JOAO PINHEIRO;Velocidade Incompatível;Saída de leito carroçável;Com Vítimas Feridas;Pleno dia;Crescente;Céu Claro;Simples;Curva;-17,79832404;-46,13492109
07/01/2023;14:20:00;CAMPO GRANDE;Ausência de reação do condutor;Tombamento;Com Vítimas Feridas;Pleno dia;Crescente;Céu Claro;Simples;Aclive;-20,44290467;-54,54189956
07/01/2023;11:45:00;TANGUA;Pista Escorregadia;Saída de leito carroçável;Com Vítimas Feridas;Pleno dia;Decrescente;Chuva;Dupla;Aclive;-22,7316093;-42,71051285
07/01/2023;13:50:00;SAO JOSE DO CERRITO;Velocidade Incompatível;Tombamento;Com Vítimas Feridas;Pleno dia;Decrescente;Céu Claro;Simples;"Curva;Declive";-27,65589662;-50,5967617
07/01/2023;14:50:00;TERESOPOLIS;Velocidade Incompatível;Colisão frontal;Sem Vítimas;Pleno dia;Decrescente;Chuva;Simples;"Curva;Declive";-22,46643519;-43,00088701
07/01/2023;17:15:00;ITAJAI;Velocidade Incompatível;Queda de ocupante de veículo;Com Vítimas Feridas;Pleno dia;Decrescente;Céu Claro;Múltipla;Reta;-26,912758;-48,711998
07/01/2023;15:25:00;IMBITUBA;Falta de acostamento;Saída de leito carroçável;Com Vítimas Fatais;Pleno dia;Decrescente;Sol;Múltipla;Reta;-28,11011972;-48,70211279
07/01/2023;16:30:00;AMARANTE;Demais falhas mecânicas ou elétricas;Tombamento;Com Vítimas Feridas;Pleno dia;Crescente;Nublado;Simples;"Declive;Curva";-6,248091;-42,758327
07/01/2023;20:26:00;CAPAO DO LEAO;Demais falhas mecânicas ou elétricas;Tombamento;Com Vítimas Feridas;Plena Noite;Crescente;Nublado;Simples;Reta;-31,7470243;-52,40899728
07/01/2023;20:40:00;PETROLINA;Ultrapassagem Indevida;Colisão frontal;Com Vítimas Fatais;Plena Noite;Crescente;Céu Claro;Simples;Reta;-9,24429991;-40,42112617
07/01/2023;21:00:00;RAFAEL FERNANDES;Manobra de mudança de faixa;Colisão transversal;Com Vítimas Feridas;Plena Noite;Decrescente;Céu Claro;Simples;Reta;-6,17538396;-38,21372906
07/01/2023;17:30:00;FLORIANO;Ultrapassagem Indevida;Colisão lateral mesmo sentido;Com Vítimas Feridas;Pleno dia;Decrescente;Céu Claro;Dupla;Reta;-6,777731;-43,031559
07/01/2023;19:40:00;MURIAE;Chuva;Saída de leito carroçável;Com Vítimas Feridas;Plena Noite;Crescente;Chuva;Simples;"Aclive;Curva";-21,25250964;-42,40031915