data_inversa;horario;municipio;causa_acidente;tipo_acidente;classificacao_acidente;fase_dia;sentido_via;condicao_metereologica;tipo_pista;tracado_via;latitude;longitude
11/01/2023;12:15:00;MANGARATIBA;Pista esburacada;Queda de ocupante de veículo;Com Vítimas Feridas;Pleno dia;Crescente;Nublado;Simples;"Reta;Em Obras";-23,01670937;-44,10952856
11/01/2023;15:00:00;AIURUOCA;Velocidade Incompatível;Saída de leito carroçável;Com Vítimas Feridas;Pleno dia;Crescente;Chuva;Simples;Reta;-21,9289758;-44,62739711
11/01/2023;14:21:00;BRASILIA;Chuva;Colisão traseira;Com Vítimas Feridas;Pleno dia;Decrescente;Garoa/Chuvisco;Dupla;"Reta;Aclive";-15,679851;-47,832211
11/01/2023;15:45:00;CAETANOPOLIS;Velocidade Incompatível;Saída de leito carroçável;Com Vítimas Feridas;Pleno dia;Crescente;Chuva;Dupla;"Reta;Declive";-19,37630624;-44,33721542
11/01/2023;15:50:00;EMBU DAS ARTES;Ultrapassagem Indevida;Colisão lateral mesmo sentido;Com Vítimas Feridas;Pleno dia;Decrescente;Céu Claro;Múltipla;"Reta;Interseção de Vias";-23,65508497;-46,84918605
11/01/2023;14:50:00;ITABORAI;Manobra de mudança de faixa;Colisão lateral mesmo sentido;Com Vítimas Feridas;Pleno dia;Crescente;Garoa/Chuvisco;Dupla;Reta;-22,7584434;-42,89502344
11/01/2023;16:00:00;MAUA DA SERRA;Pista Escorregadia;Saída de leito carroçável;Com Vítimas Feridas;Pleno dia;Decrescente;Chuva;Dupla;Curva;-23,952969;-51,114033
11/01/2023;16:00:00;SEROPEDICA;Pista Escorregadia;Colisão com objeto;Com Vítimas Feridas;Pleno dia;Decrescente;Chuva;Dupla;Reta;-22,69772336;-43,69230509
11/01/2023;18:17:00;BRASILIA;Manobra de mudança de faixa;Engavetamento;Com Vítimas Feridas;Pleno dia;Crescente;Sol;Dupla;Reta;-15,797312;-48,176056
11/01/2023;12:35:00;SOBRAL;Chuva;Colisão frontal;Com Vítimas Fatais;Pleno dia;Decrescente;Chuva;Simples;"Reta;Aclive";-3,77215371;-40,12055223
11/01/2023;16:30:00;PORTO FRANCO;Manobra de mudança de faixa;Colisão lateral mesmo sentido;Com Vítimas Feridas;Pleno dia;Decrescente;Céu Claro;Simples;Reta;-6,517802;-47,389824
11/01/2023;18:30:00;ESTRELA DE ALAGOAS;Manobra de mudança de faixa;Colisão frontal;Com Vítimas Feridas;Plena Noite;Crescente;Céu Claro;Simples;Reta;-9,39510157;-36,73156493
11/01/2023;17:50:00;RECIFE;Acumulo de óleo sobre o pavimento;Tombamento;Com Vítimas Feridas;Anoitecer;Decrescente;Céu Claro;Dupla;Reta;-8,10146485;-34,94901577
11/01/2023;19:19:00;SAO CRISTOVAO;Afundamento ou ondulação no pavimento;Tombamento;Com Vítimas Feridas;Plena Noite;Crescente;Nublado;Dupla;"Reta;Retorno Regulamentado";-10,91774224;-37,16729183
11/01/2023;21:30:00;ANAPOLIS;Ausência de sinalização;Saída de leito carroçável;Com Vítimas Feridas;Plena Noite;Crescente;Céu Claro;Simples;"Reta;Declive";-16,221258;-49,013374
11/01/2023;19:00:00;POUSO ALEGRE;Pista esburacada;Eventos atípicos;Sem Vítimas;Anoitecer;Crescente;Chuva;Dupla;Reta;-22,38757269;-45,95265452
11/01/2023;22:00:00;MACAIBA;Obstrução na via;Queda de ocupante de veículo;Com Vítimas Feridas;Plena Noite;Decrescente;Ignorado;Simples;Reta;-5,86484905;-35,34931012
11/01/2023;21:20:00;SAO JOSE DOS CAMPOS;Manobra de mudança de faixa;Tombamento;Com Vítimas Feridas;Plena Noite;Decrescente;Nublado;Múltipla;Interseção de Vias;-23,21335525;-45,8930588
11/01/2023;17:24:00;COLINAS DO TOCANTINS;Demais falhas mecânicas ou elétricas;Tombamento;Com Vítimas Feridas;Pleno dia;Crescente;Céu Claro;Simples;Reta;-8,217812;-48,46415698
11/01/2023;15:50:00;NOSSA SENHORA DO LIVRAMENTO;Chuva;Saída de leito carroçável;Sem Vítimas;Pleno dia;Decrescente;Chuva;Simples;Curva;-15,67703033;-56,32792808
11/01/2023;15:00:00;CANUDOS;Ultrapassagem Indevida;Colisão frontal;Com Vítimas Fatais;Pleno dia;Crescente;Sol;Simples;"Aclive;Reta";-10,03501199;-39,15931172
12/01/2023;00:35:00;MAMBORE;Velocidade Incompatível;Saída de leito carroçável;Com Vítimas Feridas;Plena Noite;Crescente;Céu Claro;Simples;Interseção de Vias;-24,28219137;-52,54579609
12/01/2023;00:00:00;SAO JOAO DO SUL;Manobra de mudança de faixa;Saída de leito carroçável;Sem Vítimas;Plena Noite;Crescente;Ignorado;Dupla;Interseção de Vias;-29,239;-49,756
12/01/2023;07:00:00;JUIZ DE FORA;Pista Escorregadia;Tombamento;Com Vítimas Feridas;Pleno dia;Crescente;Garoa/Chuvisco;Simples;Curva;-21,82857001;-43,37364401
12/01/2023;07:00:00;CALDAS BRANDAO;Velocidade Incompatível;Capotamento;Com Vítimas Fatais;Pleno dia;Crescente;Céu Claro;Dupla;Curva;-7,1669;-35,3355
12/01/2023;08:00:00;CURITIBA;Demais falhas mecânicas ou elétricas;Tombamento;Com Vítimas Feridas;Pleno dia;Decrescente;Céu Claro;Dupla;"Reta;Aclive";-25,56857207;-49,31023179
12/01/2023;07:29:00;MOSSORO;Manobra de mudança de faixa;Colisão transversal;Com Vítimas Feridas;Pleno dia;Decrescente;Céu Claro;Dupla;Retorno Regulamentado;-5,21765225;-37,32869983
12/01/2023;08:15:00;MACAIBA;Manobra de mudança de faixa;Colisão traseira;Com Vítimas Feridas;Pleno dia;Decrescente;Céu Claro;Dupla;Reta;-5,87657067;-35,30647289
12/01/2023;08:50:00;SAO JOAO DA BARRA;Manobra de mudança de faixa;Queda de ocupante de veículo;Com Vítimas Feridas;Pleno dia;Crescente;Sol;Simples;Reta;-21,70969582;-41,14093103
12/01/2023;10:30:00;BRASILIA;Deficiência do Sistema de Iluminação/Sinalização;Colisão lateral mesmo sentido;Sem Vítimas;Pleno dia;Crescente;Nublado;Dupla;Interseção de Vias;-15,675205;-48,204636
12/01/2023;09:30:00;EXTREMA;Velocidade Incompatível;Colisão com objeto;Sem Vítimas;Pleno dia;Decrescente;Céu Claro;Dupla;"Curva;Declive";-22,81198015;-46,28431295
12/01/2023;08:30:00;CORUMBA;Acumulo de água sobre o pavimento;Colisão frontal;Com Vítimas Feridas;Pleno dia;Crescente;Chuva;Simples;Reta;-19,37787501;-57,52853394
12/01/2023;12:15:00;CAMPOS DOS GOYTACAZES;Velocidade Incompatível;Capotamento;Com Vítimas Feridas;Pleno dia;Crescente;Céu Claro;Simples;Reta;-21,781011;-41,373363
12/01/2023;12:30:00;DUQUE DE CAXIAS;Demais falhas na via;Tombamento;Com Vítimas Feridas;Pleno dia;Decrescente;Nublado;Múltipla;Reta;-22,691868;-43,287453
12/01/2023;11:05:00;UBIRATA;Velocidade Incompatível;Saída de leito carroçável;Com Vítimas Feridas;Pleno dia;Crescente;Chuva;Simples;Reta;-24,5396;-52,9474
12/01/2023;12:00:00;CAMBUI;Manobra de mudança de faixa;Colisão com objeto;Com Vítimas Feridas;Pleno dia;Crescente;Chuva;Dupla;Curva;-22,66069719;-46,08837789
12/01/2023;13:40:00;BARREIRAS;Reação tardia ou ineficiente do condutor;Tombamento;Com Vítimas Feridas;Pleno dia;Decrescente;Sol;Simples;Reta;-12,04796112;-44,9630617
12/01/2023;13:40:00;UBATUBA;Ausência de reação do condutor;Tombamento;Com Vítimas Feridas;Pleno dia;Decrescente;Céu Claro;Simples;Reta;-23,429897;-45,082436
12/01/2023;13:30:00;PAULISTA;Manobra de mudança de faixa;Colisão traseira;Com Vítimas Feridas;Pleno dia;Crescente;Céu Claro;Dupla;Reta;-7,92358799;-34,89607201
12/01/2023;15:00:00;ITAGUAI;Pista esburacada;Colisão traseira;Com Vítimas Feridas;Pleno dia;Crescente;Céu Claro;Dupla;"Curva;Interseção de Vias";-22,88125598;-43,82592201
12/01/2023;16:00:00;DOMINGOS MARTINS;Ultrapassagem Indevida;Colisão lateral mesmo sentido;Com Vítimas Feridas;Pleno dia;Decrescente;Garoa/Chuvisco;Simples;"Curva;Declive";-20,3826388;-40,60330291
12/01/2023;11:45:00;GOVERNADOR VALADARES;Velocidade Incompatível;Saída de leito carroçável;Com Vítimas Feridas;Pleno dia;Crescente;Chuva;Simples;Curva;-18,72499706;-41,98860609
12/01/2023;12:30:00;ANCHIETA;Pista Escorregadia;Capotamento;Com Vítimas Feridas;Pleno dia;Decrescente;Nublado;Simples;Curva;-20,72058178;-40,73858925
12/01/2023;15:30:00;OIAPOQUE;Pista esburacada;Saída de leito carroçável;Com Vítimas Feridas;Pleno dia;Crescente;Chuva;Simples;Aclive;3,7888841;-51,785231
12/01/2023;18:30:00;LAPA;Chuva;Colisão frontal;Com Vítimas Feridas;Anoitecer;Crescente;Chuva;Simples;Reta;-25,776426;-49,774784
12/01/2023;10:30:00;BELO ORIENTE;Velocidade Incompatível;Colisão lateral sentido oposto;Com Vítimas Feridas;Pleno dia;Decrescente;Nublado;Simples;Reta;-19,32412065;-42,41550504
12/01/2023;18:45:00;ITATIAIA;Acumulo de água sobre o pavimento;Colisão com objeto;Com Vítimas Feridas;Plena Noite;Crescente;Chuva;Dupla;"Reta;Aclive";-22,504513;-44,603971
12/01/2023;16:45:00;FERREIRA GOMES;Chuva;Saída de leito carroçável;Com Vítimas Feridas;Pleno dia;Crescente;Chuva;Simples;Curva;0,815036;-51,206306
12/01/2023;21:05:00;CONTAGEM;Objeto estático sobre o leito carroçável;Tombamento;Com Vítimas Feridas;Plena Noite;Decrescente;Céu Claro;Dupla;Reta;-19,87353363;-44,05494159
12/01/2023;21:20:00;SAO JOSE DOS CAMPOS;Reação tardia ou ineficiente do condutor;Tombamento;Com Vítimas Feridas;Plena Noite;Crescente;Nublado;Dupla;Reta;-23,144484;-45,77018
13/01/2023;00:30:00;PORTO VELHO;Reação tardia ou ineficiente do condutor;Tombamento;Com Vítimas Feridas;Plena Noite;Crescente;Céu Claro;Múltipla;Reta;-8,78516284;-63,85904074
13/01/2023;05:57:00;GUARULHOS;Pista Escorregadia;Queda de ocupante de veículo;Com Vítimas Feridas;Pleno dia;Decrescente;Garoa/Chuvisco;Múltipla;Reta;-23,48071896;-46,53271603
13/01/2023;07:00:00;SAO JOSE;Ausência de reação do condutor;Tombamento;Com Vítimas Feridas;Pleno dia;Crescente;Céu Claro;Múltipla;Reta;-27,602955;-48,580509
13/01/2023;05:30:00;SAO MIGUEL DO IGUACU;Velocidade Incompatível;Saída de leito carroçável;Com Vítimas Feridas;Plena Noite;Decrescente;Céu Claro;Dupla;Reta;-25,36548869;-54,25774634
13/01/2023;06:30:00;SAO JOAO DE MERITI;Manobra de mudança de faixa;Colisão lateral mesmo sentido;Com Vítimas Feridas;Pleno dia;Decrescente;Céu Claro;Múltipla;Reta;-22,80188151;-43,35043673
13/01/2023;06:45:00;RECIFE;Reação tardia ou ineficiente do condutor;Tombamento;Com Vítimas Feridas;Pleno dia;Decrescente;Céu Claro;Dupla;Reta;-8,112234;-34,94565
13/01/2023;07:32:00;RIBEIRAO VERMELHO;Pista esburacada;Queda de ocupante de veículo;Com Vítimas Feridas;Pleno dia;Crescente;Nublado;Dupla;Reta;-21,19177791;-45,11670723
13/01/2023;08:27:00;SAO JOSE;Reação tardia ou ineficiente do condutor;Tombamento;Com Vítimas Feridas;Pleno dia;Crescente;Céu Claro;Dupla;Viaduto;-27,61000542;-48,63895057
13/01/2023;10:45:00;RIO NEGRO;Pista Escorregadia;Tombamento;Com Vítimas Feridas;Pleno dia;Crescente;Céu Claro;Simples;Interseção de Vias;-26,07620916;-49,75230908
13/01/2023;09:15:00;JOINVILLE;Velocidade Incompatível;Queda de ocupante de veículo;Com Vítimas Feridas;Pleno dia;Crescente;Céu Claro;Simples;"Aclive;Curva";-26,25708872;-48,90632629
13/01/2023;11:09:00;AGUA BOA;Ultrapassagem Indevida;Colisão lateral mesmo sentido;Com Vítimas Feridas;Pleno dia;Decrescente;Nublado;Simples;"Reta;Ponte";-14,31304901;-52,16903061
13/01/2023;12:43:00;PALHOCA;Demais falhas mecânicas ou elétricas;Tombamento;Com Vítimas Feridas;Pleno dia;Decrescente;Céu Claro;Dupla;Reta;-27,73292191;-48,6409567
13/01/2023;13:15:00;COLOMBO;Manobra de mudança de faixa;Tombamento;Com Vítimas Feridas;Pleno dia;Crescente;Céu Claro;Dupla;Reta;-25,389;-49,1867
13/01/2023;13:15:00;MATO CASTELHANO;Acumulo de água sobre o pavimento;Saída de leito carroçável;Com Vítimas Feridas;Pleno dia;Crescente;Chuva;Simples;Curva;-28,30312;-52,127029
13/01/2023;12:45:00;PIRAQUARA;Ultrapassagem Indevida;Saída de leito carroçável;Com Vítimas Feridas;Pleno dia;Decrescente;Céu Claro;Dupla;Reta;-25,39030098;-49,05511906
13/01/2023;14:10:00;FEIRA DE SANTANA;Manobra de mudança de faixa;Colisão lateral mesmo sentido;Com Vítimas Feridas;Pleno dia;Crescente;Céu Claro;Dupla;Reta;-12,159639;-38,9648641
13/01/2023;14:30:00;MATEUS LEME;Ausência de reação do condutor;Tombamento;Com Vítimas Feridas;Pleno dia;Crescente;Chuva;Dupla;"Declive;Curva";-19,9209967;-44,4700283
13/01/2023;15:15:00;BETIM;Manobra de mudança de faixa;Tombamento;Com Vítimas Feridas;Pleno dia;Crescente;Nublado;Dupla;"Declive;Curva";-19,95594491;-44,10721699
13/01/2023;14:00:00;BLUMENAU;Demais falhas na via;Tombamento;Com Vítimas Feridas;Pleno dia;Decrescente;Céu Claro;Simples;"Em Obras;Reta";-26,859823;-49,055393
13/01/2023;16:00:00;BRASILIA;Chuva;Colisão com objeto;Com Vítimas Feridas;Pleno dia;Não Informado;Chuva;Dupla;"Curva;Viaduto;Aclive";-15,92768285;-47,97850728
13/01/2023;12:30:00;GUAPO;Manobra de mudança de faixa;Colisão lateral mesmo sentido;Sem Vítimas;Pleno dia;Decrescente;Sol;Dupla;Reta;-16,9153;-49,6608
13/01/2023;15:50:00;CURITIBA;Reação tardia ou ineficiente do condutor;Tombamento;Com Vítimas Feridas;Pleno dia;Crescente;Nublado;Dupla;Reta;-25,51408786;-49,33726669
13/01/2023;16:00:00;CEZARINA;Acumulo de água sobre o pavimento;Saída de leito carroçável;Sem Vítimas;Pleno dia;Crescente;Chuva;Dupla;Reta;-16,9515;-49,7014
13/01/2023;17:05:00;SAO LEOPOLDO;Acumulo de água sobre o pavimento;Colisão com objeto;Com Vítimas Feridas;Pleno dia;Crescente;Chuva;Dupla;Viaduto;-29,79148798;-51,16399615
13/01/2023;16:50:00;NOSSA SENHORA DO SOCORRO;Manobra de mudança de faixa;Capotamento;Com Vítimas Feridas;Pleno dia;Decrescente;Nublado;Dupla;Curva;-10,91774224;-37,16729183
13/01/2023;17:00:00;SAO GONCALO DO SAPUCAI;Velocidade Incompatível;Colisão com objeto;Com Vítimas Feridas;Pleno dia;Decrescente;Nublado;Dupla;Reta;-21,91423627;-45,57892692
13/01/2023;15:00:00;ITAJA;Ultrapassagem Indevida;Colisão lateral sentido oposto;Com Vítimas Feridas;Pleno dia;Crescente;Céu Claro;Simples;Reta;-5,65843358;-36,77125997
13/01/2023;12:50:00;CORBELIA;Chuva;Colisão frontal;Com Vítimas Feridas;Pleno dia;Decrescente;Chuva;Simples;"Curva;Declive";-24,6524;-53,2195
13/01/2023;18:40:00;SAO LOURENCO DO SUL;Velocidade Incompatível;Saída de leito carroçável;Com Vítimas Feridas;Pleno dia;Crescente;Chuva;Dupla;Curva;-31,20500401;-52,01944702
13/01/2023;18:00:00;JACAREZINHO;Velocidade Incompatível;Colisão frontal;Sem Vítimas;Anoitecer;Crescente;Chuva;Simples;Curva;-23,17310336;-49,97240066
13/01/2023;18:20:00;TARTARUGALZINHO;Curva acentuada;Saída de leito carroçável;Sem Vítimas;Anoitecer;Crescente;Garoa/Chuvisco;Simples;Curva;1,43209182;-50,90269793
13/01/2023;19:20:00;GUARULHOS;Manobra de mudança de faixa;Colisão lateral mesmo sentido;Com Vítimas Feridas;Plena Noite;Decrescente;Céu Claro;Dupla;Reta;-23,45056589;-46,46258105
13/01/2023;19:00:00;PALHOCA;Ausência de reação do condutor;Tombamento;Com Vítimas Feridas;Anoitecer;Crescente;Nublado;Múltipla;Reta;-27,64443;-48,67057
13/01/2023;16:30:00;SALVADOR;Acumulo de areia ou detritos sobre o pavimento;Queda de ocupante de veículo;Com Vítimas Feridas;Pleno dia;Crescente;Céu Claro;Múltipla;Curva;-12,91888605;-38,46502095
13/01/2023;15:30:00;ABADIANIA;Velocidade Incompatível;Saída de leito carroçável;Sem Vítimas;Pleno dia;Crescente;Chuva;Simples;"Reta;Aclive";-16,00900392;-48,84163082
13/01/2023;19:50:00;RONDONOPOLIS;Chuva;Tombamento;Com Vítimas Feridas;Plena Noite;Crescente;Chuva;Dupla;Reta;-16,4229595;-54,70116159
13/01/2023;21:10:00;PETROPOLIS;Velocidade Incompatível;Colisão com objeto;Com Vítimas Feridas;Plena Noite;Crescente;Chuva;Dupla;Curva;-22,44906429;-43,19987784
13/01/2023;22:30:00;BELA VISTA DE MINAS;Velocidade Incompatível;Tombamento;Com Vítimas Feridas;Plena Noite;Crescente;Garoa/Chuvisco;Simples;"Curva;Aclive";-19,84393441;-43,10164511
13/01/2023;23:40:00;UBERLANDIA;Chuva;Saída de leito carroçável;Com Vítimas Feridas;Plena Noite;Decrescente;Chuva;Dupla;Reta;-18,86887952;-48,25481772
13/01/2023;23:40:00;JI-PARANA;Manobra de mudança de faixa;Queda de ocupante de veículo;Com Vítimas Feridas;Plena Noite;Decrescente;Céu Claro;Dupla;Reta;-10,87952045;-61,94400787
14/01/2023;02:30:00;RIBEIRAO DAS NEVES;Velocidade Incompatível;Saída de leito carroçável;Sem Vítimas;Plena Noite;Crescente;Chuva;Dupla;"Reta;Declive";-19,77463885;-44,12321882
14/01/2023;07:35:00;RECIFE;Pista esburacada;Tombamento;Com Vítimas Feridas;Pleno dia;Crescente;Nublado;Simples;"Aclive;Curva";-8,077014;-34,943227
14/01/2023;07:00:00;SAO PAULO;Acumulo de água sobre o pavimento;Colisão traseira;Com Vítimas Feridas;Pleno dia;Decrescente;Chuva;Múltipla;Reta;-23,45930499;-46,57161179
14/01/2023;09:00:00;CAETANOPOLIS;Avarias e/ou desgaste excessivo no pneu;Tombamento;Com Vítimas Feridas;Pleno dia;Decrescente;Céu Claro;Dupla;Reta;-19,301651;-44,377922
14/01/2023;07:00:00;JOAO MONLEVADE;Acumulo de água sobre o pavimento;Saída de leito carroçável;Com Vítimas Feridas;Amanhecer;Crescente;Chuva;Simples;Curva;-19,85407113;-43,13180602
14/01/2023;10:40:00;SAO GONCALO;Velocidade Incompatível;Colisão traseira;Com Vítimas Feridas;Pleno dia;Crescente;Céu Claro;Múltipla;Reta;-22,80062246;-43,05318779
14/01/2023;10:15:00;IBAITI;Manobra de mudança de faixa;Colisão transversal;Com Vítimas Feridas;Pleno dia;Crescente;Céu Claro;Simples;Reta;-23,87002672;-50,20241747
14/01/2023;12:00:00;TAUBATE;Manobra de mudança de faixa;Colisão lateral mesmo sentido;Com Vítimas Feridas;Pleno dia;Decrescente;Céu Claro;Dupla;Reta;-23,0582298;-45,6176951
14/01/2023;11:09:00;IGARASSU;Manobra de mudança de faixa;Colisão traseira;Com Vítimas Feridas;Pleno dia;Crescente;Céu Claro;Dupla;Reta;-7,85637001;-34,90842109
14/01/2023;13:25:00;UBATUBA;Ultrapassagem Indevida;Colisão lateral mesmo sentido;Com Vítimas Feridas;Pleno dia;Crescente;Sol;Simples;Interseção de Vias;-23,42242345;-45,07301509
14/01/2023;08:10:00;POSSE;Ultrapassagem Indevida;Colisão frontal;Com Vítimas Fatais;Pleno dia;Crescente;Céu Claro;Simples;Declive;-14,270616;-46,389462
14/01/2023;12:40:00;ILHEUS;Velocidade Incompatível;Colisão traseira;Com Vítimas Feridas;Pleno dia;Crescente;Céu Claro;Simples;Reta;-14,8482;-39,281986
14/01/2023;12:30:00;CAARAPO;Ultrapassagem Indevida;Saída de leito carroçável;Sem Vítimas;Pleno dia;Decrescente;Céu Claro;Simples;Reta;-22,55457404;-54,83263605
14/01/2023;13:50:00;ITAPEMA;Reação tardia ou ineficiente do condutor;Tombamento;Com Vítimas Feridas;Pleno dia;Decrescente;Sol;Dupla;"Reta;Aclive";-27,08139206;-48,60130993
14/01/2023;09:30:00;PIRACANJUBA;Velocidade Incompatível;Saída de leito carroçável;Com Vítimas Feridas;Pleno dia;Decrescente;Céu Claro;Dupla;Reta;-17,4593;-49,2227
14/01/2023;11:00:00;SAO FRANCISCO DO SUL;Demais falhas na via;Queda de ocupante de veículo;Com Vítimas Feridas;Pleno dia;Crescente;Sol;Simples;Reta;-26,35609813;-48,66029868
14/01/2023;15:06:00;SEROPEDICA;Pista esburacada;Saída de leito carroçável;Com Vítimas Feridas;Pleno dia;Decrescente;Céu Claro;Dupla;Reta;-22,756307;-43,730782
14/01/2023;16:20:00;BIGUACU;Reação tardia ou ineficiente do condutor;Tombamento;Com Vítimas Feridas;Pleno dia;Crescente;Nublado;Dupla;Reta;-27,45123421;-48,63370766
14/01/2023;14:00:00;JUIZ DE FORA;Velocidade Incompatível;Saída de leito carroçável;Com Vítimas Feridas;Pleno dia;Crescente;Céu Claro;Simples;Curva;-21,78016551;-43,29787711
14/01/2023;17:10:00;BIGUACU;Reação tardia ou ineficiente do condutor;Tombamento;Com Vítimas Feridas;Pleno dia;Crescente;Nublado;Dupla;Reta;-27,49815117;-48,65661236
14/01/2023;16:50:00;ANAPOLIS;Manobra de mudança de faixa;Colisão transversal;Com Vítimas Feridas;Pleno dia;Crescente;Nublado;Dupla;Reta;-16,3774;-48,9483
14/01/2023;14:00:00;ARIQUEMES;Manobra de mudança de faixa;Saída de leito carroçável;Sem Vítimas;Pleno dia;Crescente;Céu Claro;Dupla;Reta;-9,90688101;-63,05581217
14/01/2023;18:00:00;SAO JOSE DOS CAMPOS;Chuva;Queda de ocupante de veículo;Com Vítimas Feridas;Anoitecer;Crescente;Chuva;Múltipla;Reta;-23,20067421;-45,8795018
14/01/2023;19:25:00;GUAPIMIRIM;Velocidade Incompatível;Colisão com objeto;Com Vítimas Fatais;Plena Noite;Crescente;Nublado;Simples;Curva;-22,46643519;-43,00088701
14/01/2023;18:10:00;MANDAGUARI;Pista Escorregadia;Saída de leito carroçável;Com Vítimas Feridas;Pleno dia;Decrescente;Ignorado;Dupla;Curva;-23,5808343;-51,65143895
14/01/2023;18:30:00;SAO PAULO;Ausência de reação do condutor;Tombamento;Com Vítimas Feridas;Pleno dia;Crescente;Sol;Dupla;"Reta;Aclive;Viaduto";-23,449343;-46,56983501
14/01/2023;19:00:00;MARINGA;Velocidade Incompatível;Saída de leito carroçável;Com Vítimas Feridas;Plena Noite;Crescente;Sol;Dupla;Reta;-23,43197477;-51,88671852
14/01/2023;19:00:00;JACAREI;Ausência de reação do condutor;Tombamento;Com Vítimas Feridas;Plena Noite;Decrescente;Nublado;Dupla;Reta;-23,26585409;-45,95983994
14/01/2023;20:25:00;BETIM;Ultrapassagem Indevida;Colisão traseira;Com Vítimas Feridas;Plena Noite;Decrescente;Céu Claro;Dupla;Reta;-19,985563;-44,20318
14/01/2023;19:45:00;COLOMBO;Ausência de reação do condutor;Tombamento;Com Vítimas Feridas;Plena Noite;Crescente;Nublado;Dupla;Reta;-25,3755;-49,1496
14/01/2023;20:20:00;URAI;Chuva;Tombamento;Com Vítimas Feridas;Plena Noite;Decrescente;Chuva;Dupla;Reta;-23,2647277;-50,78752041
14/01/2023;07:40:00;TUCANO;Pista esburacada;Saída de leito carroçável;Com Vítimas Feridas;Pleno dia;Decrescente;Céu Claro;Simples;"Reta;Declive";-10,82265617;-38,86792634
14/01/2023;17:20:00;PORTO UNIAO;Reação tardia ou ineficiente do condutor;Tombamento;Com Vítimas Feridas;Pleno dia;Crescente;Chuva;Simples;"Reta;Interseção de Vias";-26,27999553;-51,05063229
14/01/2023;22:00:00;MORRO REUTER;Ultrapassagem Indevida;Colisão transversal;Com Vítimas Feridas;Plena Noite;Decrescente;Nublado;Simples;Rotatória;-29,54396389;-51,08555876
14/01/2023;23:00:00;AURELINO LEAL;Acumulo de água sobre o pavimento;Saída de leito carroçável;Com Vítimas Feridas;Plena Noite;Decrescente;Chuva;Simples;Reta;-14,31811383;-39,31466103
14/01/2023;18:36:00;PENHA;Manobra de mudança de faixa;Colisão lateral mesmo sentido;Com Vítimas Feridas;Anoitecer;Crescente;Nublado;Dupla;Reta;-26,8184118;-48,6834102
14/01/2023;22:50:00;LINHARES;Afundamento ou ondulação no pavimento;Queda de ocupante de veículo;Com Vítimas Feridas;Plena Noite;Crescente;Céu Claro;Dupla;"Rotatória;Interseção de Vias";-19,34286596;-40,0638568
14/01/2023;23:00:00;DUQUE DE CAXIAS;Velocidade Incompatível;Saída de leito carroçável;Com Vítimas Fatais;Plena Noite;Decrescente;Céu Claro;Múltipla;Reta;-22,672089;-43,285053
15/01/2023;00:15:00;CAMPINA GRANDE;Ausência de sinalização;Tombamento;Com Vítimas Feridas;Plena Noite;Decrescente;Céu Claro;Simples;"Curva;Desvio Temporário";-7,28120589;-35,88915693
14/01/2023;23:50:00;ITAGUAI;Deficiência do Sistema de Iluminação/Sinalização;Saída de leito carroçável;Com Vítimas Feridas;Plena Noite;Decrescente;Céu Claro;Dupla;Reta;-22,8483707;-43,76952338
14/01/2023;22:46:00;CAMPOS NOVOS;Velocidade Incompatível;Saída de leito carroçável;Com Vítimas Feridas;Plena Noite;Crescente;Chuva;Simples;"Aclive;Curva";-27,344725;-51,000042
15/01/2023;00:00:00;SAO JOSE DOS CAMPOS;Reação tardia ou ineficiente do condutor;Tombamento;Com Vítimas Feridas;Plena Noite;Crescente;Garoa/Chuvisco;Dupla;"Reta;Declive";-23,1869844;-45,8548078
15/01/2023;00:55:00;TOLEDO;Pista Escorregadia;Queda de ocupante de veículo;Com Vítimas Feridas;Plena Noite;Crescente;Céu Claro;Dupla;Viaduto;-24,69499806;-53,74153005
14/01/2023;15:04:00;SAO CRISTOVAO;Obstrução na via;Tombamento;Com Vítimas Feridas;Pleno dia;Crescente;Sol;Dupla;Curva;-10,95275718;-37,21920991
15/01/2023;00:30:00;JUAZEIRO;Ausência de reação do condutor;Tombamento;Com Vítimas Fatais;Plena Noite;Decrescente;Céu Claro;Simples;Reta;-9,46406081;-40,48272061
15/01/2023;00:10:00;FRUTAL;Manobra de mudança de faixa;Colisão lateral sentido oposto;Com Vítimas Feridas;Plena Noite;Crescente;Nublado;Simples;"Reta;Ponte";-20,104629;-48,73885
15/01/2023;03:00:00;JUQUIA;Avarias e/ou desgaste excessivo no pneu;Tombamento;Com Vítimas Feridas;Plena Noite;Crescente;Céu Claro;Dupla;Reta;-24,32873462;-47,57541707
15/01/2023;02:20:00;UBAPORANGA;Velocidade Incompatível;Capotamento;Com Vítimas Feridas;Plena Noite;Decrescente;Céu Claro;Simples;"Ponte;Curva";-19,68778501;-42,11758577
15/01/2023;05:10:00;TAUBATE;Reação tardia ou ineficiente do condutor;Tombamento;Sem Vítimas;Pleno dia;Decrescente;Céu Claro;Simples;Curva;-23,0233097;-45,53763622
15/01/2023;06:06:00;IBIRAMA;Chuva;Saída de leito carroçável;Com Vítimas Feridas;Amanhecer;Crescente;Chuva;Simples;"Curva;Aclive";-27,10619059;-49,52186108
15/01/2023;06:30:00;PAUDALHO;Ausência de sinalização;Colisão traseira;Com Vítimas Feridas;Pleno dia;Decrescente;Chuva;Dupla;"Reta;Aclive";-7,88298505;-35,18197309
15/01/2023;06:00:00;CAREACU;Pista esburacada;Saída de leito carroçável;Com Vítimas Feridas;Pleno dia;Crescente;Céu Claro;Dupla;"Curva;Aclive";-22,0934877;-45,71077521