data_inversa;horario;municipio;causa_acidente;tipo_acidente;classificacao_acidente;fase_dia;sentido_via;condicao_metereologica;tipo_pista;tracado_via;latitude;longitude
24/01/2023;22:10:00;JUIZ DE FORA;Chuva;Saída de leito carroçável;Sem Vítimas;Plena Noite;Crescente;Chuva;Dupla;Reta;-21,79926451;-43,40729012
25/01/2023;05:45:00;FORQUILHA;Velocidade Incompatível;Saída de leito carroçável;Com Vítimas Feridas;Pleno dia;Decrescente;Chuva;Simples;Curva;-3,7883359;-40,28192391
22/01/2023;18:30:00;SERRA;Pista Escorregadia;Queda de ocupante de veículo;Com Vítimas Feridas;Plena Noite;Crescente;Chuva;Dupla;Reta;-20,20842;-40,269405
25/01/2023;07:10:00;BETIM;Velocidade Incompatível;Colisão traseira;Com Vítimas Feridas;Pleno dia;Crescente;Céu Claro;Múltipla;"Reta;Declive";-20,00483625;-44,21367172
21/01/2023;08:05:00;TEOFILO OTONI;Ultrapassagem Indevida;Saída de leito carroçável;Com Vítimas Feridas;Pleno dia;Decrescente;Céu Claro;Simples;Reta;-17,98144887;-41,55430919
25/01/2023;07:30:00;PARNAMIRIM;Condutor deixou de manter distância do veículo da frente;Queda de ocupante de veículo;Com Vítimas Feridas;Pleno dia;Crescente;Céu Claro;Dupla;"Reta;Aclive";-5,92825102;-35,26465683
21/01/2023;13:30:00;LINDOESTE;Acumulo de água sobre o pavimento;Saída de leito carroçável;Com Vítimas Feridas;Pleno dia;Decrescente;Chuva;Dupla;Declive;-25,20861096;-53,59772964
25/01/2023;07:40:00;SAO JOSE DOS PINHAIS;Manobra de mudança de faixa;Colisão lateral mesmo sentido;Com Vítimas Feridas;Pleno dia;Crescente;Sol;Dupla;Reta;-25,51327981;-49,12433291
21/01/2023;13:50:00;CAPAO DO LEAO;Ausência de reação do condutor;Tombamento;Com Vítimas Feridas;Pleno dia;Crescente;Céu Claro;Simples;Reta;-31,799409;-52,492569
21/01/2023;20:30:00;MARINGA;Reação tardia ou ineficiente do condutor;Tombamento;Com Vítimas Feridas;Plena Noite;Crescente;Céu Claro;Dupla;Reta;-23,43684112;-51,87880764
21/01/2023;10:30:00;JUATUBA;Velocidade Incompatível;Saída de leito carroçável;Com Vítimas Feridas;Pleno dia;Decrescente;Chuva;Dupla;Reta;-19,94800688;-44,38150406
25/01/2023;07:00:00;SOMBRIO;Demais falhas mecânicas ou elétricas;Tombamento;Com Vítimas Feridas;Pleno dia;Decrescente;Céu Claro;Múltipla;Reta;-29,10817487;-49,63739835
21/01/2023;12:10:00;CRISTIANO OTONI;Velocidade Incompatível;Colisão com objeto;Com Vítimas Feridas;Pleno dia;Decrescente;Chuva;Dupla;"Curva;Declive";-20,87951976;-43,80065268
21/01/2023;11:30:00;SANTO ANTONIO DO AMPARO;Chuva;Colisão com objeto;Com Vítimas Feridas;Pleno dia;Crescente;Chuva;Dupla;"Curva;Declive";-20,946019;-44,881606
21/01/2023;11:40:00;OURO PRETO DO OESTE;Pista esburacada;Queda de ocupante de veículo;Com Vítimas Feridas;Pleno dia;Decrescente;Sol;Simples;Reta;-10,73029115;-62,22943647
25/01/2023;10:30:00;ABREU E LIMA;Acumulo de areia ou detritos sobre o pavimento;Tombamento;Com Vítimas Feridas;Pleno dia;Crescente;Sol;Múltipla;Reta;-7,9005152;-34,90180641
25/01/2023;10:50:00;ARAGUARI;Chuva;Saída de leito carroçável;Com Vítimas Feridas;Pleno dia;Decrescente;Chuva;Dupla;Reta;-18,64832;-48,13324
21/01/2023;21:00:00;ITAPUA DO OESTE;Ultrapassagem Indevida;Colisão frontal;Com Vítimas Feridas;Plena Noite;Decrescente;Céu Claro;Simples;Reta;-9,25742194;-63,16233977
21/01/2023;14:15:00;MIRACATU;Velocidade Incompatível;Queda de ocupante de veículo;Com Vítimas Feridas;Pleno dia;Crescente;Sol;Dupla;Curva;-24,25403017;-47,37599945
25/01/2023;11:50:00;PENHA;Ausência de reação do condutor;Tombamento;Com Vítimas Feridas;Pleno dia;Crescente;Sol;Dupla;Curva;-26,80215497;-48,67891041
22/01/2023;06:30:00;LONDRINA;Velocidade Incompatível;Saída de leito carroçável;Sem Vítimas;Pleno dia;Decrescente;Céu Claro;Dupla;Reta;-23,293555;-51,112012
21/01/2023;19:40:00;LINHARES;Semáforo com defeito;Colisão transversal;Com Vítimas Feridas;Plena Noite;Decrescente;Nublado;Simples;Reta;-19,35188295;-40,0636685
25/01/2023;13:00:00;BETIM;Ausência de reação do condutor;Tombamento;Com Vítimas Feridas;Pleno dia;Crescente;Sol;Múltipla;Reta;-19,95981613;-44,15458918
25/01/2023;12:00:00;NOVA ANDRADINA;Avarias e/ou desgaste excessivo no pneu;Tombamento;Com Vítimas Feridas;Pleno dia;Crescente;Céu Claro;Dupla;Reta;-22,30822281;-53,39668524
21/01/2023;10:50:00;DOMINGOS MARTINS;Velocidade Incompatível;Colisão lateral sentido oposto;Com Vítimas Feridas;Pleno dia;Crescente;Chuva;Simples;"Curva;Declive";-20,41279327;-40,90834307
21/01/2023;20:15:00;IBATIBA;Velocidade Incompatível;Saída de leito carroçável;Com Vítimas Fatais;Plena Noite;Crescente;Chuva;Simples;"Reta;Declive";-20,23880893;-41,40054411
25/01/2023;14:00:00;ALHANDRA;Demais falhas mecânicas ou elétricas;Tombamento;Com Vítimas Feridas;Pleno dia;Crescente;Céu Claro;Dupla;Reta;-7,36122197;-34,95184711
25/01/2023;11:35:00;GOVERNADOR VALADARES;Pista esburacada;Colisão lateral mesmo sentido;Com Vítimas Feridas;Pleno dia;Decrescente;Nublado;Simples;"Reta;Aclive";-18,75570099;-41,98568765
25/01/2023;14:30:00;ENTRE-IJUIS;Ingestão de álcool pelo condutor;Tombamento;Com Vítimas Feridas;Pleno dia;Crescente;Céu Claro;Simples;Interseção de Vias;-28,378;-54,2629
25/01/2023;08:45:00;ITAJAI;Manobra de mudança de faixa;Colisão lateral mesmo sentido;Com Vítimas Feridas;Pleno dia;Decrescente;Céu Claro;Dupla;Reta;-26,9043179;-48,71555481
21/01/2023;23:00:00;CURITIBA;Avarias e/ou desgaste excessivo no pneu;Tombamento;Com Vítimas Feridas;Plena Noite;Crescente;Nublado;Dupla;"Reta;Declive";-25,59623231;-49,31659698
21/01/2023;20:00:00;ESTANCIA;Deficiência do Sistema de Iluminação/Sinalização;Colisão transversal;Com Vítimas Fatais;Plena Noite;Crescente;Céu Claro;Simples;Reta;-11,27427138;-37,44811177
25/01/2023;15:35:00;OLIVEIRA;Velocidade Incompatível;Colisão lateral mesmo sentido;Com Vítimas Feridas;Pleno dia;Decrescente;Céu Claro;Dupla;Reta;-20,65861706;-44,73695366
24/01/2023;08:00:00;MARACAJA;Manobra de mudança de faixa;Colisão lateral mesmo sentido;Com Vítimas Feridas;Pleno dia;Crescente;Céu Claro;Dupla;Reta;-28,902825;-49,47715
21/01/2023;18:35:00;GUARULHOS;Velocidade Incompatível;Colisão transversal;Com Vítimas Feridas;Anoitecer;Crescente;Céu Claro;Múltipla;Interseção de Vias;-23,43608315;-46,42805094
25/01/2023;16:10:00;RIO VERDE;Pista Escorregadia;Saída de leito carroçável;Com Vítimas Feridas;Pleno dia;Decrescente;Chuva;Dupla;"Reta;Declive";-17,8244;-51,0172
21/01/2023;10:40:00;PETROPOLIS;Velocidade Incompatível;Capotamento;Com Vítimas Feridas;Pleno dia;Crescente;Chuva;Simples;"Curva;Declive";-22,48485874;-43,22843406
25/01/2023;18:10:00;MARINGA;Manobra de mudança de faixa;Colisão lateral mesmo sentido;Com Vítimas Feridas;Pleno dia;Crescente;Céu Claro;Dupla;"Retorno Regulamentado;Reta";-23,41273876;-51,94449663
25/01/2023;16:40:00;FORQUILHA;Velocidade Incompatível;Colisão com objeto;Com Vítimas Feridas;Pleno dia;Crescente;Chuva;Simples;Reta;-3,781798;-40,230502
21/01/2023;19:00:00;CAETE;Deficiência do Sistema de Iluminação/Sinalização;Saída de leito carroçável;Com Vítimas Feridas;Plena Noite;Crescente;Céu Claro;Simples;Reta;-19,77712975;-43,65501412
25/01/2023;17:40:00;ALTO PARAISO;Pista esburacada;Colisão traseira;Sem Vítimas;Anoitecer;Decrescente;Céu Claro;Simples;"Reta;Declive";-9,48656987;-63,09585109
23/01/2023;02:20:00;ITAITUBA;Ausência de reação do condutor;Tombamento;Com Vítimas Feridas;Plena Noite;Decrescente;Nevoeiro/Neblina;Simples;"Declive;Reta";-4,38802848;-55,8810482
25/01/2023;22:40:00;BETIM;Avarias e/ou desgaste excessivo no pneu;Tombamento;Com Vítimas Feridas;Plena Noite;Decrescente;Céu Claro;Dupla;"Curva;Declive";-19,96825;-44,198708
26/01/2023;02:30:00;BALNEARIO CAMBORIU;Acessar a via sem observar a presença dos outros veículos;Tombamento;Com Vítimas Feridas;Plena Noite;Crescente;Nublado;Múltipla;Reta;-26,98064277;-48,6790679
25/01/2023;14:40:00;NITEROI;Manobra de mudança de faixa;Colisão lateral mesmo sentido;Com Vítimas Feridas;Pleno dia;Crescente;Céu Claro;Múltipla;Reta;-22,878923;-43,110676
26/01/2023;05:42:00;AGUAS LINDAS DE GOIAS;Acumulo de areia ou detritos sobre o pavimento;Colisão traseira;Com Vítimas Feridas;Amanhecer;Decrescente;Nublado;Dupla;Curva;-15,767021;-48,229945
22/01/2023;10:50:00;MAUA DA SERRA;Velocidade Incompatível;Colisão lateral mesmo sentido;Com Vítimas Feridas;Pleno dia;Decrescente;Sol;Dupla;Curva;-23,93365484;-51,15483284
22/01/2023;02:00:00;OLINDINA;Iluminação deficiente;Atropelamento de Animal;Com Vítimas Feridas;Plena Noite;Crescente;Nublado;Simples;"Reta;Aclive";-11,416905;-38,292923
22/01/2023;09:40:00;NOVA LIMA;Velocidade Incompatível;Saída de leito carroçável;Com Vítimas Feridas;Pleno dia;Crescente;Chuva;Dupla;"Curva;Declive";-20,06863326;-43,98194759
26/01/2023;06:15:00;RIO GRANDE;Demais falhas na via;Capotamento;Sem Vítimas;Amanhecer;Crescente;Céu Claro;Simples;Reta;-32,07687877;-52,10166627
26/01/2023;07:30:00;RIO GRANDE;Acumulo de óleo sobre o pavimento;Tombamento;Com Vítimas Feridas;Amanhecer;Crescente;Céu Claro;Simples;Reta;-32,07687877;-52,10166627
23/01/2023;03:40:00;NOVA ALVORADA DO SUL;Demais falhas mecânicas ou elétricas;Tombamento;Com Vítimas Feridas;Plena Noite;Crescente;Céu Claro;Dupla;Reta;-21,40851284;-54,39788682
26/01/2023;07:15:00;FONTOURA XAVIER;Reação tardia ou ineficiente do condutor;Tombamento;Com Vítimas Feridas;Pleno dia;Decrescente;Céu Claro;Simples;Reta;-29,000175;-52,353458
26/01/2023;08:20:00;RIO NEGRO;Velocidade Incompatível;Tombamento;Com Vítimas Feridas;Pleno dia;Crescente;Sol;Simples;Reta;-26,05749692;-49,72632005
26/01/2023;09:53:00;CARUARU;Manobra de mudança de faixa;Colisão com objeto;Com Vítimas Feridas;Pleno dia;Decrescente;Céu Claro;Dupla;Reta;-8,2962792;-35,89314995
26/01/2023;10:20:00;HIDROLANDIA;Acumulo de água sobre o pavimento;Saída de leito carroçável;Com Vítimas Feridas;Pleno dia;Crescente;Chuva;Dupla;Declive;-17,0276;-49,2229
22/01/2023;09:20:00;JABOATAO DOS GUARARAPES;Manobra de mudança de faixa;Colisão lateral mesmo sentido;Com Vítimas Feridas;Pleno dia;Decrescente;Céu Claro;Dupla;"Reta;Viaduto;Em Obras";-8,07764447;-34,97863609
26/01/2023;10:10:00;DUQUE DE CAXIAS;Condutor deixou de manter distância do veículo da frente;Queda de ocupante de veículo;Com Vítimas Feridas;Pleno dia;Crescente;Sol;Múltipla;Interseção de Vias;-22,79907687;-43,29015739
26/01/2023;07:44:00;RIO GRANDE;Acesso irregular;Tombamento;Com Vítimas Feridas;Pleno dia;Decrescente;Céu Claro;Simples;Interseção de Vias;-32,093615;-52,108877
26/01/2023;13:20:00;SAO LEOPOLDO;Reação tardia ou ineficiente do condutor;Tombamento;Com Vítimas Feridas;Pleno dia;Crescente;Céu Claro;Dupla;Reta;-29,72297087;-51,14858729
26/01/2023;09:50:00;JOAO PINHEIRO;Acumulo de água sobre o pavimento;Saída de leito carroçável;Com Vítimas Feridas;Pleno dia;Decrescente;Chuva;Simples;Curva;-17,96439426;-46,00613626
22/01/2023;18:30:00;ALAGOINHAS;Ultrapassagem Indevida;Colisão frontal;Com Vítimas Fatais;Plena Noite;Crescente;Nublado;Simples;Aclive;-12,15963868;-38,41162324
26/01/2023;16:00:00;CACAPAVA DO SUL;Acumulo de água sobre o pavimento;Saída de leito carroçável;Com Vítimas Feridas;Pleno dia;Crescente;Chuva;Simples;"Curva;Declive";-30,434884;-53,50004801
20/01/2023;18:30:00;RIO NOVO DO SUL;Chuva;Queda de ocupante de veículo;Com Vítimas Feridas;Plena Noite;Crescente;Chuva;Simples;Reta;-20,88154434;-40,97435202
26/01/2023;16:30:00;PETROPOLIS;Ausência de reação do condutor;Tombamento;Com Vítimas Feridas;Pleno dia;Crescente;Nublado;Simples;"Declive;Em Obras";-22,55138378;-43,24635029
26/01/2023;17:10:00;TOUROS;Manobra de mudança de faixa;Colisão frontal;Com Vítimas Fatais;Pleno dia;Crescente;Sol;Simples;Reta;-5,29150996;-35,43741098
26/01/2023;12:30:00;NOSSA SENHORA DO LIVRAMENTO;Chuva;Saída de leito carroçável;Com Vítimas Feridas;Pleno dia;Decrescente;Chuva;Simples;Curva;-15,74579686;-56,55047206
26/01/2023;19:20:00;PORTO BELO;Reação tardia ou ineficiente do condutor;Tombamento;Com Vítimas Feridas;Plena Noite;Crescente;Céu Claro;Múltipla;Curva;-27,16292;-48,61129
26/01/2023;18:50:00;CARUARU;Manobra de mudança de faixa;Colisão lateral mesmo sentido;Sem Vítimas;Plena Noite;Crescente;Céu Claro;Dupla;Reta;-8,30204489;-36,00209534
26/01/2023;19:25:00;MARAVILHA;Demais Fenômenos da natureza;Queda de ocupante de veículo;Com Vítimas Feridas;Plena Noite;Decrescente;Céu Claro;Simples;Reta;-26,803013;-53,188068
26/01/2023;10:30:00;UBATUBA;Ultrapassagem Indevida;Colisão transversal;Com Vítimas Feridas;Pleno dia;Decrescente;Céu Claro;Simples;Interseção de Vias;-23,45018939;-45,07743735
26/01/2023;19:45:00;BEZERROS;Ausência de sinalização;Colisão com objeto;Com Vítimas Feridas;Plena Noite;Crescente;Vento;Dupla;Reta;-8,28730158;-35,81877708
26/01/2023;20:25:00;TERESINA;Manobra de mudança de faixa;Colisão lateral mesmo sentido;Com Vítimas Feridas;Plena Noite;Decrescente;Garoa/Chuvisco;Dupla;Reta;-5,067146;-42,730965
15/01/2023;16:09:00;COLINAS DO TOCANTINS;Manobra de mudança de faixa;Colisão lateral mesmo sentido;Com Vítimas Feridas;Pleno dia;Crescente;Céu Claro;Simples;Reta;-8,11684601;-48,47068692
26/01/2023;21:10:00;ILHOTA;Manobra de mudança de faixa;Colisão lateral mesmo sentido;Com Vítimas Feridas;Plena Noite;Crescente;Céu Claro;Dupla;Reta;-26,880913;-48,846237
26/01/2023;15:50:00;UBERLANDIA;Manobra de mudança de faixa;Colisão lateral mesmo sentido;Com Vítimas Feridas;Pleno dia;Crescente;Céu Claro;Dupla;Reta;-18,90349687;-48,28130603
26/01/2023;21:00:00;TRES RIOS;Ultrapassagem Indevida;Colisão lateral mesmo sentido;Sem Vítimas;Plena Noite;Crescente;Nublado;Simples;Curva;-22,12236191;-43,13976623
26/01/2023;21:20:00;GUAPIMIRIM;Iluminação deficiente;Atropelamento de Pedestre;Com Vítimas Feridas;Plena Noite;Decrescente;Nublado;Simples;Reta;-22,67551484;-42,97451889
26/01/2023;23:00:00;SAO SEBASTIAO DA BELA VISTA;Pista esburacada;Colisão com objeto;Com Vítimas Feridas;Plena Noite;Crescente;Céu Claro;Dupla;Reta;-22,12284;-45,79296
26/01/2023;23:15:00;HULHA NEGRA;Velocidade Incompatível;Queda de ocupante de veículo;Com Vítimas Feridas;Plena Noite;Não Informado;Céu Claro;Dupla;Reta;-31,40697659;-53,87088429
26/01/2023;23:50:00;MANHUACU;Velocidade Incompatível;Saída de leito carroçável;Com Vítimas Fatais;Plena Noite;Crescente;Garoa/Chuvisco;Simples;Reta;-20,13004403;-42,17794986
27/01/2023;05:40:00;JATAI;Deficiência do Sistema de Iluminação/Sinalização;Colisão traseira;Com Vítimas Feridas;Amanhecer;Crescente;Nevoeiro/Neblina;Simples;"Reta;Declive";-17,99592;-51,576782
27/01/2023;05:45:00;DOURADOS;Afundamento ou ondulação no pavimento;Tombamento;Com Vítimas Feridas;Amanhecer;Decrescente;Céu Claro;Dupla;Reta;-22,26567386;-54,80944412
27/01/2023;09:00:00;SAO JOSE;Manobra de mudança de faixa;Colisão lateral mesmo sentido;Com Vítimas Feridas;Pleno dia;Crescente;Céu Claro;Dupla;"Curva;Viaduto";-27,5650044;-48,61460082
26/01/2023;09:30:00;SAO PAULO;Objeto estático sobre o leito carroçável;Tombamento;Com Vítimas Feridas;Pleno dia;Decrescente;Céu Claro;Múltipla;Reta;-23,45930499;-46,57161179
07/01/2023;19:00:00;BOM JESUS DAS SELVAS;Deficiência do Sistema de Iluminação/Sinalização;Saída de leito carroçável;Com Vítimas Fatais;Anoitecer;Decrescente;Ignorado;Simples;Reta;-4,5367596;-46,88648987
27/01/2023;09:40:00;SAO JOSE;Manobra de mudança de faixa;Colisão lateral mesmo sentido;Com Vítimas Feridas;Pleno dia;Decrescente;Céu Claro;Simples;Reta;-27,622355;-48,650971
27/01/2023;08:00:00;FOZ DO IGUACU;Manobra de mudança de faixa;Colisão lateral mesmo sentido;Com Vítimas Feridas;Pleno dia;Crescente;Céu Claro;Dupla;Reta;-25,49494908;-54,52095097
27/01/2023;07:40:00;NOSSA SENHORA DO LIVRAMENTO;Acumulo de água sobre o pavimento;Saída de leito carroçável;Com Vítimas Feridas;Pleno dia;Decrescente;Chuva;Simples;"Reta;Declive";-15,794872;-56,680627
27/01/2023;10:50:00;PALHOCA;Avarias e/ou desgaste excessivo no pneu;Tombamento;Com Vítimas Feridas;Pleno dia;Crescente;Céu Claro;Múltipla;Reta;-27,62996929;-48,65903871
27/01/2023;09:10:00;CORNELIO PROCOPIO;Reação tardia ou ineficiente do condutor;Tombamento;Com Vítimas Feridas;Pleno dia;Decrescente;Sol;Dupla;"Curva;Aclive";-23,204705;-50,65493
27/01/2023;11:40:00;SAO JOSE DOS CAMPOS;Ausência de reação do condutor;Tombamento;Com Vítimas Feridas;Pleno dia;Decrescente;Céu Claro;Dupla;Reta;-23,1572739;-45,79554605
27/01/2023;12:40:00;PROFESSOR JAMIL;Acumulo de água sobre o pavimento;Saída de leito carroçável;Com Vítimas Feridas;Pleno dia;Decrescente;Chuva;Dupla;Declive;-17,2476;-49,2417
27/01/2023;13:00:00;TAUBATE;Demais falhas mecânicas ou elétricas;Tombamento;Com Vítimas Feridas;Pleno dia;Crescente;Céu Claro;Dupla;Reta;-23,01791287;-45,53009409
27/01/2023;14:05:00;ITAJAI;Manobra de mudança de faixa;Colisão lateral mesmo sentido;Com Vítimas Feridas;Pleno dia;Crescente;Céu Claro;Simples;Reta;-26,83955734;-48,71418074
22/01/2023;01:00:00;JATAIZINHO;Velocidade Incompatível;Colisão com objeto;Com Vítimas Feridas;Plena Noite;Crescente;Céu Claro;Dupla;Curva;-23,257568;-50,985281
27/01/2023;14:10:00;PALMEIRA;Objeto estático sobre o leito carroçável;Derramamento de carga;Com Vítimas Feridas;Pleno dia;Decrescente;Céu Claro;Simples;Reta;-25,435076;-50,011779
27/01/2023;15:05:00;BRASILIA;Manobra de mudança de faixa;Colisão traseira;Com Vítimas Feridas;Pleno dia;Decrescente;Sol;Múltipla;"Reta;Interseção de Vias";-15,685814;-47,849838
08/01/2023;01:40:00;GOVERNADOR NEWTON BELLO;Manobra de mudança de faixa;Colisão frontal;Com Vítimas Feridas;Plena Noite;Crescente;Céu Claro;Simples;Reta;-3,430644;-45,669838
27/01/2023;17:00:00;CONGONHAS;Chuva;Saída de leito carroçável;Com Vítimas Feridas;Pleno dia;Crescente;Chuva;Simples;Curva;-20,550494;-43,815472
27/01/2023;12:30:00;SAO JOAO DE MERITI;Manobra de mudança de faixa;Colisão traseira;Com Vítimas Feridas;Pleno dia;Decrescente;Céu Claro;Dupla;Reta;-22,79423806;-43,36403759
27/01/2023;15:50:00;INHAMBUPE;Velocidade Incompatível;Colisão traseira;Com Vítimas Feridas;Pleno dia;Crescente;Céu Claro;Simples;Declive;-11,83728499;-38,3644771
27/01/2023;15:15:00;CAMPO FLORIDO;Chuva;Saída de leito carroçável;Com Vítimas Feridas;Pleno dia;Crescente;Chuva;Simples;Curva;-19,638478;-48,855173
27/01/2023;15:30:00;MANGARATIBA;Curva acentuada;Queda de ocupante de veículo;Com Vítimas Feridas;Pleno dia;Decrescente;Nublado;Simples;Curva;-22,98107919;-44,08441596
27/01/2023;19:10:00;UBERABA;Manobra de mudança de faixa;Saída de leito carroçável;Com Vítimas Feridas;Plena Noite;Decrescente;Céu Claro;Dupla;Reta;-19,77914852;-47,95047701
27/01/2023;18:00:00;SAO DOMINGOS DO PRATA;Pista esburacada;Tombamento;Com Vítimas Feridas;Anoitecer;Decrescente;Nublado;Simples;Curva;-19,92841856;-42,9728859
27/01/2023;17:25:00;IMBITUBA;Ultrapassagem Indevida;Colisão lateral mesmo sentido;Com Vítimas Feridas;Pleno dia;Crescente;Céu Claro;Simples;Interseção de Vias;-28,16300604;-48,6939345
27/01/2023;19:30:00;CUMARI;Velocidade Incompatível;Colisão com objeto;Com Vítimas Feridas;Plena Noite;Decrescente;Chuva;Dupla;Reta;-18,3208;-48,0232
27/01/2023;16:10:00;VOLTA REDONDA;Ausência de sinalização;Colisão traseira;Com Vítimas Feridas;Pleno dia;Crescente;Nublado;Simples;Reta;-22,481726;-44,06308602
17/01/2023;18:30:00;IPIAU;Manobra de mudança de faixa;Colisão transversal;Com Vítimas Feridas;Anoitecer;Crescente;Céu Claro;Simples;Reta;-14,17306203;-39,68148402
27/01/2023;20:00:00;HIDROLANDIA;Avarias e/ou desgaste excessivo no pneu;Tombamento;Com Vítimas Feridas;Plena Noite;Crescente;Céu Claro;Dupla;Reta;-16,8581;-49,2488
27/01/2023;18:10:00;CONTENDA;Demais Fenômenos da natureza;Saída de leito carroçável;Com Vítimas Feridas;Pleno dia;Crescente;Céu Claro;Simples;Reta;-25,694412;-49,553158
27/01/2023;18:40:00;FORQUILHA;Iluminação deficiente;Queda de ocupante de veículo;Com Vítimas Feridas;Plena Noite;Crescente;Nublado;Simples;Reta;-3,7883359;-40,28192391
27/01/2023;21:10:00;SAPUCAIA;Deficiência do Sistema de Iluminação/Sinalização;Atropelamento de Pedestre;Com Vítimas Feridas;Plena Noite;Crescente;Céu Claro;Simples;Reta;-22,03520718;-42,78028965
27/01/2023;19:25:00;SAO RAIMUNDO DAS MANGABEIRAS;Deficiência do Sistema de Iluminação/Sinalização;Colisão traseira;Com Vítimas Fatais;Plena Noite;Decrescente;Céu Claro;Simples;Reta;-7,20103584;-45,80345206
27/01/2023;22:15:00;SOMBRIO;Manobra de mudança de faixa;Colisão lateral mesmo sentido;Com Vítimas Feridas;Plena Noite;Decrescente;Nublado;Múltipla;Reta;-29,08200809;-49,6297237
28/01/2023;02:30:00;RIO DO SUL;Velocidade Incompatível;Colisão com objeto;Sem Vítimas;Plena Noite;Crescente;Nublado;Simples;"Curva;Ponte";-27,226065;-49,666161
28/01/2023;07:10:00;RECIFE;Manobra de mudança de faixa;Colisão lateral mesmo sentido;Com Vítimas Feridas;Pleno dia;Crescente;Céu Claro;Simples;"Reta;Em Obras";-8,07583727;-34,97015791
28/01/2023;11:23:00;ITAPEMA;Manobra de mudança de faixa;Colisão traseira;Com Vítimas Feridas;Pleno dia;Crescente;Nublado;Múltipla;Reta;-27,1089649;-48,61277586
28/01/2023;13:15:00;CONSELHEIRO LAFAIETE;Acumulo de água sobre o pavimento;Saída de leito carroçável;Com Vítimas Feridas;Pleno dia;Decrescente;Chuva;Simples;"Curva;Declive";-20,72342022;-43,80026653
28/01/2023;12:15:00;SAO MATEUS DO SUL;Velocidade Incompatível;Capotamento;Com Vítimas Feridas;Pleno dia;Crescente;Céu Claro;Simples;Reta;-25,935797;-50,480778
28/01/2023;13:00:00;SAO GONCALO DO SAPUCAI;Velocidade Incompatível;Saída de leito carroçável;Com Vítimas Feridas;Pleno dia;Decrescente;Nublado;Dupla;Curva;-21,91694596;-45,58909701
28/01/2023;14:00:00;BRASILIA;Acumulo de água sobre o pavimento;Saída de leito carroçável;Com Vítimas Feridas;Pleno dia;Decrescente;Chuva;Dupla;Reta;-15,789762;-48,148727
28/01/2023;14:00:00;SAO JOSE DOS CAMPOS;Manobra de mudança de faixa;Colisão lateral mesmo sentido;Com Vítimas Feridas;Pleno dia;Crescente;Nublado;Dupla;Reta;-23,1572739;-45,79554605
28/01/2023;14:40:00;SAO JOSE;Manobra de mudança de faixa;Colisão lateral mesmo sentido;Com Vítimas Feridas;Pleno dia;Crescente;Céu Claro;Dupla;Reta;-27,55711595;-48,61897889
28/01/2023;14:30:00;JOAO PESSOA;Ausência de reação do condutor;Tombamento;Com Vítimas Feridas;Pleno dia;Decrescente;Céu Claro;Dupla;"Reta;Aclive";-7,1707;-34,8684
28/01/2023;14:30:00;JANDAIA DO SUL;Pista Escorregadia;Tombamento;Com Vítimas Feridas;Pleno dia;Crescente;Nublado;Simples;"Curva;Aclive";-23,67565612;-51,69548035
28/01/2023;15:30:00;COMENDADOR LEVY GASPARIAN;Velocidade Incompatível;Capotamento;Com Vítimas Feridas;Pleno dia;Decrescente;Nublado;Dupla;Curva;-22,01067195;-43,25892193
28/01/2023;16:10:00;MONTENEGRO;Demais Fenômenos da natureza;Colisão com objeto;Com Vítimas Feridas;Pleno dia;Crescente;Chuva;Simples;Reta;-29,817648;-51,463001
28/01/2023;15:45:00;DUQUE DE CAXIAS;Acumulo de areia ou detritos sobre o pavimento;Tombamento;Com Vítimas Feridas;Pleno dia;Crescente;Céu Claro;Simples;Curva;-22,64697319;-43,19165101
28/01/2023;15:40:00;SOLEDADE;Avarias e/ou desgaste excessivo no pneu;Tombamento;Com Vítimas Feridas;Pleno dia;Crescente;Nublado;Simples;Reta;-28,715521;-52,566353
28/01/2023;17:15:00;BETIM;Velocidade Incompatível;Colisão com objeto;Com Vítimas Feridas;Pleno dia;Crescente;Nublado;Dupla;Aclive;-20,04478441;-44,27276484
28/01/2023;14:57:00;MORRETES;Manobra de mudança de faixa;Colisão lateral mesmo sentido;Com Vítimas Feridas;Pleno dia;Decrescente;Céu Claro;Dupla;Reta;-25,58170589;-48,87791023
28/01/2023;17:10:00;SEROPEDICA;Manobra de mudança de faixa;Colisão lateral sentido oposto;Com Vítimas Feridas;Anoitecer;Crescente;Chuva;Simples;Reta;-22,79609787;-43,64742164
28/01/2023;18:00:00;GUARULHOS;Velocidade Incompatível;Colisão frontal;Com Vítimas Feridas;Pleno dia;Decrescente;Chuva;Múltipla;"Interseção de Vias;Reta";-23,41972188;-46,38419203
28/01/2023;14:40:00;SAO VICENTE DO SUL;Acumulo de água sobre o pavimento;Saída de leito carroçável;Com Vítimas Feridas;Pleno dia;Crescente;Chuva;Simples;Curva;-29,61409526;-54,68474865
28/01/2023;17:00:00;RESENDE;Acumulo de água sobre o pavimento;Saída de leito carroçável;Com Vítimas Feridas;Anoitecer;Decrescente;Chuva;Dupla;Reta;-22,50881627;-44,68523485