data_inversa;horario;municipio;causa_acidente;tipo_acidente;classificacao_acidente;fase_dia;sentido_via;condicao_metereologica;tipo_pista;tracado_via;latitude;longitude
28/01/2023;20:00:00;SERRA;Manobra de mudança de faixa;Colisão lateral mesmo sentido;Com Vítimas Feridas;Plena Noite;Crescente;Céu Claro;Dupla;Interseção de Vias;-20,17292791;-40,26736384
28/01/2023;16:00:00;SEROPEDICA;Chuva;Saída de leito carroçável;Com Vítimas Feridas;Pleno dia;Decrescente;Chuva;Dupla;Reta;-22,66312575;-43,62361908
21/01/2023;03:00:00;ITABUNA;Velocidade Incompatível;Saída de leito carroçável;Com Vítimas Feridas;Plena Noite;Decrescente;Nevoeiro/Neblina;Simples;Curva;-14,84910679;-39,38459158
28/01/2023;20:55:00;BRASILIA;Velocidade Incompatível;Engavetamento;Com Vítimas Feridas;Plena Noite;Crescente;Nublado;Dupla;Reta;-15,916267;-48,164268
28/01/2023;20:10:00;PENHA;Reação tardia ou ineficiente do condutor;Tombamento;Com Vítimas Feridas;Plena Noite;Decrescente;Céu Claro;Simples;Curva;-26,81204473;-48,68308067
28/01/2023;18:03:00;QUELUZ;Chuva;Capotamento;Sem Vítimas;Plena Noite;Decrescente;Chuva;Dupla;Reta;-22,52383208;-44,72621799
28/01/2023;21:45:00;DUQUE DE CAXIAS;Reação tardia ou ineficiente do condutor;Tombamento;Com Vítimas Feridas;Plena Noite;Crescente;Nublado;Dupla;Reta;-22,691868;-43,287453
28/01/2023;20:20:00;SAO PEDRO DO SUL;Reação tardia ou ineficiente do condutor;Tombamento;Com Vítimas Feridas;Plena Noite;Decrescente;Nublado;Simples;Rotatória;-29,63672746;-54,18536961
28/01/2023;20:30:00;RIBEIRAO DAS NEVES;Velocidade Incompatível;Colisão com objeto;Com Vítimas Feridas;Plena Noite;Decrescente;Céu Claro;Dupla;Reta;-19,82351202;-44,08438913
28/01/2023;23:55:00;MANHUACU;Ausência de sinalização;Colisão com objeto;Com Vítimas Feridas;Plena Noite;Decrescente;Nublado;Simples;Curva;-20,25692664;-42,01099203
29/01/2023;01:30:00;FUNDAO;Demais falhas mecânicas ou elétricas;Tombamento;Com Vítimas Feridas;Plena Noite;Crescente;Nublado;Simples;Reta;-19,961042;-40,406889
28/01/2023;23:00:00;PONTES E LACERDA;Iluminação deficiente;Colisão traseira;Com Vítimas Feridas;Plena Noite;Crescente;Céu Claro;Simples;"Declive;Reta";-15,31311891;-59,24466094
29/01/2023;01:05:00;CURITIBA;Velocidade Incompatível;Colisão com objeto;Com Vítimas Feridas;Plena Noite;Decrescente;Céu Claro;Dupla;Curva;-25,55282988;-49,27722493
29/01/2023;03:30:00;BRUMADINHO;Velocidade Incompatível;Saída de leito carroçável;Com Vítimas Feridas;Plena Noite;Crescente;Nublado;Dupla;"Curva;Declive";-20,13846621;-44,31715274
29/01/2023;03:00:00;CARANDAI;Velocidade Incompatível;Tombamento;Com Vítimas Feridas;Plena Noite;Crescente;Nublado;Simples;Reta;-20,90511396;-43,82787922
29/01/2023;00:05:00;PAULISTANA;Velocidade Incompatível;Tombamento;Com Vítimas Fatais;Plena Noite;Crescente;Céu Claro;Simples;Reta;-8,07928512;-41,16886139
29/01/2023;04:30:00;ALMIRANTE TAMANDARE DO SUL;Reação tardia ou ineficiente do condutor;Tombamento;Com Vítimas Feridas;Plena Noite;Crescente;Nublado;Simples;"Reta;Aclive";-28,11309562;-52,85767078
29/01/2023;05:30:00;MORRETES;Velocidade Incompatível;Saída de leito carroçável;Com Vítimas Feridas;Amanhecer;Crescente;Céu Claro;Dupla;Curva;-25,532722;-48,715767
29/01/2023;00:45:00;RIO BRANCO;Chuva;Colisão com objeto;Com Vítimas Feridas;Plena Noite;Crescente;Chuva;Dupla;"Reta;Declive";-9,96935404;-67,85264513
29/01/2023;07:10:00;BRUMADINHO;Velocidade Incompatível;Colisão traseira;Com Vítimas Feridas;Pleno dia;Crescente;Céu Claro;Dupla;"Curva;Declive";-20,16710798;-44,33422398
21/01/2023;18:40:00;IMBITUBA;Manobra de mudança de faixa;Colisão traseira;Com Vítimas Feridas;Anoitecer;Decrescente;Céu Claro;Simples;Interseção de Vias;-28,18386243;-48,69579971
29/01/2023;06:40:00;TRES RIOS;Velocidade Incompatível;Queda de ocupante de veículo;Com Vítimas Feridas;Amanhecer;Crescente;Céu Claro;Dupla;Curva;-22,18633705;-43,16660309
29/01/2023;07:55:00;SANTO ANTONIO DA PATRULHA;Velocidade Incompatível;Colisão traseira;Com Vítimas Feridas;Pleno dia;Crescente;Nublado;Múltipla;Reta;-29,875334;-50,396614
21/01/2023;17:50:00;MUNIZ FREIRE;Manobra de mudança de faixa;Colisão frontal;Com Vítimas Feridas;Anoitecer;Decrescente;Nublado;Simples;Curva;-20,22866414;-41,38595101
29/01/2023;05:11:00;VOLTA REDONDA;Chuva;Colisão com objeto;Com Vítimas Fatais;Pleno dia;Decrescente;Chuva;Dupla;Curva;-22,47341979;-44,05990606
21/01/2023;10:25:00;ITAJAI;Velocidade Incompatível;Colisão traseira;Com Vítimas Feridas;Pleno dia;Decrescente;Céu Claro;Dupla;Reta;-26,87905605;-48,72603512
29/01/2023;09:30:00;SINOP;Avarias e/ou desgaste excessivo no pneu;Tombamento;Com Vítimas Feridas;Pleno dia;Crescente;Céu Claro;Simples;Reta;-12,13923003;-55,5145573
29/01/2023;10:45:00;BENTO GONCALVES;Velocidade Incompatível;Tombamento;Com Vítimas Feridas;Pleno dia;Crescente;Céu Claro;Simples;"Curva;Aclive";-29,191735;-51,52229279
29/01/2023;11:40:00;PAULO AFONSO;Curva acentuada;Saída de leito carroçável;Com Vítimas Feridas;Pleno dia;Crescente;Céu Claro;Simples;Curva;-9,437381;-38,204226
29/01/2023;12:20:00;TAUBATE;Reação tardia ou ineficiente do condutor;Tombamento;Com Vítimas Feridas;Pleno dia;Decrescente;Céu Claro;Dupla;Reta;-23,03412614;-45,5526999
22/01/2023;11:10:00;MANAUS;Chuva;Saída de leito carroçável;Sem Vítimas;Pleno dia;Crescente;Chuva;Simples;Reta;-2,531767;-60,03644605
29/01/2023;12:14:00;MORRETES;Afundamento ou ondulação no pavimento;Tombamento;Com Vítimas Feridas;Pleno dia;Decrescente;Céu Claro;Dupla;"Curva;Em Obras";-25,57361239;-48,84469597
29/01/2023;14:00:00;ITAPEMA;Manobra de mudança de faixa;Colisão traseira;Com Vítimas Feridas;Pleno dia;Decrescente;Céu Claro;Dupla;Curva;-27,0732659;-48,59672716
29/01/2023;14:20:00;FORTALEZA;Ausência de reação do condutor;Tombamento;Com Vítimas Feridas;Pleno dia;Crescente;Céu Claro;Múltipla;Reta;-3,86973356;-38,49827361
29/01/2023;12:00:00;LUZ;Velocidade Incompatível;Saída de leito carroçável;Com Vítimas Feridas;Pleno dia;Crescente;Céu Claro;Simples;Reta;-19,79063188;-45,61029998
29/01/2023;14:30:00;GUARULHOS;Manobra de mudança de faixa;Colisão lateral mesmo sentido;Com Vítimas Feridas;Pleno dia;Crescente;Garoa/Chuvisco;Dupla;Reta;-23,489987;-46,559432
29/01/2023;15:43:00;UBERLANDIA;Chuva;Saída de leito carroçável;Com Vítimas Feridas;Pleno dia;Crescente;Chuva;Dupla;"Retorno Regulamentado;Curva";-18,89734796;-48,15671403
29/01/2023;10:30:00;GUAXUPE;Velocidade Incompatível;Saída de leito carroçável;Sem Vítimas;Pleno dia;Crescente;Chuva;Simples;Curva;-21,30672;-46,66155
29/01/2023;13:00:00;ALVORADA DO NORTE;Velocidade Incompatível;Capotamento;Com Vítimas Feridas;Pleno dia;Crescente;Chuva;Simples;"Declive;Reta";-14,647141;-46,633461
29/01/2023;16:15:00;GUARAPARI;Reação tardia ou ineficiente do condutor;Tombamento;Com Vítimas Feridas;Pleno dia;Crescente;Céu Claro;Simples;Curva;-20,6213791;-40,52011191
29/01/2023;14:00:00;ITAGUARA;Chuva;Colisão com objeto;Com Vítimas Feridas;Pleno dia;Crescente;Chuva;Dupla;"Curva;Declive";-20,37563821;-44,47422681
29/01/2023;16:40:00;ARAQUARI;Manobra de mudança de faixa;Colisão lateral sentido oposto;Com Vítimas Feridas;Pleno dia;Crescente;Chuva;Simples;Reta;-26,42993971;-48,79615614
29/01/2023;15:05:00;ICARA;Velocidade Incompatível;Saída de leito carroçável;Com Vítimas Feridas;Pleno dia;Crescente;Chuva;Múltipla;Reta;-28,75478409;-49,27732095
29/01/2023;12:00:00;JUIZ DE FORA;Velocidade Incompatível;Saída de leito carroçável;Com Vítimas Feridas;Pleno dia;Crescente;Nublado;Simples;"Curva;Declive";-21,76198367;-43,25075184
29/01/2023;16:20:00;JUIZ DE FORA;Velocidade Incompatível;Saída de leito carroçável;Com Vítimas Feridas;Pleno dia;Decrescente;Nublado;Dupla;"Curva;Aclive";-21,82857001;-43,37364401
29/01/2023;16:15:00;MONTE ALEGRE DE MINAS;Chuva;Saída de leito carroçável;Com Vítimas Feridas;Pleno dia;Crescente;Chuva;Dupla;"Declive;Reta";-18,87979021;-48,98864599
29/01/2023;16:50:00;UBERABA;Afundamento ou ondulação no pavimento;Colisão traseira;Com Vítimas Feridas;Pleno dia;Decrescente;Nublado;Dupla;Declive;-19,69326783;-47,98949154
29/01/2023;17:35:00;ITAPORANGA DAJUDA;Manobra de mudança de faixa;Colisão lateral mesmo sentido;Com Vítimas Feridas;Anoitecer;Decrescente;Céu Claro;Dupla;Aclive;-11,01146389;-37,31286103
29/01/2023;16:00:00;BELO ORIENTE;Ausência de reação do condutor;Tombamento;Com Vítimas Feridas;Pleno dia;Crescente;Céu Claro;Simples;"Curva;Aclive";-19,36792895;-42,45119304
29/01/2023;18:40:00;LAGUNA;Manobra de mudança de faixa;Colisão traseira;Com Vítimas Feridas;Plena Noite;Decrescente;Garoa/Chuvisco;Dupla;Reta;-28,42708421;-48,85211624
29/01/2023;14:30:00;PONTE SERRADA;Velocidade Incompatível;Saída de leito carroçável;Sem Vítimas;Pleno dia;Decrescente;Sol;Simples;Curva;-26,8219261;-51,72071457
29/01/2023;18:35:00;CAMPINA GRANDE DO SUL;Chuva;Tombamento;Com Vítimas Feridas;Anoitecer;Crescente;Chuva;Dupla;"Reta;Aclive";-25,33849717;-49,03792883
29/01/2023;18:40:00;SAO JOSE DOS CAMPOS;Manobra de mudança de faixa;Colisão lateral mesmo sentido;Com Vítimas Feridas;Plena Noite;Decrescente;Chuva;Múltipla;Declive;-23,18274416;-45,84633592
29/01/2023;18:30:00;ARARANGUA;Acumulo de água sobre o pavimento;Saída de leito carroçável;Com Vítimas Feridas;Anoitecer;Decrescente;Chuva;Dupla;Curva;-28,92263433;-49,49544668
29/01/2023;19:40:00;BARREIRAS;Ultrapassagem Indevida;Colisão frontal;Com Vítimas Feridas;Plena Noite;Crescente;Céu Claro;Simples;Reta;-12,13956292;-44,76317799
29/01/2023;18:25:00;SANTA LUCIA;Acumulo de água sobre o pavimento;Saída de leito carroçável;Com Vítimas Feridas;Pleno dia;Crescente;Chuva;Dupla;Curva;-25,41784706;-53,57300704
29/01/2023;17:00:00;SANTA IZABEL DO PARA;Acumulo de água sobre o pavimento;Saída de leito carroçável;Com Vítimas Feridas;Anoitecer;Crescente;Chuva;Dupla;Reta;-1,27592647;-48,08710906
29/01/2023;19:10:00;PARANAGUA;Pista Escorregadia;Tombamento;Sem Vítimas;Plena Noite;Crescente;Chuva;Dupla;Reta;-25,54383542;-48,55951667
29/01/2023;21:05:00;TERESINA;Ausência de reação do condutor;Tombamento;Sem Vítimas;Plena Noite;Crescente;Nublado;Dupla;Curva;-5,074137;-42,73629
29/01/2023;20:30:00;BRUMADINHO;Chuva;Capotamento;Com Vítimas Feridas;Plena Noite;Crescente;Chuva;Dupla;"Declive;Reta";-20,16619722;-44,36914378
29/01/2023;17:00:00;ITATIAIUCU;Velocidade Incompatível;Saída de leito carroçável;Com Vítimas Feridas;Anoitecer;Crescente;Chuva;Dupla;Curva;-20,1904316;-44,38268793
29/01/2023;17:00:00;TAUA;Manobra de mudança de faixa;Colisão transversal;Com Vítimas Fatais;Pleno dia;Crescente;Céu Claro;Simples;Interseção de Vias;-6,015183;-40,294764
29/01/2023;21:20:00;DUQUE DE CAXIAS;Manobra de mudança de faixa;Colisão lateral mesmo sentido;Com Vítimas Feridas;Plena Noite;Decrescente;Céu Claro;Múltipla;Reta;-22,76397393;-43,2866478
30/01/2023;00:30:00;RONDONOPOLIS;Ausência de reação do condutor;Tombamento;Com Vítimas Feridas;Plena Noite;Crescente;Chuva;Dupla;"Reta;Viaduto;Aclive";-16,47555256;-54,65344724
30/01/2023;02:00:00;FORTALEZA;Velocidade Incompatível;Colisão com objeto;Sem Vítimas;Plena Noite;Crescente;Céu Claro;Dupla;Reta;-3,90496605;-38,50518756
30/01/2023;04:30:00;ITAJAI;Velocidade Incompatível;Colisão traseira;Com Vítimas Fatais;Plena Noite;Crescente;Céu Claro;Dupla;"Reta;Viaduto";-26,9386;-48,6966
30/01/2023;07:00:00;BOM JESUS DO AMPARO;Velocidade Incompatível;Saída de leito carroçável;Com Vítimas Feridas;Pleno dia;Crescente;Céu Claro;Dupla;"Aclive;Curva";-19,75364097;-43,52827802
30/01/2023;02:30:00;COMENDADOR LEVY GASPARIAN;Pista Escorregadia;Capotamento;Com Vítimas Feridas;Plena Noite;Decrescente;Nublado;Dupla;"Curva;Ponte";-22,011084;-43,26723
29/01/2023;22:10:00;PAU DOS FERROS;Deficiência do Sistema de Iluminação/Sinalização;Atropelamento de Pedestre;Com Vítimas Feridas;Plena Noite;Crescente;Céu Claro;Simples;Reta;-6,15854069;-38,2077416
30/01/2023;07:20:00;TIJUCAS DO SUL;Ausência de reação do condutor;Tombamento;Com Vítimas Feridas;Pleno dia;Decrescente;Chuva;Simples;"Curva;Rotatória";-25,82214295;-49,12707913
30/01/2023;07:55:00;ARES;Ausência de reação do condutor;Tombamento;Com Vítimas Feridas;Pleno dia;Decrescente;Céu Claro;Dupla;Curva;-6,18022401;-35,21699006
30/01/2023;08:00:00;VITORIA DA CONQUISTA;Reação tardia ou ineficiente do condutor;Tombamento;Com Vítimas Feridas;Pleno dia;Crescente;Céu Claro;Simples;Reta;-14,77751018;-40,73036091
30/01/2023;09:15:00;GOIANA;Acumulo de água sobre o pavimento;Saída de leito carroçável;Com Vítimas Feridas;Pleno dia;Decrescente;Chuva;Múltipla;"Curva;Aclive";-7,68357776;-34,92410458
30/01/2023;12:55:00;BALNEARIO CAMBORIU;Ultrapassagem Indevida;Colisão frontal;Com Vítimas Fatais;Pleno dia;Crescente;Sol;Múltipla;Reta;-26,99064209;-48,66310912
22/01/2023;20:40:00;PRESIDENTE MEDICI;Ultrapassagem Indevida;Colisão frontal;Com Vítimas Feridas;Plena Noite;Decrescente;Nublado;Simples;Reta;-11,37476688;-61,82168795
30/01/2023;13:25:00;IRACEMINHA;Demais Fenômenos da natureza;Colisão com objeto;Com Vítimas Feridas;Pleno dia;Decrescente;Céu Claro;Simples;Reta;-26,765053;-53,255871
30/01/2023;14:30:00;PORTO ALEGRE;Ultrapassagem Indevida;Tombamento;Com Vítimas Feridas;Pleno dia;Crescente;Sol;Simples;"Aclive;Curva";-29,971916;-51,176838
30/01/2023;15:10:00;NOVA IGUACU;Pista esburacada;Queda de ocupante de veículo;Com Vítimas Feridas;Pleno dia;Decrescente;Céu Claro;Dupla;Reta;-22,73960178;-43,52859094
30/01/2023;15:00:00;VERA CRUZ;Demais falhas mecânicas ou elétricas;Tombamento;Com Vítimas Feridas;Pleno dia;Decrescente;Nublado;Simples;"Reta;Declive";-22,35293356;-49,89303589
30/01/2023;15:50:00;JOINVILLE;Velocidade Incompatível;Tombamento;Com Vítimas Feridas;Pleno dia;Decrescente;Sol;Simples;Curva;-26,34565546;-48,85728055
30/01/2023;17:00:00;RECIFE;Manobra de mudança de faixa;Colisão lateral mesmo sentido;Com Vítimas Feridas;Pleno dia;Decrescente;Céu Claro;Simples;"Reta;Viaduto";-8,05951606;-34,94581024
20/01/2023;20:10:00;AGUAS LINDAS DE GOIAS;Acumulo de areia ou detritos sobre o pavimento;Saída de leito carroçável;Sem Vítimas;Plena Noite;Decrescente;Céu Claro;Dupla;Curva;-15,767021;-48,229945
30/01/2023;17:10:00;SAO JOSE DOS CAMPOS;Ausência de reação do condutor;Tombamento;Com Vítimas Feridas;Anoitecer;Decrescente;Chuva;Dupla;Reta;-23,18274416;-45,84633592
30/01/2023;17:45:00;MANGARATIBA;Chuva;Colisão frontal;Com Vítimas Feridas;Plena Noite;Crescente;Chuva;Simples;"Reta;Declive";-22,91293797;-43,89732384
30/01/2023;16:30:00;SAO FRANCISCO DO GLORIA;Velocidade Incompatível;Tombamento;Com Vítimas Feridas;Pleno dia;Crescente;Nublado;Simples;Curva;-20,84386903;-42,32673213
11/01/2023;19:30:00;MONTE ALEGRE DO PIAUI;Ultrapassagem Indevida;Colisão frontal;Com Vítimas Feridas;Plena Noite;Crescente;Céu Claro;Simples;"Curva;Aclive";-9,60233583;-45,04962316
30/01/2023;17:08:00;VIRMOND;Acumulo de água sobre o pavimento;Saída de leito carroçável;Com Vítimas Fatais;Pleno dia;Crescente;Chuva;Simples;"Curva;Declive";-25,3784;-52,202767
30/01/2023;19:30:00;BARRA DO PIRAI;Manobra de mudança de faixa;Colisão transversal;Com Vítimas Feridas;Plena Noite;Decrescente;Chuva;Simples;Reta;-22,42817793;-43,76843108
30/01/2023;17:45:00;AREAL;Velocidade Incompatível;Colisão com objeto;Com Vítimas Feridas;Anoitecer;Crescente;Chuva;Dupla;Curva;-22,20148139;-43,15009735
30/01/2023;18:35:00;ANAPOLIS;Velocidade Incompatível;Queda de ocupante de veículo;Com Vítimas Feridas;Plena Noite;Crescente;Céu Claro;Dupla;Reta;-16,4022;-48,9745
30/01/2023;17:00:00;BURITI DOS LOPES;Velocidade Incompatível;Colisão com objeto;Com Vítimas Feridas;Pleno dia;Crescente;Chuva;Simples;Reta;-3,453067;-41,745607
30/01/2023;08:00:00;CONTAGEM;Pista esburacada;Colisão com objeto;Sem Vítimas;Pleno dia;Crescente;Garoa/Chuvisco;Dupla;Reta;-19,82351202;-44,08438913
30/01/2023;19:00:00;PARACAMBI;Chuva;Queda de ocupante de veículo;Com Vítimas Feridas;Plena Noite;Decrescente;Chuva;Simples;"Curva;Declive";-22,65646622;-43,82206692
30/01/2023;22:20:00;PORTO ALEGRE;Manobra de mudança de faixa;Colisão lateral mesmo sentido;Com Vítimas Feridas;Plena Noite;Crescente;Céu Claro;Múltipla;Reta;-29,95042502;-51,17652939
31/01/2023;04:05:00;EMBU DAS ARTES;Velocidade Incompatível;Colisão lateral mesmo sentido;Sem Vítimas;Plena Noite;Crescente;Nublado;Dupla;Reta;-23,68570216;-46,85970975
30/01/2023;18:40:00;ARIQUEMES;Chuva;Colisão transversal;Com Vítimas Feridas;Plena Noite;Crescente;Chuva;Simples;Reta;-9,798182;-63,08591499
31/01/2023;07:53:00;PARAISO DO TOCANTINS;Demais falhas na via;Tombamento;Com Vítimas Feridas;Pleno dia;Decrescente;Céu Claro;Simples;Declive;-10,14145989;-48,88730266
31/01/2023;07:50:00;SAO JOSE DO RIO PRETO;Manobra de mudança de faixa;Colisão lateral mesmo sentido;Com Vítimas Feridas;Pleno dia;Crescente;Nublado;Dupla;"Reta;Declive";-20,80502876;-49,35574909
31/01/2023;00:10:00;BRASILIA;Pista Escorregadia;Tombamento;Com Vítimas Feridas;Plena Noite;Decrescente;Chuva;Dupla;Reta;-15,97977183;-47,98895717
31/01/2023;08:50:00;NITEROI;Manobra de mudança de faixa;Colisão lateral mesmo sentido;Com Vítimas Feridas;Pleno dia;Crescente;Céu Claro;Dupla;Reta;-22,85411774;-43,1018014
31/01/2023;09:29:00;VALPARAISO DE GOIAS;Velocidade Incompatível;Tombamento;Com Vítimas Feridas;Pleno dia;Crescente;Sol;Dupla;"Reta;Aclive";-16,100814;-47,977351
31/01/2023;10:30:00;CEDRO DE SAO JOAO;Chuva;Colisão com objeto;Com Vítimas Feridas;Pleno dia;Crescente;Chuva;Dupla;"Reta;Declive";-10,329305;-36,89429
31/01/2023;13:15:00;GUARULHOS;Manobra de mudança de faixa;Colisão traseira;Com Vítimas Feridas;Pleno dia;Crescente;Nublado;Múltipla;Reta;-23,48042826;-46,5327822
31/01/2023;12:00:00;CAJAZEIRAS;Demais falhas na via;Colisão com objeto;Sem Vítimas;Pleno dia;Não Informado;Sol;Simples;Reta;-6,873938;-38,63915
31/01/2023;11:00:00;BRUNOPOLIS;Velocidade Incompatível;Saída de leito carroçável;Com Vítimas Feridas;Pleno dia;Decrescente;Nublado;Simples;Curva;-27,334911;-50,882519
31/01/2023;14:00:00;BARRA DE SANTANA;Ausência de sinalização;Colisão transversal;Com Vítimas Feridas;Pleno dia;Decrescente;Céu Claro;Simples;"Retorno Regulamentado;Reta;Declive;Interseção de Vias";-7,50392242;-35,96094131
31/01/2023;15:00:00;SALVADOR;Manobra de mudança de faixa;Engavetamento;Sem Vítimas;Pleno dia;Crescente;Céu Claro;Dupla;Reta;-12,87206398;-38,42746403
31/01/2023;09:10:00;CURRAIS NOVOS;Manobra de mudança de faixa;Colisão traseira;Com Vítimas Feridas;Pleno dia;Decrescente;Céu Claro;Simples;Reta;-6,20967972;-36,30801917
31/01/2023;11:25:00;MAUA DA SERRA;Manobra de mudança de faixa;Colisão lateral mesmo sentido;Com Vítimas Feridas;Pleno dia;Crescente;Nublado;Dupla;Reta;-23,99549073;-51,08663961
31/01/2023;15:15:00;PONTA GROSSA;Chuva;Capotamento;Com Vítimas Feridas;Pleno dia;Crescente;Chuva;Simples;Reta;-25,04266233;-50,25791089
31/01/2023;05:30:00;FRUTAL;Pista esburacada;Saída de leito carroçável;Com Vítimas Feridas;Amanhecer;Decrescente;Céu Claro;Simples;Reta;-20,08067592;-49,07784813
31/01/2023;15:00:00;POCOS DE CALDAS;Chuva;Colisão com objeto;Com Vítimas Feridas;Pleno dia;Crescente;Chuva;Simples;"Curva;Aclive";-21,78708;-46,43884
31/01/2023;14:30:00;TIBAGI;Velocidade Incompatível;Saída de leito carroçável;Com Vítimas Feridas;Pleno dia;Decrescente;Chuva;Dupla;Curva;-24,789652;-50,504544
31/01/2023;16:00:00;JOAO PESSOA;Reação tardia ou ineficiente do condutor;Tombamento;Com Vítimas Feridas;Pleno dia;Decrescente;Céu Claro;Dupla;"Reta;Declive";-7,093;-34,8482
31/01/2023;17:20:00;SANTA MARIA;Acumulo de areia ou detritos sobre o pavimento;Queda de ocupante de veículo;Com Vítimas Feridas;Pleno dia;Crescente;Céu Claro;Dupla;Curva;-29,69556822;-53,78022006
31/01/2023;15:10:00;BRASILEIA;Acumulo de água sobre o pavimento;Saída de leito carroçável;Com Vítimas Feridas;Pleno dia;Crescente;Chuva;Simples;Curva;-10,938388;-68,892258
31/01/2023;19:45:00;CAUCAIA;Iluminação deficiente;Colisão frontal;Com Vítimas Feridas;Plena Noite;Crescente;Céu Claro;Simples;Reta;-3,76999035;-38,67006282
31/01/2023;17:15:00;DELTA;Chuva;Colisão com objeto;Com Vítimas Feridas;Pleno dia;Crescente;Chuva;Dupla;"Reta;Declive";-19,887439;-47,848374
31/01/2023;21:20:00;UBERLANDIA;Demais falhas na via;Tombamento;Com Vítimas Feridas;Plena Noite;Crescente;Céu Claro;Simples;Curva;-18,96978612;-48,21552449
31/01/2023;21:45:00;BETIM;Pista esburacada;Tombamento;Com Vítimas Feridas;Plena Noite;Crescente;Nublado;Dupla;Reta;-19,98903197;-44,19486891
31/01/2023;22:00:00;ABREU E LIMA;Demais falhas na via;Colisão com objeto;Com Vítimas Feridas;Plena Noite;Decrescente;Céu Claro;Dupla;Reta;-7,90938602;-34,90123228
01/02/2023;02:00:00;SAO MIGUEL DO OESTE;Velocidade Incompatível;Saída de leito carroçável;Sem Vítimas;Plena Noite;Crescente;Céu Claro;Simples;Curva;-26,71908804;-53,5157791
01/02/2023;07:25:00;PONTA GROSSA;Chuva;Colisão com objeto;Com Vítimas Feridas;Pleno dia;Crescente;Chuva;Dupla;"Curva;Declive";-24,972;-50,383
01/02/2023;07:30:00;LINHARES;Velocidade Incompatível;Colisão com objeto;Com Vítimas Feridas;Pleno dia;Decrescente;Céu Claro;Múltipla;Interseção de Vias;-19,34286596;-40,0638568
12/01/2023;16:27:00;BETIM;Velocidade Incompatível;Tombamento;Com Vítimas Feridas;Pleno dia;Crescente;Nublado;Múltipla;Reta;-19,99645252;-44,2092241
01/02/2023;07:50:00;SAO JOSE;Manobra de mudança de faixa;Colisão lateral mesmo sentido;Com Vítimas Feridas;Pleno dia;Crescente;Céu Claro;Múltipla;Reta;-27,57413014;-48,61363083
01/02/2023;07:15:00;JOINVILLE;Avarias e/ou desgaste excessivo no pneu;Tombamento;Com Vítimas Feridas;Pleno dia;Crescente;Céu Claro;Múltipla;Curva;-26,26767223;-48,89658451
01/02/2023;10:50:00;MESSIAS;Manobra de mudança de faixa;Colisão lateral mesmo sentido;Com Vítimas Feridas;Pleno dia;Crescente;Céu Claro;Dupla;Curva;-9,37909108;-35,83407855
01/02/2023;13:00:00;CORNELIO PROCOPIO;Manobra de mudança de faixa;Queda de ocupante de veículo;Com Vítimas Feridas;Pleno dia;Decrescente;Sol;Dupla;Reta;-23,23909102;-50,69443703
01/02/2023;15:50:00;IBIPORA;Manobra de mudança de faixa;Colisão lateral mesmo sentido;Com Vítimas Feridas;Pleno dia;Crescente;Nublado;Simples;Reta;-23,27471886;-51,05861127
01/02/2023;14:15:00;JOSE BONIFACIO;Ausência de reação do condutor;Tombamento;Com Vítimas Feridas;Pleno dia;Decrescente;Céu Claro;Simples;"Curva;Desvio Temporário;Em Obras";-21,00658524;-49,63430539
01/02/2023;14:40:00;JUSCIMEIRA;Manobra de mudança de faixa;Colisão traseira;Com Vítimas Feridas;Pleno dia;Crescente;Nublado;Dupla;Reta;-16,03954436;-54,88220215
04/01/2023;13:10:00;PATOS DE MINAS;Pista esburacada;Saída de leito carroçável;Com Vítimas Feridas;Pleno dia;Crescente;Céu Claro;Simples;Reta;-18,77986103;-46,69298351
01/02/2023;13:50:00;NEPOMUCENO;Afundamento ou ondulação no pavimento;Colisão com objeto;Com Vítimas Feridas;Pleno dia;Decrescente;Céu Claro;Dupla;"Curva;Declive";-21,370524;-45,188652
01/02/2023;11:00:00;SAPUCAIA;Velocidade Incompatível;Colisão traseira;Com Vítimas Feridas;Pleno dia;Crescente;Céu Claro;Simples;Reta;-21,87764485;-42,67025797
01/02/2023;17:47:00;CABEDELO;Demais falhas mecânicas ou elétricas;Tombamento;Com Vítimas Feridas;Plena Noite;Crescente;Céu Claro;Múltipla;Reta;-7,09642416;-34,84801202
01/02/2023;18:50:00;EXTREMA;Chuva;Capotamento;Com Vítimas Feridas;Plena Noite;Crescente;Chuva;Dupla;Curva;-22,84701434;-46,33321175
01/02/2023;18:00:00;CAMPO GRANDE;Reação tardia ou ineficiente do condutor;Tombamento;Com Vítimas Feridas;Anoitecer;Crescente;Céu Claro;Simples;Reta;-20,51162825;-54,56030973
01/02/2023;17:00:00;AMELIA RODRIGUES;Velocidade Incompatível;Atropelamento de Pedestre;Com Vítimas Feridas;Pleno dia;Crescente;Nublado;Dupla;Reta;-12,39373185;-38,77646394
01/02/2023;19:30:00;RIO BONITO;Avarias e/ou desgaste excessivo no pneu;Tombamento;Com Vítimas Feridas;Plena Noite;Crescente;Nublado;Dupla;Reta;-22,71359987;-42,64391188
30/01/2023;18:10:00;MUNDO NOVO;Velocidade Incompatível;Colisão lateral mesmo sentido;Sem Vítimas;Anoitecer;Crescente;Nublado;Simples;Reta;-24,02437787;-54,29046187
01/02/2023;21:20:00;CAMPO MOURAO;Chuva;Saída de leito carroçável;Com Vítimas Feridas;Plena Noite;Crescente;Chuva;Simples;Reta;-24,0678098;-52,45503794