data_inversa;horario;municipio;causa_acidente;tipo_acidente;classificacao_acidente;fase_dia;sentido_via;condicao_metereologica;tipo_pista;tracado_via;latitude;longitude
01/02/2023;19:45:00;PETROLINA;Velocidade Incompatível;Colisão traseira;Com Vítimas Feridas;Plena Noite;Decrescente;Céu Claro;Simples;Reta;-9,314647;-40,57336
01/02/2023;22:00:00;CAMPANHA;Demais falhas na via;Queda de ocupante de veículo;Com Vítimas Feridas;Plena Noite;Decrescente;Nublado;Dupla;Curva;-21,79136317;-45,44895687
02/02/2023;02:10:00;ALTOS;Ingestão de álcool pelo condutor;Tombamento;Com Vítimas Feridas;Plena Noite;Decrescente;Céu Claro;Simples;"Reta;Interseção de Vias";-5,03137481;-42,43994951
02/02/2023;07:01:00;SERRA;Manobra de mudança de faixa;Colisão traseira;Com Vítimas Feridas;Pleno dia;Crescente;Sol;Dupla;"Reta;Declive";-20,1572331;-40,27678329
02/02/2023;06:55:00;CAJATI;Pista Escorregadia;Colisão com objeto;Com Vítimas Feridas;Pleno dia;Crescente;Chuva;Simples;Curva;-24,83558399;-48,2223738
02/02/2023;07:30:00;MARECHAL CANDIDO RONDON;Manobra de mudança de faixa;Colisão lateral mesmo sentido;Com Vítimas Feridas;Amanhecer;Decrescente;Nublado;Dupla;Curva;-24,55143816;-54,0412003
02/02/2023;07:20:00;RECIFE;Ultrapassagem Indevida;Colisão lateral mesmo sentido;Com Vítimas Feridas;Pleno dia;Decrescente;Sol;Dupla;Reta;-8,05982451;-34,94570732
02/02/2023;07:50:00;BENTO GONCALVES;Avarias e/ou desgaste excessivo no pneu;Tombamento;Com Vítimas Feridas;Pleno dia;Decrescente;Céu Claro;Simples;"Curva;Aclive";-29,16462512;-51,52551964
02/02/2023;07:30:00;CONTAGEM;Manobra de mudança de faixa;Colisão lateral mesmo sentido;Com Vítimas Feridas;Pleno dia;Crescente;Sol;Múltipla;Reta;-19,95814211;-44,05822277
02/02/2023;07:50:00;ITAJAI;Manobra de mudança de faixa;Colisão lateral mesmo sentido;Com Vítimas Feridas;Pleno dia;Decrescente;Nublado;Dupla;Reta;-26,912758;-48,711998
02/02/2023;09:15:00;BETIM;Demais falhas na via;Colisão com objeto;Com Vítimas Feridas;Pleno dia;Crescente;Céu Claro;Dupla;"Curva;Declive";-19,98663;-44,20468
02/02/2023;09:40:00;NOVA ESPERANCA;Acumulo de água sobre o pavimento;Colisão transversal;Com Vítimas Feridas;Pleno dia;Crescente;Chuva;Dupla;"Reta;Declive";-23,2314935;-52,17536125
27/01/2023;22:30:00;CONCEICAO DO JACUIPE;Avarias e/ou desgaste excessivo no pneu;Tombamento;Com Vítimas Feridas;Plena Noite;Decrescente;Céu Claro;Dupla;Reta;-12,35775097;-38,82802597
02/02/2023;10:16:00;CANOAS;Manobra de mudança de faixa;Colisão lateral mesmo sentido;Com Vítimas Feridas;Pleno dia;Decrescente;Céu Claro;Dupla;"Reta;Viaduto";-29,896475;-51,17593
02/02/2023;11:00:00;PONTA GROSSA;Ausência de reação do condutor;Tombamento;Com Vítimas Feridas;Pleno dia;Crescente;Céu Claro;Dupla;"Curva;Declive";-25,088704;-50,195532
02/02/2023;09:05:00;UBIRATA;Chuva;Colisão lateral sentido oposto;Com Vítimas Fatais;Pleno dia;Crescente;Chuva;Simples;Curva;-24,5236;-52,9404
02/02/2023;11:30:00;CACHOEIRA DO SUL;Ultrapassagem Indevida;Saída de leito carroçável;Com Vítimas Feridas;Pleno dia;Crescente;Céu Claro;Simples;Declive;-30,26623;-52,865604
02/02/2023;14:00:00;BETIM;Velocidade Incompatível;Tombamento;Com Vítimas Feridas;Pleno dia;Decrescente;Sol;Simples;"Curva;Aclive";-19,95681096;-44,12804604
14/01/2023;07:19:00;ARARIPINA;Ultrapassagem Indevida;Colisão frontal;Com Vítimas Feridas;Amanhecer;Crescente;Chuva;Simples;"Declive;Reta";-7,62762275;-40,4567719
02/02/2023;14:26:00;SAO JOSE;Ausência de reação do condutor;Tombamento;Com Vítimas Feridas;Pleno dia;Decrescente;Céu Claro;Dupla;Reta;-27,6167305;-48,6457265
02/02/2023;14:00:00;CAMPANHA;Velocidade Incompatível;Saída de leito carroçável;Com Vítimas Feridas;Pleno dia;Decrescente;Chuva;Dupla;Reta;-21,81543894;-45,49238809
02/02/2023;14:30:00;CABO DE SANTO AGOSTINHO;Reação tardia ou ineficiente do condutor;Tombamento;Sem Vítimas;Pleno dia;Decrescente;Sol;Dupla;Reta;-8,30807754;-35,07573296
02/02/2023;14:25:00;TAUBATE;Pista esburacada;Tombamento;Com Vítimas Feridas;Pleno dia;Crescente;Sol;Dupla;"Reta;Interseção de Vias;Declive";-23,0582298;-45,6176951
02/02/2023;09:50:00;PANAMA;Manobra de mudança de faixa;Saída de leito carroçável;Com Vítimas Feridas;Pleno dia;Decrescente;Céu Claro;Simples;Reta;-18,168;-49,2891
02/02/2023;16:40:00;CARIACICA;Manobra de mudança de faixa;Colisão traseira;Com Vítimas Feridas;Pleno dia;Crescente;Sol;Múltipla;Reta;-20,32635473;-40,39668744
02/02/2023;15:10:00;CACHOEIRA DO SUL;Manobra de mudança de faixa;Colisão com objeto;Com Vítimas Feridas;Pleno dia;Decrescente;Céu Claro;Simples;"Ponte;Reta";-30,31361669;-53,18790436
02/02/2023;17:00:00;TIBAGI;Velocidade Incompatível;Colisão com objeto;Com Vítimas Feridas;Pleno dia;Crescente;Chuva;Dupla;"Curva;Declive";-24,80531402;-50,48850813
02/02/2023;18:00:00;ARAPONGAS;Desrespeitar a preferência no cruzamento;Tombamento;Com Vítimas Feridas;Pleno dia;Decrescente;Chuva;Simples;"Interseção de Vias;Reta";-23,42155019;-51,42459869
02/02/2023;17:40:00;RIACHAO DO BACAMARTE;Manobra de mudança de faixa;Colisão lateral mesmo sentido;Com Vítimas Feridas;Plena Noite;Decrescente;Céu Claro;Dupla;Reta;-7,2466;-35,6577
02/02/2023;18:30:00;ARAQUARI;Ausência de reação do condutor;Tombamento;Com Vítimas Feridas;Anoitecer;Crescente;Garoa/Chuvisco;Múltipla;Reta;-26,51082007;-48,72345612
02/02/2023;18:46:00;RECIFE;Sinalização mal posicionada;Colisão com objeto;Com Vítimas Feridas;Plena Noite;Decrescente;Céu Claro;Dupla;"Em Obras;Reta";-8,073327;-34,961481
02/02/2023;15:00:00;MATUPA;Obstrução na via;Colisão traseira;Com Vítimas Feridas;Pleno dia;Decrescente;Céu Claro;Simples;Reta;-10,19701413;-54,9539566
02/02/2023;13:10:00;SANTO ANTONIO DO AMPARO;Velocidade Incompatível;Saída de leito carroçável;Com Vítimas Feridas;Pleno dia;Crescente;Céu Claro;Dupla;Curva;-20,96227294;-44,92925305
02/02/2023;16:00:00;OLHO DAGUA DAS CUNHAS;Chuva;Saída de leito carroçável;Com Vítimas Feridas;Pleno dia;Crescente;Chuva;Simples;Reta;-4,091128;-45,042004
02/02/2023;21:15:00;SAO GONCALO DO AMARANTE;Manobra de mudança de faixa;Colisão transversal;Sem Vítimas;Plena Noite;Crescente;Céu Claro;Dupla;Reta;-5,774175;-35,2578
02/02/2023;21:20:00;ARAUJOS;Velocidade Incompatível;Colisão traseira;Sem Vítimas;Pleno dia;Decrescente;Céu Claro;Simples;Reta;-19,82283349;-45,08196173
02/02/2023;11:59:00;PARA DE MINAS;Acostamento em desnível;Saída de leito carroçável;Com Vítimas Feridas;Pleno dia;Crescente;Céu Claro;Dupla;"Reta;Declive";-19,88464192;-44,61618402
02/02/2023;19:05:00;MARINGA;Manobra de mudança de faixa;Colisão lateral mesmo sentido;Com Vítimas Feridas;Plena Noite;Crescente;Chuva;Múltipla;Reta;-23,43197477;-51,88671852
03/02/2023;01:50:00;ITAPEMA;Chuva;Colisão traseira;Com Vítimas Feridas;Plena Noite;Decrescente;Chuva;Simples;Reta;-27,12654068;-48,6093092
03/02/2023;03:00:00;AREAL;Velocidade Incompatível;Queda de ocupante de veículo;Com Vítimas Feridas;Plena Noite;Decrescente;Céu Claro;Dupla;Curva;-22,20231326;-43,14033743
03/02/2023;06:50:00;RECIFE;Acumulo de areia ou detritos sobre o pavimento;Queda de ocupante de veículo;Com Vítimas Feridas;Pleno dia;Não Informado;Céu Claro;Dupla;"Curva;Rotatória";-8,0756735;-34,94560003
03/02/2023;07:50:00;APUCARANA;Velocidade Incompatível;Queda de ocupante de veículo;Com Vítimas Feridas;Pleno dia;Crescente;Nublado;Dupla;Curva;-23,58183008;-51,42580032
02/01/2023;10:55:00;REBOUCAS;Ultrapassagem Indevida;Colisão frontal;Com Vítimas Feridas;Pleno dia;Crescente;Nublado;Simples;"Declive;Reta";-25,56994301;-50,67942923
03/02/2023;08:00:00;RIO DE JANEIRO;Manobra de mudança de faixa;Colisão lateral mesmo sentido;Com Vítimas Feridas;Pleno dia;Decrescente;Céu Claro;Dupla;Reta;-22,8060415;-43,34289573
22/01/2023;23:00:00;MARINGA;Velocidade Incompatível;Colisão com objeto;Com Vítimas Feridas;Plena Noite;Crescente;Nublado;Múltipla;Reta;-23,41595855;-51,92226484
03/02/2023;08:45:00;PALHOCA;Manobra de mudança de faixa;Colisão lateral mesmo sentido;Com Vítimas Feridas;Pleno dia;Decrescente;Nublado;Múltipla;"Reta;Declive;Viaduto";-27,63697369;-48,66514142
03/02/2023;08:09:00;URUACU;Ultrapassagem Indevida;Colisão lateral sentido oposto;Com Vítimas Feridas;Pleno dia;Decrescente;Chuva;Simples;"Reta;Aclive";-14,567051;-49,156227
03/02/2023;08:35:00;MIRANDA;Velocidade Incompatível;Saída de leito carroçável;Sem Vítimas;Pleno dia;Crescente;Chuva;Simples;Curva;-20,2646408;-56,34030978
02/02/2023;00:10:00;TRAIRAO;Objeto estático sobre o leito carroçável;Tombamento;Com Vítimas Feridas;Plena Noite;Decrescente;Céu Claro;Simples;"Reta;Declive";-4,55704148;-55,92057324
03/01/2023;05:30:00;CAETE;Velocidade Incompatível;Colisão com objeto;Com Vítimas Feridas;Amanhecer;Decrescente;Nublado;Dupla;"Curva;Declive";-19,75309407;-43,62966384
03/02/2023;07:50:00;CAMPINA GRANDE;Ausência de reação do condutor;Tombamento;Com Vítimas Fatais;Pleno dia;Crescente;Céu Claro;Simples;Declive;-7,1775;-36,0247
03/02/2023;11:50:00;JABOATAO DOS GUARARAPES;Condutor usando celular;Tombamento;Com Vítimas Feridas;Pleno dia;Crescente;Céu Claro;Simples;Curva;-8,079432;-34,989118
03/02/2023;12:20:00;SAO LEOPOLDO;Pista esburacada;Tombamento;Com Vítimas Feridas;Pleno dia;Decrescente;Céu Claro;Dupla;Reta;-29,72297087;-51,14858729
03/02/2023;11:50:00;BETIM;Ausência de reação do condutor;Tombamento;Com Vítimas Feridas;Pleno dia;Crescente;Céu Claro;Múltipla;"Reta;Declive";-19,95820262;-44,08023834
08/01/2023;02:40:00;TAUBATE;Manobra de mudança de faixa;Colisão lateral mesmo sentido;Com Vítimas Feridas;Plena Noite;Crescente;Céu Claro;Dupla;Reta;-23,0496047;-45,59973712
03/02/2023;13:25:00;CASCAVEL;Velocidade Incompatível;Colisão lateral mesmo sentido;Com Vítimas Feridas;Pleno dia;Crescente;Nublado;Simples;Reta;-24,97841126;-53,44927138
03/02/2023;13:40:00;ABREU E LIMA;Manobra de mudança de faixa;Colisão lateral mesmo sentido;Com Vítimas Feridas;Pleno dia;Crescente;Céu Claro;Dupla;Reta;-7,90938602;-34,90123228
03/02/2023;14:00:00;CARIACICA;Avarias e/ou desgaste excessivo no pneu;Tombamento;Com Vítimas Feridas;Pleno dia;Crescente;Sol;Dupla;Reta;-20,24334991;-40,3696926
03/02/2023;14:35:00;CASCAVEL;Velocidade Incompatível;Saída de leito carroçável;Com Vítimas Feridas;Pleno dia;Decrescente;Chuva;Múltipla;Curva;-24,7875;-53,6778
03/02/2023;15:00:00;EMBU DAS ARTES;Manobra de mudança de faixa;Colisão lateral mesmo sentido;Com Vítimas Feridas;Pleno dia;Crescente;Céu Claro;Múltipla;Reta;-23,61799728;-46,79677694
03/02/2023;15:40:00;PORTO ALEGRE;Avarias e/ou desgaste excessivo no pneu;Tombamento;Com Vítimas Feridas;Pleno dia;Decrescente;Nublado;Múltipla;Reta;-29,968319;-51,157398
03/02/2023;08:00:00;CANTA;Velocidade Incompatível;Saída de leito carroçável;Com Vítimas Feridas;Pleno dia;Crescente;Céu Claro;Simples;Reta;2,05963556;-60,6478849
03/02/2023;16:30:00;HIDROLANDIA;Manobra de mudança de faixa;Colisão traseira;Com Vítimas Feridas;Pleno dia;Decrescente;Céu Claro;Dupla;Reta;-17,0547;-49,2269
03/02/2023;17:25:00;FELIXLANDIA;Ultrapassagem Indevida;Colisão traseira;Com Vítimas Feridas;Anoitecer;Crescente;Céu Claro;Simples;Reta;-18,73053982;-44,88268599
03/02/2023;17:15:00;LINHARES;Acesso irregular;Tombamento;Com Vítimas Feridas;Pleno dia;Decrescente;Céu Claro;Simples;Interseção de Vias;-19,36990998;-40,06560718
03/02/2023;17:30:00;AREAL;Velocidade Incompatível;Colisão com objeto;Sem Vítimas;Pleno dia;Decrescente;Chuva;Dupla;Curva;-22,18633705;-43,16660309
03/02/2023;17:30:00;NOVA LARANJEIRAS;Velocidade Incompatível;Saída de leito carroçável;Com Vítimas Feridas;Pleno dia;Crescente;Chuva;Simples;"Declive;Curva";-25,27011524;-52,61299706
03/02/2023;09:00:00;PIRAI;Pista Escorregadia;Queda de ocupante de veículo;Com Vítimas Feridas;Pleno dia;Crescente;Céu Claro;Múltipla;Curva;-22,67208078;-43,81789284
03/02/2023;15:10:00;ITAUBA;Manobra de mudança de faixa;Saída de leito carroçável;Com Vítimas Feridas;Pleno dia;Crescente;Nublado;Simples;Reta;-11,09914088;-55,29596508
03/02/2023;17:50:00;CAPIVARI DE BAIXO;Acumulo de água sobre o pavimento;Saída de leito carroçável;Com Vítimas Feridas;Pleno dia;Decrescente;Chuva;Simples;Declive;-28,43579409;-48,95904779
03/02/2023;20:40:00;BETIM;Avarias e/ou desgaste excessivo no pneu;Tombamento;Com Vítimas Feridas;Plena Noite;Crescente;Céu Claro;Dupla;"Reta;Declive";-19,95626339;-44,1348285
03/02/2023;21:00:00;GUARULHOS;Chuva;Tombamento;Com Vítimas Feridas;Plena Noite;Decrescente;Chuva;Múltipla;Declive;-23,48586772;-46,54075317
03/02/2023;16:30:00;ABADIANIA;Velocidade Incompatível;Saída de leito carroçável;Sem Vítimas;Pleno dia;Decrescente;Céu Claro;Dupla;Reta;-16,189718;-48,670911
03/02/2023;21:20:00;AGUAS MORNAS;Velocidade Incompatível;Colisão frontal;Sem Vítimas;Plena Noite;Crescente;Garoa/Chuvisco;Simples;Curva;-27,685799;-48,974514
03/02/2023;18:40:00;VILHENA;Manobra de mudança de faixa;Colisão frontal;Com Vítimas Fatais;Plena Noite;Decrescente;Céu Claro;Simples;Reta;-12,6351062;-60,32997233
03/02/2023;22:00:00;LAJEDO;Ausência de sinalização;Atropelamento de Pedestre;Com Vítimas Feridas;Plena Noite;Decrescente;Céu Claro;Simples;Reta;-8,65805731;-36,32866993
03/02/2023;21:00:00;DOURADOS;Ingestão de álcool pelo condutor;Tombamento;Com Vítimas Feridas;Plena Noite;Decrescente;Céu Claro;Dupla;"Reta;Rotatória";-22,21302162;-54,7163558
04/02/2023;00:30:00;MACAPA;Velocidade Incompatível;Colisão transversal;Com Vítimas Feridas;Pleno dia;Decrescente;Nublado;Múltipla;Reta;0,08723365;-51,08569007
03/02/2023;19:35:00;SANTA INES;Ultrapassagem Indevida;Colisão frontal;Com Vítimas Fatais;Plena Noite;Crescente;Céu Claro;Simples;Curva;-3,90216202;-45,58232698
04/02/2023;03:30:00;QUATRO BARRAS;Manobra de mudança de faixa;Colisão traseira;Com Vítimas Feridas;Plena Noite;Decrescente;Garoa/Chuvisco;Dupla;Reta;-25,3669;-49,0996
04/02/2023;04:35:00;PETROPOLIS;Velocidade Incompatível;Colisão com objeto;Com Vítimas Fatais;Amanhecer;Crescente;Céu Claro;Dupla;Reta;-22,41319517;-43,14970765
04/02/2023;05:45:00;ATILIO VIVACQUA;Velocidade Incompatível;Tombamento;Com Vítimas Feridas;Pleno dia;Crescente;Céu Claro;Dupla;Retorno Regulamentado;-21,0101031;-41,14346623
04/02/2023;05:10:00;TIJUCAS DO SUL;Reação tardia ou ineficiente do condutor;Tombamento;Com Vítimas Feridas;Amanhecer;Crescente;Chuva;Dupla;"Curva;Aclive";-25,84564757;-49,08816197
28/01/2023;00:50:00;CASCAVEL;Manobra de mudança de faixa;Colisão lateral mesmo sentido;Com Vítimas Feridas;Plena Noite;Crescente;Céu Claro;Simples;Reta;-24,98082053;-53,48254989
04/02/2023;06:20:00;ANGRA DOS REIS;Velocidade Incompatível;Colisão transversal;Com Vítimas Fatais;Amanhecer;Decrescente;Céu Claro;Simples;Rotatória;-22,98573526;-44,29709764
01/02/2023;04:30:00;CAMPOS NOVOS;Velocidade Incompatível;Capotamento;Sem Vítimas;Plena Noite;Decrescente;Céu Claro;Simples;Reta;-27,465645;-51,268574
04/02/2023;10:40:00;JOAO PESSOA;Velocidade Incompatível;Colisão com objeto;Sem Vítimas;Pleno dia;Decrescente;Sol;Simples;Curva;-7,16470016;-34,89993643
01/02/2023;20:00:00;TRIUNFO;Manobra de mudança de faixa;Colisão traseira;Com Vítimas Feridas;Plena Noite;Decrescente;Céu Claro;Dupla;Reta;-29,704739;-51,654911
04/02/2023;10:35:00;NOVA IGUACU;Demais falhas mecânicas ou elétricas;Tombamento;Com Vítimas Feridas;Pleno dia;Decrescente;Céu Claro;Múltipla;Reta;-22,761312;-43,423492
04/02/2023;14:29:00;VALPARAISO DE GOIAS;Ausência de reação do condutor;Tombamento;Com Vítimas Feridas;Pleno dia;Crescente;Nublado;Dupla;Reta;-16,058245;-47,982825
04/02/2023;15:10:00;FEIRA DE SANTANA;Manobra de mudança de faixa;Colisão frontal;Com Vítimas Feridas;Pleno dia;Crescente;Céu Claro;Simples;Reta;-12,258195;-38,932182
04/02/2023;16:15:00;LEOPOLDINA;Reação tardia ou ineficiente do condutor;Tombamento;Com Vítimas Feridas;Pleno dia;Decrescente;Céu Claro;Simples;Interseção de Vias;-21,5271992;-42,65302264
04/02/2023;10:45:00;PESQUEIRA;Ultrapassagem Indevida;Colisão transversal;Com Vítimas Feridas;Pleno dia;Crescente;Céu Claro;Simples;Reta;-8,3804455;-36,73076279
04/02/2023;16:23:00;CARUARU;Velocidade Incompatível;Colisão com objeto;Sem Vítimas;Pleno dia;Decrescente;Sol;Múltipla;Curva;-8,2698;-35,9803
04/02/2023;15:46:00;CAMPO GRANDE;Avarias e/ou desgaste excessivo no pneu;Tombamento;Com Vítimas Feridas;Pleno dia;Crescente;Céu Claro;Simples;Reta;-20,40828185;-54,55160067
04/02/2023;16:15:00;RECIFE;Velocidade Incompatível;Colisão transversal;Com Vítimas Feridas;Pleno dia;Decrescente;Nublado;Múltipla;Reta;-8,0162921;-34,94045886
04/02/2023;13:15:00;PONTA GROSSA;Reação tardia ou ineficiente do condutor;Tombamento;Com Vítimas Feridas;Pleno dia;Decrescente;Céu Claro;Dupla;Reta;-25,32138068;-49,87003076
04/02/2023;12:20:00;MINEIROS;Acumulo de água sobre o pavimento;Saída de leito carroçável;Com Vítimas Feridas;Pleno dia;Crescente;Chuva;Simples;Reta;-17,386873;-53,033463
04/02/2023;17:30:00;CONCEICAO DA BARRA;Avarias e/ou desgaste excessivo no pneu;Tombamento;Com Vítimas Feridas;Anoitecer;Crescente;Céu Claro;Simples;Reta;-18,45416994;-39,9307555
04/02/2023;17:00:00;CASCAVEL;Velocidade Incompatível;Queda de ocupante de veículo;Com Vítimas Feridas;Pleno dia;Crescente;Céu Claro;Dupla;Reta;-24,9098;-53,5103
04/02/2023;16:00:00;CAXIAS DO SUL;Manobra de mudança de faixa;Colisão lateral mesmo sentido;Com Vítimas Feridas;Pleno dia;Decrescente;Sol;Simples;Reta;-29,32449914;-51,1698854
04/02/2023;16:30:00;JI-PARANA;Manobra de mudança de faixa;Colisão lateral mesmo sentido;Com Vítimas Feridas;Pleno dia;Crescente;Nublado;Simples;"Reta;Interseção de Vias";-10,8777504;-61,94699049
04/02/2023;17:00:00;VALPARAISO DE GOIAS;Manobra de mudança de faixa;Colisão transversal;Sem Vítimas;Pleno dia;Crescente;Céu Claro;Dupla;Reta;-16,058245;-47,982825
04/02/2023;17:03:00;SAO JOSE DO RIO PRETO;Pista Escorregadia;Tombamento;Com Vítimas Feridas;Pleno dia;Crescente;Nublado;Dupla;"Curva;Aclive";-20,79627979;-49,35480206
04/02/2023;18:00:00;RIBEIRAO DAS NEVES;Manobra de mudança de faixa;Atropelamento de Pedestre;Com Vítimas Fatais;Anoitecer;Crescente;Céu Claro;Dupla;"Reta;Declive";-19,77316529;-44,12478447
04/02/2023;19:05:00;GASPAR;Velocidade Incompatível;Saída de leito carroçável;Com Vítimas Feridas;Anoitecer;Crescente;Nublado;Simples;"Curva;Em Obras";-26,90302897;-48,98162663
04/02/2023;17:50:00;GUARAPUAVA;Manobra de mudança de faixa;Colisão lateral mesmo sentido;Com Vítimas Feridas;Pleno dia;Crescente;Céu Claro;Simples;"Reta;Aclive";-25,3124214;-51,18087407
04/02/2023;18:30:00;SAO MATEUS;Ausência de reação do condutor;Tombamento;Com Vítimas Feridas;Anoitecer;Crescente;Céu Claro;Simples;Reta;-18,74453703;-39,86164665
04/02/2023;19:10:00;SAO MATEUS;Reação tardia ou ineficiente do condutor;Tombamento;Com Vítimas Feridas;Plena Noite;Crescente;Céu Claro;Dupla;Reta;-18,72054021;-39,8658931
04/02/2023;16:30:00;PETROPOLIS;Velocidade Incompatível;Capotamento;Com Vítimas Feridas;Pleno dia;Decrescente;Céu Claro;Dupla;Declive;-22,46352401;-43,22321103
04/02/2023;19:40:00;QUEIMADAS;Deficiência do Sistema de Iluminação/Sinalização;Colisão traseira;Com Vítimas Feridas;Plena Noite;Decrescente;Céu Claro;Simples;Reta;-7,42278697;-35,89513073
04/02/2023;19:00:00;PORTO BELO;Reação tardia ou ineficiente do condutor;Tombamento;Com Vítimas Feridas;Anoitecer;Decrescente;Céu Claro;Dupla;Reta;-27,19096301;-48,61259017
04/02/2023;18:00:00;NOVA PETROPOLIS;Manobra de mudança de faixa;Colisão lateral mesmo sentido;Com Vítimas Feridas;Pleno dia;Crescente;Céu Claro;Dupla;Reta;-29,39221114;-51,12482919
04/02/2023;21:40:00;JUIZ DE FORA;Manobra de mudança de faixa;Colisão com objeto;Com Vítimas Feridas;Plena Noite;Crescente;Nublado;Dupla;Reta;-21,82857001;-43,37364401
04/02/2023;20:10:00;ITAMARAJU;Reação tardia ou ineficiente do condutor;Tombamento;Com Vítimas Feridas;Plena Noite;Decrescente;Céu Claro;Simples;"Ponte;Reta";-17,21763389;-39,60728705
04/02/2023;19:15:00;SAO PAULO;Pista Escorregadia;Queda de ocupante de veículo;Com Vítimas Feridas;Anoitecer;Decrescente;Chuva;Múltipla;Reta;-23,46885001;-46,56996601
04/02/2023;20:45:00;ZE DOCA;Manobra de mudança de faixa;Colisão frontal;Com Vítimas Feridas;Plena Noite;Decrescente;Céu Claro;Simples;Reta;-3,250695;-45,654037
04/02/2023;23:50:00;CORBELIA;Velocidade Incompatível;Colisão com objeto;Com Vítimas Feridas;Plena Noite;Decrescente;Céu Claro;Simples;Curva;-24,74407095;-53,26890171
04/02/2023;23:45:00;JARAGUARI;Ingestão de álcool pelo condutor;Tombamento;Com Vítimas Feridas;Plena Noite;Crescente;Céu Claro;Simples;"Reta;Interseção de Vias";-20,08043958;-54,43056107
05/02/2023;01:50:00;APUCARANA;Demais falhas mecânicas ou elétricas;Tombamento;Com Vítimas Feridas;Plena Noite;Decrescente;Céu Claro;Dupla;Reta;-23,509201;-51,425937
05/02/2023;01:50:00;MAFRA;Velocidade Incompatível;Saída de leito carroçável;Sem Vítimas;Plena Noite;Decrescente;Nublado;Simples;Reta;-26,15196176;-49,83102416
05/02/2023;02:30:00;CAMBE;Velocidade Incompatível;Saída de leito carroçável;Sem Vítimas;Plena Noite;Decrescente;Céu Claro;Dupla;Interseção de Vias;-23,28473191;-51,25837868
05/02/2023;05:40:00;SAO MIGUEL DO OESTE;Velocidade Incompatível;Saída de leito carroçável;Com Vítimas Feridas;Amanhecer;Decrescente;Céu Claro;Simples;"Declive;Reta";-26,67615498;-53,51669997
05/02/2023;05:45:00;XEXEU;Acumulo de água sobre o pavimento;Saída de leito carroçável;Com Vítimas Feridas;Amanhecer;Crescente;Chuva;Dupla;Curva;-8,82545377;-35,64542552
05/02/2023;08:45:00;GUARULHOS;Manobra de mudança de faixa;Colisão com objeto;Com Vítimas Feridas;Pleno dia;Decrescente;Céu Claro;Múltipla;Reta;-23,47559815;-46,5246609
05/02/2023;08:30:00;LONDRINA;Ingestão de álcool pelo condutor;Tombamento;Com Vítimas Feridas;Pleno dia;Crescente;Nublado;Dupla;"Reta;Aclive";-23,292999;-51,133537
05/02/2023;02:30:00;IBIRAMA;Condutor Dormindo;Tombamento;Sem Vítimas;Plena Noite;Crescente;Céu Claro;Simples;Curva;-27,095388;-49,457878
05/02/2023;09:00:00;ITAARA;Velocidade Incompatível;Colisão traseira;Com Vítimas Feridas;Pleno dia;Decrescente;Sol;Simples;"Reta;Declive";-29,61959825;-53,76787305
05/02/2023;10:15:00;SAO GONCALO DO SAPUCAI;Pista esburacada;Queda de ocupante de veículo;Com Vítimas Feridas;Pleno dia;Decrescente;Céu Claro;Dupla;Reta;-21,89946215;-45,55428277
05/02/2023;10:35:00;PORTO REAL DO COLEGIO;Acumulo de água sobre o pavimento;Saída de leito carroçável;Com Vítimas Feridas;Pleno dia;Decrescente;Chuva;Dupla;Aclive;-10,1677149;-36,82012712
05/02/2023;11:00:00;SANTA ISABEL;Acumulo de areia ou detritos sobre o pavimento;Queda de ocupante de veículo;Com Vítimas Feridas;Pleno dia;Crescente;Céu Claro;Dupla;Curva;-23,35316717;-46,19754761
05/02/2023;11:30:00;SAO GONCALO DO PARA;Velocidade Incompatível;Colisão traseira;Com Vítimas Fatais;Pleno dia;Decrescente;Sol;Dupla;Reta;-19,890989;-44,835215
05/02/2023;08:40:00;CAXIAS;Acumulo de areia ou detritos sobre o pavimento;Tombamento;Com Vítimas Feridas;Pleno dia;Decrescente;Céu Claro;Simples;Reta;-4,767323;-43,61478
05/02/2023;12:35:00;PIMENTA BUENO;Ultrapassagem Indevida;Colisão lateral mesmo sentido;Com Vítimas Feridas;Pleno dia;Decrescente;Céu Claro;Simples;"Reta;Interseção de Vias";-11,67880278;-61,1878925
05/02/2023;12:20:00;RIO BONITO;Manobra de mudança de faixa;Tombamento;Com Vítimas Feridas;Pleno dia;Crescente;Sol;Dupla;"Reta;Ponte";-22,72935968;-42,70112512
05/02/2023;12:40:00;ITAPEMA;Manobra de mudança de faixa;Colisão lateral mesmo sentido;Com Vítimas Feridas;Pleno dia;Decrescente;Sol;Múltipla;Reta;-27,11744799;-48,60940987
02/02/2023;13:28:00;BAYEUX;Reação tardia ou ineficiente do condutor;Tombamento;Com Vítimas Feridas;Pleno dia;Crescente;Céu Claro;Dupla;Reta;-7,12911;-34,93714
05/02/2023;14:48:00;COLINAS DO TOCANTINS;Velocidade Incompatível;Capotamento;Com Vítimas Feridas;Pleno dia;Decrescente;Chuva;Dupla;Reta;-8,070951037;-48,46698244
05/02/2023;16:00:00;VITORIA DA CONQUISTA;Ultrapassagem Indevida;Colisão frontal;Com Vítimas Feridas;Pleno dia;Crescente;Céu Claro;Simples;Reta;-14,7433918;-40,66503611
05/02/2023;15:45:00;TIJUCAS;Demais falhas mecânicas ou elétricas;Tombamento;Com Vítimas Feridas;Pleno dia;Decrescente;Sol;Dupla;Reta;-27,279105;-48,631554