data_inversa;horario;municipio;causa_acidente;tipo_acidente;classificacao_acidente;fase_dia;sentido_via;condicao_metereologica;tipo_pista;tracado_via;latitude;longitude
17/01/2023;23:37:00;BIGUACU;Ausência de reação do condutor;Tombamento;Com Vítimas Feridas;Plena Noite;Crescente;Céu Claro;Dupla;Interseção de Vias;-27,42061434;-48,62561703
10/02/2023;12:35:00;CASCAVEL;Acumulo de água sobre o pavimento;Colisão lateral mesmo sentido;Com Vítimas Feridas;Pleno dia;Decrescente;Chuva;Dupla;Reta;-24,9209;-53,4764
10/02/2023;14:30:00;BETIM;Demais falhas mecânicas ou elétricas;Tombamento;Com Vítimas Feridas;Pleno dia;Crescente;Nublado;Múltipla;Reta;-19,95576216;-44,14581299
10/02/2023;11:25:00;VICENTINA;Avarias e/ou desgaste excessivo no pneu;Tombamento;Com Vítimas Feridas;Pleno dia;Decrescente;Sol;Simples;Reta;-22,39963978;-54,46020191
28/01/2023;09:20:00;TRES MARIAS;Pista em desnível;Queda de ocupante de veículo;Com Vítimas Feridas;Pleno dia;Decrescente;Céu Claro;Simples;Reta;-18,3940688;-45,10000664
10/02/2023;12:57:00;ACAILANDIA;Manobra de mudança de faixa;Colisão transversal;Com Vítimas Feridas;Pleno dia;Crescente;Céu Claro;Simples;Reta;-4,93859094;-47,46131504
10/02/2023;13:45:00;BLUMENAU;Ultrapassagem Indevida;Colisão traseira;Com Vítimas Feridas;Pleno dia;Decrescente;Nublado;Simples;"Reta;Declive";-26,88221874;-49,16021439
10/02/2023;12:49:00;SINOP;Manobra de mudança de faixa;Colisão transversal;Com Vítimas Feridas;Pleno dia;Crescente;Céu Claro;Dupla;"Reta;Retorno Regulamentado";-11,951051;-55,516876
10/02/2023;16:15:00;RECIFE;Manobra de mudança de faixa;Colisão lateral mesmo sentido;Com Vítimas Feridas;Pleno dia;Crescente;Sol;Dupla;Reta;-8,07733807;-34,94313776
10/02/2023;16:45:00;HORIZONTE;Manobra de mudança de faixa;Colisão transversal;Com Vítimas Feridas;Pleno dia;Crescente;Céu Claro;Múltipla;Reta;-4,08722773;-38,500659
10/02/2023;17:35:00;PORTO ALEGRE;Manobra de mudança de faixa;Colisão lateral mesmo sentido;Com Vítimas Feridas;Pleno dia;Decrescente;Céu Claro;Múltipla;Reta;-29,971916;-51,176838
10/02/2023;14:30:00;RIALMA;Velocidade Incompatível;Saída de leito carroçável;Com Vítimas Feridas;Pleno dia;Decrescente;Chuva;Simples;Curva;-15,25735786;-49,54833984
10/02/2023;16:40:00;RIACHAO DO JACUIPE;Ultrapassagem Indevida;Saída de leito carroçável;Com Vítimas Feridas;Pleno dia;Decrescente;Céu Claro;Simples;Declive;-11,6880072;-39,54413619
10/02/2023;15:45:00;GUAPO;Acumulo de água sobre o pavimento;Saída de leito carroçável;Com Vítimas Feridas;Pleno dia;Crescente;Chuva;Dupla;Reta;-16,9243;-49,6642
10/02/2023;19:05:00;NOVA IGUACU;Afundamento ou ondulação no pavimento;Queda de ocupante de veículo;Com Vítimas Feridas;Plena Noite;Decrescente;Chuva;Simples;Reta;-22,854782;-43,601933
10/02/2023;20:25:00;MARECHAL DEODORO;Velocidade Incompatível;Capotamento;Com Vítimas Fatais;Plena Noite;Crescente;Céu Claro;Simples;Rotatória;-9,66670281;-35,84489382
10/02/2023;19:00:00;FLORESTA;Pista esburacada;Saída de leito carroçável;Sem Vítimas;Anoitecer;Não Informado;Céu Claro;Simples;Reta;-8,555633;-38,00597
10/02/2023;21:40:00;VITORIA DA CONQUISTA;Velocidade Incompatível;Colisão traseira;Com Vítimas Feridas;Plena Noite;Decrescente;Céu Claro;Simples;Reta;-14,76037784;-40,69756008
10/02/2023;22:45:00;PETROLINA;Acumulo de óleo sobre o pavimento;Queda de ocupante de veículo;Com Vítimas Feridas;Plena Noite;Decrescente;Céu Claro;Dupla;"Rotatória;Curva";-9,36400596;-40,48266808
10/02/2023;23:30:00;SAO JOAQUIM DE BICAS;Velocidade Incompatível;Colisão lateral mesmo sentido;Com Vítimas Feridas;Plena Noite;Crescente;Céu Claro;Múltipla;Reta;-20,0395533;-44,25829411
10/02/2023;22:50:00;RIO GRANDE;Velocidade Incompatível;Saída de leito carroçável;Com Vítimas Feridas;Plena Noite;Decrescente;Céu Claro;Dupla;Reta;-32,08769775;-52,20709106
10/02/2023;21:50:00;ANGRA DOS REIS;Chuva;Colisão com objeto;Com Vítimas Feridas;Plena Noite;Crescente;Chuva;Simples;Reta;-23,00519997;-44,45275661
11/02/2023;00:00:00;INDAIAL;Demais falhas na via;Eventos atípicos;Com Vítimas Feridas;Plena Noite;Decrescente;Nublado;Simples;"Em Obras;Reta";-26,877615;-49,239231
10/02/2023;23:00:00;CRISTALINA;Velocidade Incompatível;Saída de leito carroçável;Com Vítimas Feridas;Plena Noite;Decrescente;Céu Claro;Simples;Reta;-16,9309;-47,7117
10/02/2023;23:40:00;TAUBATE;Ultrapassagem Indevida;Colisão lateral mesmo sentido;Com Vítimas Feridas;Plena Noite;Decrescente;Chuva;Dupla;Reta;-23,02871304;-45,54517097
11/02/2023;00:29:00;BRASILIA;Velocidade Incompatível;Tombamento;Com Vítimas Feridas;Plena Noite;Decrescente;Céu Claro;Simples;Reta;-15,945773;-47,719992
11/02/2023;03:30:00;SAO JOSE DOS CAMPOS;Chuva;Queda de ocupante de veículo;Com Vítimas Feridas;Plena Noite;Decrescente;Chuva;Dupla;Reta;-23,17004717;-45,82091491
11/02/2023;01:30:00;TRES PASSOS;Velocidade Incompatível;Colisão traseira;Com Vítimas Feridas;Plena Noite;Crescente;Céu Claro;Simples;Curva;-27,49549485;-53,88701867
11/02/2023;04:30:00;CORNELIO PROCOPIO;Chuva;Saída de leito carroçável;Sem Vítimas;Plena Noite;Decrescente;Chuva;Dupla;"Curva;Interseção de Vias";-23,18766435;-50,63910306
11/02/2023;04:30:00;TRES LAGOAS;Chuva;Tombamento;Com Vítimas Feridas;Plena Noite;Crescente;Garoa/Chuvisco;Simples;Reta;-20,81380239;-51,74605698
11/02/2023;07:20:00;ANCHIETA;Velocidade Incompatível;Capotamento;Com Vítimas Feridas;Pleno dia;Crescente;Céu Claro;Simples;Reta;-20,753749;-40,75894999
11/02/2023;06:00:00;CACAPAVA;Velocidade Incompatível;Colisão com objeto;Com Vítimas Feridas;Amanhecer;Crescente;Nublado;Dupla;Reta;-23,11454664;-45,71105567
11/02/2023;06:10:00;SEROPEDICA;Ultrapassagem Indevida;Colisão lateral mesmo sentido;Com Vítimas Feridas;Amanhecer;Crescente;Céu Claro;Dupla;Reta;-22,6719022;-43,65183055
11/02/2023;08:30:00;JOINVILLE;Velocidade Incompatível;Colisão traseira;Com Vítimas Feridas;Pleno dia;Crescente;Céu Claro;Múltipla;Reta;-26,30630348;-48,88070583
11/02/2023;08:30:00;CAJATI;Pista Escorregadia;Colisão com objeto;Com Vítimas Feridas;Pleno dia;Crescente;Garoa/Chuvisco;Simples;"Aclive;Ponte;Curva";-24,83558399;-48,2223738
11/02/2023;09:30:00;ESTIVA;Velocidade Incompatível;Tombamento;Com Vítimas Feridas;Pleno dia;Crescente;Nublado;Dupla;Reta;-22,55262102;-46,03939916
11/02/2023;08:00:00;PORTO VELHO;Manobra de mudança de faixa;Colisão lateral mesmo sentido;Com Vítimas Feridas;Pleno dia;Crescente;Céu Claro;Múltipla;Reta;-8,77823219;-63,8706243
11/02/2023;09:20:00;PALHOCA;Manobra de mudança de faixa;Colisão lateral mesmo sentido;Com Vítimas Feridas;Pleno dia;Crescente;Sol;Dupla;Reta;-27,7597249;-48,63078869
11/02/2023;09:45:00;FOZ DO IGUACU;Condutor deixou de manter distância do veículo da frente;Queda de ocupante de veículo;Com Vítimas Feridas;Pleno dia;Crescente;Sol;Simples;"Declive;Curva";-25,5813;-54,5315
11/02/2023;12:40:00;ARAGUARI;Velocidade Incompatível;Saída de leito carroçável;Com Vítimas Feridas;Pleno dia;Crescente;Céu Claro;Dupla;Reta;-18,71289097;-48,19662304
07/02/2023;21:33:00;CHAPECO;Ausência de reação do condutor;Tombamento;Com Vítimas Feridas;Plena Noite;Decrescente;Céu Claro;Dupla;"Reta;Rotatória";-26,998245;-52,643768
11/02/2023;14:35:00;ITAPEMA;Manobra de mudança de faixa;Tombamento;Com Vítimas Feridas;Pleno dia;Crescente;Sol;Dupla;Reta;-27,0732659;-48,59672716
11/02/2023;07:30:00;PALMEIRAS;Velocidade Incompatível;Saída de leito carroçável;Com Vítimas Feridas;Pleno dia;Crescente;Garoa/Chuvisco;Simples;Reta;-12,46131491;-41,46948804
11/02/2023;14:40:00;CAMPINA GRANDE DO SUL;Chuva;Saída de leito carroçável;Com Vítimas Feridas;Pleno dia;Decrescente;Chuva;Dupla;Curva;-25,15939259;-48,86202157
11/02/2023;14:45:00;SAO JOSE;Velocidade Incompatível;Colisão com objeto;Com Vítimas Feridas;Pleno dia;Crescente;Sol;Dupla;"Declive;Curva";-27,58528498;-48,61776352
11/02/2023;15:20:00;MAIRIPORA;Ultrapassagem Indevida;Colisão lateral mesmo sentido;Com Vítimas Feridas;Pleno dia;Decrescente;Nublado;Dupla;"Aclive;Curva";-23,29011611;-46,5800681
11/02/2023;16:00:00;FLORIANOPOLIS;Manobra de mudança de faixa;Colisão lateral mesmo sentido;Com Vítimas Feridas;Pleno dia;Decrescente;Céu Claro;Dupla;Reta;-27,59004899;-48,60919118
11/02/2023;13:50:00;ANGRA DOS REIS;Ultrapassagem Indevida;Colisão traseira;Com Vítimas Feridas;Pleno dia;Decrescente;Céu Claro;Simples;Curva;-22,99096308;-44,30429882
11/02/2023;16:10:00;MAUA DA SERRA;Afundamento ou ondulação no pavimento;Saída de leito carroçável;Com Vítimas Feridas;Pleno dia;Decrescente;Chuva;Dupla;Curva;-23,93886741;-51,12170957
11/02/2023;16:20:00;CAXIAS DO SUL;Curva acentuada;Colisão lateral sentido oposto;Sem Vítimas;Pleno dia;Não Informado;Céu Claro;Simples;"Declive;Curva";-29,0758;-51,117695
11/02/2023;18:00:00;CAMPO MOURAO;Acumulo de água sobre o pavimento;Saída de leito carroçável;Com Vítimas Feridas;Anoitecer;Decrescente;Chuva;Simples;Declive;-24,0678098;-52,45503794
11/02/2023;19:28:00;LINHARES;Demais falhas mecânicas ou elétricas;Tombamento;Com Vítimas Feridas;Plena Noite;Crescente;Céu Claro;Simples;Reta;-19,29308199;-40,08591691
11/02/2023;16:15:00;NOVA IGUACU;Manobra de mudança de faixa;Colisão lateral mesmo sentido;Com Vítimas Feridas;Pleno dia;Decrescente;Garoa/Chuvisco;Dupla;Reta;-22,74647215;-43,44594311
11/02/2023;19:00:00;MANGARATIBA;Chuva;Colisão com objeto;Com Vítimas Feridas;Plena Noite;Crescente;Chuva;Dupla;Reta;-22,90729503;-43,89024997
11/02/2023;16:00:00;VILHENA;Velocidade Incompatível;Queda de ocupante de veículo;Com Vítimas Feridas;Pleno dia;Crescente;Céu Claro;Simples;Declive;-12,68792687;-60,28227278
11/02/2023;17:30:00;CAPANEMA;Pista Escorregadia;Colisão com objeto;Sem Vítimas;Pleno dia;Não Informado;Nublado;Simples;"Curva;Interseção de Vias";-1,19934513;-47,16018856
11/02/2023;20:45:00;ESTIVA;Chuva;Saída de leito carroçável;Com Vítimas Feridas;Plena Noite;Crescente;Chuva;Dupla;Reta;-22,53552002;-46,03550597
02/02/2023;04:30:00;SANTO ANTONIO DE JESUS;Animais na Pista;Tombamento;Com Vítimas Feridas;Amanhecer;Crescente;Céu Claro;Simples;Reta;-12,95683643;-39,26878821
11/02/2023;19:23:00;QUEIMADOS;Chuva;Capotamento;Com Vítimas Feridas;Plena Noite;Crescente;Chuva;Dupla;Reta;-22,72964045;-43,58104706
11/02/2023;17:30:00;JAGUAQUARA;Velocidade Incompatível;Saída de leito carroçável;Com Vítimas Fatais;Pleno dia;Decrescente;Sol;Simples;Curva;-13,50380802;-40,02582899
11/02/2023;21:40:00;MOSSORO;Acostamento em desnível;Queda de ocupante de veículo;Com Vítimas Feridas;Plena Noite;Crescente;Céu Claro;Dupla;Reta;-5,22597224;-37,33086797
11/02/2023;22:15:00;BETIM;Pista esburacada;Colisão com objeto;Com Vítimas Feridas;Plena Noite;Crescente;Céu Claro;Simples;Curva;-19,98890883;-44,20522016
11/02/2023;23:00:00;PALHOCA;Reação tardia ou ineficiente do condutor;Tombamento;Com Vítimas Feridas;Plena Noite;Crescente;Céu Claro;Simples;Interseção de Vias;-27,67934771;-48,7031436
11/02/2023;20:17:00;CAMPO GRANDE;Ausência de reação do condutor;Tombamento;Com Vítimas Feridas;Plena Noite;Crescente;Céu Claro;Simples;"Ponte;Curva";-20,50427591;-54,55557367
11/02/2023;23:20:00;SAO JOSE DE MIPIBU;Ausência de reação do condutor;Tombamento;Com Vítimas Feridas;Plena Noite;Decrescente;Céu Claro;Dupla;Reta;-6,06166101;-35,24094602
11/02/2023;12:15:00;SAO JOSE DOS PINHAIS;Velocidade Incompatível;Saída de leito carroçável;Sem Vítimas;Pleno dia;Crescente;Céu Claro;Dupla;Reta;-25,53379421;-49,14663578
11/02/2023;23:50:00;RIBEIRAO DO SUL;Pista esburacada;Queda de ocupante de veículo;Com Vítimas Feridas;Plena Noite;Decrescente;Céu Claro;Simples;Reta;-22,770075;-49,889694
11/02/2023;20:40:00;IGARATINGA;Velocidade Incompatível;Saída de leito carroçável;Com Vítimas Feridas;Plena Noite;Crescente;Chuva;Dupla;Curva;-19,8901412;-44,62313102
11/02/2023;23:40:00;RIO BRANCO;Chuva;Queda de ocupante de veículo;Com Vítimas Feridas;Plena Noite;Decrescente;Chuva;Dupla;Reta;-9,94779814;-67,86813111
11/02/2023;21:03:00;MANAUS;Manobra de mudança de faixa;Tombamento;Com Vítimas Feridas;Plena Noite;Decrescente;Nublado;Simples;Reta;-2,96034732;-60,03160432
11/02/2023;21:45:00;CAMPO MAIOR;Chuva;Saída de leito carroçável;Com Vítimas Feridas;Plena Noite;Crescente;Chuva;Dupla;Curva;-4,71022352;-42,0879364
12/02/2023;07:45:00;GRAVATAI;Manobra de mudança de faixa;Colisão lateral mesmo sentido;Com Vítimas Feridas;Pleno dia;Decrescente;Sol;Dupla;Reta;-29,924245;-50,855979
12/02/2023;06:30:00;APARECIDA DE GOIANIA;Ausência de reação do condutor;Tombamento;Com Vítimas Feridas;Pleno dia;Decrescente;Céu Claro;Dupla;Curva;-16,8244;-49,2421
12/02/2023;06:20:00;CAPAO DO LEAO;Ultrapassagem Indevida;Colisão lateral mesmo sentido;Com Vítimas Feridas;Amanhecer;Crescente;Nevoeiro/Neblina;Simples;Reta;-31,75183551;-52,42110003
12/02/2023;07:10:00;ARAQUARI;Velocidade Incompatível;Capotamento;Sem Vítimas;Pleno dia;Decrescente;Céu Claro;Simples;Curva;-26,41649938;-48,77181215
12/02/2023;07:30:00;COMENDADOR LEVY GASPARIAN;Chuva;Colisão com objeto;Com Vítimas Feridas;Pleno dia;Crescente;Chuva;Dupla;Curva;-22,00844904;-43,24336605
14/01/2023;18:30:00;TABOLEIRO GRANDE;Demais falhas na via;Capotamento;Com Vítimas Feridas;Plena Noite;Decrescente;Céu Claro;Simples;Reta;-5,85811357;-38,00567236
12/02/2023;10:00:00;PONTA GROSSA;Manobra de mudança de faixa;Tombamento;Com Vítimas Feridas;Pleno dia;Crescente;Céu Claro;Dupla;"Declive;Reta";-25,18271102;-50,09257101
12/02/2023;09:20:00;RIO BRANCO;Pista esburacada;Tombamento;Com Vítimas Feridas;Pleno dia;Decrescente;Nublado;Simples;Reta;-10,01209268;-67,764365
12/02/2023;00:54:00;SANTA TEREZA DO OESTE;Velocidade Incompatível;Saída de leito carroçável;Sem Vítimas;Plena Noite;Crescente;Ignorado;Simples;Reta;-25,02817;-53,55983
12/02/2023;12:30:00;SAO SEBASTIAO DO PASSE;Avarias e/ou desgaste excessivo no pneu;Tombamento;Com Vítimas Feridas;Pleno dia;Crescente;Céu Claro;Dupla;Reta;-12,49783433;-38,64646092
12/02/2023;12:20:00;VITORIA DA CONQUISTA;Ingestão de álcool pelo condutor;Tombamento;Com Vítimas Feridas;Pleno dia;Crescente;Sol;Simples;"Aclive;Reta";-14,907632;-40,872902
12/02/2023;13:00:00;MURIAE;Reação tardia ou ineficiente do condutor;Tombamento;Com Vítimas Feridas;Pleno dia;Decrescente;Céu Claro;Simples;Reta;-21,12838898;-42,366803
12/02/2023;13:00:00;SERRA;Manobra de mudança de faixa;Colisão traseira;Com Vítimas Feridas;Pleno dia;Crescente;Sol;Dupla;Reta;-20,22662056;-40,27075088
12/02/2023;10:00:00;TROMBUDO CENTRAL;Velocidade Incompatível;Saída de leito carroçável;Sem Vítimas;Pleno dia;Crescente;Sol;Simples;Reta;-27,285444;-49,807579
12/02/2023;13:53:00;MONTES CLAROS DE GOIAS;Manobra de mudança de faixa;Colisão lateral sentido oposto;Com Vítimas Feridas;Pleno dia;Crescente;Céu Claro;Simples;Curva;-15,87109711;-51,65136337
12/02/2023;14:30:00;NOVO HAMBURGO;Manobra de mudança de faixa;Colisão traseira;Com Vítimas Feridas;Pleno dia;Decrescente;Céu Claro;Dupla;"Em Obras;Reta";-29,67839398;-51,1422266
12/02/2023;14:20:00;CAMPINA GRANDE;Ultrapassagem Indevida;Colisão lateral mesmo sentido;Com Vítimas Fatais;Pleno dia;Crescente;Céu Claro;Simples;"Reta;Declive";-7,195;-35,9619
12/02/2023;15:20:00;EWBANK DA CAMARA;Velocidade Incompatível;Colisão transversal;Com Vítimas Feridas;Pleno dia;Crescente;Céu Claro;Simples;Interseção de Vias;-21,52936511;-43,51813418
12/02/2023;07:15:00;MANGARATIBA;Chuva;Saída de leito carroçável;Com Vítimas Feridas;Pleno dia;Decrescente;Chuva;Simples;Curva;-22,935335;-44,0004
12/02/2023;13:30:00;CRISTALINA;Avarias e/ou desgaste excessivo no pneu;Tombamento;Com Vítimas Feridas;Pleno dia;Crescente;Céu Claro;Simples;"Curva;Declive";-16,950403;-47,306603
12/02/2023;17:17:00;GUAIBA;Velocidade Incompatível;Colisão lateral mesmo sentido;Sem Vítimas;Anoitecer;Decrescente;Céu Claro;Dupla;Viaduto;-30,12368942;-51,34922543
12/02/2023;15:00:00;IMBAU;Manobra de mudança de faixa;Colisão lateral sentido oposto;Sem Vítimas;Pleno dia;Crescente;Céu Claro;Simples;Reta;-24,44402691;-50,76102963
12/02/2023;16:30:00;MIRACATU;Ausência de reação do condutor;Tombamento;Com Vítimas Feridas;Pleno dia;Decrescente;Céu Claro;Dupla;Curva;-24,11717019;-47,26764709
12/02/2023;18:26:00;PESCARIA BRAVA;Manobra de mudança de faixa;Colisão traseira;Com Vítimas Feridas;Anoitecer;Crescente;Céu Claro;Dupla;"Aclive;Curva";-28,426708;-48,863875
12/02/2023;17:50:00;PENHA;Manobra de mudança de faixa;Colisão traseira;Sem Vítimas;Pleno dia;Crescente;Céu Claro;Dupla;Reta;-26,80044834;-48,67901444
12/02/2023;19:45:00;ANGRA DOS REIS;Sinalização mal posicionada;Colisão lateral sentido oposto;Com Vítimas Feridas;Plena Noite;Decrescente;Céu Claro;Dupla;"Declive;Curva";-22,98573526;-44,29709764
12/02/2023;22:00:00;VITORIA DA CONQUISTA;Ausência de reação do condutor;Tombamento;Com Vítimas Feridas;Plena Noite;Decrescente;Nublado;Simples;Reta;-14,9766721;-40,91649388
12/02/2023;21:10:00;ORTIGUEIRA;Chuva;Colisão com objeto;Com Vítimas Feridas;Plena Noite;Decrescente;Chuva;Dupla;Reta;-24,23074593;-50,92419293
12/02/2023;20:40:00;MARIALVA;Chuva;Tombamento;Com Vítimas Fatais;Plena Noite;Crescente;Chuva;Dupla;"Reta;Aclive";-23,49890794;-51,80560112
12/02/2023;20:10:00;CAXIAS DO SUL;Velocidade Incompatível;Saída de leito carroçável;Com Vítimas Fatais;Plena Noite;Crescente;Céu Claro;Dupla;"Declive;Curva";-29,17694502;-51,16173896
12/02/2023;21:20:00;CONTAGEM;Velocidade Incompatível;Colisão traseira;Com Vítimas Feridas;Plena Noite;Decrescente;Nublado;Dupla;"Reta;Interseção de Vias";-19,90149502;-44,04938939
12/02/2023;19:50:00;ITATIAIUCU;Chuva;Saída de leito carroçável;Com Vítimas Feridas;Plena Noite;Crescente;Chuva;Dupla;"Curva;Declive";-20,16328799;-44,3586731
12/02/2023;20:00:00;IGARAPE-ACU;Ingestão de álcool pelo condutor;Tombamento;Com Vítimas Feridas;Plena Noite;Crescente;Céu Claro;Simples;"Reta;Declive";-1,32257993;-47,67432199
12/02/2023;18:15:00;CACHOEIRA DO SUL;Ultrapassagem Indevida;Colisão lateral mesmo sentido;Sem Vítimas;Pleno dia;Decrescente;Céu Claro;Simples;"Declive;Reta;Ponte";-30,2776257;-53,11569929
12/02/2023;22:35:00;SAO JOAO DE MERITI;Deficiência do Sistema de Iluminação/Sinalização;Colisão frontal;Com Vítimas Feridas;Plena Noite;Decrescente;Chuva;Dupla;Reta;-22,81113183;-43,3336729
12/02/2023;19:20:00;CAMPOS DOS GOYTACAZES;Ultrapassagem Indevida;Colisão traseira;Com Vítimas Fatais;Plena Noite;Decrescente;Céu Claro;Simples;Reta;-21,77186768;-41,35705017
12/02/2023;15:00:00;VARZEA GRANDE;Chuva;Queda de ocupante de veículo;Com Vítimas Feridas;Pleno dia;Decrescente;Garoa/Chuvisco;Simples;Reta;-15,69576437;-56,08898163
13/02/2023;03:30:00;GUARULHOS;Reação tardia ou ineficiente do condutor;Tombamento;Com Vítimas Feridas;Plena Noite;Decrescente;Nublado;Dupla;Viaduto;-23,48469299;-46,55983288
13/02/2023;05:00:00;RIO DE JANEIRO;Ausência de reação do condutor;Tombamento;Com Vítimas Feridas;Amanhecer;Crescente;Céu Claro;Múltipla;Reta;-22,87133305;-43,20407695
12/02/2023;17:30:00;AGRESTINA;Pista esburacada;Colisão com objeto;Sem Vítimas;Anoitecer;Não Informado;Céu Claro;Simples;Curva;-8,39514;-35,948809
13/02/2023;06:10:00;RECIFE;Manobra de mudança de faixa;Colisão lateral mesmo sentido;Com Vítimas Feridas;Pleno dia;Crescente;Céu Claro;Dupla;Reta;-8,05074296;-34,94580619
12/02/2023;17:55:00;ERVAL VELHO;Ultrapassagem Indevida;Colisão traseira;Com Vítimas Feridas;Pleno dia;Crescente;Céu Claro;Dupla;Aclive;-27,243425;-51,44788
13/02/2023;07:20:00;MOSSORO;Avarias e/ou desgaste excessivo no pneu;Tombamento;Com Vítimas Feridas;Pleno dia;Crescente;Céu Claro;Simples;Reta;-5,099371;-37,33712502
13/02/2023;09:10:00;SAO PAULO;Manobra de mudança de faixa;Colisão lateral mesmo sentido;Com Vítimas Feridas;Pleno dia;Crescente;Céu Claro;Múltipla;Reta;-23,52251783;-46,5855702
13/02/2023;08:35:00;BRASILIA;Manobra de mudança de faixa;Colisão lateral mesmo sentido;Com Vítimas Feridas;Pleno dia;Crescente;Céu Claro;Dupla;Reta;-16,038666;-47,979691
13/02/2023;09:15:00;SETE LAGOAS;Curva acentuada;Queda de ocupante de veículo;Com Vítimas Feridas;Pleno dia;Decrescente;Céu Claro;Dupla;Curva;-19,56753;-44,23715
13/02/2023;09:00:00;SAO JOSE;Manobra de mudança de faixa;Colisão lateral mesmo sentido;Com Vítimas Feridas;Pleno dia;Decrescente;Céu Claro;Múltipla;Reta;-27,6167305;-48,6457265
13/02/2023;08:40:00;SAO JOSE DOS CAMPOS;Ausência de reação do condutor;Tombamento;Com Vítimas Feridas;Pleno dia;Crescente;Céu Claro;Dupla;Reta;-23,13169757;-45,74481322
13/02/2023;11:00:00;SAO PAULO;Manobra de mudança de faixa;Colisão traseira;Com Vítimas Feridas;Pleno dia;Decrescente;Céu Claro;Múltipla;Reta;-23,51618114;-46,57903509
13/02/2023;11:30:00;CARIACICA;Velocidade Incompatível;Colisão lateral mesmo sentido;Com Vítimas Feridas;Pleno dia;Crescente;Céu Claro;Dupla;Curva;-20,34283738;-40,40434616
13/02/2023;13:30:00;APUCARANA;Avarias e/ou desgaste excessivo no pneu;Tombamento;Com Vítimas Feridas;Pleno dia;Decrescente;Nublado;Dupla;Curva;-23,650385;-51,37400796
13/02/2023;10:50:00;ITABORAI;Demais falhas na via;Tombamento;Com Vítimas Feridas;Pleno dia;Crescente;Céu Claro;Dupla;Reta;-22,76457445;-42,86989322
13/02/2023;14:07:00;PALHOCA;Velocidade Incompatível;Colisão lateral mesmo sentido;Com Vítimas Feridas;Pleno dia;Crescente;Céu Claro;Dupla;Reta;-27,72384789;-48,64386769
28/01/2023;10:00:00;SAO LUIS;Ausência de sinalização;Colisão frontal;Com Vítimas Feridas;Pleno dia;Não Informado;Sol;Simples;Interseção de Vias;-2,60917577;-44,25572103
13/02/2023;11:20:00;NOVA IGUACU;Manobra de mudança de faixa;Colisão traseira;Com Vítimas Feridas;Pleno dia;Decrescente;Céu Claro;Dupla;Reta;-22,7380709;-43,48213999
13/02/2023;17:30:00;BIGUACU;Reação tardia ou ineficiente do condutor;Tombamento;Com Vítimas Feridas;Pleno dia;Decrescente;Céu Claro;Múltipla;Reta;-27,5047092;-48,65010819
13/02/2023;17:29:00;FUNDAO;Avarias e/ou desgaste excessivo no pneu;Tombamento;Com Vítimas Feridas;Pleno dia;Crescente;Céu Claro;Simples;Reta;-19,961042;-40,406889
13/02/2023;16:00:00;CAETE;Velocidade Incompatível;Colisão frontal;Com Vítimas Feridas;Pleno dia;Decrescente;Sol;Simples;Curva;-19,78646655;-43,6863023
13/02/2023;14:50:00;SEROPEDICA;Manobra de mudança de faixa;Colisão lateral mesmo sentido;Com Vítimas Feridas;Pleno dia;Crescente;Céu Claro;Dupla;Curva;-22,70521322;-43,74066509
13/02/2023;16:40:00;DUQUE DE CAXIAS;Chuva;Colisão com objeto;Com Vítimas Feridas;Pleno dia;Decrescente;Chuva;Dupla;Reta;-22,64655224;-43,20138601
13/02/2023;18:00:00;APUCARANA;Chuva;Tombamento;Com Vítimas Feridas;Pleno dia;Crescente;Chuva;Simples;"Declive;Reta";-23,57371971;-51,4255715
13/02/2023;15:14:00;SAO LUIS;Ausência de sinalização;Tombamento;Com Vítimas Feridas;Pleno dia;Crescente;Garoa/Chuvisco;Dupla;Reta;-2,641576;-44,30947065
13/02/2023;18:25:00;JUATUBA;Velocidade Incompatível;Saída de leito carroçável;Com Vítimas Feridas;Pleno dia;Crescente;Nublado;Dupla;Reta;-19,96727284;-44,33288566
13/02/2023;18:45:00;CARAVELAS;Velocidade Incompatível;Queda de ocupante de veículo;Com Vítimas Feridas;Plena Noite;Crescente;Céu Claro;Simples;Reta;-17,729203;-39,766681
11/02/2023;14:30:00;SEABRA;Pista esburacada;Saída de leito carroçável;Com Vítimas Feridas;Pleno dia;Crescente;Céu Claro;Simples;"Reta;Declive";-12,42676763;-41,8313487
13/02/2023;09:00:00;GUANAMBI;Velocidade Incompatível;Saída de leito carroçável;Com Vítimas Fatais;Pleno dia;Decrescente;Céu Claro;Simples;"Curva;Aclive";-14,160308;-42,684647
09/02/2023;11:55:00;FEIRA DE SANTANA;Ultrapassagem Indevida;Colisão transversal;Com Vítimas Feridas;Pleno dia;Crescente;Céu Claro;Simples;Reta;-12,23736613;-38,97999588
13/02/2023;18:00:00;FREDERICO WESTPHALEN;Velocidade Incompatível;Atropelamento de Pedestre;Com Vítimas Feridas;Anoitecer;Decrescente;Céu Claro;Simples;Interseção de Vias;-27,358442;-53,388298
13/02/2023;22:15:00;SERRA;Ausência de reação do condutor;Tombamento;Com Vítimas Feridas;Plena Noite;Crescente;Céu Claro;Dupla;Reta;-20,20842;-40,269405
13/02/2023;19:00:00;PAU DOS FERROS;Ultrapassagem Indevida;Colisão frontal;Com Vítimas Feridas;Plena Noite;Decrescente;Céu Claro;Simples;Reta;-6,15854069;-38,2077416