data_inversa;horario;municipio;causa_acidente;tipo_acidente;classificacao_acidente;fase_dia;sentido_via;condicao_metereologica;tipo_pista;tracado_via;latitude;longitude
26/02/2023;13:35:00;SANTA RITA;Manobra de mudança de faixa;Colisão traseira;Com Vítimas Feridas;Pleno dia;Crescente;Sol;Dupla;Reta;-7,080043;-34,985863
26/02/2023;14:10:00;BRASILIA;Velocidade Incompatível;Saída de leito carroçável;Com Vítimas Feridas;Pleno dia;Decrescente;Céu Claro;Dupla;"Curva;Declive";-15,989598;-48,228995
26/02/2023;14:12:00;DOURADOS;Ultrapassagem Indevida;Saída de leito carroçável;Com Vítimas Feridas;Pleno dia;Decrescente;Sol;Simples;Reta;-22,31490301;-54,8198581
26/02/2023;15:50:00;JOINVILLE;Velocidade Incompatível;Colisão com objeto;Com Vítimas Feridas;Pleno dia;Crescente;Chuva;Dupla;Curva;-26,41319508;-48,83617332
26/02/2023;11:30:00;FLORIANO;Manobra de mudança de faixa;Colisão lateral mesmo sentido;Sem Vítimas;Pleno dia;Não Informado;Céu Claro;Simples;Reta;-6,76670589;-43,01724672
26/02/2023;16:00:00;SINOP;Velocidade Incompatível;Colisão transversal;Com Vítimas Feridas;Pleno dia;Decrescente;Céu Claro;Simples;Retorno Regulamentado;-12,040704;-55,51732275
26/02/2023;17:19:00;NATAL;Ultrapassagem Indevida;Colisão frontal;Com Vítimas Feridas;Anoitecer;Decrescente;Nublado;Simples;"Reta;Aclive";-5,69866248;-35,26316835
26/02/2023;17:20:00;CAUCAIA;Manobra de mudança de faixa;Colisão lateral mesmo sentido;Com Vítimas Feridas;Pleno dia;Crescente;Céu Claro;Múltipla;"Reta;Aclive";-3,74164754;-38,60449792
26/02/2023;16:30:00;ARACATI;Manobra de mudança de faixa;Colisão lateral mesmo sentido;Com Vítimas Feridas;Pleno dia;Decrescente;Nublado;Dupla;Curva;-4,58039263;-37,77321696
26/02/2023;15:50:00;MORRETES;Velocidade Incompatível;Colisão com objeto;Com Vítimas Feridas;Pleno dia;Crescente;Garoa/Chuvisco;Dupla;Curva;-25,566723;-48,810918
26/02/2023;16:45:00;VACARIA;Velocidade Incompatível;Saída de leito carroçável;Com Vítimas Feridas;Pleno dia;Crescente;Céu Claro;Simples;Curva;-28,58391;-51,027973
26/02/2023;06:00:00;PRESIDENTE TANCREDO NEVES;Manobra de mudança de faixa;Colisão lateral mesmo sentido;Com Vítimas Feridas;Amanhecer;Decrescente;Céu Claro;Simples;"Reta;Aclive";-13,48047;-39,42112
26/02/2023;18:50:00;MONSENHOR GIL;Demais falhas na via;Tombamento;Com Vítimas Feridas;Plena Noite;Crescente;Nublado;Simples;Reta;-5,52853582;-42,6350258
26/02/2023;18:21:00;PRATA;Pista esburacada;Tombamento;Com Vítimas Feridas;Anoitecer;Decrescente;Céu Claro;Simples;Reta;-19,13488186;-48,96609844
26/02/2023;20:21:00;CARMO DA CACHOEIRA;Manobra de mudança de faixa;Capotamento;Com Vítimas Feridas;Plena Noite;Crescente;Céu Claro;Dupla;Reta;-21,40375992;-45,21090213
26/02/2023;21:30:00;SAO JOAO DE MERITI;Ausência de reação do condutor;Tombamento;Com Vítimas Feridas;Plena Noite;Crescente;Céu Claro;Múltipla;Reta;-22,80188151;-43,35043673
26/02/2023;20:30:00;DUQUE DE CAXIAS;Manobra de mudança de faixa;Saída de leito carroçável;Com Vítimas Feridas;Plena Noite;Decrescente;Céu Claro;Dupla;Reta;-22,73700259;-43,28827858
26/02/2023;09:28:00;BIGUACU;Reação tardia ou ineficiente do condutor;Tombamento;Com Vítimas Feridas;Plena Noite;Crescente;Céu Claro;Múltipla;Curva;-27,4341098;-48,62567129
26/02/2023;19:00:00;SANTA TERESINHA;Animais na Pista;Tombamento;Com Vítimas Feridas;Plena Noite;Crescente;Céu Claro;Simples;Reta;-7,082199;-37,427622
26/02/2023;22:20:00;UBERABA;Pista esburacada;Colisão com objeto;Sem Vítimas;Plena Noite;Decrescente;Céu Claro;Dupla;Reta;-19,77919981;-47,960032
26/02/2023;22:56:00;MACAPA;Acumulo de areia ou detritos sobre o pavimento;Colisão com objeto;Sem Vítimas;Plena Noite;Crescente;Nevoeiro/Neblina;Dupla;Reta;0,09055062;-51,10349413
27/02/2023;00:30:00;BRASILIA;Velocidade Incompatível;Saída de leito carroçável;Com Vítimas Feridas;Plena Noite;Crescente;Céu Claro;Simples;"Declive;Reta";-15,938301;-47,759799
27/02/2023;05:10:00;CAAPORA;Reação tardia ou ineficiente do condutor;Tombamento;Com Vítimas Feridas;Pleno dia;Decrescente;Céu Claro;Dupla;Reta;-7,49352627;-34,98332893
27/02/2023;07:25:00;SERRA;Manobra de mudança de faixa;Colisão traseira;Com Vítimas Feridas;Pleno dia;Crescente;Céu Claro;Múltipla;Reta;-20,21740496;-40,26990578
27/02/2023;06:30:00;PRUDENTOPOLIS;Manobra de mudança de faixa;Colisão com objeto;Com Vítimas Feridas;Pleno dia;Decrescente;Nublado;Simples;Reta;-25,34688486;-50,9324159
27/02/2023;07:15:00;SALVADOR;Manobra de mudança de faixa;Colisão lateral mesmo sentido;Com Vítimas Feridas;Pleno dia;Crescente;Céu Claro;Dupla;Reta;-12,91233708;-38,45956983
27/02/2023;07:40:00;AGUAS LINDAS DE GOIAS;Manobra de mudança de faixa;Colisão traseira;Com Vítimas Feridas;Pleno dia;Decrescente;Céu Claro;Dupla;"Reta;Declive";-15,783543;-48,2326
27/02/2023;08:00:00;PORTO ALEGRE;Manobra de mudança de faixa;Tombamento;Com Vítimas Feridas;Pleno dia;Decrescente;Nublado;Dupla;Reta;-29,952908;-51,048054
27/02/2023;07:57:00;JACAREI;Afundamento ou ondulação no pavimento;Queda de ocupante de veículo;Com Vítimas Feridas;Pleno dia;Decrescente;Céu Claro;Dupla;Reta;-23,29166028;-46,00002382
27/02/2023;09:00:00;JOAO PESSOA;Manobra de mudança de faixa;Colisão lateral mesmo sentido;Com Vítimas Feridas;Pleno dia;Decrescente;Céu Claro;Dupla;"Aclive;Reta;Viaduto";-7,16606619;-34,8630631
27/02/2023;08:30:00;VALPARAISO DE GOIAS;Manobra de mudança de faixa;Colisão lateral mesmo sentido;Com Vítimas Feridas;Pleno dia;Crescente;Sol;Dupla;Reta;-16,06925589;-47,98469966
27/02/2023;07:30:00;SAO FRANCISCO DE GOIAS;Ultrapassagem Indevida;Colisão traseira;Com Vítimas Feridas;Pleno dia;Crescente;Céu Claro;Simples;Reta;-15,987192;-49,155126
27/02/2023;08:00:00;FRANCISCO AYRES;Chuva;Saída de leito carroçável;Com Vítimas Feridas;Pleno dia;Decrescente;Chuva;Simples;"Declive;Reta";-6,603868;-42,812386
27/02/2023;10:40:00;MORRO REUTER;Ultrapassagem Indevida;Colisão lateral sentido oposto;Com Vítimas Feridas;Pleno dia;Decrescente;Céu Claro;Simples;Curva;-29,54396389;-51,08555876
27/02/2023;10:00:00;CAMPO GRANDE;Demais falhas mecânicas ou elétricas;Tombamento;Com Vítimas Feridas;Pleno dia;Crescente;Céu Claro;Simples;Curva;-20,487322;-54,55929095
27/02/2023;12:10:00;TRES LAGOAS;Ausência de reação do condutor;Tombamento;Com Vítimas Feridas;Pleno dia;Decrescente;Céu Claro;Simples;Reta;-20,81201065;-51,69252359
27/02/2023;15:30:00;CASCAVEL;Chuva;Colisão com objeto;Com Vítimas Feridas;Pleno dia;Crescente;Chuva;Simples;"Curva;Aclive";-24,99513602;-53,51418998
18/02/2023;00:30:00;PONTAL DO ARAGUAIA;Manobra de mudança de faixa;Colisão lateral mesmo sentido;Com Vítimas Feridas;Plena Noite;Decrescente;Nublado;Dupla;Reta;-15,895538;-52,25599
27/02/2023;11:20:00;CEZARINA;Velocidade Incompatível;Saída de leito carroçável;Com Vítimas Feridas;Pleno dia;Crescente;Céu Claro;Simples;Interseção de Vias;-16,9809;-49,7475
27/02/2023;18:00:00;MILAGRES;Pista esburacada;Tombamento;Com Vítimas Feridas;Plena Noite;Decrescente;Céu Claro;Simples;Reta;-7,33024;-38,937247
27/02/2023;17:50:00;PASSO FUNDO;Manobra de mudança de faixa;Colisão transversal;Sem Vítimas;Pleno dia;Decrescente;Céu Claro;Simples;Reta;-28,236942;-52,326725
27/02/2023;17:45:00;JUATUBA;Pista esburacada;Colisão com objeto;Com Vítimas Feridas;Plena Noite;Crescente;Céu Claro;Simples;Reta;-19,98332997;-44,23572401
27/02/2023;19:27:00;LUZIANIA;Velocidade Incompatível;Colisão frontal;Com Vítimas Feridas;Plena Noite;Decrescente;Céu Claro;Dupla;Reta;-16,21849;-47,915478
27/02/2023;16:50:00;CAMPO GRANDE;Acumulo de óleo sobre o pavimento;Tombamento;Com Vítimas Feridas;Pleno dia;Crescente;Céu Claro;Simples;Reta;-20,54745913;-54,68046404
27/02/2023;20:02:00;BRASILIA;Acumulo de óleo sobre o pavimento;Saída de leito carroçável;Com Vítimas Feridas;Plena Noite;Crescente;Céu Claro;Dupla;Aclive;-15,642812;-47,757786
27/02/2023;16:30:00;ANAPU;Ultrapassagem Indevida;Colisão frontal;Com Vítimas Feridas;Pleno dia;Decrescente;Sol;Simples;Reta;-3,45287423;-51,21547631
27/02/2023;22:00:00;DUQUE DE CAXIAS;Manobra de mudança de faixa;Colisão lateral mesmo sentido;Com Vítimas Feridas;Plena Noite;Decrescente;Céu Claro;Simples;Curva;-22,66476979;-43,28495144
27/02/2023;21:00:00;DOURADOS;Acumulo de areia ou detritos sobre o pavimento;Tombamento;Com Vítimas Feridas;Plena Noite;Crescente;Chuva;Dupla;Reta;-22,22762363;-54,73924041
28/02/2023;05:10:00;PORTO ALEGRE;Ausência de reação do condutor;Tombamento;Com Vítimas Feridas;Plena Noite;Crescente;Céu Claro;Dupla;Reta;-29,96835919;-51,11510765
28/02/2023;06:30:00;SAO JOSE DOS CAMPOS;Ausência de reação do condutor;Tombamento;Com Vítimas Feridas;Pleno dia;Decrescente;Céu Claro;Dupla;Reta;-23,1359564;-45,7532708
28/02/2023;07:23:00;BRASILIA;Curva acentuada;Tombamento;Com Vítimas Feridas;Pleno dia;Crescente;Céu Claro;Simples;Rotatória;-15,682896;-47,840729
28/02/2023;07:10:00;CURITIBA;Manobra de mudança de faixa;Colisão lateral mesmo sentido;Com Vítimas Feridas;Pleno dia;Crescente;Nublado;Dupla;Reta;-25,46327536;-49,21779689
28/02/2023;07:25:00;GUAIBA;Ultrapassagem Indevida;Colisão frontal;Com Vítimas Fatais;Pleno dia;Crescente;Céu Claro;Simples;Reta;-30,19187406;-51,39787181
28/02/2023;08:00:00;NOVA LIMA;Ultrapassagem Indevida;Colisão lateral mesmo sentido;Com Vítimas Feridas;Pleno dia;Crescente;Céu Claro;Simples;"Reta;Interseção de Vias";-20,06084086;-43,97716423
28/02/2023;08:00:00;SAO GONCALO;Manobra de mudança de faixa;Colisão lateral mesmo sentido;Com Vítimas Feridas;Pleno dia;Crescente;Nublado;Dupla;Reta;-22,85411774;-43,1018014
28/02/2023;08:20:00;DUQUE DE CAXIAS;Manobra de mudança de faixa;Colisão frontal;Com Vítimas Feridas;Pleno dia;Crescente;Céu Claro;Múltipla;Reta;-22,64679;-43,283726
28/02/2023;07:15:00;UBERLANDIA;Animais na Pista;Tombamento;Com Vítimas Feridas;Pleno dia;Decrescente;Sol;Múltipla;Reta;-18,90751667;-48,29937209
28/02/2023;12:20:00;BALNEARIO CAMBORIU;Pista esburacada;Queda de ocupante de veículo;Com Vítimas Feridas;Pleno dia;Crescente;Céu Claro;Múltipla;"Reta;Declive";-26,99654133;-48,65564711
28/02/2023;10:00:00;NOVA LARANJEIRAS;Velocidade Incompatível;Capotamento;Com Vítimas Feridas;Pleno dia;Decrescente;Céu Claro;Simples;"Curva;Declive";-25,27011524;-52,61299706
17/02/2023;05:40:00;PONTA PORA;Pista Escorregadia;Saída de leito carroçável;Com Vítimas Feridas;Amanhecer;Crescente;Nublado;Simples;Curva;-22,59047838;-55,52108717
28/02/2023;14:40:00;JOAO PINHEIRO;Ultrapassagem Indevida;Saída de leito carroçável;Com Vítimas Feridas;Pleno dia;Decrescente;Céu Claro;Simples;Curva;-17,73570757;-46,21099068
28/02/2023;14:00:00;ITAPEMA;Demais falhas mecânicas ou elétricas;Tombamento;Com Vítimas Feridas;Pleno dia;Crescente;Céu Claro;Dupla;Interseção de Vias;-27,1089649;-48,61277586
28/02/2023;16:30:00;PAUDALHO;Manobra de mudança de faixa;Colisão lateral mesmo sentido;Com Vítimas Feridas;Pleno dia;Decrescente;Céu Claro;Múltipla;"Curva;Aclive";-7,95123498;-35,10915987
28/02/2023;18:20:00;SAO JOSE DOS CAMPOS;Pista Escorregadia;Tombamento;Com Vítimas Feridas;Anoitecer;Crescente;Chuva;Dupla;Reta;-23,23903999;-45,92061901
28/02/2023;17:50:00;CURITIBA;Manobra de mudança de faixa;Colisão lateral mesmo sentido;Com Vítimas Feridas;Pleno dia;Crescente;Céu Claro;Dupla;Reta;-25,52629711;-49,32958412
28/02/2023;18:20:00;ITAPECERICA DA SERRA;Pista esburacada;Tombamento;Com Vítimas Feridas;Anoitecer;Crescente;Céu Claro;Dupla;Reta;-23,72290969;-46,89096614
28/02/2023;19:35:00;ITAITINGA;Manobra de mudança de faixa;Colisão traseira;Com Vítimas Feridas;Plena Noite;Crescente;Céu Claro;Dupla;Reta;-3,89617918;-38,50336042
28/02/2023;20:10:00;UBATUBA;Acumulo de água sobre o pavimento;Tombamento;Com Vítimas Feridas;Plena Noite;Crescente;Chuva;Simples;Reta;-23,45018939;-45,07743735
28/02/2023;18:45:00;MAGE;Desvio temporário;Colisão transversal;Com Vítimas Feridas;Plena Noite;Decrescente;Nublado;Dupla;"Reta;Desvio Temporário;Retorno Regulamentado";-22,6663848;-43,02770248
28/02/2023;20:15:00;BRASILIA;Manobra de mudança de faixa;Colisão lateral mesmo sentido;Com Vítimas Feridas;Plena Noite;Crescente;Nublado;Dupla;Reta;-15,642812;-47,757786
28/02/2023;20:17:00;RIO BRILHANTE;Ausência de reação do condutor;Tombamento;Com Vítimas Feridas;Plena Noite;Crescente;Chuva;Dupla;Rotatória;-21,84371195;-54,53746389
28/02/2023;20:40:00;SANTA RITA DE MINAS;Ingestão de álcool pelo condutor;Tombamento;Com Vítimas Feridas;Plena Noite;Crescente;Céu Claro;Simples;Curva;-19,82774609;-42,13965431
28/02/2023;21:30:00;CAPELA;Demais falhas mecânicas ou elétricas;Tombamento;Com Vítimas Feridas;Plena Noite;Decrescente;Céu Claro;Dupla;Reta;-10,49230498;-36,94471029
28/02/2023;22:00:00;INDIARA;Acumulo de areia ou detritos sobre o pavimento;Saída de leito carroçável;Com Vítimas Feridas;Plena Noite;Crescente;Céu Claro;Dupla;Reta;-17,1134;-49,9449
28/02/2023;16:40:00;DUQUE DE CAXIAS;Manobra de mudança de faixa;Colisão com objeto;Com Vítimas Feridas;Pleno dia;Decrescente;Céu Claro;Múltipla;"Reta;Interseção de Vias";-22,772526;-43,28603
28/02/2023;22:40:00;CANDEIAS DO JAMARI;Manobra de mudança de faixa;Colisão transversal;Com Vítimas Feridas;Plena Noite;Crescente;Céu Claro;Dupla;Reta;-8,80046896;-63,725947
28/02/2023;18:30:00;NOVA FATIMA;Ultrapassagem Indevida;Colisão frontal;Com Vítimas Feridas;Plena Noite;Crescente;Céu Claro;Simples;Reta;-11,6433977;-39,59174072
01/03/2023;07:15:00;ITAJAI;Reação tardia ou ineficiente do condutor;Tombamento;Com Vítimas Feridas;Pleno dia;Crescente;Céu Claro;Múltipla;Reta;-26,88747187;-48,72252969
28/02/2023;20:00:00;SINOP;Acumulo de água sobre o pavimento;Saída de leito carroçável;Com Vítimas Feridas;Plena Noite;Crescente;Chuva;Simples;"Curva;Declive";-11,66415007;-55,44397073
01/03/2023;06:45:00;CAMPO GRANDE;Manobra de mudança de faixa;Colisão lateral mesmo sentido;Com Vítimas Feridas;Pleno dia;Crescente;Céu Claro;Simples;Reta;-20,44233707;-54,54201834
01/03/2023;09:00:00;CONTAGEM;Ausência de reação do condutor;Tombamento;Com Vítimas Feridas;Pleno dia;Decrescente;Céu Claro;Dupla;Curva;-19,85651501;-44,07213222
01/03/2023;08:05:00;SANTA LUZIA;Manobra de mudança de faixa;Colisão frontal;Com Vítimas Feridas;Pleno dia;Decrescente;Céu Claro;Simples;Reta;-6,8742;-36,9085
01/02/2023;08:25:00;MARINGA;Manobra de mudança de faixa;Colisão lateral mesmo sentido;Com Vítimas Feridas;Pleno dia;Crescente;Céu Claro;Múltipla;Reta;-23,41269173;-51,93158327
01/03/2023;13:20:00;SANTA ISABEL;Velocidade Incompatível;Queda de ocupante de veículo;Com Vítimas Fatais;Pleno dia;Decrescente;Céu Claro;Dupla;Curva;-23,3594352;-46,21675791
07/02/2023;07:04:00;MACAIBA;Ultrapassagem Indevida;Colisão transversal;Com Vítimas Feridas;Pleno dia;Decrescente;Céu Claro;Simples;"Reta;Interseção de Vias";-5,84748382;-35,31212402
01/03/2023;14:30:00;PALHOCA;Condutor deixou de manter distância do veículo da frente;Queda de ocupante de veículo;Com Vítimas Feridas;Pleno dia;Crescente;Céu Claro;Dupla;"Aclive;Reta";-27,79903306;-48,63741325
01/03/2023;15:00:00;PETROLINA;Manobra de mudança de faixa;Colisão lateral mesmo sentido;Com Vítimas Feridas;Pleno dia;Crescente;Sol;Dupla;Reta;-9,364453;-40,483057
01/03/2023;16:45:00;CANOAS;Ausência de reação do condutor;Tombamento;Com Vítimas Feridas;Pleno dia;Decrescente;Céu Claro;Múltipla;"Declive;Reta";-29,870408;-51,179909
01/03/2023;17:50:00;FOZ DO IGUACU;Manobra de mudança de faixa;Colisão lateral mesmo sentido;Com Vítimas Feridas;Pleno dia;Crescente;Céu Claro;Dupla;Curva;-25,5106015;-54,55481999
01/03/2023;16:30:00;TRES LAGOAS;Reação tardia ou ineficiente do condutor;Tombamento;Com Vítimas Feridas;Pleno dia;Decrescente;Céu Claro;Dupla;"Reta;Interseção de Vias";-20,78237921;-51,67197438
01/03/2023;19:00:00;JABOATAO DOS GUARARAPES;Acumulo de óleo sobre o pavimento;Queda de ocupante de veículo;Com Vítimas Feridas;Plena Noite;Decrescente;Chuva;Simples;Curva;-8,07917241;-34,98718609
01/03/2023;20:55:00;JOAO PESSOA;Velocidade Incompatível;Capotamento;Sem Vítimas;Plena Noite;Crescente;Céu Claro;Dupla;Reta;-7,16502854;-34,89393581
01/03/2023;21:00:00;DELTA;Frear bruscamente;Tombamento;Com Vítimas Feridas;Plena Noite;Crescente;Chuva;Dupla;"Reta;Aclive";-19,887439;-47,848374
01/03/2023;21:20:00;SAO JOSE DOS CAMPOS;Reação tardia ou ineficiente do condutor;Tombamento;Com Vítimas Feridas;Plena Noite;Crescente;Céu Claro;Simples;Reta;-23,23262274;-45,91372624
01/03/2023;22:22:00;REGISTRO;Objeto estático sobre o leito carroçável;Tombamento;Com Vítimas Feridas;Plena Noite;Decrescente;Céu Claro;Dupla;Reta;-24,50467087;-47,84772743
02/03/2023;07:05:00;RECIFE;Manobra de mudança de faixa;Tombamento;Com Vítimas Feridas;Pleno dia;Crescente;Céu Claro;Dupla;Reta;-8,042334;-34,943096
01/03/2023;17:15:00;PARAISO DAS AGUAS;Reação tardia ou ineficiente do condutor;Tombamento;Com Vítimas Feridas;Anoitecer;Decrescente;Ignorado;Simples;Reta;-18,99646605;-52,97879095
02/03/2023;08:00:00;GOIANIA;Manobra de mudança de faixa;Colisão lateral mesmo sentido;Com Vítimas Feridas;Pleno dia;Crescente;Céu Claro;Múltipla;"Aclive;Reta";-16,6681;-49,2263
21/01/2023;20:30:00;CRISTINAPOLIS;Reação tardia ou ineficiente do condutor;Tombamento;Com Vítimas Feridas;Plena Noite;Crescente;Céu Claro;Simples;"Aclive;Reta";-11,45909602;-37,73504396
02/03/2023;07:58:00;JABOATAO DOS GUARARAPES;Manobra de mudança de faixa;Colisão lateral mesmo sentido;Com Vítimas Feridas;Pleno dia;Crescente;Céu Claro;Dupla;"Aclive;Viaduto;Reta";-8,175119;-34,942813
02/03/2023;06:45:00;JOAO PINHEIRO;Reação tardia ou ineficiente do condutor;Tombamento;Com Vítimas Feridas;Amanhecer;Decrescente;Céu Claro;Simples;Reta;-17,740382;-46,185728
25/01/2023;20:30:00;GUARULHOS;Manobra de mudança de faixa;Colisão lateral mesmo sentido;Com Vítimas Feridas;Plena Noite;Decrescente;Céu Claro;Múltipla;Reta;-23,42511799;-46,40221101
02/03/2023;11:58:00;NATAL;Manobra de mudança de faixa;Colisão transversal;Com Vítimas Feridas;Pleno dia;Decrescente;Nublado;Dupla;Reta;-5,80642132;-35,24167278
02/03/2023;09:30:00;REDUTO;Pista esburacada;Tombamento;Com Vítimas Feridas;Pleno dia;Decrescente;Céu Claro;Simples;Curva;-20,24962505;-41,91079899
02/03/2023;11:25:00;UBERABA;Pista esburacada;Queda de ocupante de veículo;Com Vítimas Feridas;Pleno dia;Crescente;Nublado;Dupla;Interseção de Vias;-19,770693;-47,975257
02/03/2023;08:45:00;ITAJAI;Manobra de mudança de faixa;Colisão lateral sentido oposto;Com Vítimas Feridas;Pleno dia;Decrescente;Céu Claro;Dupla;Curva;-26,84589005;-48,72131295
18/02/2023;17:55:00;PARAISO DAS AGUAS;Reação tardia ou ineficiente do condutor;Tombamento;Com Vítimas Feridas;Pleno dia;Crescente;Céu Claro;Simples;Reta;-19,00991325;-52,99155075
14/02/2023;10:10:00;CONCEICAO DA BARRA;Velocidade Incompatível;Colisão traseira;Com Vítimas Feridas;Pleno dia;Crescente;Céu Claro;Simples;Curva;-18,31846928;-39,95435579
02/03/2023;16:10:00;JUIZ DE FORA;Pista Escorregadia;Tombamento;Com Vítimas Feridas;Pleno dia;Crescente;Chuva;Dupla;Curva;-21,67939981;-43,44987329
02/03/2023;17:30:00;NOVA IGUACU;Ausência de reação do condutor;Tombamento;Com Vítimas Feridas;Pleno dia;Decrescente;Céu Claro;Múltipla;Reta;-22,7651616;-43,4154728
02/03/2023;14:15:00;ITAITUBA;Pista esburacada;Colisão com objeto;Com Vítimas Feridas;Pleno dia;Crescente;Chuva;Simples;"Curva;Declive";-4,394703;-55,892859
02/03/2023;14:30:00;MONTE NEGRO;Velocidade Incompatível;Colisão traseira;Com Vítimas Feridas;Pleno dia;Decrescente;Sol;Simples;Reta;-10,089358;-63,22068
02/03/2023;18:05:00;CASCAVEL;Manobra de mudança de faixa;Colisão lateral mesmo sentido;Com Vítimas Feridas;Anoitecer;Crescente;Chuva;Múltipla;Reta;-24,97675228;-53,38623215
02/03/2023;14:40:00;NOVO HAMBURGO;Manobra de mudança de faixa;Colisão lateral mesmo sentido;Com Vítimas Feridas;Pleno dia;Decrescente;Sol;Dupla;Reta;-29,68739789;-51,14197352
02/03/2023;19:00:00;POCOS DE CALDAS;Velocidade Incompatível;Colisão frontal;Com Vítimas Feridas;Plena Noite;Crescente;Chuva;Simples;Curva;-21,757844;-46,405497
02/03/2023;17:50:00;CASEIROS;Velocidade Incompatível;Saída de leito carroçável;Sem Vítimas;Pleno dia;Crescente;Chuva;Simples;"Aclive;Reta";-28,25933211;-51,65908813
02/03/2023;18:30:00;ALFREDO VASCONCELOS;Velocidade Incompatível;Colisão frontal;Com Vítimas Fatais;Anoitecer;Decrescente;Nublado;Simples;Reta;-21,16681402;-43,75682831
02/03/2023;19:05:00;QUEIMADAS;Deficiência do Sistema de Iluminação/Sinalização;Colisão traseira;Com Vítimas Feridas;Plena Noite;Decrescente;Céu Claro;Simples;"Declive;Reta";-7,34336909;-35,89968752
02/03/2023;18:40:00;CAXIAS DO SUL;Manobra de mudança de faixa;Colisão lateral mesmo sentido;Com Vítimas Feridas;Plena Noite;Crescente;Céu Claro;Dupla;Curva;-29,11727;-51,115208
02/03/2023;14:00:00;AGUAS MORNAS;Velocidade Incompatível;Colisão com objeto;Sem Vítimas;Pleno dia;Decrescente;Chuva;Simples;"Reta;Declive";-27,722137;-48,90694
02/03/2023;13:45:00;AMELIA RODRIGUES;Chuva;Saída de leito carroçável;Com Vítimas Feridas;Pleno dia;Decrescente;Chuva;Dupla;Reta;-12,42109386;-38,74516692
02/03/2023;14:30:00;CONCEICAO DO JACUIPE;Velocidade Incompatível;Saída de leito carroçável;Com Vítimas Feridas;Pleno dia;Crescente;Chuva;Dupla;Reta;-12,35551436;-38,782478
02/03/2023;15:45:00;IBATIBA;Velocidade Incompatível;Saída de leito carroçável;Sem Vítimas;Pleno dia;Crescente;Céu Claro;Simples;"Aclive;Curva";-20,23640217;-41,52254154
02/03/2023;19:45:00;TABOAO DA SERRA;Manobra de mudança de faixa;Tombamento;Com Vítimas Feridas;Plena Noite;Crescente;Nublado;Dupla;Reta;-23,61799728;-46,79677694
02/03/2023;22:42:00;NOVO HAMBURGO;Manobra de mudança de faixa;Tombamento;Com Vítimas Feridas;Plena Noite;Decrescente;Céu Claro;Dupla;"Reta;Declive";-29,66938502;-51,14304731
02/03/2023;20:30:00;BARRA DO CORDA;Manobra de mudança de faixa;Colisão transversal;Com Vítimas Feridas;Plena Noite;Decrescente;Nublado;Simples;Reta;-5,4925089;-45,27266489
02/03/2023;19:10:00;IBIA;Velocidade Incompatível;Saída de leito carroçável;Com Vítimas Feridas;Plena Noite;Crescente;Chuva;Simples;Curva;-19,59794921;-46,2913541
03/03/2023;06:15:00;GUARULHOS;Manobra de mudança de faixa;Colisão lateral mesmo sentido;Com Vítimas Fatais;Pleno dia;Crescente;Céu Claro;Dupla;Reta;-23,45423824;-46,47119028
02/03/2023;23:00:00;PONTA GROSSA;Chuva;Saída de leito carroçável;Com Vítimas Feridas;Plena Noite;Decrescente;Chuva;Dupla;Reta;-25,23727809;-50,03847808
03/03/2023;07:00:00;RECIFE;Manobra de mudança de faixa;Colisão traseira;Com Vítimas Feridas;Pleno dia;Crescente;Céu Claro;Dupla;Reta;-8,05951606;-34,94581024
03/03/2023;07:10:00;BALSA NOVA;Neblina;Saída de leito carroçável;Com Vítimas Feridas;Amanhecer;Decrescente;Nevoeiro/Neblina;Dupla;Reta;-25,472628;-49,697375
22/01/2023;18:30:00;ITABUNA;Velocidade Incompatível;Tombamento;Com Vítimas Feridas;Anoitecer;Decrescente;Céu Claro;Simples;Reta;-14,81574494;-39,29612388
03/03/2023;07:00:00;IMBAU;Manobra de mudança de faixa;Colisão frontal;Com Vítimas Fatais;Pleno dia;Decrescente;Céu Claro;Simples;Curva;-24,45228129;-50,75742473
03/03/2023;08:10:00;EMBU DAS ARTES;Manobra de mudança de faixa;Colisão lateral mesmo sentido;Com Vítimas Feridas;Pleno dia;Decrescente;Céu Claro;Dupla;Curva;-23,67784787;-46,85769227
03/03/2023;07:30:00;CAPAO DO LEAO;Ultrapassagem Indevida;Colisão lateral mesmo sentido;Com Vítimas Feridas;Pleno dia;Crescente;Sol;Simples;Curva;-31,79680151;-52,40755672
03/03/2023;08:26:00;BRASILIA;Manobra de mudança de faixa;Colisão lateral mesmo sentido;Com Vítimas Feridas;Pleno dia;Decrescente;Céu Claro;Dupla;Reta;-15,788868;-48,220242
04/02/2023;05:30:00;COLOMBO;Chuva;Tombamento;Com Vítimas Fatais;Amanhecer;Decrescente;Garoa/Chuvisco;Dupla;Reta;-25,3874;-49,1774
03/03/2023;08:46:00;IGARASSU;Reação tardia ou ineficiente do condutor;Tombamento;Com Vítimas Feridas;Pleno dia;Crescente;Céu Claro;Múltipla;Reta;-7,85637001;-34,90842109
03/03/2023;08:10:00;MATIAS BARBOSA;Ausência de reação do condutor;Tombamento;Com Vítimas Feridas;Pleno dia;Crescente;Céu Claro;Dupla;Curva;-21,86313979;-43,37348589
03/03/2023;08:10:00;TERESINA;Acumulo de água sobre o pavimento;Eventos atípicos;Com Vítimas Feridas;Pleno dia;Decrescente;Sol;Múltipla;Curva;-5,13655894;-42,78900388