data_inversa;horario;municipio;causa_acidente;tipo_acidente;classificacao_acidente;fase_dia;sentido_via;condicao_metereologica;tipo_pista;tracado_via;latitude;longitude
07/03/2023;08:00:00;GRAVATAI;Ausência de reação do condutor;Tombamento;Com Vítimas Feridas;Pleno dia;Crescente;Céu Claro;Múltipla;Reta;-29,95343;-51,058449
07/03/2023;08:50:00;PARAIBA DO SUL;Ultrapassagem Indevida;Colisão transversal;Com Vítimas Feridas;Pleno dia;Decrescente;Céu Claro;Simples;Reta;-22,13401224;-43,24750341
07/03/2023;08:50:00;CAMPINORTE;Avarias e/ou desgaste excessivo no pneu;Tombamento;Com Vítimas Feridas;Pleno dia;Decrescente;Nublado;Simples;"Aclive;Reta";-14,263661;-49,143294
07/03/2023;08:30:00;LORENA;Manobra de mudança de faixa;Capotamento;Com Vítimas Feridas;Pleno dia;Crescente;Céu Claro;Simples;"Reta;Declive";-22,679707;-45,13483
07/03/2023;11:20:00;BALNEARIO CAMBORIU;Reação tardia ou ineficiente do condutor;Tombamento;Com Vítimas Feridas;Pleno dia;Crescente;Céu Claro;Simples;Reta;-26,98064277;-48,6790679
04/03/2023;05:30:00;GUARULHOS;Velocidade Incompatível;Queda de ocupante de veículo;Com Vítimas Fatais;Plena Noite;Crescente;Nublado;Dupla;Reta;-23,49659264;-46,55648754
07/03/2023;11:45:00;GUARAMIRIM;Manobra de mudança de faixa;Colisão transversal;Com Vítimas Feridas;Pleno dia;Decrescente;Céu Claro;Simples;Rotatória;-26,47415593;-49,021211
07/03/2023;14:15:00;JUATUBA;Acumulo de água sobre o pavimento;Saída de leito carroçável;Sem Vítimas;Pleno dia;Decrescente;Nublado;Dupla;Reta;-19,970807;-44,289881
07/03/2023;14:58:00;RIO DE JANEIRO;Manobra de mudança de faixa;Colisão traseira;Com Vítimas Feridas;Pleno dia;Decrescente;Céu Claro;Dupla;Reta;-22,89077885;-43,66684705
19/02/2023;12:15:00;SANTAREM;Manobra de mudança de faixa;Colisão transversal;Com Vítimas Feridas;Pleno dia;Crescente;Chuva;Simples;Reta;-2,538837;-54,722717
07/03/2023;15:00:00;TRES MARIAS;Acumulo de água sobre o pavimento;Saída de leito carroçável;Com Vítimas Feridas;Pleno dia;Decrescente;Chuva;Simples;"Curva;Declive";-18,27944872;-45,14476572
07/03/2023;17:00:00;SALVADOR;Manobra de mudança de faixa;Colisão frontal;Com Vítimas Feridas;Pleno dia;Decrescente;Céu Claro;Dupla;Reta;-12,8639793;-38,42370126
07/03/2023;15:00:00;ITAIOPOLIS;Velocidade Incompatível;Saída de leito carroçável;Com Vítimas Feridas;Pleno dia;Decrescente;Chuva;Simples;Curva;-26,27750441;-49,92357016
07/03/2023;18:00:00;EMBU DAS ARTES;Velocidade Incompatível;Colisão traseira;Com Vítimas Feridas;Pleno dia;Decrescente;Nublado;Dupla;Reta;-23,65508497;-46,84918605
07/03/2023;14:45:00;JACIARA;Chuva;Saída de leito carroçável;Sem Vítimas;Pleno dia;Decrescente;Chuva;Dupla;Curva;-15,91422521;-55,03282318
07/03/2023;16:00:00;ITAMARAJU;Ausência de reação do condutor;Tombamento;Com Vítimas Feridas;Pleno dia;Crescente;Céu Claro;Simples;"Declive;Curva";-17,085811;-39,571226
07/03/2023;14:10:00;FLORIANO;Pista esburacada;Queda de ocupante de veículo;Com Vítimas Feridas;Pleno dia;Crescente;Sol;Simples;Reta;-6,78336862;-42,9985249
07/03/2023;16:50:00;UBATUBA;Manobra de mudança de faixa;Colisão transversal;Com Vítimas Feridas;Pleno dia;Decrescente;Céu Claro;Simples;Reta;-23,45627795;-45,07111896
07/03/2023;16:35:00;TRES PASSOS;Ultrapassagem Indevida;Colisão lateral mesmo sentido;Com Vítimas Feridas;Pleno dia;Crescente;Céu Claro;Simples;Curva;-27,51659987;-53,87583733
07/03/2023;22:30:00;REBOUCAS;Velocidade Incompatível;Queda de ocupante de veículo;Com Vítimas Feridas;Plena Noite;Crescente;Céu Claro;Simples;"Curva;Rotatória";-25,60510881;-50,69303204
07/03/2023;23:15:00;APUCARANA;Velocidade Incompatível;Saída de leito carroçável;Com Vítimas Feridas;Plena Noite;Decrescente;Nublado;Dupla;"Reta;Interseção de Vias";-23,57126885;-51,50557362
08/03/2023;06:15:00;PALHOCA;Chuva;Capotamento;Com Vítimas Feridas;Pleno dia;Decrescente;Chuva;Simples;Reta;-27,6758601;-48,67052525
08/03/2023;06:55:00;ANAPOLIS;Velocidade Incompatível;Colisão traseira;Com Vítimas Feridas;Pleno dia;Crescente;Céu Claro;Dupla;Reta;-16,3774;-48,9483
08/03/2023;07:15:00;RIO DO SUL;Ultrapassagem Indevida;Colisão transversal;Com Vítimas Feridas;Pleno dia;Crescente;Nublado;Simples;"Reta;Interseção de Vias";-27,194323;-49,624554
08/03/2023;07:15:00;SAO LEOPOLDO;Manobra de mudança de faixa;Colisão lateral mesmo sentido;Com Vítimas Feridas;Pleno dia;Decrescente;Céu Claro;Dupla;Reta;-29,77605895;-51,15508618
08/03/2023;08:45:00;CABEDELO;Manobra de mudança de faixa;Colisão lateral mesmo sentido;Com Vítimas Feridas;Pleno dia;Decrescente;Céu Claro;Dupla;Interseção de Vias;-7,0596;-34,8506
08/03/2023;09:03:00;PALHOCA;Ausência de reação do condutor;Tombamento;Com Vítimas Feridas;Pleno dia;Crescente;Nublado;Múltipla;Reta;-27,63697369;-48,66514142
08/03/2023;08:40:00;RIBEIRAO DAS NEVES;Manobra de mudança de faixa;Colisão lateral mesmo sentido;Com Vítimas Feridas;Pleno dia;Crescente;Céu Claro;Dupla;"Reta;Declive";-19,76728744;-44,12855905
08/03/2023;08:40:00;ABREU E LIMA;Sinalização encoberta;Colisão transversal;Com Vítimas Feridas;Pleno dia;Decrescente;Garoa/Chuvisco;Dupla;Reta;-7,904901;-34,901444
12/02/2023;12:40:00;RIO NOVO DO SUL;Chuva;Saída de leito carroçável;Com Vítimas Feridas;Pleno dia;Decrescente;Chuva;Simples;Reta;-20,84290625;-40,87422184
08/03/2023;10:30:00;BETIM;Velocidade Incompatível;Saída de leito carroçável;Com Vítimas Feridas;Pleno dia;Crescente;Céu Claro;Dupla;Interseção de Vias;-20,01172662;-44,21976041
08/03/2023;11:25:00;PINDAMONHANGABA;Avarias e/ou desgaste excessivo no pneu;Tombamento;Com Vítimas Feridas;Pleno dia;Crescente;Sol;Dupla;Reta;-22,92211829;-45,34450085
08/03/2023;11:00:00;EUNAPOLIS;Velocidade Incompatível;Colisão frontal;Com Vítimas Feridas;Pleno dia;Decrescente;Céu Claro;Simples;"Aclive;Curva";-16,41698523;-39,58459854
08/03/2023;11:20:00;NOSSA SENHORA DO SOCORRO;Falta de elemento de contenção que evite a saída do leito carroçável;Saída de leito carroçável;Com Vítimas Feridas;Pleno dia;Decrescente;Céu Claro;Simples;Reta;-10,863169;-37,178413
08/03/2023;13:45:00;ARUJA;Demais falhas mecânicas ou elétricas;Tombamento;Com Vítimas Feridas;Pleno dia;Crescente;Sol;Dupla;Reta;-23,38497189;-46,26686105
08/03/2023;13:30:00;CACHOEIRA DO SUL;Manobra de mudança de faixa;Colisão transversal;Sem Vítimas;Pleno dia;Decrescente;Sol;Simples;Reta;-30,259472;-53,08242
08/03/2023;08:45:00;IMBITUBA;Demais falhas mecânicas ou elétricas;Tombamento;Com Vítimas Feridas;Pleno dia;Crescente;Céu Claro;Dupla;Reta;-28,22116606;-48,70063047
08/03/2023;13:35:00;MARABA;Manobra de mudança de faixa;Colisão lateral mesmo sentido;Com Vítimas Feridas;Pleno dia;Crescente;Céu Claro;Dupla;Reta;-5,36241425;-49,07496007
08/03/2023;14:00:00;SAO GONCALO DO AMARANTE;Acumulo de água sobre o pavimento;Saída de leito carroçável;Com Vítimas Feridas;Pleno dia;Decrescente;Chuva;Simples;Declive;-5,75872063;-35,29921986
08/03/2023;15:40:00;NITEROI;Velocidade Incompatível;Queda de ocupante de veículo;Com Vítimas Feridas;Pleno dia;Decrescente;Sol;Dupla;Curva;-22,86981096;-43,11046465
08/03/2023;16:45:00;RIBEIRAO DAS NEVES;Avarias e/ou desgaste excessivo no pneu;Tombamento;Com Vítimas Feridas;Pleno dia;Decrescente;Nublado;Dupla;Reta;-19,75309;-44,14261
08/03/2023;11:15:00;CATUJI;Velocidade Incompatível;Capotamento;Com Vítimas Feridas;Pleno dia;Decrescente;Céu Claro;Simples;Curva;-17,4396431;-41,51145911
08/03/2023;17:30:00;ITAGUAI;Manobra de mudança de faixa;Queda de ocupante de veículo;Com Vítimas Feridas;Pleno dia;Decrescente;Céu Claro;Dupla;"Aclive;Curva;Viaduto";-22,900389;-43,822689
08/03/2023;17:20:00;SAO JOSE;Manobra de mudança de faixa;Colisão lateral mesmo sentido;Com Vítimas Feridas;Pleno dia;Crescente;Céu Claro;Dupla;Reta;-27,55711595;-48,61897889
17/02/2023;02:30:00;IMBAU;Chuva;Colisão com objeto;Com Vítimas Feridas;Plena Noite;Crescente;Chuva;Dupla;Reta;-24,46367414;-50,74958324
08/03/2023;18:30:00;PIRIPIRI;Ultrapassagem Indevida;Colisão traseira;Com Vítimas Feridas;Plena Noite;Crescente;Céu Claro;Simples;Reta;-4,346634;-41,80687
08/03/2023;18:00:00;BETIM;Manobra de mudança de faixa;Colisão lateral mesmo sentido;Com Vítimas Feridas;Anoitecer;Decrescente;Céu Claro;Dupla;Reta;-20,01851645;-44,22718048
09/03/2023;00:45:00;BELO JARDIM;Manobra de mudança de faixa;Colisão frontal;Com Vítimas Feridas;Plena Noite;Decrescente;Céu Claro;Simples;Reta;-8,34449745;-36,4288801
09/03/2023;00:30:00;ARARANGUA;Manobra de mudança de faixa;Colisão transversal;Com Vítimas Feridas;Plena Noite;Decrescente;Nublado;Múltipla;Reta;-28,96040535;-49,51653267
09/03/2023;07:05:00;GUAPO;Manobra de mudança de faixa;Colisão lateral mesmo sentido;Com Vítimas Feridas;Pleno dia;Decrescente;Chuva;Dupla;Reta;-16,7778;-49,489
09/03/2023;06:10:00;MANDAGUACU;Pista esburacada;Queda de ocupante de veículo;Com Vítimas Feridas;Amanhecer;Crescente;Céu Claro;Dupla;"Aclive;Reta";-23,35251601;-52,09127007
09/03/2023;07:10:00;RECIFE;Manobra de mudança de faixa;Colisão transversal;Com Vítimas Feridas;Pleno dia;Decrescente;Céu Claro;Dupla;Reta;-8,06795766;-34,94535414
09/03/2023;07:38:00;GUARULHOS;Ausência de sinalização;Colisão traseira;Com Vítimas Feridas;Pleno dia;Crescente;Céu Claro;Múltipla;Reta;-23,46472809;-46,49793962
09/03/2023;08:00:00;SANTO AMARO DA IMPERATRIZ;Ultrapassagem Indevida;Colisão lateral mesmo sentido;Com Vítimas Feridas;Pleno dia;Decrescente;Céu Claro;Simples;Reta;-27,687958;-48,736794
09/03/2023;07:40:00;AGUAS LINDAS DE GOIAS;Acumulo de areia ou detritos sobre o pavimento;Colisão lateral mesmo sentido;Com Vítimas Feridas;Pleno dia;Decrescente;Chuva;Dupla;"Declive;Curva";-15,765112;-48,231081
09/03/2023;10:00:00;TUBARAO;Avarias e/ou desgaste excessivo no pneu;Tombamento;Com Vítimas Feridas;Pleno dia;Decrescente;Céu Claro;Dupla;Reta;-28,45115639;-48,97286879
09/03/2023;08:40:00;IRACEMINHA;Chuva;Saída de leito carroçável;Com Vítimas Feridas;Pleno dia;Crescente;Chuva;Simples;Declive;-26,788088;-53,293259
08/01/2023;19:00:00;EWBANK DA CAMARA;Velocidade Incompatível;Tombamento;Sem Vítimas;Plena Noite;Decrescente;Chuva;Simples;Reta;-21,47144207;-43,5456067
09/03/2023;12:30:00;BETIM;Avarias e/ou desgaste excessivo no pneu;Tombamento;Com Vítimas Feridas;Pleno dia;Crescente;Céu Claro;Dupla;"Reta;Declive";-20,03146447;-44,2377893
09/03/2023;08:20:00;IMPERATRIZ;Ultrapassagem Indevida;Colisão transversal;Com Vítimas Feridas;Pleno dia;Crescente;Sol;Simples;Reta;-5,508798;-47,471718
26/02/2023;09:45:00;MURIAE;Ultrapassagem Indevida;Colisão com objeto;Com Vítimas Feridas;Pleno dia;Crescente;Céu Claro;Simples;Reta;-20,97323599;-42,35516386
18/02/2023;12:50:00;ARACATI;Manobra de mudança de faixa;Colisão frontal;Com Vítimas Fatais;Pleno dia;Crescente;Céu Claro;Simples;Reta;-4,855756;-37,462703
02/03/2023;04:30:00;PRESIDENTE MEDICI;Ausência de reação do condutor;Tombamento;Com Vítimas Feridas;Plena Noite;Decrescente;Céu Claro;Simples;Reta;-11,136345;-61,9012019
01/03/2023;10:45:00;RIO VERDE;Chuva;Colisão transversal;Com Vítimas Feridas;Pleno dia;Crescente;Chuva;Dupla;Curva;-17,6726;-50,8261
09/03/2023;13:45:00;MOSSORO;Velocidade Incompatível;Saída de leito carroçável;Sem Vítimas;Pleno dia;Crescente;Céu Claro;Dupla;"Curva;Rotatória";-5,06488233;-37,33287055
09/03/2023;15:53:00;IGARAPE;Demais falhas mecânicas ou elétricas;Tombamento;Com Vítimas Feridas;Pleno dia;Decrescente;Nublado;Dupla;Curva;-20,11094229;-44,32385296
05/02/2023;18:05:00;ESTRELA;Ausência de reação do condutor;Tombamento;Com Vítimas Feridas;Pleno dia;Crescente;Céu Claro;Dupla;"Em Obras;Ponte;Reta";-29,4743;-51,952923
09/03/2023;06:50:00;ENGENHEIRO CALDAS;Animais na Pista;Tombamento;Com Vítimas Feridas;Pleno dia;Decrescente;Céu Claro;Simples;Reta;-19,21626114;-42,0573808
09/03/2023;18:05:00;BETIM;Velocidade Incompatível;Engavetamento;Com Vítimas Feridas;Anoitecer;Decrescente;Céu Claro;Dupla;"Aclive;Reta";-20,01792651;-44,2261448
09/03/2023;18:10:00;DOIS IRMAOS;Acumulo de areia ou detritos sobre o pavimento;Colisão com objeto;Sem Vítimas;Anoitecer;Crescente;Céu Claro;Simples;"Curva;Declive;Em Obras";-29,58975513;-51,10781795
09/03/2023;15:00:00;BARRACAO;Ultrapassagem Indevida;Colisão traseira;Com Vítimas Feridas;Pleno dia;Crescente;Nublado;Simples;Curva;-26,26878826;-53,58890533
09/03/2023;20:00:00;BRASILIA;Manobra de mudança de faixa;Colisão lateral mesmo sentido;Com Vítimas Feridas;Plena Noite;Crescente;Céu Claro;Dupla;Reta;-15,985532;-47,987747
09/03/2023;18:45:00;ITAPECURU MIRIM;Manobra de mudança de faixa;Colisão lateral mesmo sentido;Sem Vítimas;Anoitecer;Decrescente;Nublado;Simples;Reta;-3,27056114;-44,39988784
09/03/2023;17:20:00;ANTONIO OLINTO;Velocidade Incompatível;Colisão frontal;Com Vítimas Feridas;Anoitecer;Decrescente;Chuva;Simples;Curva;-25,885603;-50,182251
09/03/2023;17:00:00;JATAI;Acumulo de água sobre o pavimento;Saída de leito carroçável;Sem Vítimas;Pleno dia;Crescente;Chuva;Dupla;"Declive;Reta";-17,87252883;-51,62033558
09/03/2023;23:09:00;BEZERROS;Pista esburacada;Queda de ocupante de veículo;Com Vítimas Feridas;Plena Noite;Crescente;Céu Claro;Dupla;Reta;-8,28634529;-35,81755579
09/03/2023;22:30:00;SANTA CRUZ DO SUL;Velocidade Incompatível;Colisão com objeto;Com Vítimas Feridas;Plena Noite;Decrescente;Céu Claro;Múltipla;"Curva;Interseção de Vias";-29,76365093;-52,42386103
09/03/2023;23:40:00;BETIM;Velocidade Incompatível;Capotamento;Com Vítimas Feridas;Plena Noite;Crescente;Nublado;Múltipla;"Em Obras;Declive;Reta";-19,95531717;-44,11722196
09/03/2023;21:20:00;NOVA SERRANA;Velocidade Incompatível;Tombamento;Com Vítimas Feridas;Plena Noite;Crescente;Céu Claro;Simples;"Declive;Curva";-19,88065393;-44,92197102
10/03/2023;03:05:00;SAO GABRIEL;Velocidade Incompatível;Saída de leito carroçável;Sem Vítimas;Plena Noite;Crescente;Céu Claro;Dupla;Curva;-30,340698;-54,340824
10/03/2023;05:30:00;BETIM;Velocidade Incompatível;Saída de leito carroçável;Com Vítimas Feridas;Amanhecer;Decrescente;Nublado;Dupla;Curva;-19,96825;-44,198708
10/03/2023;07:15:00;CANOAS;Manobra de mudança de faixa;Colisão com objeto;Com Vítimas Feridas;Pleno dia;Crescente;Céu Claro;Dupla;Reta;-29,914282;-51,23631
10/03/2023;08:00:00;GUARULHOS;Manobra de mudança de faixa;Colisão traseira;Sem Vítimas;Pleno dia;Crescente;Céu Claro;Múltipla;Reta;-23,46143954;-46,48885316
10/03/2023;08:11:00;SAO JOSE DOS CAMPOS;Trafegar com motocicleta (ou similar) entre as faixas;Tombamento;Com Vítimas Feridas;Pleno dia;Crescente;Céu Claro;Dupla;Reta;-23,1869844;-45,8548078
22/02/2023;19:30:00;CASCAVEL;Acumulo de água sobre o pavimento;Saída de leito carroçável;Com Vítimas Feridas;Plena Noite;Decrescente;Chuva;Dupla;"Declive;Reta";-24,8543;-53,5952
10/03/2023;07:30:00;COLOMBO;Chuva;Tombamento;Com Vítimas Feridas;Pleno dia;Crescente;Chuva;Dupla;Reta;-25,3818;-49,1643
13/02/2023;15:20:00;BARRA DO CORDA;Ultrapassagem Indevida;Colisão lateral sentido oposto;Com Vítimas Feridas;Pleno dia;Decrescente;Sol;Simples;Reta;-5,49793816;-45,25652507
10/03/2023;07:30:00;BETIM;Manobra de mudança de faixa;Colisão lateral mesmo sentido;Com Vítimas Feridas;Pleno dia;Decrescente;Sol;Dupla;Reta;-19,96207501;-44,15588737
10/03/2023;08:50:00;SEBERI;Velocidade Incompatível;Colisão lateral sentido oposto;Com Vítimas Feridas;Pleno dia;Decrescente;Sol;Simples;Curva;-27,56167;-53,356529
10/03/2023;09:15:00;CAMPOS DOS GOYTACAZES;Velocidade Incompatível;Saída de leito carroçável;Sem Vítimas;Pleno dia;Decrescente;Céu Claro;Simples;Reta;-21,739543;-41,207409
10/03/2023;09:33:00;ARAGUAINA;Manobra de mudança de faixa;Colisão lateral mesmo sentido;Com Vítimas Feridas;Pleno dia;Crescente;Céu Claro;Múltipla;"Retorno Regulamentado;Reta";-7,1789465;-48,22279215
10/03/2023;10:00:00;BIGUACU;Manobra de mudança de faixa;Colisão lateral mesmo sentido;Com Vítimas Feridas;Pleno dia;Decrescente;Céu Claro;Dupla;Reta;-27,48443781;-48,64765238
10/03/2023;11:15:00;ANTONINA;Velocidade Incompatível;Saída de leito carroçável;Com Vítimas Feridas;Pleno dia;Decrescente;Garoa/Chuvisco;Dupla;Curva;-25,10549737;-48,71681213
10/03/2023;12:00:00;TIJUCAS DO SUL;Manobra de mudança de faixa;Colisão com objeto;Com Vítimas Feridas;Pleno dia;Decrescente;Garoa/Chuvisco;Dupla;Reta;-25,842624;-49,055186
10/03/2023;12:15:00;TABOAO DA SERRA;Manobra de mudança de faixa;Colisão lateral mesmo sentido;Com Vítimas Feridas;Pleno dia;Crescente;Céu Claro;Dupla;Reta;-23,621691;-46,813288
10/03/2023;12:20:00;ITAPEMA;Demais falhas mecânicas ou elétricas;Tombamento;Com Vítimas Feridas;Pleno dia;Decrescente;Nublado;Dupla;Reta;-27,06436;-48,59599405
10/03/2023;12:50:00;CAMPINA GRANDE DO SUL;Chuva;Saída de leito carroçável;Com Vítimas Feridas;Pleno dia;Crescente;Chuva;Dupla;Curva;-25,1882321;-48,88492529
10/03/2023;13:20:00;SAO JOAQUIM DE BICAS;Manobra de mudança de faixa;Colisão traseira;Com Vítimas Feridas;Pleno dia;Decrescente;Sol;Dupla;"Declive;Curva";-20,0479911;-44,2732156
10/03/2023;14:40:00;SAO LEOPOLDO;Manobra de mudança de faixa;Colisão traseira;Sem Vítimas;Pleno dia;Decrescente;Céu Claro;Dupla;Reta;-29,73196199;-51,14952004
10/03/2023;12:30:00;UBERABA;Chuva;Saída de leito carroçável;Com Vítimas Feridas;Pleno dia;Crescente;Chuva;Dupla;Declive;-19,65927188;-48,00251569
10/03/2023;14:45:00;SIMOES FILHO;Avarias e/ou desgaste excessivo no pneu;Tombamento;Com Vítimas Feridas;Pleno dia;Crescente;Céu Claro;Dupla;Curva;-12,72850579;-38,44885046
10/03/2023;14:00:00;CANUDOS;Pista em desnível;Queda de ocupante de veículo;Com Vítimas Feridas;Pleno dia;Crescente;Céu Claro;Simples;Reta;-9,74964502;-39,12591894
10/03/2023;12:10:00;IGARASSU;Manobra de mudança de faixa;Colisão traseira;Com Vítimas Feridas;Pleno dia;Decrescente;Sol;Múltipla;"Retorno Regulamentado;Ponte;Reta";-7,88290701;-34,90461208
10/03/2023;16:10:00;JUIZ DE FORA;Velocidade Incompatível;Colisão com objeto;Com Vítimas Feridas;Pleno dia;Crescente;Céu Claro;Dupla;Curva;-21,79926451;-43,40729012
10/03/2023;16:40:00;MONTES CLAROS;Pista Escorregadia;Saída de leito carroçável;Com Vítimas Feridas;Pleno dia;Decrescente;Chuva;Simples;"Declive;Reta";-16,87824584;-44,00270102
10/03/2023;15:20:00;MONTE ALEGRE DOS CAMPOS;Velocidade Incompatível;Saída de leito carroçável;Com Vítimas Feridas;Pleno dia;Decrescente;Nublado;Simples;Curva;-28,593403;-50,751537
10/03/2023;18:20:00;FEIRA DE SANTANA;Ausência de reação do condutor;Tombamento;Com Vítimas Feridas;Anoitecer;Crescente;Céu Claro;Dupla;Reta;-12,36963333;-38,81320954
03/03/2023;16:20:00;ALTO PARAISO;Ultrapassagem Indevida;Colisão frontal;Com Vítimas Feridas;Pleno dia;Decrescente;Céu Claro;Simples;"Reta;Aclive";-9,62485;-63,07286307
10/03/2023;19:20:00;GUAPO;Manobra de mudança de faixa;Queda de ocupante de veículo;Com Vítimas Feridas;Plena Noite;Crescente;Ignorado;Dupla;Reta;-16,9041;-49,6466
10/03/2023;19:25:00;MARINGA;Chuva;Tombamento;Com Vítimas Feridas;Plena Noite;Crescente;Chuva;Dupla;Reta;-23,43197477;-51,88671852
10/03/2023;18:00:00;UNISTALDA;Velocidade Incompatível;Saída de leito carroçável;Com Vítimas Feridas;Pleno dia;Crescente;Céu Claro;Simples;Curva;-29,04051898;-55,21902901
10/03/2023;22:00:00;SAO GONCALO DO SAPUCAI;Velocidade Incompatível;Saída de leito carroçável;Com Vítimas Feridas;Plena Noite;Decrescente;Chuva;Dupla;Em Obras;-22,02267318;-45,68000319
10/03/2023;18:20:00;MAIRIPORA;Reação tardia ou ineficiente do condutor;Tombamento;Com Vítimas Feridas;Plena Noite;Decrescente;Chuva;Dupla;"Declive;Reta";-23,27438497;-46,58530615
10/03/2023;14:30:00;CAJATI;Acumulo de água sobre o pavimento;Capotamento;Com Vítimas Feridas;Pleno dia;Decrescente;Chuva;Dupla;Curva;-24,86704083;-48,21738184
11/03/2023;03:00:00;SAO JOSE DOS PINHAIS;Ausência de reação do condutor;Tombamento;Com Vítimas Feridas;Pleno dia;Crescente;Chuva;Dupla;Reta;-25,49646878;-49,16190277
10/03/2023;16:32:00;BARRA DO TURVO;Chuva;Saída de leito carroçável;Com Vítimas Feridas;Anoitecer;Decrescente;Chuva;Dupla;Curva;-25,0475499;-48,55355172
11/03/2023;04:30:00;IMBITUBA;Velocidade Incompatível;Colisão traseira;Com Vítimas Feridas;Plena Noite;Crescente;Céu Claro;Múltipla;Reta;-28,129852;-48,69322
11/03/2023;03:00:00;LUIS EDUARDO MAGALHAES;Ultrapassagem Indevida;Saída de leito carroçável;Com Vítimas Feridas;Plena Noite;Crescente;Céu Claro;Simples;Reta;-12,10445227;-45,89332581
11/03/2023;02:30:00;BALNEARIO CAMBORIU;Chuva;Colisão com objeto;Sem Vítimas;Plena Noite;Decrescente;Chuva;Dupla;Reta;-27,02397426;-48,60761649
11/03/2023;06:20:00;IMBITUBA;Velocidade Incompatível;Saída de leito carroçável;Com Vítimas Fatais;Amanhecer;Decrescente;Céu Claro;Dupla;Reta;-28,1053055;-48,7030103
11/03/2023;01:50:00;CORUPA;Ausência de reação do condutor;Tombamento;Com Vítimas Feridas;Plena Noite;Decrescente;Nublado;Simples;"Reta;Declive;Interseção de Vias";-26,43926913;-49,22955394
10/03/2023;20:30:00;CAJATI;Acumulo de água sobre o pavimento;Capotamento;Com Vítimas Feridas;Plena Noite;Decrescente;Chuva;Dupla;Curva;-24,86704083;-48,21738184
11/03/2023;05:30:00;CABO DE SANTO AGOSTINHO;Velocidade Incompatível;Colisão com objeto;Com Vítimas Feridas;Pleno dia;Decrescente;Nublado;Dupla;"Curva;Declive";-8,30670238;-35,09303416
11/03/2023;04:20:00;CAJATI;Acumulo de água sobre o pavimento;Saída de leito carroçável;Com Vítimas Feridas;Amanhecer;Decrescente;Chuva;Dupla;Reta;-24,87423036;-48,2190838
11/03/2023;07:20:00;FLORESTAL;Velocidade Incompatível;Saída de leito carroçável;Com Vítimas Feridas;Pleno dia;Crescente;Nublado;Dupla;Curva;-19,90304505;-44,5205605
11/03/2023;07:30:00;CUMARI;Afundamento ou ondulação no pavimento;Colisão com objeto;Com Vítimas Feridas;Pleno dia;Decrescente;Céu Claro;Dupla;Reta;-18,3994;-48,0749
11/03/2023;08:05:00;RIO GRANDE;Manobra de mudança de faixa;Colisão lateral mesmo sentido;Com Vítimas Feridas;Pleno dia;Crescente;Céu Claro;Dupla;Reta;-31,85621898;-52,32534987
11/03/2023;08:48:00;MACAPA;Velocidade Incompatível;Colisão lateral mesmo sentido;Sem Vítimas;Pleno dia;Decrescente;Céu Claro;Dupla;Reta;0,07763383;-51,06204987
23/02/2023;17:55:00;PRESIDENTE FIGUEIREDO;Pista esburacada;Queda de ocupante de veículo;Com Vítimas Feridas;Anoitecer;Crescente;Chuva;Simples;"Aclive;Reta";-1,97676692;-60,02991559
11/03/2023;08:45:00;TAUBATE;Demais falhas mecânicas ou elétricas;Tombamento;Com Vítimas Feridas;Pleno dia;Crescente;Céu Claro;Dupla;Reta;-22,99919465;-45,49788917
11/03/2023;12:00:00;PORTO ALEGRE;Manobra de mudança de faixa;Colisão lateral mesmo sentido;Com Vítimas Feridas;Pleno dia;Crescente;Céu Claro;Dupla;Reta;-29,991756;-51,22699
11/03/2023;10:40:00;MARACAJU;Velocidade Incompatível;Saída de leito carroçável;Com Vítimas Feridas;Pleno dia;Crescente;Céu Claro;Simples;Rotatória;-21,64881085;-55,08620903
11/03/2023;10:30:00;ERVAL VELHO;Velocidade Incompatível;Saída de leito carroçável;Com Vítimas Feridas;Pleno dia;Crescente;Céu Claro;Simples;"Declive;Curva";-27,259993;-51,442684
11/03/2023;12:30:00;UBERABA;Velocidade Incompatível;Saída de leito carroçável;Sem Vítimas;Pleno dia;Decrescente;Garoa/Chuvisco;Dupla;Curva;-19,35661694;-48,08567397
11/03/2023;11:50:00;RIO CASCA;Ausência de reação do condutor;Tombamento;Com Vítimas Feridas;Pleno dia;Decrescente;Céu Claro;Simples;Curva;-20,22891636;-42,62843995
11/03/2023;12:30:00;VITORIA DA CONQUISTA;Ultrapassagem Indevida;Colisão lateral mesmo sentido;Com Vítimas Feridas;Pleno dia;Crescente;Céu Claro;Dupla;Reta;-14,86090814;-40,85002184
07/03/2023;17:30:00;PIRAI;Velocidade Incompatível;Saída de leito carroçável;Com Vítimas Feridas;Pleno dia;Decrescente;Garoa/Chuvisco;Dupla;Curva;-22,66902628;-43,83570671
11/03/2023;14:50:00;MONTE ALEGRE DE MINAS;Velocidade Incompatível;Saída de leito carroçável;Com Vítimas Feridas;Pleno dia;Crescente;Nublado;Dupla;Curva;-18,89429328;-48,65210897
11/03/2023;13:45:00;CAMPOS ALTOS;Acostamento em desnível;Saída de leito carroçável;Com Vítimas Feridas;Pleno dia;Decrescente;Céu Claro;Simples;Reta;-19,66568189;-46,16901785
03/03/2023;19:45:00;PATO BRANCO;Velocidade Incompatível;Atropelamento de Pedestre;Com Vítimas Feridas;Plena Noite;Crescente;Chuva;Simples;"Reta;Interseção de Vias";-26,24248639;-52,69697646