data_inversa;horario;municipio;causa_acidente;tipo_acidente;classificacao_acidente;fase_dia;sentido_via;condicao_metereologica;tipo_pista;tracado_via;latitude;longitude
19/03/2023;19:00:00;SERRA;Ausência de reação do condutor;Tombamento;Com Vítimas Feridas;Plena Noite;Crescente;Céu Claro;Simples;"Curva;Aclive";-20,06746339;-40,37085006
19/03/2023;18:30:00;ATIBAIA;Demais Fenômenos da natureza;Eventos atípicos;Com Vítimas Feridas;Plena Noite;Crescente;Chuva;Múltipla;Reta;-23,088586;-46,571798
19/03/2023;20:45:00;INDAIAL;Ingestão de álcool pelo condutor;Tombamento;Com Vítimas Feridas;Plena Noite;Crescente;Nublado;Simples;"Interseção de Vias;Viaduto";-26,877615;-49,239231
19/03/2023;11:40:00;NITEROI;Manobra de mudança de faixa;Colisão traseira;Com Vítimas Feridas;Pleno dia;Decrescente;Céu Claro;Múltipla;Reta;-22,878923;-43,110676
19/03/2023;20:12:00;CASCAVEL;Velocidade Incompatível;Saída de leito carroçável;Sem Vítimas;Plena Noite;Crescente;Céu Claro;Múltipla;"Interseção de Vias;Viaduto;Curva";-24,96684176;-53,40258186
19/03/2023;20:30:00;LONDRINA;Ausência de reação do condutor;Tombamento;Com Vítimas Feridas;Plena Noite;Crescente;Céu Claro;Dupla;Reta;-23,28532614;-51,23229504
19/03/2023;19:40:00;PARATY;Deficiência do Sistema de Iluminação/Sinalização;Colisão traseira;Com Vítimas Feridas;Plena Noite;Decrescente;Céu Claro;Simples;Reta;-23,03389803;-44,55267499
19/03/2023;19:10:00;ARAQUARI;Demais falhas mecânicas ou elétricas;Tombamento;Com Vítimas Feridas;Plena Noite;Crescente;Céu Claro;Dupla;"Curva;Viaduto;Declive";-26,45604;-48,763545
19/03/2023;20:40:00;AURELINO LEAL;Ultrapassagem Indevida;Colisão lateral sentido oposto;Com Vítimas Feridas;Plena Noite;Crescente;Céu Claro;Simples;"Reta;Ponte";-14,3165337;-39,3142426
19/03/2023;21:00:00;PORTO VELHO;Pista esburacada;Queda de ocupante de veículo;Com Vítimas Feridas;Plena Noite;Crescente;Garoa/Chuvisco;Dupla;Reta;-8,78621576;-63,85712687
19/03/2023;22:40:00;GUARANTA DO NORTE;Chuva;Queda de ocupante de veículo;Com Vítimas Feridas;Plena Noite;Crescente;Chuva;Simples;Curva;-9,857331;-54,881392
19/03/2023;19:10:00;MANHUACU;Velocidade Incompatível;Capotamento;Com Vítimas Feridas;Plena Noite;Crescente;Chuva;Simples;Curva;-20,00117809;-42,14034158
19/03/2023;20:30:00;SANTA RITA DE MINAS;Avarias e/ou desgaste excessivo no pneu;Tombamento;Com Vítimas Feridas;Plena Noite;Decrescente;Nublado;Simples;Curva;-19,853746;-42,140643
20/03/2023;01:40:00;DUQUE DE CAXIAS;Falta de elemento de contenção que evite a saída do leito carroçável;Saída de leito carroçável;Sem Vítimas;Plena Noite;Decrescente;Céu Claro;Múltipla;Reta;-22,76375592;-43,28683062
20/03/2023;02:30:00;ATIBAIA;Ausência de reação do condutor;Tombamento;Com Vítimas Fatais;Plena Noite;Crescente;Céu Claro;Múltipla;"Reta;Declive";-23,02679312;-46,53612988
20/03/2023;06:10:00;LARANJEIRAS;Velocidade Incompatível;Colisão com objeto;Com Vítimas Feridas;Pleno dia;Crescente;Chuva;Dupla;Reta;-10,81787508;-37,13924106
20/03/2023;05:30:00;RIO LARGO;Chuva;Colisão com objeto;Sem Vítimas;Pleno dia;Decrescente;Chuva;Dupla;Reta;-9,44701176;-35,851915
20/03/2023;06:30:00;CAMPANHA;Velocidade Incompatível;Saída de leito carroçável;Com Vítimas Feridas;Amanhecer;Decrescente;Nublado;Dupla;Curva;-21,81543894;-45,49238809
19/03/2023;20:00:00;PATROCINIO;Ultrapassagem Indevida;Colisão frontal;Com Vítimas Feridas;Plena Noite;Crescente;Céu Claro;Simples;Reta;-18,92110855;-47,02643915
20/03/2023;06:45:00;SIDROLANDIA;Ultrapassagem Indevida;Capotamento;Com Vítimas Feridas;Pleno dia;Crescente;Céu Claro;Simples;Reta;-21,07655002;-55,34161595
20/03/2023;07:00:00;CEDRO DE SAO JOAO;Pista Escorregadia;Colisão com objeto;Com Vítimas Feridas;Pleno dia;Decrescente;Chuva;Dupla;Reta;-10,33831807;-36,89396364
20/03/2023;08:10:00;LENCOIS;Acumulo de água sobre o pavimento;Saída de leito carroçável;Com Vítimas Feridas;Pleno dia;Decrescente;Chuva;Simples;Reta;-12,46767097;-41,43877801
20/03/2023;09:10:00;JABOATAO DOS GUARARAPES;Trafegar com motocicleta (ou similar) entre as faixas;Tombamento;Com Vítimas Feridas;Pleno dia;Crescente;Sol;Dupla;Reta;-8,175172;-34,942642
20/03/2023;08:00:00;CONTAGEM;Avarias e/ou desgaste excessivo no pneu;Tombamento;Com Vítimas Feridas;Pleno dia;Decrescente;Céu Claro;Dupla;"Reta;Declive";-19,96145154;-44,03795277
20/03/2023;08:50:00;ITAPERUNA;Pista esburacada;Queda de ocupante de veículo;Com Vítimas Feridas;Pleno dia;Crescente;Céu Claro;Simples;Curva;-21,25282194;-41,78358078
20/03/2023;08:40:00;PINDAMONHANGABA;Avarias e/ou desgaste excessivo no pneu;Tombamento;Com Vítimas Feridas;Pleno dia;Decrescente;Céu Claro;Dupla;Reta;-22,98211521;-45,46388023
20/03/2023;09:40:00;CAPANEMA;Demais falhas mecânicas ou elétricas;Tombamento;Com Vítimas Feridas;Pleno dia;Decrescente;Céu Claro;Simples;Declive;-1,24381912;-47,14976112
20/03/2023;09:40:00;SAO JOSE DOS CAMPOS;Fumaça;Incêndio;Com Vítimas Feridas;Pleno dia;Crescente;Céu Claro;Dupla;Reta;-23,17004717;-45,82091491
20/03/2023;10:00:00;SAO LEOPOLDO;Manobra de mudança de faixa;Colisão lateral mesmo sentido;Com Vítimas Feridas;Pleno dia;Decrescente;Céu Claro;Dupla;Reta;-29,758751;-51,15186806
20/03/2023;09:10:00;ARAMARI;Ultrapassagem Indevida;Colisão frontal;Com Vítimas Feridas;Pleno dia;Crescente;Céu Claro;Simples;Reta;-12,18981903;-38,58636194
20/03/2023;11:30:00;NATAL;Manobra de mudança de faixa;Colisão lateral mesmo sentido;Com Vítimas Feridas;Pleno dia;Crescente;Céu Claro;Dupla;Curva;-5,84949622;-35,20890752
20/03/2023;11:00:00;SAO GONCALO DO AMARANTE;Ausência de reação do condutor;Tombamento;Com Vítimas Feridas;Pleno dia;Crescente;Chuva;Simples;"Em Obras;Reta";-3,670898;-39,143053
20/03/2023;12:45:00;FEIRA DE SANTANA;Velocidade Incompatível;Colisão traseira;Com Vítimas Feridas;Pleno dia;Crescente;Céu Claro;Simples;Reta;-12,258195;-38,932182
19/03/2023;07:15:00;PALMAS;Chuva;Colisão frontal;Com Vítimas Feridas;Pleno dia;Crescente;Chuva;Múltipla;"Reta;Aclive";-10,20499186;-48,16363986
12/02/2023;06:40:00;ALHANDRA;Velocidade Incompatível;Tombamento;Com Vítimas Fatais;Pleno dia;Crescente;Céu Claro;Dupla;Reta;-7,31942;-34,946791
18/03/2023;15:50:00;CICERO DANTAS;Manobra de mudança de faixa;Saída de leito carroçável;Com Vítimas Feridas;Pleno dia;Decrescente;Sol;Simples;Reta;-10,56531407;-38,37390963
20/03/2023;11:50:00;JOAQUIM GOMES;Acumulo de água sobre o pavimento;Colisão frontal;Com Vítimas Feridas;Pleno dia;Crescente;Chuva;Dupla;"Declive;Reta";-9,12234116;-35,76740085
20/03/2023;09:10:00;ICARA;Velocidade Incompatível;Colisão com objeto;Com Vítimas Feridas;Pleno dia;Crescente;Céu Claro;Múltipla;"Interseção de Vias;Curva";-28,7644284;-49,29379981
20/03/2023;15:48:00;PORTO ALEGRE;Pista Escorregadia;Tombamento;Com Vítimas Feridas;Pleno dia;Decrescente;Chuva;Simples;Curva;-29,971916;-51,176838
20/03/2023;15:00:00;MANHUACU;Chuva;Colisão frontal;Com Vítimas Feridas;Pleno dia;Crescente;Chuva;Simples;Curva;-20,059737;-42,170711
15/02/2023;08:30:00;CURITIBA;Manobra de mudança de faixa;Colisão lateral mesmo sentido;Com Vítimas Feridas;Pleno dia;Decrescente;Nublado;Dupla;Reta;-25,553152;-49,30535
12/03/2023;16:10:00;TIBAGI;Chuva;Saída de leito carroçável;Com Vítimas Feridas;Pleno dia;Crescente;Chuva;Dupla;"Curva;Declive";-24,9422271;-50,4033063
20/03/2023;18:26:00;BLUMENAU;Ultrapassagem Indevida;Colisão transversal;Com Vítimas Feridas;Anoitecer;Crescente;Nublado;Simples;Reta;-26,87674;-49,127743
20/03/2023;16:15:00;TAIPU;Manobra de mudança de faixa;Saída de leito carroçável;Sem Vítimas;Pleno dia;Decrescente;Nublado;Simples;"Reta;Declive";-5,65252044;-35,53061895
20/03/2023;18:20:00;ROSARIO OESTE;Chuva;Colisão com objeto;Com Vítimas Feridas;Plena Noite;Crescente;Chuva;Simples;"Ponte;Reta";-15,01361502;-56,5153232
20/03/2023;18:36:00;SANTA MARIA;Ultrapassagem Indevida;Colisão lateral sentido oposto;Com Vítimas Feridas;Anoitecer;Crescente;Céu Claro;Simples;Curva;-29,68138871;-53,94121388
20/03/2023;17:50:00;MIRASSOL DOESTE;Ultrapassagem Indevida;Colisão frontal;Com Vítimas Feridas;Anoitecer;Crescente;Chuva;Simples;Reta;-15,84651289;-58,11694403
20/03/2023;20:10:00;PORTO ALEGRE;Manobra de mudança de faixa;Colisão transversal;Com Vítimas Feridas;Plena Noite;Decrescente;Céu Claro;Dupla;"Retorno Regulamentado;Reta";-29,969055;-51,167439
09/03/2023;06:40:00;MONTES CLAROS;Acumulo de óleo sobre o pavimento;Tombamento;Com Vítimas Feridas;Pleno dia;Crescente;Ignorado;Simples;"Aclive;Reta";-16,66055591;-43,75217401
20/03/2023;20:55:00;RECIFE;Reação tardia ou ineficiente do condutor;Tombamento;Com Vítimas Feridas;Plena Noite;Crescente;Céu Claro;Simples;"Aclive;Desvio Temporário";-8,07764447;-34,97863609
20/03/2023;19:45:00;SAO BENTO DO SUL;Pista em desnível;Tombamento;Com Vítimas Feridas;Plena Noite;Decrescente;Céu Claro;Simples;Reta;-26,31295828;-49,38837778
20/03/2023;22:05:00;BIGUACU;Condutor deixou de manter distância do veículo da frente;Queda de ocupante de veículo;Com Vítimas Feridas;Plena Noite;Crescente;Céu Claro;Dupla;Curva;-27,47930127;-48,64424229
20/03/2023;22:00:00;PALHOCA;Sinalização encoberta;Queda de ocupante de veículo;Com Vítimas Feridas;Plena Noite;Crescente;Céu Claro;Dupla;Reta;-27,6758601;-48,67052525
21/03/2023;02:00:00;ESTRELA;Ausência de reação do condutor;Tombamento;Sem Vítimas;Plena Noite;Decrescente;Céu Claro;Dupla;Viaduto;-29,483124;-51,954472
21/03/2023;01:45:00;CAMPOS NOVOS;Velocidade Incompatível;Colisão com objeto;Sem Vítimas;Plena Noite;Crescente;Céu Claro;Simples;Reta;-27,373833;-51,056301
21/03/2023;06:40:00;BRASILIA;Manobra de mudança de faixa;Colisão lateral mesmo sentido;Com Vítimas Feridas;Pleno dia;Decrescente;Nublado;Dupla;"Aclive;Reta";-15,679851;-47,832211
21/03/2023;06:30:00;SABARA;Velocidade Incompatível;Tombamento;Com Vítimas Feridas;Pleno dia;Decrescente;Sol;Simples;"Curva;Declive";-19,83448823;-43,84982586
21/03/2023;07:15:00;SAO JOSE DO RIO PRETO;Manobra de mudança de faixa;Colisão lateral mesmo sentido;Com Vítimas Feridas;Pleno dia;Crescente;Céu Claro;Dupla;Reta;-20,77838195;-49,35300538
21/03/2023;07:40:00;BIGUACU;Manobra de mudança de faixa;Colisão lateral mesmo sentido;Com Vítimas Feridas;Pleno dia;Crescente;Céu Claro;Dupla;Reta;-27,52658712;-48,63506019
21/03/2023;07:50:00;CAPAO DO LEAO;Animais na Pista;Tombamento;Com Vítimas Feridas;Pleno dia;Crescente;Céu Claro;Simples;Reta;-31,76484347;-52,44483238
21/03/2023;08:18:00;RECIFE;Chuva;Queda de ocupante de veículo;Com Vítimas Feridas;Pleno dia;Decrescente;Chuva;Simples;"Reta;Viaduto";-8,064547;-34,943738
21/03/2023;06:45:00;PORTO VELHO;Reação tardia ou ineficiente do condutor;Tombamento;Com Vítimas Feridas;Pleno dia;Decrescente;Nublado;Dupla;"Curva;Interseção de Vias";-8,77156959;-63,88180733
20/03/2023;21:20:00;TERESOPOLIS;Avarias e/ou desgaste excessivo no pneu;Tombamento;Com Vítimas Feridas;Plena Noite;Decrescente;Nublado;Simples;Curva;-22,25254197;-42,91927708
21/03/2023;08:10:00;JOAO PESSOA;Manobra de mudança de faixa;Colisão lateral mesmo sentido;Com Vítimas Feridas;Pleno dia;Decrescente;Garoa/Chuvisco;Múltipla;Reta;-7,1693;-34,8782
21/03/2023;08:38:00;JURANDA;Manobra de mudança de faixa;Colisão transversal;Com Vítimas Feridas;Pleno dia;Decrescente;Céu Claro;Simples;Reta;-24,3963;-52,8067
21/03/2023;08:30:00;CARIACICA;Objeto estático sobre o leito carroçável;Tombamento;Com Vítimas Feridas;Pleno dia;Crescente;Céu Claro;Dupla;Curva;-20,34283738;-40,40434616
21/03/2023;09:15:00;AREAL;Velocidade Incompatível;Colisão com objeto;Com Vítimas Feridas;Pleno dia;Decrescente;Céu Claro;Dupla;Curva;-22,18633705;-43,16660309
21/03/2023;08:00:00;RIBEIRAO;Acumulo de água sobre o pavimento;Saída de leito carroçável;Com Vítimas Feridas;Pleno dia;Decrescente;Chuva;Dupla;Reta;-8,41675194;-35,31126636
21/03/2023;13:00:00;LEOPOLDINA;Reação tardia ou ineficiente do condutor;Tombamento;Com Vítimas Feridas;Pleno dia;Decrescente;Céu Claro;Simples;Aclive;-21,47859776;-42,57564516
21/03/2023;10:20:00;ANGRA DOS REIS;Acumulo de areia ou detritos sobre o pavimento;Derramamento de carga;Com Vítimas Feridas;Pleno dia;Decrescente;Céu Claro;Simples;Curva;-22,93565986;-44,31791425
21/03/2023;14:30:00;PETROLINA;Acumulo de areia ou detritos sobre o pavimento;Colisão traseira;Sem Vítimas;Pleno dia;Decrescente;Nublado;Dupla;Reta;-9,379734;-40,50844
21/03/2023;12:00:00;PORTO VELHO;Ausência de sinalização;Colisão lateral mesmo sentido;Sem Vítimas;Pleno dia;Decrescente;Chuva;Simples;"Viaduto;Rotatória;Retorno Regulamentado;Interseção de Vias";-8,78153947;-63,86531369
21/03/2023;12:10:00;VACARIA;Acumulo de óleo sobre o pavimento;Colisão com objeto;Com Vítimas Feridas;Pleno dia;Crescente;Céu Claro;Simples;Curva;-28,51087;-50,848324
21/03/2023;14:10:00;JUPI;Acumulo de água sobre o pavimento;Colisão frontal;Com Vítimas Feridas;Pleno dia;Decrescente;Chuva;Simples;"Reta;Aclive";-8,70118191;-36,4154612
21/03/2023;15:30:00;POUSO ALTO;Ausência de reação do condutor;Tombamento;Com Vítimas Feridas;Pleno dia;Crescente;Nublado;Simples;Curva;-22,21292819;-44,95172393
21/03/2023;16:10:00;FLORIANO;Ultrapassagem Indevida;Colisão lateral mesmo sentido;Com Vítimas Feridas;Pleno dia;Decrescente;Nublado;Dupla;Reta;-6,776695;-43,009346
21/03/2023;16:30:00;NOSSA SENHORA DO SOCORRO;Acumulo de água sobre o pavimento;Queda de ocupante de veículo;Com Vítimas Feridas;Pleno dia;Crescente;Chuva;Dupla;Reta;-10,9059;-37,111
21/03/2023;18:00:00;TERESOPOLIS;Ausência de reação do condutor;Tombamento;Com Vítimas Feridas;Anoitecer;Crescente;Céu Claro;Simples;Reta;-22,46035934;-42,96568206
21/03/2023;16:00:00;ELESBAO VELOSO;Pista esburacada;Saída de leito carroçável;Com Vítimas Feridas;Pleno dia;Crescente;Céu Claro;Dupla;Ponte;-6,21662886;-42,08176795
21/03/2023;17:40:00;SAO JOSE DE MIPIBU;Manobra de mudança de faixa;Colisão traseira;Com Vítimas Feridas;Anoitecer;Decrescente;Céu Claro;Dupla;Reta;-6,04338592;-35,24621873
21/03/2023;19:20:00;SAO JOSE DOS CAMPOS;Avarias e/ou desgaste excessivo no pneu;Tombamento;Com Vítimas Feridas;Plena Noite;Decrescente;Céu Claro;Dupla;Reta;-23,1402216;-45,7617252
21/03/2023;19:40:00;CEDRO DE SAO JOAO;Acumulo de água sobre o pavimento;Saída de leito carroçável;Com Vítimas Feridas;Plena Noite;Crescente;Chuva;Dupla;Reta;-10,31157674;-36,89174049
21/03/2023;20:00:00;APUCARANA;Reação tardia ou ineficiente do condutor;Tombamento;Com Vítimas Feridas;Plena Noite;Crescente;Céu Claro;Dupla;Reta;-23,509817;-51,426179
21/03/2023;22:20:00;PETROLINA;Ausência de sinalização;Tombamento;Com Vítimas Feridas;Plena Noite;Decrescente;Garoa/Chuvisco;Dupla;Reta;-9,37739336;-40,53595733
21/03/2023;22:20:00;PETROLINA;Pista em desnível;Tombamento;Com Vítimas Feridas;Plena Noite;Decrescente;Nublado;Dupla;Reta;-9,38232474;-40,53079069
21/03/2023;22:00:00;UMIRIM;Pista esburacada;Tombamento;Com Vítimas Feridas;Plena Noite;Decrescente;Nublado;Simples;Reta;-3,66972785;-39,39316396
11/02/2023;21:58:00;BARRA VELHA;Reação tardia ou ineficiente do condutor;Tombamento;Com Vítimas Feridas;Plena Noite;Decrescente;Nublado;Dupla;Reta;-26,6806041;-48,6931497
21/03/2023;22:45:00;PELOTAS;Velocidade Incompatível;Colisão com objeto;Com Vítimas Feridas;Plena Noite;Crescente;Céu Claro;Dupla;Reta;-31,72863738;-52,38746675
21/03/2023;19:20:00;DUQUE DE CAXIAS;Obstrução na via;Colisão traseira;Com Vítimas Feridas;Plena Noite;Crescente;Céu Claro;Múltipla;Reta;-22,64876087;-43,23031638
21/03/2023;17:00:00;ALAGOINHAS;Pista Escorregadia;Saída de leito carroçável;Sem Vítimas;Anoitecer;Crescente;Chuva;Simples;Reta;-12,16103619;-38,5648919
22/03/2023;02:20:00;ITAPERUNA;Curva acentuada;Capotamento;Com Vítimas Feridas;Plena Noite;Crescente;Céu Claro;Simples;"Curva;Declive";-21,30765698;-41,70848806
22/03/2023;06:20:00;RIBEIRAO DAS NEVES;Ultrapassagem Indevida;Colisão traseira;Com Vítimas Feridas;Pleno dia;Crescente;Céu Claro;Dupla;"Declive;Reta";-19,7970544;-44,1080512
22/03/2023;07:59:00;BRASILIA;Manobra de mudança de faixa;Colisão lateral mesmo sentido;Com Vítimas Feridas;Pleno dia;Decrescente;Chuva;Dupla;"Retorno Regulamentado;Declive;Reta";-15,650243;-47,773872
22/03/2023;08:20:00;SAO JOSE;Manobra de mudança de faixa;Colisão lateral mesmo sentido;Com Vítimas Feridas;Pleno dia;Crescente;Céu Claro;Múltipla;Reta;-27,57413014;-48,61363083
22/03/2023;08:20:00;DUQUE DE CAXIAS;Avarias e/ou desgaste excessivo no pneu;Tombamento;Com Vítimas Feridas;Pleno dia;Crescente;Sol;Múltipla;Reta;-22,70948502;-43,29040354
22/03/2023;07:40:00;SAPUCAIA;Velocidade Incompatível;Colisão com objeto;Com Vítimas Feridas;Pleno dia;Crescente;Céu Claro;Simples;Curva;-22,056601;-42,794904
22/03/2023;07:50:00;HORIZONTE;Pista esburacada;Saída de leito carroçável;Com Vítimas Feridas;Pleno dia;Decrescente;Céu Claro;Dupla;Reta;-4,05218058;-38,50627716
22/03/2023;12:30:00;GUAPIMIRIM;Curva acentuada;Colisão lateral mesmo sentido;Com Vítimas Feridas;Pleno dia;Crescente;Céu Claro;Dupla;"Declive;Curva";-22,46643519;-43,00088701
22/03/2023;12:10:00;ROLANDIA;Curva acentuada;Saída de leito carroçável;Com Vítimas Feridas;Pleno dia;Decrescente;Céu Claro;Dupla;"Curva;Declive";-23,34950577;-51,38540626
22/03/2023;14:20:00;DUQUE DE CAXIAS;Demais falhas mecânicas ou elétricas;Tombamento;Com Vítimas Feridas;Pleno dia;Crescente;Céu Claro;Dupla;Reta;-22,672089;-43,285053
22/03/2023;17:30:00;MARILIA;Acumulo de óleo sobre o pavimento;Queda de ocupante de veículo;Com Vítimas Feridas;Pleno dia;Decrescente;Sol;Simples;Declive;-22,25744897;-49,92225816
22/03/2023;18:00:00;SANTA MARIA DO PARA;Ultrapassagem Indevida;Colisão lateral sentido oposto;Com Vítimas Feridas;Anoitecer;Crescente;Céu Claro;Simples;Reta;-1,424327;-47,549943
22/03/2023;17:30:00;FLORIANOPOLIS;Manobra de mudança de faixa;Colisão lateral mesmo sentido;Com Vítimas Feridas;Anoitecer;Crescente;Garoa/Chuvisco;Múltipla;Reta;-27,600384;-48,599705
22/03/2023;16:30:00;MATUPA;Velocidade Incompatível;Saída de leito carroçável;Com Vítimas Fatais;Pleno dia;Crescente;Céu Claro;Simples;Reta;-10,132748;-54,93134
22/03/2023;18:10:00;CANOAS;Manobra de mudança de faixa;Colisão lateral mesmo sentido;Com Vítimas Feridas;Pleno dia;Decrescente;Céu Claro;Dupla;Rotatória;-29,92342302;-51,17780944
15/03/2023;15:00:00;CORUMBA;Velocidade Incompatível;Colisão transversal;Com Vítimas Feridas;Pleno dia;Crescente;Chuva;Simples;Reta;-19,12764098;-57,62375735
22/03/2023;17:30:00;PALHOCA;Ausência de reação do condutor;Tombamento;Com Vítimas Feridas;Pleno dia;Crescente;Chuva;Dupla;"Reta;Interseção de Vias";-27,62996929;-48,65903871
10/02/2023;15:23:00;GOVERNADOR VALADARES;Velocidade Incompatível;Colisão traseira;Sem Vítimas;Pleno dia;Decrescente;Céu Claro;Simples;Reta;-18,95845506;-42,07633615
18/03/2023;10:15:00;DUQUE DE CAXIAS;Pista Escorregadia;Tombamento;Com Vítimas Feridas;Pleno dia;Decrescente;Céu Claro;Dupla;Reta;-22,71853604;-43,28993324
11/03/2023;13:30:00;JARAGUARI;Chuva;Saída de leito carroçável;Com Vítimas Feridas;Pleno dia;Crescente;Garoa/Chuvisco;Dupla;Curva;-20,22783328;-54,47717844
22/03/2023;17:15:00;JARU;Animais na Pista;Tombamento;Com Vítimas Feridas;Pleno dia;Crescente;Céu Claro;Simples;Reta;-10,44457274;-62,46568412
22/03/2023;15:43:00;MAJOR SALES;Pista esburacada;Saída de leito carroçável;Com Vítimas Feridas;Pleno dia;Decrescente;Céu Claro;Simples;Reta;-6,43405421;-38,33934794
22/03/2023;18:58:00;RIO BRANCO;Manobra de mudança de faixa;Colisão lateral mesmo sentido;Com Vítimas Feridas;Plena Noite;Crescente;Céu Claro;Dupla;Reta;-9,95470129;-67,86002755
18/03/2023;18:03:00;CENTRALINA;Demais falhas na via;Colisão lateral mesmo sentido;Com Vítimas Feridas;Plena Noite;Decrescente;Céu Claro;Dupla;Reta;-18,67926678;-49,15604759
22/03/2023;18:00:00;EUCLIDES DA CUNHA;Iluminação deficiente;Saída de leito carroçável;Com Vítimas Feridas;Anoitecer;Decrescente;Nublado;Simples;Reta;-10,49418305;-39,01453813
22/03/2023;22:45:00;ITAMBACURI;Obstrução na via;Saída de leito carroçável;Com Vítimas Feridas;Plena Noite;Crescente;Céu Claro;Simples;Reta;-18,18098088;-41,70885046
22/03/2023;20:30:00;PORTO VELHO;Reação tardia ou ineficiente do condutor;Tombamento;Com Vítimas Feridas;Plena Noite;Crescente;Céu Claro;Dupla;Interseção de Vias;-8,7738387;-63,87849212
23/03/2023;05:15:00;VITORIA DA CONQUISTA;Neblina;Colisão traseira;Com Vítimas Feridas;Amanhecer;Decrescente;Nevoeiro/Neblina;Simples;"Declive;Reta";-14,851;-40,8485
23/03/2023;06:30:00;GOIANIA;Neblina;Colisão traseira;Com Vítimas Feridas;Amanhecer;Crescente;Nevoeiro/Neblina;Dupla;Declive;-16,6776;-49,2314
23/03/2023;03:25:00;BALNEARIO CAMBORIU;Velocidade Incompatível;Saída de leito carroçável;Sem Vítimas;Plena Noite;Decrescente;Chuva;Simples;"Curva;Declive";-27,03881189;-48,60025148
23/03/2023;06:00:00;BALNEARIO CAMBORIU;Chuva;Saída de leito carroçável;Com Vítimas Feridas;Amanhecer;Decrescente;Chuva;Dupla;Reta;-26,98064277;-48,6790679
23/03/2023;07:00:00;BALNEARIO CAMBORIU;Acumulo de água sobre o pavimento;Colisão com objeto;Com Vítimas Feridas;Amanhecer;Crescente;Céu Claro;Dupla;Reta;-27,03879211;-48,60274315
23/03/2023;05:10:00;SANTO ANTONIO DO AMPARO;Condutor Dormindo;Tombamento;Com Vítimas Feridas;Amanhecer;Decrescente;Céu Claro;Dupla;Curva;-21,032535;-45,002186
23/03/2023;07:15:00;BRASILIA;Manobra de mudança de faixa;Colisão lateral mesmo sentido;Com Vítimas Feridas;Pleno dia;Decrescente;Céu Claro;Dupla;"Reta;Viaduto";-16,003145;-47,983944
23/03/2023;07:50:00;NOVO HAMBURGO;Manobra de mudança de faixa;Colisão traseira;Com Vítimas Feridas;Pleno dia;Decrescente;Céu Claro;Dupla;"Aclive;Reta";-29,70496497;-51,14676523
23/03/2023;08:10:00;BETIM;Ausência de reação do condutor;Tombamento;Com Vítimas Feridas;Pleno dia;Decrescente;Céu Claro;Múltipla;Curva;-19,95594491;-44,10721699
23/03/2023;08:30:00;MATIAS BARBOSA;Manobra de mudança de faixa;Colisão lateral mesmo sentido;Com Vítimas Feridas;Pleno dia;Crescente;Céu Claro;Dupla;"Reta;Declive";-21,85782703;-43,37661004
23/03/2023;10:05:00;PALHOCA;Chuva;Colisão com objeto;Com Vítimas Feridas;Pleno dia;Crescente;Garoa/Chuvisco;Dupla;"Declive;Reta";-27,80376397;-48,63826211
08/01/2023;18:30:00;SANTO ANTONIO DO AMPARO;Demais falhas na via;Tombamento;Com Vítimas Feridas;Anoitecer;Decrescente;Chuva;Dupla;Reta;-20,97575268;-44,93997846
23/03/2023;10:45:00;FRANCISCO ALVES;Ultrapassagem Indevida;Colisão traseira;Sem Vítimas;Pleno dia;Decrescente;Céu Claro;Simples;Reta;-24,06279948;-53,8339041
23/03/2023;11:30:00;SERRA;Manobra de mudança de faixa;Colisão lateral mesmo sentido;Com Vítimas Feridas;Pleno dia;Decrescente;Céu Claro;Múltipla;"Reta;Interseção de Vias";-20,190199;-40,26828891
23/03/2023;12:25:00;ITABAIANA;Velocidade Incompatível;Colisão transversal;Com Vítimas Feridas;Pleno dia;Crescente;Céu Claro;Simples;"Reta;Interseção de Vias";-10,667386;-37,446014
26/01/2023;04:45:00;RECIFE;Reação tardia ou ineficiente do condutor;Tombamento;Com Vítimas Feridas;Amanhecer;Crescente;Céu Claro;Múltipla;Reta;-8,05074296;-34,94580619
23/03/2023;12:30:00;ESMERALDAS;Avarias e/ou desgaste excessivo no pneu;Tombamento;Com Vítimas Feridas;Pleno dia;Crescente;Céu Claro;Dupla;"Reta;Aclive";-19,62850298;-44,20532179
23/03/2023;13:00:00;GUARANTA DO NORTE;Pista esburacada;Queda de ocupante de veículo;Com Vítimas Feridas;Pleno dia;Decrescente;Chuva;Dupla;Reta;-9,95681363;-54,90444727
23/03/2023;15:20:00;MAIRIPORA;Ausência de reação do condutor;Tombamento;Com Vítimas Feridas;Pleno dia;Crescente;Céu Claro;Simples;Curva;-23,25907163;-46,58982662
23/03/2023;17:00:00;BRASILIA;Reação tardia ou ineficiente do condutor;Tombamento;Com Vítimas Feridas;Pleno dia;Crescente;Céu Claro;Dupla;"Reta;Retorno Regulamentado;Interseção de Vias";-15,64654;-47,766422
23/03/2023;17:00:00;BAYEUX;Manobra de mudança de faixa;Colisão lateral mesmo sentido;Com Vítimas Feridas;Plena Noite;Crescente;Céu Claro;Dupla;Reta;-7,14538184;-34,91662887
23/03/2023;18:00:00;UBERABA;Sinalização mal posicionada;Colisão traseira;Com Vítimas Feridas;Anoitecer;Decrescente;Céu Claro;Dupla;"Em Obras;Aclive;Reta";-19,77922987;-47,95790724