data_inversa;horario;municipio;causa_acidente;tipo_acidente;classificacao_acidente;fase_dia;sentido_via;condicao_metereologica;tipo_pista;tracado_via;latitude;longitude
23/03/2023;18:00:00;ORTIGUEIRA;Ultrapassagem Indevida;Colisão lateral sentido oposto;Com Vítimas Feridas;Anoitecer;Decrescente;Céu Claro;Simples;"Declive;Ponte";-24,23074593;-50,92419293
23/03/2023;18:15:00;RONDONOPOLIS;Velocidade Incompatível;Saída de leito carroçável;Com Vítimas Feridas;Plena Noite;Crescente;Nublado;Dupla;Curva;-16,74053802;-54,64595296
23/03/2023;21:00:00;ARAPONGAS;Velocidade Incompatível;Queda de ocupante de veículo;Com Vítimas Feridas;Plena Noite;Decrescente;Céu Claro;Simples;Reta;-23,42886323;-51,42287403
23/03/2023;19:15:00;DIONISIO CERQUEIRA;Manobra de mudança de faixa;Colisão frontal;Com Vítimas Feridas;Plena Noite;Crescente;Céu Claro;Simples;"Aclive;Reta";-26,2613;-53,6206
23/03/2023;21:45:00;GOVERNADOR VALADARES;Afundamento ou ondulação no pavimento;Tombamento;Com Vítimas Feridas;Plena Noite;Decrescente;Céu Claro;Simples;Curva;-18,88401297;-41,94924399
24/03/2023;00:20:00;SAO JOSE;Manobra de mudança de faixa;Colisão traseira;Com Vítimas Feridas;Plena Noite;Decrescente;Nublado;Múltipla;"Declive;Curva";-27,54018513;-48,62287714
24/03/2023;04:00:00;ACU;Ultrapassagem Indevida;Colisão frontal;Com Vítimas Fatais;Plena Noite;Decrescente;Céu Claro;Simples;Reta;-5,5144996;-37,12623596
24/03/2023;07:10:00;MIRACATU;Acesso irregular;Tombamento;Com Vítimas Feridas;Pleno dia;Crescente;Céu Claro;Dupla;Reta;-24,01625202;-47,16797896
24/03/2023;07:40:00;MACAPA;Manobra de mudança de faixa;Colisão transversal;Com Vítimas Feridas;Pleno dia;Decrescente;Céu Claro;Dupla;Reta;0,09055062;-51,10349413
21/02/2023;06:50:00;PAULISTA;Velocidade Incompatível;Colisão com objeto;Sem Vítimas;Pleno dia;Decrescente;Nublado;Dupla;Reta;-7,923063;-34,895515
24/03/2023;07:00:00;SAO JOSE;Manobra de mudança de faixa;Colisão lateral mesmo sentido;Com Vítimas Feridas;Pleno dia;Crescente;Céu Claro;Múltipla;"Reta;Declive";-27,61000542;-48,63895057
24/03/2023;08:29:00;FORTALEZA;Manobra de mudança de faixa;Colisão lateral mesmo sentido;Com Vítimas Feridas;Pleno dia;Decrescente;Céu Claro;Dupla;"Viaduto;Reta";-3,76159894;-38,51900662
24/03/2023;08:30:00;PAULO AFONSO;Acumulo de areia ou detritos sobre o pavimento;Saída de leito carroçável;Com Vítimas Feridas;Pleno dia;Decrescente;Sol;Simples;Curva;-9,437766;-38,204136
24/03/2023;10:00:00;IGARASSU;Acumulo de óleo sobre o pavimento;Queda de ocupante de veículo;Com Vítimas Feridas;Pleno dia;Decrescente;Nublado;Múltipla;Reta;-7,83887431;-34,91196739
28/02/2023;14:50:00;CICERO DANTAS;Curva acentuada;Saída de leito carroçável;Com Vítimas Fatais;Pleno dia;Decrescente;Céu Claro;Simples;"Curva;Declive";-10,55946026;-38,32811529
20/03/2023;06:00:00;CAMPO ALEGRE;Acumulo de água sobre o pavimento;Saída de leito carroçável;Com Vítimas Feridas;Pleno dia;Decrescente;Céu Claro;Dupla;Reta;-9,90443149;-36,21942994
24/03/2023;11:30:00;JARAGUA DO SUL;Ultrapassagem Indevida;Colisão lateral mesmo sentido;Com Vítimas Feridas;Pleno dia;Crescente;Céu Claro;Simples;Reta;-26,47277719;-49,11098612
24/03/2023;11:00:00;CABO DE SANTO AGOSTINHO;Manobra de mudança de faixa;Colisão lateral mesmo sentido;Com Vítimas Feridas;Pleno dia;Crescente;Céu Claro;Múltipla;Curva;-8,24829064;-35,00697936
11/03/2023;07:30:00;CACOAL;Pista esburacada;Tombamento;Com Vítimas Feridas;Pleno dia;Crescente;Céu Claro;Simples;"Declive;Reta";-11,439272;-61,525385
24/03/2023;10:40:00;JOAO PINHEIRO;Ultrapassagem Indevida;Colisão lateral mesmo sentido;Com Vítimas Feridas;Pleno dia;Crescente;Céu Claro;Simples;Reta;-17,7219829;-46,23179198
24/03/2023;12:00:00;SARANDI;Manobra de mudança de faixa;Queda de ocupante de veículo;Com Vítimas Feridas;Pleno dia;Crescente;Céu Claro;Dupla;Reta;-23,45643624;-51,84510713
23/03/2023;09:50:00;SALVADOR;Acessar a via sem observar a presença dos outros veículos;Tombamento;Com Vítimas Feridas;Pleno dia;Não Informado;Céu Claro;Múltipla;"Interseção de Vias;Viaduto";-12,92239928;-38,46071005
24/03/2023;16:00:00;FUNDAO;Ultrapassagem Indevida;Atropelamento de Pedestre;Com Vítimas Feridas;Pleno dia;Crescente;Céu Claro;Simples;Reta;-19,91868701;-40,40570613
24/03/2023;15:50:00;ESTRELA;Avarias e/ou desgaste excessivo no pneu;Tombamento;Com Vítimas Feridas;Pleno dia;Crescente;Céu Claro;Dupla;Reta;-29,483124;-51,954472
16/02/2023;22:30:00;CONTAGEM;Afundamento ou ondulação no pavimento;Tombamento;Com Vítimas Feridas;Plena Noite;Decrescente;Céu Claro;Múltipla;Reta;-19,90149502;-44,04938939
24/03/2023;18:40:00;TABOAO DA SERRA;Manobra de mudança de faixa;Colisão lateral mesmo sentido;Com Vítimas Feridas;Plena Noite;Crescente;Céu Claro;Dupla;Reta;-23,61799728;-46,79677694
24/03/2023;15:00:00;ALFREDO WAGNER;Velocidade Incompatível;Saída de leito carroçável;Com Vítimas Feridas;Pleno dia;Crescente;Garoa/Chuvisco;Simples;Curva;-27,755424;-49,39444
24/03/2023;19:30:00;UBATUBA;Manobra de mudança de faixa;Colisão lateral mesmo sentido;Com Vítimas Feridas;Plena Noite;Decrescente;Céu Claro;Simples;"Reta;Aclive";-23,39244374;-45,00823311
24/03/2023;18:30:00;BETIM;Manobra de mudança de faixa;Colisão lateral mesmo sentido;Com Vítimas Feridas;Plena Noite;Crescente;Céu Claro;Dupla;Reta;-19,9598656;-44,15489715
24/03/2023;18:30:00;CRISTINO CASTRO;Velocidade Incompatível;Tombamento;Com Vítimas Feridas;Anoitecer;Crescente;Céu Claro;Simples;Reta;-8,80912476;-44,21765327
24/03/2023;20:00:00;MORRO REDONDO;Demais falhas mecânicas ou elétricas;Tombamento;Com Vítimas Feridas;Plena Noite;Crescente;Céu Claro;Simples;"Aclive;Reta";-31,52321383;-52,59145883
24/03/2023;20:00:00;SENTINELA DO SUL;Iluminação deficiente;Saída de leito carroçável;Sem Vítimas;Plena Noite;Decrescente;Céu Claro;Simples;Desvio Temporário;-30,64814964;-51,56101323
24/03/2023;23:10:00;LORENA;Condutor deixou de manter distância do veículo da frente;Tombamento;Com Vítimas Feridas;Plena Noite;Crescente;Céu Claro;Simples;Retorno Regulamentado;-22,74157511;-45,09206392
24/03/2023;22:45:00;JOACABA;Manobra de mudança de faixa;Colisão lateral mesmo sentido;Com Vítimas Feridas;Plena Noite;Crescente;Céu Claro;Simples;Curva;-27,179003;-51,531616
25/03/2023;05:55:00;NATAL;Velocidade Incompatível;Colisão com objeto;Com Vítimas Feridas;Pleno dia;Decrescente;Céu Claro;Múltipla;Viaduto;-5,87359183;-35,22063023
25/03/2023;07:35:00;SAO PAULO;Manobra de mudança de faixa;Colisão traseira;Sem Vítimas;Pleno dia;Crescente;Céu Claro;Múltipla;Reta;-23,50343484;-46,56638712
25/03/2023;07:45:00;ITABORAI;Demais falhas mecânicas ou elétricas;Tombamento;Com Vítimas Feridas;Pleno dia;Decrescente;Céu Claro;Dupla;Curva;-22,75409331;-42,82491696
25/03/2023;08:05:00;SEROPEDICA;Ultrapassagem Indevida;Colisão traseira;Com Vítimas Feridas;Pleno dia;Crescente;Céu Claro;Dupla;Reta;-22,8538087;-43,7597423
25/03/2023;09:00:00;TABOAO DA SERRA;Manobra de mudança de faixa;Tombamento;Com Vítimas Feridas;Pleno dia;Decrescente;Céu Claro;Dupla;Reta;-23,61799728;-46,79677694
25/03/2023;09:50:00;PORTO VELHO;Manobra de mudança de faixa;Colisão lateral mesmo sentido;Com Vítimas Feridas;Pleno dia;Crescente;Garoa/Chuvisco;Dupla;Reta;-8,766685;-63,884052
25/03/2023;11:10:00;SAO JOSE;Reação tardia ou ineficiente do condutor;Tombamento;Com Vítimas Feridas;Pleno dia;Crescente;Céu Claro;Dupla;"Curva;Declive";-27,58313237;-48,61532885
25/03/2023;09:40:00;SANTAREM;Ultrapassagem Indevida;Colisão frontal;Com Vítimas Fatais;Pleno dia;Crescente;Céu Claro;Dupla;Reta;-2,62917092;-54,74150509
25/03/2023;11:27:00;BETIM;Reação tardia ou ineficiente do condutor;Tombamento;Com Vítimas Feridas;Pleno dia;Crescente;Céu Claro;Dupla;"Reta;Declive";-19,95582976;-44,11117494
17/03/2023;19:30:00;TERESINA;Chuva;Colisão com objeto;Sem Vítimas;Plena Noite;Crescente;Chuva;Múltipla;Interseção de Vias;-5,05704567;-42,68428802
25/03/2023;12:30:00;NOVA UNIAO;Pista esburacada;Colisão lateral mesmo sentido;Com Vítimas Feridas;Pleno dia;Decrescente;Céu Claro;Dupla;Reta;-19,75815121;-43,63601756
25/03/2023;11:30:00;NOVA SOURE;Reação tardia ou ineficiente do condutor;Tombamento;Com Vítimas Feridas;Pleno dia;Decrescente;Nublado;Simples;Reta;-11,25575578;-38,4622768
25/03/2023;14:30:00;CAMPO FLORIDO;Manobra de mudança de faixa;Saída de leito carroçável;Com Vítimas Feridas;Pleno dia;Decrescente;Céu Claro;Dupla;Reta;-19,77823078;-48,45271181
25/03/2023;14:10:00;NATAL;Manobra de mudança de faixa;Colisão lateral mesmo sentido;Com Vítimas Feridas;Pleno dia;Crescente;Nublado;Múltipla;Curva;-5,86055908;-35,21450222
25/03/2023;15:20:00;TACAIMBO;Manobra de mudança de faixa;Colisão com objeto;Sem Vítimas;Pleno dia;Crescente;Céu Claro;Simples;"Reta;Interseção de Vias";-8,33348442;-36,28057989
25/03/2023;15:20:00;DOURADOS;Pista em desnível;Saída de leito carroçável;Sem Vítimas;Pleno dia;Decrescente;Céu Claro;Simples;Declive;-22,2591541;-54,823354
25/03/2023;18:53:00;CABEDELO;Manobra de mudança de faixa;Colisão transversal;Com Vítimas Feridas;Plena Noite;Decrescente;Céu Claro;Simples;"Reta;Retorno Regulamentado";-7,0355;-34,8429
25/03/2023;18:40:00;CATINGUEIRA;Ausência de reação do condutor;Tombamento;Com Vítimas Fatais;Plena Noite;Decrescente;Nublado;Simples;Reta;-7,13527;-37,61574
25/03/2023;15:30:00;RORAINOPOLIS;Pista Escorregadia;Saída de leito carroçável;Com Vítimas Feridas;Pleno dia;Crescente;Chuva;Simples;Curva;0,985275;-60,404926
25/03/2023;18:50:00;COCALZINHO DE GOIAS;Velocidade Incompatível;Saída de leito carroçável;Com Vítimas Feridas;Plena Noite;Crescente;Céu Claro;Dupla;Reta;-15,81681989;-48,78018572
25/03/2023;19:10:00;LAGES;Acumulo de água sobre o pavimento;Colisão frontal;Com Vítimas Feridas;Plena Noite;Decrescente;Chuva;Simples;Curva;-27,8542052;-50,38327932
25/03/2023;16:40:00;VITORIA DA CONQUISTA;Ausência de reação do condutor;Tombamento;Com Vítimas Feridas;Pleno dia;Decrescente;Céu Claro;Simples;Reta;-14,77751018;-40,73036091
25/03/2023;21:30:00;SAO JOSE DE MIPIBU;Manobra de mudança de faixa;Colisão lateral mesmo sentido;Sem Vítimas;Plena Noite;Decrescente;Céu Claro;Dupla;"Reta;Desvio Temporário;Em Obras";-6,04338592;-35,24621873
25/03/2023;15:30:00;PARNAMIRIM;Ultrapassagem Indevida;Colisão com objeto;Com Vítimas Feridas;Pleno dia;Crescente;Céu Claro;Múltipla;Viaduto;-5,892745;-35,257225
25/03/2023;22:30:00;GUAPIRAMA;Manobra de mudança de faixa;Colisão transversal;Com Vítimas Feridas;Plena Noite;Crescente;Céu Claro;Simples;Reta;-23,50738555;-50,11155541
25/03/2023;19:30:00;LAVRAS DA MANGABEIRA;Pista esburacada;Colisão frontal;Com Vítimas Fatais;Plena Noite;Crescente;Céu Claro;Simples;Reta;-6,75543206;-38,98017495
25/03/2023;17:05:00;ALFREDO VASCONCELOS;Velocidade Incompatível;Colisão frontal;Com Vítimas Fatais;Pleno dia;Decrescente;Céu Claro;Simples;Reta;-21,1016579;-43,76384793
25/03/2023;22:40:00;UBERABA;Velocidade Incompatível;Saída de leito carroçável;Com Vítimas Feridas;Plena Noite;Crescente;Céu Claro;Dupla;Reta;-19,77914852;-47,95047701
25/03/2023;21:30:00;ALTOS;Manobra de mudança de faixa;Colisão frontal;Com Vítimas Feridas;Plena Noite;Decrescente;Nublado;Simples;Reta;-5,038756;-42,450893
26/03/2023;01:00:00;LEOPOLDINA;Mal súbito do condutor;Tombamento;Com Vítimas Feridas;Plena Noite;Crescente;Céu Claro;Simples;Declive;-21,51427716;-42,61283265
25/03/2023;16:00:00;REGISTRO;Acumulo de óleo sobre o pavimento;Tombamento;Com Vítimas Feridas;Pleno dia;Decrescente;Céu Claro;Simples;Curva;-24,53728295;-47,85899314
26/03/2023;02:35:00;MAUA DA SERRA;Velocidade Incompatível;Saída de leito carroçável;Com Vítimas Fatais;Plena Noite;Decrescente;Céu Claro;Dupla;Curva;-23,91850384;-51,17851182
26/03/2023;02:00:00;NOVA ROSALANDIA;Chuva;Saída de leito carroçável;Sem Vítimas;Plena Noite;Crescente;Chuva;Simples;Reta;-10,61059498;-48,91195179
25/03/2023;23:20:00;TERRA DE AREIA;Chuva;Queda de ocupante de veículo;Com Vítimas Feridas;Plena Noite;Decrescente;Chuva;Simples;Reta;-29,57664003;-50,06327396
26/03/2023;09:00:00;PARAOPEBA;Velocidade Incompatível;Saída de leito carroçável;Com Vítimas Feridas;Pleno dia;Decrescente;Céu Claro;Dupla;Curva;-19,28815;-44,392
22/03/2023;14:10:00;BETIM;Velocidade Incompatível;Tombamento;Com Vítimas Feridas;Pleno dia;Crescente;Céu Claro;Múltipla;Curva;-19,95878752;-44,06476736
26/03/2023;09:06:00;BRASILIA;Manobra de mudança de faixa;Colisão traseira;Com Vítimas Fatais;Pleno dia;Decrescente;Céu Claro;Dupla;Aclive;-16,020638;-48,250832
26/03/2023;09:00:00;SANTA TEREZA DO OESTE;Velocidade Incompatível;Saída de leito carroçável;Com Vítimas Feridas;Pleno dia;Decrescente;Céu Claro;Simples;Declive;-25,02817;-53,55983
26/03/2023;12:10:00;RIO DE JANEIRO;Manobra de mudança de faixa;Colisão traseira;Sem Vítimas;Pleno dia;Decrescente;Sol;Dupla;Reta;-22,89346927;-43,67542992
26/03/2023;13:10:00;JUSSARA;Ingestão de álcool pelo condutor;Tombamento;Com Vítimas Feridas;Pleno dia;Decrescente;Céu Claro;Dupla;"Interseção de Vias;Reta";-15,88465177;-51,06404543
26/03/2023;13:05:00;FATIMA DO SUL;Reação tardia ou ineficiente do condutor;Tombamento;Com Vítimas Feridas;Pleno dia;Crescente;Céu Claro;Simples;Reta;-22,31650221;-54,58420923
26/03/2023;13:55:00;VARGEAO;Velocidade Incompatível;Saída de leito carroçável;Sem Vítimas;Pleno dia;Crescente;Céu Claro;Simples;Curva;-26,880404;-52,161064
26/03/2023;14:40:00;ITAPEMA;Manobra de mudança de faixa;Colisão lateral mesmo sentido;Com Vítimas Feridas;Pleno dia;Crescente;Céu Claro;Múltipla;Reta;-27,10123686;-48,61807962
26/03/2023;14:00:00;BOA VISTA;Velocidade Incompatível;Colisão traseira;Com Vítimas Feridas;Pleno dia;Decrescente;Céu Claro;Simples;Curva;2,930171;-60,714725
26/03/2023;14:50:00;SAO PEDRO DO SUL;Demais falhas na via;Saída de leito carroçável;Com Vítimas Feridas;Pleno dia;Decrescente;Céu Claro;Simples;Reta;-29,66299609;-54,12139893
25/03/2023;06:00:00;ROQUE GONZALES;Velocidade Incompatível;Saída de leito carroçável;Com Vítimas Fatais;Amanhecer;Decrescente;Céu Claro;Simples;Reta;-28,1263076;-54,92002007
26/03/2023;15:30:00;ICARA;Manobra de mudança de faixa;Colisão traseira;Com Vítimas Feridas;Pleno dia;Crescente;Céu Claro;Dupla;Reta;-28,71534412;-49,22723198
26/03/2023;15:16:00;SAO JOSE DOS PINHAIS;Velocidade Incompatível;Saída de leito carroçável;Com Vítimas Feridas;Pleno dia;Decrescente;Chuva;Dupla;"Declive;Reta";-25,53058;-49,143573
26/03/2023;17:15:00;SAO JOSE;Acumulo de areia ou detritos sobre o pavimento;Tombamento;Com Vítimas Feridas;Pleno dia;Crescente;Nublado;Múltipla;Curva;-27,58313237;-48,61532885
26/03/2023;16:30:00;ALTAMIRA;Reação tardia ou ineficiente do condutor;Tombamento;Com Vítimas Feridas;Pleno dia;Crescente;Céu Claro;Simples;Reta;-3,203721;-52,206787
26/03/2023;18:10:00;CAMPO LARGO;Pista Escorregadia;Colisão com objeto;Com Vítimas Feridas;Anoitecer;Crescente;Garoa/Chuvisco;Dupla;Reta;-25,471207;-49,661568
26/03/2023;17:15:00;JOINVILLE;Manobra de mudança de faixa;Saída de leito carroçável;Com Vítimas Feridas;Pleno dia;Crescente;Céu Claro;Dupla;Curva;-26,226987;-48,91657
26/03/2023;03:55:00;NAVEGANTES;Velocidade Incompatível;Colisão traseira;Com Vítimas Feridas;Plena Noite;Decrescente;Céu Claro;Dupla;Reta;-26,858473;-48,690788
26/03/2023;20:20:00;VITORIA DA CONQUISTA;Manobra de mudança de faixa;Colisão lateral mesmo sentido;Com Vítimas Feridas;Plena Noite;Crescente;Nublado;Simples;Reta;-14,76880012;-40,71367294
26/03/2023;19:30:00;GENERAL CARNEIRO;Reação tardia ou ineficiente do condutor;Tombamento;Com Vítimas Feridas;Plena Noite;Crescente;Ignorado;Simples;"Reta;Aclive";-15,64670487;-52,80720871
26/03/2023;19:30:00;AGUA CLARA;Acumulo de areia ou detritos sobre o pavimento;Tombamento;Com Vítimas Feridas;Plena Noite;Crescente;Céu Claro;Simples;Reta;-20,48177826;-52,80499506
26/03/2023;19:50:00;APIUNA;Ultrapassagem Indevida;Colisão frontal;Com Vítimas Feridas;Plena Noite;Decrescente;Céu Claro;Dupla;Reta;-27,003345;-49,374668
26/03/2023;20:00:00;BOCAIUVA DO SUL;Avarias e/ou desgaste excessivo no pneu;Tombamento;Com Vítimas Fatais;Plena Noite;Decrescente;Garoa/Chuvisco;Simples;"Declive;Curva";-25,2588311;-49,1424026
27/03/2023;00:30:00;PARANAGUA;Velocidade Incompatível;Saída de leito carroçável;Com Vítimas Feridas;Plena Noite;Crescente;Chuva;Simples;Curva;-25,5205;-48,5095
27/03/2023;01:55:00;GRAVATAI;Velocidade Incompatível;Saída de leito carroçável;Com Vítimas Feridas;Plena Noite;Crescente;Céu Claro;Dupla;Reta;-29,944933;-50,946438
27/03/2023;03:00:00;APARECIDA DE GOIANIA;Manobra de mudança de faixa;Saída de leito carroçável;Com Vítimas Fatais;Plena Noite;Crescente;Céu Claro;Dupla;"Reta;Declive";-16,867;-49,2505
27/03/2023;00:10:00;DUQUE DE CAXIAS;Manobra de mudança de faixa;Tombamento;Com Vítimas Feridas;Plena Noite;Crescente;Céu Claro;Múltipla;Reta;-22,79907687;-43,29015739
27/03/2023;04:00:00;IRAJUBA;Pista Escorregadia;Colisão transversal;Com Vítimas Feridas;Plena Noite;Decrescente;Chuva;Simples;"Curva;Declive";-13,31496116;-40,01752853
27/03/2023;05:20:00;RECIFE;Manobra de mudança de faixa;Colisão lateral mesmo sentido;Com Vítimas Feridas;Pleno dia;Crescente;Chuva;Dupla;Reta;-7,98344307;-34,93176727
27/03/2023;06:00:00;RIBEIRAO DAS NEVES;Ultrapassagem Indevida;Atropelamento de Pedestre;Com Vítimas Feridas;Pleno dia;Crescente;Céu Claro;Dupla;Reta;-19,76061249;-44,1347544
27/03/2023;06:20:00;CACAPAVA;Velocidade Incompatível;Colisão com objeto;Sem Vítimas;Pleno dia;Crescente;Sol;Dupla;"Rotatória;Curva;Aclive;Interseção de Vias";-23,10991026;-45,70246044
27/03/2023;07:20:00;RECIFE;Manobra de mudança de faixa;Colisão lateral mesmo sentido;Com Vítimas Feridas;Pleno dia;Crescente;Nublado;Múltipla;Reta;-8,063446;-34,944636
27/03/2023;07:30:00;GUARULHOS;Manobra de mudança de faixa;Colisão lateral mesmo sentido;Com Vítimas Feridas;Pleno dia;Crescente;Nublado;Múltipla;Reta;-23,4324306;-46,4194352
27/03/2023;08:07:00;BRASILIA;Velocidade Incompatível;Colisão traseira;Com Vítimas Feridas;Pleno dia;Decrescente;Céu Claro;Dupla;Reta;-15,976897;-47,990129
27/03/2023;07:45:00;CURITIBA;Reação tardia ou ineficiente do condutor;Tombamento;Com Vítimas Feridas;Pleno dia;Decrescente;Nublado;Dupla;Reta;-25,447633;-49,230425
27/03/2023;08:20:00;MAIRIPORA;Ausência de reação do condutor;Tombamento;Com Vítimas Feridas;Pleno dia;Decrescente;Nublado;Dupla;"Curva;Declive";-23,34553108;-46,56787903
27/03/2023;09:30:00;UBATUBA;Acumulo de areia ou detritos sobre o pavimento;Tombamento;Com Vítimas Feridas;Pleno dia;Decrescente;Nublado;Simples;Curva;-23,41370139;-45,02666492
27/03/2023;08:30:00;ANGRA DOS REIS;Manobra de mudança de faixa;Colisão traseira;Com Vítimas Feridas;Pleno dia;Crescente;Nublado;Simples;Reta;-22,94874989;-44,3279949
27/03/2023;10:38:00;BRASILIA;Manobra de mudança de faixa;Saída de leito carroçável;Com Vítimas Feridas;Pleno dia;Crescente;Céu Claro;Dupla;Reta;-15,662208;-47,799866
27/03/2023;07:09:00;ITABORAI;Demais falhas na via;Colisão transversal;Com Vítimas Feridas;Pleno dia;Crescente;Nublado;Dupla;"Reta;Desvio Temporário";-22,7714;-42,92896
27/03/2023;09:09:00;MONTE ALEGRE DE MINAS;Demais falhas na via;Colisão com objeto;Sem Vítimas;Pleno dia;Crescente;Céu Claro;Dupla;Curva;-18,83093899;-49,08873404
27/03/2023;14:50:00;PARATY;Reação tardia ou ineficiente do condutor;Tombamento;Com Vítimas Feridas;Pleno dia;Decrescente;Chuva;Simples;Curva;-23,054666;-44,59037997
27/03/2023;16:30:00;RIBEIRAO DAS NEVES;Manobra de mudança de faixa;Colisão lateral mesmo sentido;Com Vítimas Feridas;Pleno dia;Decrescente;Céu Claro;Dupla;Reta;-19,7970544;-44,1080512
27/03/2023;13:30:00;MANGARATIBA;Pista Escorregadia;Colisão transversal;Com Vítimas Feridas;Pleno dia;Crescente;Chuva;Simples;Curva;-22,91808988;-43,91359106
27/03/2023;16:37:00;MONTE ALEGRE DE MINAS;Velocidade Incompatível;Saída de leito carroçável;Com Vítimas Feridas;Pleno dia;Crescente;Céu Claro;Dupla;Reta;-18,87383013;-48,75091309
25/03/2023;14:00:00;SAO PEDRO DO SUL;Chuva;Saída de leito carroçável;Com Vítimas Fatais;Pleno dia;Crescente;Chuva;Simples;Reta;-29,64390506;-54,35385499
07/02/2023;14:50:00;CURITIBA;Avarias e/ou desgaste excessivo no pneu;Tombamento;Com Vítimas Feridas;Pleno dia;Crescente;Céu Claro;Dupla;Reta;-25,52629711;-49,32958412
27/03/2023;16:50:00;CARIACICA;Ausência de sinalização;Tombamento;Com Vítimas Feridas;Pleno dia;Decrescente;Céu Claro;Dupla;"Desvio Temporário;Reta;Em Obras";-20,31526144;-40,39567044
27/03/2023;15:00:00;MANGARATIBA;Pista Escorregadia;Saída de leito carroçável;Com Vítimas Feridas;Pleno dia;Decrescente;Chuva;Simples;Curva;-22,973969;-44,087093
27/03/2023;17:30:00;CANOAS;Manobra de mudança de faixa;Colisão lateral mesmo sentido;Com Vítimas Feridas;Anoitecer;Crescente;Céu Claro;Dupla;Curva;-29,96574;-51,202034
27/03/2023;18:10:00;LAJEADO;Reação tardia ou ineficiente do condutor;Tombamento;Com Vítimas Feridas;Anoitecer;Decrescente;Ignorado;Dupla;Interseção de Vias;-29,443069;-51,984135
27/03/2023;17:40:00;GRAVATA;Ultrapassagem Indevida;Colisão frontal;Com Vítimas Feridas;Anoitecer;Decrescente;Céu Claro;Simples;Reta;-8,19460572;-35,56074803
27/03/2023;18:27:00;SAO JOSE DOS CAMPOS;Manobra de mudança de faixa;Colisão lateral mesmo sentido;Com Vítimas Feridas;Anoitecer;Decrescente;Céu Claro;Dupla;Reta;-23,20067421;-45,8795018
27/03/2023;17:20:00;PRIMAVERA DO LESTE;Ultrapassagem Indevida;Colisão lateral mesmo sentido;Sem Vítimas;Anoitecer;Crescente;Céu Claro;Simples;Reta;-15,56702889;-54,30512706
27/03/2023;18:45:00;ANAPOLIS;Manobra de mudança de faixa;Colisão transversal;Com Vítimas Feridas;Anoitecer;Crescente;Céu Claro;Dupla;Reta;-16,353;-48,9178
27/03/2023;19:20:00;BRASILIA;Manobra de mudança de faixa;Colisão lateral mesmo sentido;Com Vítimas Feridas;Plena Noite;Crescente;Céu Claro;Dupla;"Reta;Declive";-16,003145;-47,983944
09/02/2023;06:45:00;CARATINGA;Animais na Pista;Tombamento;Com Vítimas Feridas;Pleno dia;Decrescente;Céu Claro;Simples;Reta;-19,78510701;-42,13445297
27/03/2023;18:28:00;SANHARO;Manobra de mudança de faixa;Colisão frontal;Com Vítimas Fatais;Plena Noite;Decrescente;Céu Claro;Simples;Reta;-8,36547121;-36,5628009
27/03/2023;19:10:00;UBERABA;Ausência de reação do condutor;Tombamento;Com Vítimas Feridas;Plena Noite;Decrescente;Nublado;Dupla;Reta;-19,7626417;-48,13569294
27/03/2023;19:20:00;IBIRAMA;Acostamento em desnível;Tombamento;Com Vítimas Feridas;Plena Noite;Crescente;Céu Claro;Simples;Reta;-27,07785091;-49,49266791
27/03/2023;20:30:00;PETROPOLIS;Chuva;Queda de ocupante de veículo;Com Vítimas Feridas;Plena Noite;Crescente;Garoa/Chuvisco;Dupla;Reta;-22,35382783;-43,12184226
27/03/2023;21:30:00;INDAIAL;Ultrapassagem Indevida;Colisão frontal;Com Vítimas Feridas;Plena Noite;Crescente;Nublado;Simples;"Reta;Declive";-26,895243;-49,262104
28/03/2023;06:35:00;BETIM;Ausência de reação do condutor;Tombamento;Com Vítimas Feridas;Amanhecer;Crescente;Nublado;Dupla;Reta;-19,96395;-44,170381
28/03/2023;05:30:00;ERVAL VELHO;Pista Escorregadia;Queda de ocupante de veículo;Com Vítimas Feridas;Amanhecer;Crescente;Céu Claro;Simples;Curva;-27,216974;-51,470055
28/03/2023;07:00:00;PETROPOLIS;Manobra de mudança de faixa;Colisão lateral mesmo sentido;Com Vítimas Feridas;Pleno dia;Crescente;Céu Claro;Dupla;Curva;-22,36179383;-43,12627244
28/03/2023;06:20:00;TRES RIOS;Velocidade Incompatível;Colisão com objeto;Com Vítimas Feridas;Amanhecer;Decrescente;Céu Claro;Simples;Reta;-22,18633705;-43,16660309
28/03/2023;06:30:00;HERVAL DOESTE;Acumulo de óleo sobre o pavimento;Tombamento;Com Vítimas Feridas;Pleno dia;Crescente;Céu Claro;Simples;"Declive;Reta";-27,220205;-51,461185
06/02/2023;14:03:00;CASTANHAL;Manobra de mudança de faixa;Colisão traseira;Com Vítimas Feridas;Pleno dia;Decrescente;Chuva;Dupla;"Retorno Regulamentado;Reta";-1,30088766;-47,98196704
28/03/2023;09:00:00;JUIZ DE FORA;Pista Escorregadia;Saída de leito carroçável;Com Vítimas Feridas;Pleno dia;Crescente;Garoa/Chuvisco;Simples;Curva;-21,58922593;-43,4583538
24/03/2023;19:00:00;PARANATAMA;Ausência de sinalização;Queda de ocupante de veículo;Com Vítimas Feridas;Plena Noite;Crescente;Céu Claro;Simples;Reta;-8,9156581;-36,70400598