data_inversa;horario;municipio;causa_acidente;tipo_acidente;classificacao_acidente;fase_dia;sentido_via;condicao_metereologica;tipo_pista;tracado_via;latitude;longitude
28/03/2023;12:00:00;BRASILIA;Condutor deixou de manter distância do veículo da frente;Queda de ocupante de veículo;Com Vítimas Feridas;Pleno dia;Crescente;Céu Claro;Dupla;"Retorno Regulamentado;Reta";-15,802453;-48,080387
28/03/2023;12:40:00;CAMPINA GRANDE;Manobra de mudança de faixa;Colisão transversal;Com Vítimas Feridas;Pleno dia;Crescente;Céu Claro;Dupla;Rotatória;-7,23633237;-35,86753607
28/03/2023;14:15:00;IGARASSU;Manobra de mudança de faixa;Colisão transversal;Com Vítimas Feridas;Pleno dia;Decrescente;Céu Claro;Múltipla;"Aclive;Reta";-7,85637001;-34,90842109
28/03/2023;15:25:00;CANOAS;Manobra de mudança de faixa;Colisão lateral mesmo sentido;Com Vítimas Feridas;Pleno dia;Crescente;Sol;Dupla;Reta;-29,887983;-51,17901
28/03/2023;12:52:00;JABOATAO DOS GUARARAPES;Ultrapassagem Indevida;Colisão lateral mesmo sentido;Com Vítimas Feridas;Pleno dia;Crescente;Céu Claro;Simples;Reta;-8,19626262;-34,95763779
29/03/2023;06:40:00;GUARULHOS;Manobra de mudança de faixa;Colisão lateral mesmo sentido;Sem Vítimas;Pleno dia;Crescente;Céu Claro;Múltipla;Reta;-23,47559815;-46,5246609
28/03/2023;16:30:00;ITAPEVA;Chuva;Colisão com objeto;Sem Vítimas;Pleno dia;Crescente;Chuva;Dupla;Curva;-22,7700086;-46,19321823
28/03/2023;17:50:00;NOVA SERRANA;Reação tardia ou ineficiente do condutor;Tombamento;Com Vítimas Feridas;Anoitecer;Crescente;Céu Claro;Simples;"Aclive;Reta";-19,87174184;-44,96984197
28/03/2023;17:15:00;ITAJAI;Avarias e/ou desgaste excessivo no pneu;Tombamento;Com Vítimas Feridas;Pleno dia;Crescente;Céu Claro;Dupla;Curva;-26,9639319;-48,68328024
28/03/2023;18:26:00;ARAGUAINA;Manobra de mudança de faixa;Colisão lateral mesmo sentido;Com Vítimas Feridas;Plena Noite;Decrescente;Chuva;Simples;Reta;-7,20503614;-48,24035166
28/03/2023;17:10:00;SANTA CRUZ DO SUL;Frear bruscamente;Tombamento;Com Vítimas Feridas;Pleno dia;Não Informado;Céu Claro;Simples;"Declive;Reta";-29,78958056;-52,39764512
28/03/2023;18:00:00;SINOP;Acumulo de areia ou detritos sobre o pavimento;Queda de ocupante de veículo;Com Vítimas Feridas;Anoitecer;Crescente;Céu Claro;Simples;Reta;-11,995863;-55,51709
28/03/2023;19:52:00;VALPARAISO DE GOIAS;Manobra de mudança de faixa;Colisão lateral mesmo sentido;Sem Vítimas;Plena Noite;Crescente;Céu Claro;Dupla;Reta;-16,067129;-47,984235
28/03/2023;21:40:00;JACAREI;Curva acentuada;Colisão frontal;Com Vítimas Feridas;Plena Noite;Crescente;Céu Claro;Dupla;Retorno Regulamentado;-23,27617003;-45,97592098
28/03/2023;22:00:00;PETROLINA;Acumulo de óleo sobre o pavimento;Queda de ocupante de veículo;Com Vítimas Feridas;Plena Noite;Crescente;Céu Claro;Dupla;Rotatória;-9,35604301;-40,47854198
29/03/2023;05:30:00;SANTOS DUMONT;Falta de elemento de contenção que evite a saída do leito carroçável;Saída de leito carroçável;Com Vítimas Feridas;Plena Noite;Crescente;Céu Claro;Simples;Curva;-21,38296999;-43,57033542
29/03/2023;06:50:00;SAO JOSE DOS CAMPOS;Manobra de mudança de faixa;Colisão lateral mesmo sentido;Com Vítimas Feridas;Pleno dia;Decrescente;Céu Claro;Dupla;Reta;-23,17004717;-45,82091491
29/03/2023;07:50:00;MOSSORO;Avarias e/ou desgaste excessivo no pneu;Tombamento;Com Vítimas Feridas;Pleno dia;Crescente;Céu Claro;Simples;Reta;-5,12587296;-37,34293919
29/03/2023;06:55:00;BETIM;Manobra de mudança de faixa;Colisão lateral mesmo sentido;Com Vítimas Feridas;Pleno dia;Decrescente;Nublado;Dupla;"Aclive;Reta";-19,95594491;-44,10721699
28/03/2023;22:00:00;IMBITUBA;Manobra de mudança de faixa;Colisão lateral mesmo sentido;Sem Vítimas;Plena Noite;Crescente;Céu Claro;Simples;Reta;-28,19626005;-48,69739859
29/03/2023;06:17:00;ARATACA;Velocidade Incompatível;Colisão frontal;Com Vítimas Fatais;Pleno dia;Decrescente;Chuva;Simples;Curva;-15,1892468;-39,43917822
29/03/2023;11:00:00;RIO LARGO;Chuva;Queda de ocupante de veículo;Com Vítimas Feridas;Pleno dia;Decrescente;Chuva;Dupla;Reta;-9,40436484;-35,83998111
29/03/2023;11:06:00;CEDRO DE SAO JOAO;Acumulo de água sobre o pavimento;Saída de leito carroçável;Com Vítimas Feridas;Pleno dia;Crescente;Chuva;Dupla;Reta;-10,27168159;-36,8698989
29/03/2023;11:20:00;TERESINA;Manobra de mudança de faixa;Colisão com objeto;Com Vítimas Feridas;Pleno dia;Crescente;Céu Claro;Dupla;"Reta;Declive;Em Obras";-5,089569;-42,802288
29/03/2023;12:15:00;CAUCAIA;Velocidade Incompatível;Colisão traseira;Com Vítimas Feridas;Pleno dia;Crescente;Céu Claro;Simples;Reta;-3,84905477;-38,77921916
29/03/2023;13:00:00;CARIACICA;Reação tardia ou ineficiente do condutor;Tombamento;Com Vítimas Feridas;Pleno dia;Crescente;Céu Claro;Simples;Curva;-20,22996594;-40,36752462
29/03/2023;13:20:00;NAVEGANTES;Avarias e/ou desgaste excessivo no pneu;Tombamento;Com Vítimas Feridas;Pleno dia;Crescente;Céu Claro;Múltipla;Reta;-26,88232;-48,66183
29/03/2023;09:00:00;OURO PRETO DO OESTE;Avarias e/ou desgaste excessivo no pneu;Tombamento;Com Vítimas Feridas;Pleno dia;Crescente;Céu Claro;Simples;"Declive;Reta";-10,73866106;-62,20081394
29/03/2023;15:10:00;IGARASSU;Pista Escorregadia;Tombamento;Com Vítimas Feridas;Pleno dia;Crescente;Chuva;Múltipla;Reta;-7,83038346;-34,91426785
29/03/2023;16:45:00;ARUJA;Manobra de mudança de faixa;Colisão lateral mesmo sentido;Com Vítimas Feridas;Pleno dia;Crescente;Chuva;Múltipla;Reta;-23,40362877;-46,33050107
29/03/2023;16:30:00;SAO JOSE DO RIO PRETO;Manobra de mudança de faixa;Colisão lateral mesmo sentido;Com Vítimas Feridas;Pleno dia;Crescente;Céu Claro;Dupla;Reta;-20,80502876;-49,35574909
29/03/2023;17:30:00;ITAPEVA;Velocidade Incompatível;Saída de leito carroçável;Com Vítimas Feridas;Pleno dia;Decrescente;Chuva;Dupla;Curva;-22,777207;-46,23911301
29/03/2023;17:45:00;GUARULHOS;Ultrapassagem Indevida;Colisão traseira;Com Vítimas Feridas;Pleno dia;Crescente;Céu Claro;Múltipla;Reta;-23,46472809;-46,49793962
29/03/2023;17:30:00;FOZ DO IGUACU;Obstrução na via;Colisão traseira;Com Vítimas Feridas;Pleno dia;Decrescente;Céu Claro;Dupla;Declive;-25,48013487;-54,48530406
29/03/2023;18:30:00;NATAL;Manobra de mudança de faixa;Colisão traseira;Com Vítimas Feridas;Plena Noite;Crescente;Céu Claro;Dupla;"Declive;Reta";-5,86567888;-35,21651625
29/03/2023;16:25:00;ALEXANIA;Ultrapassagem Indevida;Colisão transversal;Sem Vítimas;Pleno dia;Decrescente;Céu Claro;Dupla;Curva;-16,094168;-48,517212
29/03/2023;16:00:00;UBAPORANGA;Ausência de reação do condutor;Tombamento;Com Vítimas Feridas;Pleno dia;Crescente;Céu Claro;Simples;Reta;-19,65371791;-42,11137522
29/03/2023;19:00:00;AGUAS LINDAS DE GOIAS;Ausência de sinalização;Colisão traseira;Com Vítimas Feridas;Plena Noite;Crescente;Céu Claro;Dupla;"Aclive;Curva";-15,735239;-48,279578
29/01/2023;10:41:00;MAXARANGUAPE;Avarias e/ou desgaste excessivo no pneu;Tombamento;Com Vítimas Feridas;Pleno dia;Decrescente;Sol;Simples;Aclive;-5,48513925;-35,32443409
29/03/2023;14:10:00;RIO VERDE;Faixas de trânsito com largura insuficiente;Colisão lateral mesmo sentido;Sem Vítimas;Pleno dia;Decrescente;Céu Claro;Dupla;"Interseção de Vias;Viaduto";-17,786345;-50,901516
29/03/2023;19:00:00;RANCHO QUEIMADO;Acumulo de água sobre o pavimento;Capotamento;Com Vítimas Feridas;Plena Noite;Crescente;Chuva;Simples;Curva;-27,662027;-49,178356
29/03/2023;19:30:00;VITORIA DA CONQUISTA;Demais falhas mecânicas ou elétricas;Tombamento;Com Vítimas Feridas;Plena Noite;Decrescente;Céu Claro;Simples;Reta;-14,99162275;-40,92918623
29/03/2023;18:00:00;PORTO VITORIA;Pista Escorregadia;Tombamento;Com Vítimas Feridas;Anoitecer;Crescente;Chuva;Simples;"Aclive;Curva";-26,28495015;-51,19427204
29/03/2023;17:50:00;CAPITAO LEONIDAS MARQUES;Velocidade Incompatível;Saída de leito carroçável;Com Vítimas Feridas;Plena Noite;Decrescente;Chuva;Dupla;Reta;-25,546616;-53,59186798
29/03/2023;19:30:00;TEOFILO OTONI;Obras na pista;Tombamento;Com Vítimas Feridas;Plena Noite;Decrescente;Céu Claro;Simples;Reta;-17,85105696;-41,51454492
29/03/2023;18:30:00;TEOFILO OTONI;Obras na pista;Tombamento;Com Vítimas Feridas;Plena Noite;Decrescente;Céu Claro;Simples;"Em Obras;Reta";-17,85320842;-41,51417971
29/03/2023;16:55:00;JAGUARI;Falta de acostamento;Saída de leito carroçável;Com Vítimas Feridas;Pleno dia;Decrescente;Céu Claro;Simples;Curva;-29,48062578;-54,68770981
29/03/2023;18:50:00;SAO FRANCISCO DO GLORIA;Demais Fenômenos da natureza;Colisão traseira;Com Vítimas Feridas;Plena Noite;Crescente;Nublado;Simples;"Reta;Declive";-20,74986018;-42,29241383
29/03/2023;21:00:00;TABOAO DA SERRA;Acumulo de óleo sobre o pavimento;Colisão transversal;Com Vítimas Feridas;Plena Noite;Crescente;Céu Claro;Dupla;Reta;-23,61809286;-46,80556302
29/03/2023;21:00:00;CACAPAVA DO SUL;Acumulo de água sobre o pavimento;Colisão com objeto;Com Vítimas Feridas;Plena Noite;Crescente;Chuva;Simples;Curva;-30,43565;-53,49964142
29/03/2023;20:00:00;IBIRAPUA;Ultrapassagem Indevida;Colisão frontal;Com Vítimas Fatais;Plena Noite;Crescente;Nublado;Simples;"Reta;Aclive";-17,754689;-39,767917
30/03/2023;04:30:00;ATIBAIA;Velocidade Incompatível;Queda de ocupante de veículo;Com Vítimas Feridas;Plena Noite;Crescente;Vento;Dupla;"Declive;Curva";-23,2300622;-46,59963076
30/03/2023;04:20:00;PARA DE MINAS;Velocidade Incompatível;Capotamento;Com Vítimas Feridas;Plena Noite;Crescente;Céu Claro;Simples;Curva;-19,89963382;-44,69608755
30/03/2023;07:10:00;FOZ DO IGUACU;Acumulo de água sobre o pavimento;Saída de leito carroçável;Com Vítimas Feridas;Pleno dia;Crescente;Chuva;Dupla;Rotatória;-25,5106015;-54,55481999
30/03/2023;08:05:00;BRASILIA;Manobra de mudança de faixa;Colisão lateral mesmo sentido;Sem Vítimas;Pleno dia;Decrescente;Céu Claro;Dupla;Aclive;-15,675484;-47,823761
30/03/2023;07:50:00;CURITIBA;Velocidade Incompatível;Saída de leito carroçável;Sem Vítimas;Pleno dia;Decrescente;Céu Claro;Dupla;Reta;-25,57012941;-49,21736805
30/03/2023;05:40:00;ALTAMIRA;Deficiência do Sistema de Iluminação/Sinalização;Colisão traseira;Com Vítimas Feridas;Amanhecer;Decrescente;Chuva;Simples;Reta;-3,27946318;-52,42726395
24/01/2023;18:30:00;ALFREDO WAGNER;Velocidade Incompatível;Saída de leito carroçável;Com Vítimas Feridas;Pleno dia;Decrescente;Céu Claro;Simples;Curva;-27,755424;-49,39444
30/03/2023;06:00:00;TAQUARITINGA DO NORTE;Velocidade Incompatível;Colisão com objeto;Com Vítimas Feridas;Amanhecer;Crescente;Chuva;Simples;Reta;-7,801299;-36,099957
30/03/2023;10:50:00;DUQUE DE CAXIAS;Manobra de mudança de faixa;Tombamento;Com Vítimas Feridas;Pleno dia;Decrescente;Céu Claro;Múltipla;Reta;-22,64697319;-43,19165101
30/03/2023;09:00:00;CAAPORA;Chuva;Colisão com objeto;Sem Vítimas;Pleno dia;Crescente;Nublado;Dupla;Curva;-7,45909075;-34,98049935
30/03/2023;13:20:00;JOAO PINHEIRO;Ausência de reação do condutor;Tombamento;Com Vítimas Feridas;Pleno dia;Crescente;Céu Claro;Simples;Reta;-17,72013207;-46,24103601
30/03/2023;14:30:00;SALVADOR;Pista esburacada;Tombamento;Com Vítimas Feridas;Pleno dia;Crescente;Céu Claro;Simples;Reta;-12,8860325;-38,43806469
30/03/2023;14:40:00;SAO JOSE;Manobra de mudança de faixa;Colisão traseira;Sem Vítimas;Pleno dia;Crescente;Céu Claro;Múltipla;Reta;-27,588425;-48,612919
22/02/2023;10:59:00;BACABEIRA;Acumulo de água sobre o pavimento;Capotamento;Com Vítimas Feridas;Pleno dia;Crescente;Chuva;Dupla;Reta;-2,804075;-44,37428121
13/01/2023;08:15:00;PETROPOLIS;Manobra de mudança de faixa;Colisão com objeto;Com Vítimas Feridas;Pleno dia;Crescente;Céu Claro;Dupla;Reta;-22,33571319;-43,13320403
30/03/2023;17:50:00;LINHARES;Manobra de mudança de faixa;Colisão lateral mesmo sentido;Com Vítimas Feridas;Amanhecer;Crescente;Céu Claro;Dupla;Reta;-19,3101728;-40,0799666
30/03/2023;17:50:00;SERRA;Manobra de mudança de faixa;Colisão lateral mesmo sentido;Com Vítimas Feridas;Anoitecer;Decrescente;Céu Claro;Dupla;Reta;-20,17292791;-40,26736384
30/03/2023;17:40:00;SAO SEBASTIAO DO PASSE;Ultrapassagem Indevida;Colisão transversal;Com Vítimas Feridas;Plena Noite;Decrescente;Céu Claro;Simples;Reta;-12,50766107;-38,49626949
30/03/2023;18:05:00;BETIM;Manobra de mudança de faixa;Colisão lateral mesmo sentido;Com Vítimas Feridas;Anoitecer;Crescente;Céu Claro;Dupla;"Reta;Interseção de Vias";-19,98363363;-44,2023325
30/03/2023;16:40:00;UBERABA;Reação tardia ou ineficiente do condutor;Tombamento;Com Vítimas Feridas;Pleno dia;Decrescente;Céu Claro;Dupla;"Reta;Declive;Retorno Regulamentado";-19,17105604;-48,16028013
30/03/2023;17:20:00;JUATUBA;Velocidade Incompatível;Engavetamento;Sem Vítimas;Pleno dia;Decrescente;Céu Claro;Dupla;Reta;-19,97262277;-44,29876328
30/03/2023;17:50:00;CASIMIRO DE ABREU;Chuva;Tombamento;Com Vítimas Feridas;Anoitecer;Decrescente;Garoa/Chuvisco;Dupla;Curva;-22,48133694;-42,22930101
09/03/2023;05:30:00;SAO JOSE;Manobra de mudança de faixa;Colisão lateral mesmo sentido;Com Vítimas Feridas;Amanhecer;Crescente;Céu Claro;Dupla;Reta;-27,61000542;-48,63895057
30/03/2023;18:50:00;ARARANGUA;Objeto estático sobre o leito carroçável;Tombamento;Com Vítimas Feridas;Plena Noite;Crescente;Céu Claro;Múltipla;"Interseção de Vias;Curva";-28,97050525;-49,5276171
30/03/2023;19:20:00;PARATY;Chuva;Saída de leito carroçável;Com Vítimas Feridas;Plena Noite;Decrescente;Chuva;Simples;Reta;-23,04128085;-44,59583503
30/03/2023;18:00:00;DUQUE DE CAXIAS;Manobra de mudança de faixa;Colisão lateral mesmo sentido;Com Vítimas Feridas;Anoitecer;Decrescente;Nublado;Múltipla;Reta;-22,745676;-43,2881
30/03/2023;21:33:00;PETROPOLIS;Chuva;Capotamento;Com Vítimas Feridas;Plena Noite;Crescente;Chuva;Dupla;"Curva;Túnel";-22,52145512;-43,23707996
30/03/2023;20:00:00;ANAPOLIS;Ausência de reação do condutor;Tombamento;Com Vítimas Feridas;Plena Noite;Crescente;Céu Claro;Dupla;Reta;-16,291595;-48,934811
31/03/2023;00:20:00;MARINGA;Reação tardia ou ineficiente do condutor;Tombamento;Com Vítimas Feridas;Pleno dia;Crescente;Céu Claro;Dupla;Reta;-23,42725352;-51,89512271
31/03/2023;05:50:00;ANAPOLIS;Velocidade Incompatível;Saída de leito carroçável;Com Vítimas Feridas;Amanhecer;Crescente;Céu Claro;Dupla;"Declive;Reta";-16,291968;-48,934587
31/03/2023;04:32:00;GUARAMIRIM;Manobra de mudança de faixa;Colisão transversal;Com Vítimas Feridas;Plena Noite;Crescente;Céu Claro;Dupla;Reta;-26,47236756;-48,97426617
31/03/2023;06:00:00;JOAO MONLEVADE;Pista em desnível;Tombamento;Com Vítimas Feridas;Amanhecer;Crescente;Nublado;Simples;Reta;-19,84644336;-43,16611234
31/03/2023;00:30:00;MARMELEIRO;Pista esburacada;Saída de leito carroçável;Sem Vítimas;Plena Noite;Decrescente;Céu Claro;Simples;Curva;-26,22769427;-53,17027688
31/03/2023;07:40:00;FORTALEZA;Manobra de mudança de faixa;Colisão traseira;Com Vítimas Feridas;Pleno dia;Crescente;Chuva;Dupla;Reta;-3,83603805;-38,5027281
31/03/2023;08:05:00;SAO LEOPOLDO;Manobra de mudança de faixa;Colisão lateral mesmo sentido;Com Vítimas Feridas;Pleno dia;Crescente;Sol;Dupla;Reta;-29,74087684;-51,15065932
31/03/2023;07:19:00;CONTAGEM;Ausência de reação do condutor;Tombamento;Com Vítimas Feridas;Amanhecer;Decrescente;Céu Claro;Dupla;Reta;-19,958756;-44,055243
19/03/2023;17:50:00;ARAQUARI;Manobra de mudança de faixa;Colisão traseira;Com Vítimas Feridas;Anoitecer;Crescente;Céu Claro;Dupla;Reta;-26,45504246;-48,76711901
31/03/2023;01:00:00;PERITORO;Acumulo de água sobre o pavimento;Tombamento;Sem Vítimas;Plena Noite;Crescente;Chuva;Simples;Curva;-4,428898;-44,210136
02/01/2023;21:50:00;RIBEIRAO DAS NEVES;Pista Escorregadia;Colisão traseira;Com Vítimas Feridas;Plena Noite;Decrescente;Chuva;Dupla;Reta;-19,78164295;-44,11733194
31/03/2023;06:30:00;SANTA RITA;Ultrapassagem Indevida;Saída de leito carroçável;Sem Vítimas;Pleno dia;Crescente;Céu Claro;Simples;Reta;-3,13287318;-44,32482824
19/03/2023;08:30:00;VICENTINA;Ingestão de álcool pelo condutor;Tombamento;Sem Vítimas;Pleno dia;Crescente;Céu Claro;Simples;"Rotatória;Reta";-22,42656811;-54,39091466
31/03/2023;11:10:00;SINOP;Manobra de mudança de faixa;Colisão transversal;Com Vítimas Feridas;Pleno dia;Decrescente;Sol;Dupla;Reta;-11,94;-55,516
31/03/2023;12:10:00;NOSSA SENHORA DO SOCORRO;Demais falhas mecânicas ou elétricas;Tombamento;Com Vítimas Feridas;Pleno dia;Crescente;Céu Claro;Dupla;Reta;-10,9041;-37,1278
31/03/2023;11:15:00;ITAQUIRAI;Ausência de reação do condutor;Tombamento;Com Vítimas Feridas;Pleno dia;Decrescente;Céu Claro;Simples;"Declive;Reta";-23,38801296;-54,2114515
31/03/2023;14:40:00;BETIM;Reação tardia ou ineficiente do condutor;Tombamento;Com Vítimas Feridas;Pleno dia;Crescente;Céu Claro;Múltipla;Reta;-19,95659361;-44,12622893
31/03/2023;06:20:00;MUTUIPE;Ultrapassagem Indevida;Colisão traseira;Com Vítimas Fatais;Pleno dia;Decrescente;Céu Claro;Simples;"Reta;Aclive";-13,22750679;-39,49745893
31/03/2023;14:10:00;UBERLANDIA;Chuva;Saída de leito carroçável;Com Vítimas Feridas;Pleno dia;Decrescente;Chuva;Dupla;Curva;-18,8808611;-48,49354102
28/03/2023;13:45:00;SANTA IZABEL DO PARA;Chuva;Saída de leito carroçável;Com Vítimas Feridas;Pleno dia;Crescente;Chuva;Dupla;Reta;-1,27592647;-48,08710906
20/03/2023;15:00:00;VICENTINA;Pista esburacada;Queda de ocupante de veículo;Com Vítimas Feridas;Pleno dia;Crescente;Céu Claro;Simples;Reta;-22,44814492;-54,33653396
31/03/2023;15:45:00;SANTA MARIA;Avarias e/ou desgaste excessivo no pneu;Tombamento;Com Vítimas Feridas;Pleno dia;Crescente;Céu Claro;Dupla;Reta;-29,7037466;-53,79524635
31/03/2023;15:09:00;CACHOEIRO DE ITAPEMIRIM;Ultrapassagem Indevida;Colisão lateral mesmo sentido;Com Vítimas Feridas;Pleno dia;Crescente;Céu Claro;Simples;"Interseção de Vias;Reta";-20,841324;-41,15929
31/03/2023;15:50:00;MESSIAS;Acumulo de areia ou detritos sobre o pavimento;Queda de ocupante de veículo;Com Vítimas Feridas;Pleno dia;Decrescente;Céu Claro;Simples;Viaduto;-9,36495593;-35,83611996
31/03/2023;15:30:00;UBERABA;Deficiência do Sistema de Iluminação/Sinalização;Colisão com objeto;Com Vítimas Feridas;Pleno dia;Crescente;Céu Claro;Dupla;Reta;-19,59125905;-48,02849514
31/03/2023;15:50:00;TAUBATE;Manobra de mudança de faixa;Colisão lateral mesmo sentido;Com Vítimas Feridas;Pleno dia;Crescente;Nublado;Dupla;Reta;-23,0233097;-45,53763622
31/03/2023;14:48:00;CARMO DA CACHOEIRA;Manobra de mudança de faixa;Capotamento;Com Vítimas Feridas;Pleno dia;Crescente;Céu Claro;Dupla;Reta;-21,45321803;-45,21174621
19/03/2023;19:20:00;CARIDADE;Deficiência do Sistema de Iluminação/Sinalização;Colisão traseira;Com Vítimas Feridas;Plena Noite;Crescente;Chuva;Simples;Reta;-4,23379338;-39,20031836
31/03/2023;11:40:00;SAO MIGUEL DO GUAPORE;Manobra de mudança de faixa;Colisão lateral mesmo sentido;Com Vítimas Feridas;Pleno dia;Crescente;Céu Claro;Dupla;"Reta;Retorno Regulamentado;Aclive";-11,69622734;-62,74050009
31/03/2023;18:00:00;BRASILIA;Manobra de mudança de faixa;Colisão com objeto;Com Vítimas Feridas;Anoitecer;Crescente;Céu Claro;Dupla;Reta;-15,797312;-48,176056
31/03/2023;18:00:00;NATAL;Manobra de mudança de faixa;Queda de ocupante de veículo;Com Vítimas Feridas;Plena Noite;Crescente;Céu Claro;Dupla;Reta;-5,86567888;-35,21651625
31/03/2023;18:50:00;SANTO ESTEVAO;Velocidade Incompatível;Atropelamento de Pedestre;Com Vítimas Feridas;Plena Noite;Crescente;Nublado;Dupla;Reta;-12,42081589;-39,19884407
31/03/2023;17:15:00;DUQUE DE CAXIAS;Velocidade Incompatível;Colisão traseira;Com Vítimas Fatais;Anoitecer;Crescente;Céu Claro;Múltipla;Reta;-22,75470802;-43,28737838
31/03/2023;17:33:00;FLORIANOPOLIS;Trafegar com motocicleta (ou similar) entre as faixas;Tombamento;Com Vítimas Feridas;Pleno dia;Crescente;Céu Claro;Múltipla;"Viaduto;Reta";-27,602955;-48,580509
31/03/2023;19:20:00;BLUMENAU;Ultrapassagem Indevida;Colisão transversal;Com Vítimas Feridas;Plena Noite;Decrescente;Céu Claro;Simples;Rotatória;-26,88259053;-49,14101422
31/03/2023;16:50:00;CAXIAS DO SUL;Manobra de mudança de faixa;Colisão lateral mesmo sentido;Sem Vítimas;Pleno dia;Decrescente;Céu Claro;Múltipla;Interseção de Vias;-29,17111846;-51,15977883
31/03/2023;16:40:00;BRASILIA;Restrição de visibilidade em curvas horizontais;Colisão lateral mesmo sentido;Com Vítimas Feridas;Pleno dia;Crescente;Céu Claro;Dupla;Reta;-15,685814;-47,849838
31/03/2023;19:00:00;ITUMBIARA;Velocidade Incompatível;Queda de ocupante de veículo;Com Vítimas Feridas;Plena Noite;Decrescente;Chuva;Simples;Reta;-18,35517115;-49,38032508
31/03/2023;17:50:00;CAMPOS ALTOS;Velocidade Incompatível;Saída de leito carroçável;Com Vítimas Feridas;Pleno dia;Decrescente;Chuva;Simples;Reta;-19,6622537;-46,11856381
31/03/2023;19:00:00;TORRES;Manobra de mudança de faixa;Colisão lateral mesmo sentido;Sem Vítimas;Plena Noite;Crescente;Céu Claro;Dupla;"Curva;Declive";-29,33222497;-49,78508308
31/03/2023;22:00:00;CAMANDUCAIA;Reação tardia ou ineficiente do condutor;Tombamento;Com Vítimas Feridas;Plena Noite;Crescente;Céu Claro;Dupla;Reta;-22,76087082;-46,16278597
31/03/2023;19:20:00;DUQUE DE CAXIAS;Chuva;Queda de ocupante de veículo;Com Vítimas Feridas;Anoitecer;Decrescente;Chuva;Dupla;Curva;-22,672089;-43,285053
01/04/2023;00:50:00;PALHOCA;Velocidade Incompatível;Capotamento;Sem Vítimas;Plena Noite;Crescente;Céu Claro;Múltipla;Reta;-27,62996929;-48,65903871
31/03/2023;23:00:00;COMODORO;Curva acentuada;Saída de leito carroçável;Com Vítimas Feridas;Plena Noite;Crescente;Céu Claro;Simples;Curva;-13,08817206;-59,89160527
01/04/2023;04:45:00;PAULO LOPES;Velocidade Incompatível;Saída de leito carroçável;Com Vítimas Feridas;Plena Noite;Decrescente;Garoa/Chuvisco;Dupla;Curva;-27,99865211;-48,68870795
01/04/2023;04:45:00;ABADIA DE GOIAS;Velocidade Incompatível;Colisão traseira;Com Vítimas Feridas;Plena Noite;Decrescente;Céu Claro;Dupla;Aclive;-16,7423;-49,415
01/04/2023;04:40:00;MAFRA;Velocidade Incompatível;Capotamento;Sem Vítimas;Plena Noite;Decrescente;Céu Claro;Simples;Curva;-26,254826;-49,603124
01/04/2023;06:35:00;VACARIA;Velocidade Incompatível;Saída de leito carroçável;Sem Vítimas;Amanhecer;Crescente;Nublado;Simples;Rotatória;-28,510252;-50,935688
01/04/2023;06:45:00;AMELIA RODRIGUES;Avarias e/ou desgaste excessivo no pneu;Tombamento;Com Vítimas Feridas;Pleno dia;Crescente;Sol;Dupla;Reta;-12,44970237;-38,71122627
01/04/2023;08:30:00;ITAJAI;Reação tardia ou ineficiente do condutor;Tombamento;Com Vítimas Feridas;Pleno dia;Decrescente;Céu Claro;Dupla;Curva;-26,84589005;-48,72131295
01/01/2023;06:00:00;ANGRA DOS REIS;Curva acentuada;Colisão frontal;Com Vítimas Fatais;Pleno dia;Crescente;Céu Claro;Simples;Curva;-22,97968333;-44,43663687
01/04/2023;11:00:00;BURITI DOS LOPES;Demais falhas mecânicas ou elétricas;Tombamento;Com Vítimas Feridas;Pleno dia;Crescente;Céu Claro;Simples;Declive;-3,136565;-41,792385
01/04/2023;11:00:00;BRASILIA;Velocidade Incompatível;Saída de leito carroçável;Com Vítimas Feridas;Pleno dia;Crescente;Céu Claro;Dupla;Curva;-15,594831;-47,658615
01/04/2023;11:40:00;ATIBAIA;Manobra de mudança de faixa;Colisão traseira;Com Vítimas Feridas;Pleno dia;Decrescente;Sol;Dupla;Reta;-23,13863999;-46,57584088
01/04/2023;11:00:00;RIBEIRAO DAS NEVES;Demais falhas mecânicas ou elétricas;Tombamento;Com Vítimas Feridas;Pleno dia;Decrescente;Céu Claro;Dupla;Reta;-19,77463885;-44,12321882
01/04/2023;11:30:00;TABOAO DA SERRA;Acumulo de areia ou detritos sobre o pavimento;Queda de ocupante de veículo;Com Vítimas Feridas;Pleno dia;Crescente;Céu Claro;Simples;"Curva;Interseção de Vias";-23,621691;-46,813288
01/04/2023;11:05:00;SAO LEOPOLDO;Ultrapassagem Indevida;Colisão lateral mesmo sentido;Com Vítimas Feridas;Pleno dia;Decrescente;Céu Claro;Dupla;Reta;-29,74980902;-51,15125361
01/04/2023;13:00:00;SAO CRISTOVAO;Obras na pista;Tombamento;Com Vítimas Feridas;Pleno dia;Decrescente;Chuva;Dupla;"Em Obras;Retorno Regulamentado";-10,94481346;-37,2027868
01/04/2023;17:55:00;UBARANA;Velocidade Incompatível;Saída de leito carroçável;Com Vítimas Feridas;Anoitecer;Decrescente;Nublado;Simples;Reta;-21,14572082;-49,70300934
01/04/2023;16:45:00;CARIACICA;Reação tardia ou ineficiente do condutor;Tombamento;Com Vítimas Feridas;Pleno dia;Crescente;Céu Claro;Dupla;"Reta;Em Obras";-20,31526144;-40,39567044