data_inversa;horario;municipio;causa_acidente;tipo_acidente;classificacao_acidente;fase_dia;sentido_via;condicao_metereologica;tipo_pista;tracado_via;latitude;longitude
01/04/2023;17:00:00;BETIM;Velocidade Incompatível;Colisão com objeto;Com Vítimas Feridas;Pleno dia;Decrescente;Céu Claro;Dupla;Reta;-19,95659361;-44,12622893
01/04/2023;16:40:00;PESQUEIRA;Ultrapassagem Indevida;Colisão frontal;Com Vítimas Fatais;Pleno dia;Decrescente;Céu Claro;Simples;"Declive;Curva";-8,39925903;-36,78286999
01/04/2023;14:50:00;CAMPOS ALTOS;Pista Escorregadia;Saída de leito carroçável;Com Vítimas Feridas;Pleno dia;Crescente;Chuva;Simples;"Reta;Aclive";-19,66173211;-46,17681719
01/04/2023;18:00:00;PADRE BERNARDO;Velocidade Incompatível;Capotamento;Com Vítimas Feridas;Plena Noite;Crescente;Garoa/Chuvisco;Simples;Reta;-15,229309;-48,276815
01/04/2023;15:30:00;PONTA GROSSA;Trafegar com motocicleta (ou similar) entre as faixas;Tombamento;Com Vítimas Feridas;Pleno dia;Decrescente;Céu Claro;Dupla;"Reta;Aclive";-25,14172584;-50,1586859
01/04/2023;15:00:00;BRAGANCA PAULISTA;Pista esburacada;Tombamento;Com Vítimas Feridas;Pleno dia;Decrescente;Sol;Simples;"Reta;Retorno Regulamentado";-22,99697186;-46,5163051
01/04/2023;18:30:00;PILAR;Pista em desnível;Capotamento;Sem Vítimas;Plena Noite;Crescente;Céu Claro;Dupla;"Em Obras;Aclive;Reta";-9,68903191;-36,03448792
01/04/2023;15:25:00;POCOS DE CALDAS;Velocidade Incompatível;Colisão transversal;Com Vítimas Feridas;Pleno dia;Decrescente;Céu Claro;Simples;"Aclive;Reta";-21,80759879;-46,48486203
01/04/2023;14:00:00;JARU;Ultrapassagem Indevida;Colisão lateral mesmo sentido;Com Vítimas Feridas;Pleno dia;Decrescente;Céu Claro;Simples;Reta;-10,45220802;-62,46072003
01/04/2023;20:35:00;PARNAMIRIM;Manobra de mudança de faixa;Colisão transversal;Com Vítimas Feridas;Plena Noite;Decrescente;Céu Claro;Múltipla;"Reta;Interseção de Vias";-5,892745;-35,257225
01/04/2023;16:05:00;BALSAS;Velocidade Incompatível;Colisão transversal;Sem Vítimas;Pleno dia;Decrescente;Céu Claro;Simples;Reta;-7,45784721;-46,01508455
01/04/2023;13:30:00;MIRANDA DO NORTE;Ultrapassagem Indevida;Saída de leito carroçável;Sem Vítimas;Pleno dia;Decrescente;Chuva;Simples;Reta;-3,49445404;-44,54254591
01/04/2023;20:00:00;CASCAVEL;Velocidade Incompatível;Capotamento;Com Vítimas Feridas;Plena Noite;Decrescente;Céu Claro;Dupla;"Declive;Curva";-24,8599;-53,5868
01/04/2023;21:45:00;MARINGA;Velocidade Incompatível;Colisão traseira;Com Vítimas Feridas;Plena Noite;Crescente;Céu Claro;Dupla;Reta;-23,409788;-51,987453
01/04/2023;23:00:00;AREIA BRANCA;Deficiência do Sistema de Iluminação/Sinalização;Colisão traseira;Com Vítimas Feridas;Plena Noite;Crescente;Céu Claro;Simples;Reta;-5,00734847;-37,10114957
01/04/2023;19:00:00;PETROPOLIS;Ultrapassagem Indevida;Colisão frontal;Com Vítimas Feridas;Pleno dia;Crescente;Céu Claro;Simples;"Rotatória;Interseção de Vias;Reta";-22,38684342;-43,13236892
02/04/2023;00:10:00;PROPRIA;Deficiência do Sistema de Iluminação/Sinalização;Colisão traseira;Com Vítimas Fatais;Plena Noite;Crescente;Céu Claro;Dupla;Reta;-10,24007805;-36,85267291
08/03/2023;20:40:00;FOZ DO IGUACU;Avarias e/ou desgaste excessivo no pneu;Tombamento;Com Vítimas Feridas;Plena Noite;Crescente;Nublado;Dupla;Reta;-25,50448893;-54,5418869
02/04/2023;04:35:00;BOM JESUS DO AMPARO;Pista esburacada;Tombamento;Com Vítimas Feridas;Plena Noite;Decrescente;Nublado;Dupla;"Reta;Declive";-19,74239903;-43,50515127
02/04/2023;03:40:00;EMBU DAS ARTES;Velocidade Incompatível;Colisão com objeto;Com Vítimas Feridas;Plena Noite;Decrescente;Céu Claro;Dupla;Curva;-23,65508497;-46,84918605
02/04/2023;00:30:00;MEDICILANDIA;Avarias e/ou desgaste excessivo no pneu;Tombamento;Com Vítimas Fatais;Plena Noite;Decrescente;Chuva;Simples;Reta;-3,43924706;-52,86514901
01/04/2023;17:30:00;ITAMARAJU;Velocidade Incompatível;Saída de leito carroçável;Com Vítimas Feridas;Anoitecer;Crescente;Céu Claro;Simples;Curva;-17,06203608;-39,55078125
02/04/2023;01:32:00;CASIMIRO DE ABREU;Velocidade Incompatível;Tombamento;Com Vítimas Feridas;Plena Noite;Crescente;Céu Claro;Dupla;Reta;-22,47557761;-42,17219006
02/04/2023;07:20:00;PETROPOLIS;Acumulo de água sobre o pavimento;Capotamento;Com Vítimas Feridas;Amanhecer;Decrescente;Chuva;Dupla;"Curva;Declive";-22,55191954;-43,25068815
13/03/2023;08:45:00;BETIM;Manobra de mudança de faixa;Colisão lateral mesmo sentido;Com Vítimas Feridas;Pleno dia;Crescente;Céu Claro;Dupla;Reta;-19,95749597;-44,07899901
02/04/2023;09:05:00;CORNELIO PROCOPIO;Acumulo de areia ou detritos sobre o pavimento;Tombamento;Com Vítimas Feridas;Pleno dia;Decrescente;Céu Claro;Dupla;Reta;-23,24187552;-50,70249975
02/04/2023;06:00:00;SALVADOR;Manobra de mudança de faixa;Colisão lateral mesmo sentido;Com Vítimas Feridas;Pleno dia;Crescente;Céu Claro;Dupla;Reta;-12,96063606;-38,47425722
02/04/2023;10:20:00;MAFRA;Ultrapassagem Indevida;Colisão lateral mesmo sentido;Com Vítimas Feridas;Pleno dia;Crescente;Céu Claro;Simples;Reta;-26,19739326;-49,79756122
02/04/2023;10:15:00;NOVA PETROPOLIS;Avarias e/ou desgaste excessivo no pneu;Tombamento;Com Vítimas Feridas;Pleno dia;Crescente;Céu Claro;Simples;Curva;-29,41439425;-51,12826171
02/04/2023;10:40:00;DUQUE DE CAXIAS;Manobra de mudança de faixa;Colisão lateral mesmo sentido;Com Vítimas Feridas;Pleno dia;Decrescente;Céu Claro;Simples;"Declive;Curva";-22,57773682;-43,27329036
02/04/2023;13:15:00;CACHOEIRA DO SUL;Redutor de velocidade em desacordo;Saída de leito carroçável;Sem Vítimas;Pleno dia;Decrescente;Céu Claro;Simples;Curva;-30,07087666;-52,87788391
02/04/2023;12:00:00;PETROPOLIS;Reação tardia ou ineficiente do condutor;Tombamento;Com Vítimas Feridas;Pleno dia;Crescente;Nublado;Simples;Curva;-22,51757196;-43,2283473
02/04/2023;06:30:00;MAGE;Velocidade Incompatível;Colisão traseira;Com Vítimas Feridas;Amanhecer;Decrescente;Nublado;Dupla;Reta;-22,65061105;-43,17060471
02/04/2023;12:50:00;CAMPO MOURAO;Velocidade Incompatível;Saída de leito carroçável;Com Vítimas Feridas;Pleno dia;Decrescente;Céu Claro;Simples;Rotatória;-24,08345492;-52,41336823
02/04/2023;14:00:00;TEOFILO OTONI;Obras na pista;Tombamento;Com Vítimas Feridas;Pleno dia;Crescente;Garoa/Chuvisco;Simples;"Reta;Em Obras";-17,84235093;-41,51410418
02/04/2023;14:10:00;FERNANDO PEDROZA;Velocidade Incompatível;Saída de leito carroçável;Com Vítimas Fatais;Pleno dia;Decrescente;Nublado;Simples;"Curva;Ponte";-5,697883;-36,537063
02/04/2023;16:30:00;SAO DESIDERIO;Pista Escorregadia;Saída de leito carroçável;Com Vítimas Feridas;Pleno dia;Decrescente;Chuva;Simples;Reta;-12,77765193;-45,94860077
02/04/2023;13:05:00;PONTE SERRADA;Velocidade Incompatível;Colisão com objeto;Com Vítimas Feridas;Pleno dia;Decrescente;Sol;Simples;Curva;-26,9153352;-51,90559387
02/04/2023;16:30:00;TERESOPOLIS;Velocidade Incompatível;Capotamento;Com Vítimas Feridas;Pleno dia;Crescente;Céu Claro;Simples;Reta;-22,25254197;-42,91927708
02/04/2023;17:20:00;ANAPOLIS;Avarias e/ou desgaste excessivo no pneu;Tombamento;Com Vítimas Feridas;Pleno dia;Decrescente;Nublado;Dupla;Reta;-16,2802611;-48,96031749
02/04/2023;15:40:00;CAMPO GRANDE;Demais falhas mecânicas ou elétricas;Tombamento;Sem Vítimas;Pleno dia;Crescente;Céu Claro;Simples;Reta;-20,53459008;-54,56411122
02/04/2023;15:30:00;SAO GONCALO DO ABAETE;Acumulo de água sobre o pavimento;Saída de leito carroçável;Com Vítimas Feridas;Pleno dia;Crescente;Chuva;Simples;Reta;-18,13657095;-45,37279299
02/04/2023;17:45:00;BETIM;Velocidade Incompatível;Colisão com objeto;Com Vítimas Feridas;Anoitecer;Decrescente;Céu Claro;Dupla;"Reta;Declive";-19,95659361;-44,12622893
02/04/2023;18:00:00;PELOTAS;Reação tardia ou ineficiente do condutor;Tombamento;Com Vítimas Feridas;Pleno dia;Decrescente;Céu Claro;Múltipla;Interseção de Vias;-31,7470243;-52,40899728
02/04/2023;18:00:00;TERESINA;Ultrapassagem Indevida;Colisão lateral mesmo sentido;Com Vítimas Feridas;Plena Noite;Decrescente;Chuva;Dupla;Reta;-5,28247202;-42,72203903
02/04/2023;17:15:00;ITAPEMA;Manobra de mudança de faixa;Engavetamento;Com Vítimas Feridas;Pleno dia;Decrescente;Céu Claro;Dupla;"Reta;Viaduto";-27,1089649;-48,61277586
02/04/2023;18:20:00;PORTO SEGURO;Ultrapassagem Indevida;Colisão traseira;Com Vítimas Feridas;Plena Noite;Crescente;Céu Claro;Simples;"Reta;Aclive";-16,38726598;-39,339153
02/04/2023;18:50:00;PALHOCA;Acessar a via sem observar a presença dos outros veículos;Tombamento;Com Vítimas Feridas;Plena Noite;Decrescente;Céu Claro;Dupla;Reta;-27,6758601;-48,67052525
02/04/2023;19:20:00;TIANGUA;Velocidade Incompatível;Tombamento;Com Vítimas Feridas;Plena Noite;Crescente;Nublado;Simples;"Curva;Aclive";-3,66341744;-40,95009697
02/04/2023;20:22:00;VALPARAISO DE GOIAS;Avarias e/ou desgaste excessivo no pneu;Tombamento;Com Vítimas Feridas;Plena Noite;Crescente;Garoa/Chuvisco;Dupla;Curva;-16,067129;-47,984235
02/04/2023;15:45:00;NOVA ITABERABA;Velocidade Incompatível;Colisão traseira;Com Vítimas Feridas;Pleno dia;Crescente;Sol;Simples;Reta;-26,962664;-52,762272
02/04/2023;20:10:00;SALVADOR;Ausência de reação do condutor;Tombamento;Com Vítimas Feridas;Plena Noite;Decrescente;Céu Claro;Múltipla;Reta;-12,91233708;-38,45956983
02/04/2023;20:45:00;ITAJAI;Manobra de mudança de faixa;Colisão lateral mesmo sentido;Com Vítimas Feridas;Plena Noite;Crescente;Céu Claro;Múltipla;"Reta;Viaduto";-26,88747187;-48,72252969
02/04/2023;11:00:00;PICADA CAFE;Velocidade Incompatível;Tombamento;Com Vítimas Feridas;Pleno dia;Crescente;Céu Claro;Simples;Curva;-29,49113279;-51,14998489
02/04/2023;21:55:00;CURVELO;Velocidade Incompatível;Saída de leito carroçável;Com Vítimas Fatais;Plena Noite;Crescente;Céu Claro;Simples;Reta;-19,15737904;-44,57598799
25/03/2023;20:05:00;GLORIA DE DOURADOS;Manobra de mudança de faixa;Colisão frontal;Com Vítimas Feridas;Plena Noite;Decrescente;Céu Claro;Simples;Aclive;-22,33554509;-54,19409878
02/04/2023;18:30:00;LEOPOLDINA;Velocidade Incompatível;Tombamento;Com Vítimas Feridas;Plena Noite;Crescente;Céu Claro;Simples;Curva;-21,56393225;-42,67830927
03/04/2023;04:00:00;CARUARU;Velocidade Incompatível;Saída de leito carroçável;Com Vítimas Feridas;Amanhecer;Crescente;Céu Claro;Dupla;Reta;-8,30018257;-35,91071184
03/04/2023;05:50:00;GUARULHOS;Manobra de mudança de faixa;Colisão lateral mesmo sentido;Com Vítimas Feridas;Pleno dia;Crescente;Céu Claro;Múltipla;Reta;-23,47559815;-46,5246609
03/04/2023;07:45:00;SAO LEOPOLDO;Manobra de mudança de faixa;Colisão lateral mesmo sentido;Com Vítimas Feridas;Pleno dia;Crescente;Céu Claro;Dupla;Reta;-29,72374397;-51,14883542
03/04/2023;08:20:00;UBERLANDIA;Velocidade Incompatível;Colisão traseira;Com Vítimas Feridas;Pleno dia;Decrescente;Sol;Dupla;Curva;-18,90286;-48,277964
03/04/2023;07:50:00;ITALVA;Ultrapassagem Indevida;Colisão lateral mesmo sentido;Com Vítimas Feridas;Pleno dia;Decrescente;Céu Claro;Simples;Curva;-21,47656091;-41,66549039
03/04/2023;07:00:00;RIO BRANCO;Velocidade Incompatível;Queda de ocupante de veículo;Com Vítimas Feridas;Pleno dia;Crescente;Céu Claro;Dupla;Reta;-10,01209268;-67,764365
03/04/2023;11:00:00;RIO DO SUL;Frear bruscamente;Tombamento;Com Vítimas Feridas;Pleno dia;Crescente;Céu Claro;Simples;Reta;-27,19239479;-49,62236345
25/01/2023;13:43:00;MANHUACU;Acumulo de óleo sobre o pavimento;Tombamento;Com Vítimas Feridas;Pleno dia;Decrescente;Céu Claro;Simples;"Reta;Declive";-20,27165802;-42,03950458
03/04/2023;10:40:00;RECIFE;Manobra de mudança de faixa;Colisão lateral mesmo sentido;Com Vítimas Feridas;Pleno dia;Decrescente;Sol;Dupla;Reta;-8,01883945;-34,94212389
01/02/2023;19:30:00;TRAIRAO;Velocidade Incompatível;Saída de leito carroçável;Com Vítimas Feridas;Anoitecer;Crescente;Nublado;Simples;"Reta;Declive";-4,7290703;-56,03891975
03/04/2023;11:00:00;MUZAMBINHO;Velocidade Incompatível;Colisão com objeto;Com Vítimas Feridas;Pleno dia;Decrescente;Céu Claro;Simples;"Curva;Aclive";-21,35024155;-46,53710961
03/04/2023;14:00:00;CAMPO GRANDE;Avarias e/ou desgaste excessivo no pneu;Tombamento;Com Vítimas Feridas;Pleno dia;Crescente;Sol;Simples;Reta;-20,63804809;-54,56893526
03/04/2023;16:00:00;MOSSORO;Curva acentuada;Saída de leito carroçável;Com Vítimas Feridas;Pleno dia;Crescente;Céu Claro;Dupla;Curva;-5,06488233;-37,33287055
03/04/2023;16:50:00;SAO JOAO DE MERITI;Manobra de mudança de faixa;Colisão lateral mesmo sentido;Com Vítimas Feridas;Pleno dia;Crescente;Céu Claro;Múltipla;Reta;-22,80188151;-43,35043673
03/04/2023;09:00:00;SAO JOSE DO SUL;Demais falhas mecânicas ou elétricas;Tombamento;Com Vítimas Feridas;Pleno dia;Decrescente;Céu Claro;Simples;Curva;-29,48237681;-51,48399211
03/04/2023;16:44:00;CONTAGEM;Pista Escorregadia;Saída de leito carroçável;Sem Vítimas;Anoitecer;Crescente;Garoa/Chuvisco;Múltipla;Reta;-19,9614185;-44,0510888
03/04/2023;17:40:00;CARIACICA;Manobra de mudança de faixa;Colisão lateral mesmo sentido;Com Vítimas Feridas;Anoitecer;Decrescente;Nublado;Dupla;"Reta;Interseção de Vias";-20,32415948;-40,3952903
03/04/2023;18:20:00;ARAQUARI;Acumulo de areia ou detritos sobre o pavimento;Tombamento;Com Vítimas Feridas;Anoitecer;Crescente;Céu Claro;Simples;Reta;-26,4141523;-48,76209493
03/04/2023;13:30:00;BARRA DO PIRAI;Ausência de reação do condutor;Tombamento;Com Vítimas Feridas;Pleno dia;Crescente;Céu Claro;Simples;Reta;-22,43418644;-43,72671584
03/04/2023;18:00:00;RONDONOPOLIS;Acostamento em desnível;Saída de leito carroçável;Com Vítimas Feridas;Anoitecer;Crescente;Céu Claro;Dupla;"Em Obras;Desvio Temporário;Reta";-16,491405;-54,646378
03/04/2023;18:10:00;TEOFILO OTONI;Acumulo de areia ou detritos sobre o pavimento;Tombamento;Com Vítimas Feridas;Anoitecer;Crescente;Céu Claro;Simples;"Em Obras;Reta";-17,85105696;-41,51454492
03/04/2023;19:40:00;TABOAO DA SERRA;Manobra de mudança de faixa;Colisão traseira;Com Vítimas Feridas;Plena Noite;Crescente;Céu Claro;Múltipla;Reta;-23,621691;-46,813288
03/04/2023;19:00:00;RONDONOPOLIS;Manobra de mudança de faixa;Colisão traseira;Com Vítimas Feridas;Plena Noite;Decrescente;Nublado;Dupla;Reta;-16,43621099;-54,68287599
03/04/2023;19:50:00;ITAJAI;Avarias e/ou desgaste excessivo no pneu;Tombamento;Com Vítimas Feridas;Plena Noite;Crescente;Nublado;Dupla;Reta;-26,92955916;-48,70499836
03/04/2023;20:50:00;RIO GRANDE;Velocidade Incompatível;Saída de leito carroçável;Sem Vítimas;Plena Noite;Crescente;Nublado;Dupla;Curva;-32,08769775;-52,20709106
03/04/2023;18:50:00;BARRA MANSA;Iluminação deficiente;Atropelamento de Pedestre;Com Vítimas Feridas;Plena Noite;Decrescente;Nublado;Simples;Reta;-22,55664508;-44,11421657
03/04/2023;19:35:00;PERDOES;Velocidade Incompatível;Colisão traseira;Com Vítimas Feridas;Anoitecer;Crescente;Céu Claro;Dupla;Reta;-21,12375684;-45,09790729
03/04/2023;16:30:00;CAMPO GRANDE;Acesso irregular;Tombamento;Com Vítimas Feridas;Pleno dia;Decrescente;Céu Claro;Simples;"Reta;Aclive";-20,50368701;-54,28653601
03/04/2023;18:10:00;PARA DE MINAS;Demais falhas mecânicas ou elétricas;Tombamento;Com Vítimas Feridas;Plena Noite;Decrescente;Vento;Dupla;Reta;-19,90564403;-44,68893403
03/04/2023;21:35:00;DUQUE DE CAXIAS;Velocidade Incompatível;Saída de leito carroçável;Com Vítimas Feridas;Plena Noite;Crescente;Céu Claro;Múltipla;Curva;-22,807953;-43,289124
04/04/2023;00:05:00;VACARIA;Pista esburacada;Tombamento;Com Vítimas Feridas;Plena Noite;Decrescente;Céu Claro;Simples;Reta;-28,43012719;-50,87025766
04/04/2023;02:00:00;ITAITUBA;Chuva;Tombamento;Com Vítimas Feridas;Plena Noite;Decrescente;Chuva;Simples;"Reta;Aclive";-4,3707358;-55,8388338
04/04/2023;07:40:00;SAO LEOPOLDO;Trafegar com motocicleta (ou similar) entre as faixas;Tombamento;Com Vítimas Feridas;Pleno dia;Crescente;Céu Claro;Dupla;Reta;-29,7831804;-51,16099063
04/04/2023;07:40:00;PORTO REAL DO COLEGIO;Velocidade Incompatível;Saída de leito carroçável;Com Vítimas Feridas;Pleno dia;Crescente;Céu Claro;Dupla;"Reta;Declive";-10,05262696;-36,67788403
04/04/2023;08:26:00;CURITIBA;Manobra de mudança de faixa;Colisão transversal;Com Vítimas Feridas;Pleno dia;Decrescente;Sol;Múltipla;Reta;-25,54760699;-49,30399463
04/04/2023;07:30:00;VITORIA DA CONQUISTA;Velocidade Incompatível;Colisão traseira;Sem Vítimas;Pleno dia;Decrescente;Nublado;Simples;Reta;-14,95832964;-40,90437597
04/04/2023;07:30:00;INDAIAL;Ausência de reação do condutor;Tombamento;Com Vítimas Feridas;Pleno dia;Decrescente;Céu Claro;Simples;Reta;-26,872396;-49,19228
04/04/2023;08:50:00;RIO BRANCO;Manobra de mudança de faixa;Colisão lateral mesmo sentido;Com Vítimas Feridas;Pleno dia;Crescente;Céu Claro;Dupla;Rotatória;-9,993501;-67,84868
01/04/2023;14:15:00;UBERABA;Velocidade Incompatível;Saída de leito carroçável;Com Vítimas Feridas;Pleno dia;Crescente;Céu Claro;Simples;"Declive;Curva";-19,73926371;-47,75334021
04/04/2023;18:25:00;ALHANDRA;Acumulo de areia ou detritos sobre o pavimento;Tombamento;Com Vítimas Feridas;Plena Noite;Decrescente;Céu Claro;Simples;Retorno Regulamentado;-7,2557332;-34,93469152
29/03/2023;04:20:00;CAMPINA GRANDE;Iluminação deficiente;Atropelamento de Pedestre;Com Vítimas Fatais;Plena Noite;Crescente;Céu Claro;Simples;Reta;-7,2582;-35,9267
04/04/2023;18:15:00;PASSO FUNDO;Iluminação deficiente;Queda de ocupante de veículo;Com Vítimas Feridas;Anoitecer;Crescente;Céu Claro;Dupla;"Reta;Rotatória";-28,236645;-52,375156
04/04/2023;19:00:00;EMBU DAS ARTES;Manobra de mudança de faixa;Colisão lateral mesmo sentido;Com Vítimas Feridas;Anoitecer;Decrescente;Nublado;Dupla;Reta;-23,64262417;-46,83811382
04/04/2023;19:00:00;NATAL;Ausência de sinalização;Colisão lateral mesmo sentido;Sem Vítimas;Plena Noite;Crescente;Céu Claro;Múltipla;Curva;-5,83176615;-35,21191342
13/01/2023;15:00:00;ALTOS;Ultrapassagem Indevida;Saída de leito carroçável;Com Vítimas Feridas;Pleno dia;Crescente;Céu Claro;Simples;Reta;-4,977479;-42,378742
04/04/2023;20:30:00;LINHARES;Pista esburacada;Queda de ocupante de veículo;Com Vítimas Feridas;Plena Noite;Decrescente;Céu Claro;Simples;Reta;-19,37887202;-40,06657892
04/04/2023;21:10:00;RESSAQUINHA;Falta de acostamento;Colisão lateral mesmo sentido;Com Vítimas Feridas;Plena Noite;Decrescente;Nublado;Simples;Declive;-21,071152;-43,770095
05/04/2023;00:50:00;PIMENTA BUENO;Velocidade Incompatível;Colisão traseira;Com Vítimas Feridas;Plena Noite;Decrescente;Céu Claro;Simples;Interseção de Vias;-11,68671732;-61,18347731
05/04/2023;06:07:00;CURITIBA;Manobra de mudança de faixa;Colisão lateral mesmo sentido;Com Vítimas Feridas;Amanhecer;Decrescente;Céu Claro;Dupla;"Reta;Declive";-25,55122256;-49,30503748
05/04/2023;07:05:00;ANAPOLIS;Velocidade Incompatível;Colisão traseira;Com Vítimas Feridas;Pleno dia;Crescente;Céu Claro;Dupla;"Reta;Aclive";-16,3007;-48,8128
25/03/2023;18:05:00;FLOR DA SERRA DO SUL;Ultrapassagem Indevida;Colisão lateral mesmo sentido;Com Vítimas Feridas;Anoitecer;Decrescente;Céu Claro;Simples;Reta;-26,26668947;-53,40897295
05/04/2023;06:50:00;DOURADOS;Desrespeitar a preferência no cruzamento;Tombamento;Com Vítimas Feridas;Pleno dia;Decrescente;Céu Claro;Dupla;Rotatória;-22,20665524;-54,70785282
05/04/2023;07:30:00;SAO JOSE;Manobra de mudança de faixa;Colisão traseira;Com Vítimas Feridas;Pleno dia;Decrescente;Céu Claro;Dupla;Reta;-27,6167305;-48,6457265
05/04/2023;07:55:00;GUARULHOS;Manobra de mudança de faixa;Queda de ocupante de veículo;Com Vítimas Feridas;Pleno dia;Decrescente;Nublado;Múltipla;Reta;-23,46143954;-46,48885316
05/04/2023;03:45:00;PETROPOLIS;Velocidade Incompatível;Colisão com objeto;Com Vítimas Feridas;Amanhecer;Decrescente;Céu Claro;Simples;Curva;-22,550738;-43,236397
13/03/2023;20:00:00;DUQUE DE CAXIAS;Demais falhas na via;Colisão com objeto;Com Vítimas Feridas;Plena Noite;Decrescente;Ignorado;Dupla;Reta;-22,65237271;-43,23918118
14/01/2023;21:20:00;MACAIBA;Manobra de mudança de faixa;Colisão lateral sentido oposto;Com Vítimas Feridas;Plena Noite;Crescente;Vento;Simples;Interseção de Vias;-5,86484905;-35,34931012
05/04/2023;11:30:00;RIBEIRAO DAS NEVES;Manobra de mudança de faixa;Colisão traseira;Com Vítimas Feridas;Pleno dia;Crescente;Céu Claro;Dupla;"Reta;Retorno Regulamentado";-19,78164295;-44,11733194
05/04/2023;07:15:00;IMBITUBA;Demais falhas mecânicas ou elétricas;Tombamento;Com Vítimas Feridas;Pleno dia;Decrescente;Céu Claro;Dupla;Reta;-28,17131302;-48,69463482
05/04/2023;13:27:00;JABOATAO DOS GUARARAPES;Acumulo de areia ou detritos sobre o pavimento;Capotamento;Com Vítimas Feridas;Pleno dia;Decrescente;Céu Claro;Dupla;Curva;-8,09025488;-35,02052302
05/04/2023;09:00:00;PAULISTANA;Pista esburacada;Queda de ocupante de veículo;Com Vítimas Fatais;Pleno dia;Crescente;Céu Claro;Simples;"Declive;Reta";-8,03283397;-41,17651882
05/04/2023;11:10:00;NOVA ALVORADA DO SUL;Pista Escorregadia;Tombamento;Com Vítimas Feridas;Pleno dia;Crescente;Garoa/Chuvisco;Simples;Reta;-21,39332793;-54,40779977
05/04/2023;14:30:00;FORMOSA;Pista Escorregadia;Saída de leito carroçável;Com Vítimas Feridas;Pleno dia;Crescente;Nublado;Simples;Reta;-15,551153;-47,283253
05/04/2023;09:20:00;SAO JOAO DE MERITI;Manobra de mudança de faixa;Colisão lateral mesmo sentido;Com Vítimas Feridas;Pleno dia;Decrescente;Céu Claro;Dupla;Reta;-22,80188151;-43,35043673
05/04/2023;16:10:00;CAMPOS NOVOS;Chuva;Capotamento;Com Vítimas Feridas;Pleno dia;Crescente;Chuva;Simples;Reta;-27,381166;-51,240082
05/04/2023;17:30:00;BRASILIA;Chuva;Queda de ocupante de veículo;Com Vítimas Feridas;Anoitecer;Decrescente;Chuva;Dupla;Reta;-15,887383;-48,077988
05/04/2023;15:30:00;LAGUNA;Ausência de reação do condutor;Tombamento;Com Vítimas Feridas;Pleno dia;Decrescente;Sol;Dupla;Reta;-28,31353989;-48,7240982
05/04/2023;18:00:00;CAUCAIA;Manobra de mudança de faixa;Colisão lateral mesmo sentido;Com Vítimas Feridas;Anoitecer;Crescente;Céu Claro;Múltipla;"Declive;Reta";-3,7403769;-38,59569202
05/04/2023;18:10:00;JABOATAO DOS GUARARAPES;Manobra de mudança de faixa;Colisão lateral mesmo sentido;Com Vítimas Feridas;Plena Noite;Decrescente;Céu Claro;Dupla;Ponte;-8,18065563;-34,95965322
05/04/2023;19:00:00;BRASILIA;Chuva;Queda de ocupante de veículo;Com Vítimas Feridas;Plena Noite;Crescente;Garoa/Chuvisco;Dupla;"Reta;Declive";-15,675484;-47,823761
05/04/2023;18:05:00;PALHOCA;Reação tardia ou ineficiente do condutor;Tombamento;Com Vítimas Feridas;Plena Noite;Crescente;Nublado;Dupla;Reta;-27,66779034;-48,67393586
05/04/2023;19:20:00;PALHOCA;Manobra de mudança de faixa;Tombamento;Com Vítimas Feridas;Plena Noite;Crescente;Nublado;Múltipla;Reta;-27,64443;-48,67057
04/04/2023;20:00:00;PETROLINA;Acumulo de areia ou detritos sobre o pavimento;Eventos atípicos;Sem Vítimas;Plena Noite;Decrescente;Céu Claro;Simples;Reta;-9,22081788;-40,40797219
05/04/2023;08:44:00;ASSIS BRASIL;Pista esburacada;Capotamento;Com Vítimas Feridas;Pleno dia;Crescente;Ignorado;Simples;"Declive;Curva";-10,88270534;-69,50304271
05/04/2023;19:30:00;ITAPEMA;Reação tardia ou ineficiente do condutor;Tombamento;Com Vítimas Feridas;Plena Noite;Decrescente;Garoa/Chuvisco;Simples;Reta;-27,1089649;-48,61277586
05/04/2023;20:11:00;CAMPO GRANDE;Afundamento ou ondulação no pavimento;Tombamento;Com Vítimas Feridas;Plena Noite;Crescente;Céu Claro;Simples;Reta;-20,56780935;-54,64946423
05/04/2023;21:00:00;CANOAS;Manobra de mudança de faixa;Colisão lateral mesmo sentido;Sem Vítimas;Plena Noite;Decrescente;Céu Claro;Dupla;"Reta;Viaduto";-29,92342302;-51,17780944
05/04/2023;20:20:00;REGISTRO;Reação tardia ou ineficiente do condutor;Tombamento;Com Vítimas Feridas;Plena Noite;Crescente;Garoa/Chuvisco;Simples;Reta;-24,49790715;-47,84208686
05/04/2023;21:00:00;CAMBE;Velocidade Incompatível;Colisão traseira;Com Vítimas Feridas;Plena Noite;Decrescente;Céu Claro;Dupla;Reta;-23,28922864;-51,26236796
08/02/2023;18:54:00;TERESINA;Ausência de reação do condutor;Tombamento;Com Vítimas Feridas;Plena Noite;Decrescente;Céu Claro;Dupla;Declive;-5,077812;-42,744255
06/04/2023;05:50:00;MONTEIRO;Neblina;Colisão com objeto;Com Vítimas Feridas;Amanhecer;Crescente;Nublado;Simples;"Reta;Interseção de Vias";-7,79365659;-37,01843262