data_inversa;horario;municipio;causa_acidente;tipo_acidente;classificacao_acidente;fase_dia;sentido_via;condicao_metereologica;tipo_pista;tracado_via;latitude;longitude
06/04/2023;07:15:00;SAO JOSE DO RIO PRETO;Reação tardia ou ineficiente do condutor;Tombamento;Com Vítimas Feridas;Pleno dia;Decrescente;Céu Claro;Dupla;"Reta;Aclive";-20,808361;-49,356212
06/04/2023;00:15:00;OURO PRETO DO OESTE;Ultrapassagem Indevida;Colisão frontal;Com Vítimas Feridas;Plena Noite;Crescente;Garoa/Chuvisco;Simples;Reta;-10,72605374;-62,23652595
06/04/2023;07:00:00;GUARULHOS;Manobra de mudança de faixa;Colisão lateral mesmo sentido;Com Vítimas Feridas;Pleno dia;Decrescente;Nublado;Múltipla;Reta;-23,46802395;-46,50704901
06/04/2023;06:30:00;IVINHEMA;Velocidade Incompatível;Saída de leito carroçável;Com Vítimas Feridas;Pleno dia;Crescente;Céu Claro;Simples;Curva;-22,39159634;-53,64611313
06/04/2023;08:50:00;AREAL;Velocidade Incompatível;Saída de leito carroçável;Com Vítimas Feridas;Pleno dia;Crescente;Céu Claro;Dupla;Curva;-22,18633705;-43,16660309
28/03/2023;12:50:00;HUMAITA;Manobra de mudança de faixa;Eventos atípicos;Sem Vítimas;Pleno dia;Não Informado;Céu Claro;Simples;Reta;-7,518585;-63,022428
06/04/2023;11:45:00;GUARATUBA;Velocidade Incompatível;Saída de leito carroçável;Com Vítimas Feridas;Pleno dia;Crescente;Chuva;Dupla;"Curva;Declive";-25,9607646;-48,8995718
06/04/2023;11:50:00;OSORIO;Manobra de mudança de faixa;Colisão lateral mesmo sentido;Com Vítimas Feridas;Pleno dia;Crescente;Nublado;Dupla;Reta;-29,891388;-50,373714
06/04/2023;13:00:00;LINDOESTE;Chuva;Colisão lateral mesmo sentido;Com Vítimas Feridas;Pleno dia;Decrescente;Chuva;Dupla;"Reta;Aclive";-25,23379293;-53,58962939
06/04/2023;10:00:00;MUITOS CAPOES;Pista Escorregadia;Colisão frontal;Com Vítimas Fatais;Pleno dia;Crescente;Chuva;Simples;Reta;-28,34384;-51,148235
06/04/2023;13:50:00;CAMANDUCAIA;Velocidade Incompatível;Saída de leito carroçável;Com Vítimas Feridas;Pleno dia;Decrescente;Nublado;Dupla;Reta;-22,77414487;-46,18559707
06/04/2023;13:10:00;RONDONOPOLIS;Ultrapassagem Indevida;Colisão lateral mesmo sentido;Com Vítimas Feridas;Pleno dia;Crescente;Céu Claro;Simples;Reta;-16,45928621;-54,66092345
06/04/2023;14:00:00;BOA VIAGEM;Demais falhas na via;Saída de leito carroçável;Com Vítimas Feridas;Pleno dia;Decrescente;Céu Claro;Simples;Reta;-5,15204678;-39,74881431
30/03/2023;14:50:00;PONTA PORA;Acumulo de água sobre o pavimento;Saída de leito carroçável;Com Vítimas Feridas;Pleno dia;Crescente;Chuva;Simples;Reta;-22,3105;-55,146589
06/04/2023;13:04:00;CAMPOS NOVOS;Velocidade Incompatível;Saída de leito carroçável;Com Vítimas Feridas;Pleno dia;Decrescente;Chuva;Simples;Reta;-27,52732828;-51,36277914
06/04/2023;13:45:00;JOAQUIM GOMES;Pista Escorregadia;Saída de leito carroçável;Com Vítimas Feridas;Pleno dia;Crescente;Nublado;Dupla;Reta;-9,10736895;-35,75887214
06/04/2023;11:30:00;GUAJARA-MIRIM;Manobra de mudança de faixa;Colisão lateral mesmo sentido;Com Vítimas Feridas;Pleno dia;Crescente;Garoa/Chuvisco;Simples;Declive;-10,531173;-65,327316
06/04/2023;15:15:00;CEZARINA;Velocidade Incompatível;Saída de leito carroçável;Com Vítimas Feridas;Pleno dia;Decrescente;Chuva;Dupla;"Curva;Declive";-17,06987046;-49,80942163
06/04/2023;16:00:00;ARAGUARI;Manobra de mudança de faixa;Colisão traseira;Com Vítimas Feridas;Pleno dia;Crescente;Sol;Dupla;"Declive;Reta";-18,682136;-48,17887197
06/04/2023;16:25:00;BETIM;Demais falhas mecânicas ou elétricas;Tombamento;Com Vítimas Feridas;Pleno dia;Decrescente;Céu Claro;Dupla;"Reta;Aclive";-19,96216513;-44,16346396
06/04/2023;14:19:00;PARAISO DAS AGUAS;Manobra de mudança de faixa;Colisão transversal;Com Vítimas Feridas;Pleno dia;Crescente;Céu Claro;Simples;Reta;-18,97286448;-52,8884399
06/04/2023;17:30:00;JABOATAO DOS GUARARAPES;Acumulo de areia ou detritos sobre o pavimento;Tombamento;Com Vítimas Feridas;Anoitecer;Decrescente;Céu Claro;Múltipla;Reta;-8,07887;-34,984073
06/04/2023;17:40:00;SAO JOSE DOS CAMPOS;Reação tardia ou ineficiente do condutor;Tombamento;Com Vítimas Feridas;Anoitecer;Crescente;Nublado;Múltipla;Reta;-23,19542994;-45,87176303
06/04/2023;18:00:00;SATUBA;Velocidade Incompatível;Saída de leito carroçável;Com Vítimas Feridas;Plena Noite;Crescente;Céu Claro;Simples;Curva;-9,57122709;-35,81523795
06/04/2023;16:40:00;BATAGUASSU;Avarias e/ou desgaste excessivo no pneu;Tombamento;Com Vítimas Feridas;Pleno dia;Decrescente;Sol;Simples;Reta;-21,73788976;-52,21980789
06/04/2023;18:20:00;MORENO;Manobra de mudança de faixa;Colisão lateral mesmo sentido;Com Vítimas Feridas;Plena Noite;Decrescente;Nublado;Dupla;"Retorno Regulamentado;Reta";-8,11374411;-35,116886
06/04/2023;15:00:00;MUZAMBINHO;Velocidade Incompatível;Saída de leito carroçável;Com Vítimas Feridas;Pleno dia;Decrescente;Céu Claro;Simples;Curva;-21,37524076;-46,45663261
06/04/2023;19:00:00;CABEDELO;Deficiência do Sistema de Iluminação/Sinalização;Saída de leito carroçável;Sem Vítimas;Plena Noite;Crescente;Céu Claro;Dupla;Desvio Temporário;-7,0004;-34,8284
06/04/2023;19:40:00;SANTA MARIA;Ausência de sinalização;Queda de ocupante de veículo;Com Vítimas Feridas;Plena Noite;Crescente;Nublado;Simples;"Em Obras;Desvio Temporário";-29,71364362;-53,81556273
06/04/2023;18:40:00;VITORIA DA CONQUISTA;Condutor deixou de manter distância do veículo da frente;Queda de ocupante de veículo;Com Vítimas Feridas;Plena Noite;Decrescente;Nublado;Simples;Curva;-14,86455268;-40,87316687
06/04/2023;20:00:00;JOINVILLE;Pista Escorregadia;Capotamento;Com Vítimas Feridas;Plena Noite;Crescente;Garoa/Chuvisco;Dupla;Reta;-26,40231201;-48,83969703
06/04/2023;20:30:00;RIO PARDO;Ultrapassagem Indevida;Tombamento;Com Vítimas Feridas;Plena Noite;Crescente;Nublado;Simples;Rotatória;-29,905725;-52,391739
06/04/2023;21:18:00;SAO JOAO DE MERITI;Ultrapassagem Indevida;Colisão transversal;Com Vítimas Feridas;Plena Noite;Crescente;Céu Claro;Dupla;Reta;-22,78923555;-43,37275272
06/04/2023;21:40:00;SAO JOSE;Chuva;Tombamento;Com Vítimas Feridas;Plena Noite;Crescente;Chuva;Múltipla;Reta;-27,60001226;-48,6226467
06/04/2023;11:20:00;UBERABA;Avarias e/ou desgaste excessivo no pneu;Tombamento;Com Vítimas Feridas;Pleno dia;Crescente;Sol;Dupla;Reta;-19,77919981;-47,960032
06/04/2023;13:10:00;FOZ DO IGUACU;Manobra de mudança de faixa;Colisão lateral mesmo sentido;Com Vítimas Feridas;Plena Noite;Crescente;Garoa/Chuvisco;Dupla;Reta;-25,50749887;-54,58379896
07/04/2023;02:15:00;GUARANIACU;Velocidade Incompatível;Colisão traseira;Com Vítimas Feridas;Plena Noite;Decrescente;Nublado;Simples;"Reta;Aclive";-25,1059643;-52,8680442
07/04/2023;02:30:00;PALHOCA;Acumulo de água sobre o pavimento;Saída de leito carroçável;Com Vítimas Feridas;Plena Noite;Decrescente;Chuva;Dupla;Reta;-27,62329313;-48,65245588
07/04/2023;04:30:00;SAO PAULO;Manobra de mudança de faixa;Colisão traseira;Com Vítimas Feridas;Plena Noite;Decrescente;Chuva;Múltipla;Reta;-23,52251783;-46,5855702
07/04/2023;04:30:00;CONCEICAO DA BARRA;Ausência de reação do condutor;Tombamento;Com Vítimas Feridas;Plena Noite;Decrescente;Nublado;Simples;Reta;-18,39179309;-39,94180625
07/04/2023;03:20:00;INDAIAL;Acumulo de água sobre o pavimento;Saída de leito carroçável;Com Vítimas Feridas;Plena Noite;Crescente;Garoa/Chuvisco;Simples;Reta;-26,889374;-49,254478
07/04/2023;05:55:00;CAJATI;Pista Escorregadia;Saída de leito carroçável;Com Vítimas Feridas;Amanhecer;Decrescente;Chuva;Simples;Curva;-24,87423036;-48,2190838
07/04/2023;01:45:00;SAO CRISTOVAO DO SUL;Ultrapassagem Indevida;Colisão frontal;Com Vítimas Fatais;Plena Noite;Decrescente;Chuva;Simples;Reta;-27,3027981;-50,2205816
07/04/2023;06:20:00;LAVRAS;Velocidade Incompatível;Saída de leito carroçável;Com Vítimas Feridas;Amanhecer;Decrescente;Chuva;Dupla;Curva;-21,32032783;-45,1655159
07/04/2023;07:10:00;SALVADOR;Ausência de reação do condutor;Tombamento;Com Vítimas Feridas;Pleno dia;Crescente;Chuva;Dupla;Reta;-12,92628699;-38,46838679
07/04/2023;07:40:00;RIO VERDE DE MATO GROSSO;Reação tardia ou ineficiente do condutor;Tombamento;Com Vítimas Feridas;Pleno dia;Crescente;Céu Claro;Simples;Reta;-18,61968801;-54,77287631
07/04/2023;07:15:00;CAXIAS DO SUL;Manobra de mudança de faixa;Colisão lateral mesmo sentido;Sem Vítimas;Pleno dia;Decrescente;Céu Claro;Dupla;Reta;-29,16998111;-51,15900636
07/04/2023;07:30:00;SAO JOSE DOS PINHAIS;Velocidade Incompatível;Colisão com objeto;Com Vítimas Feridas;Pleno dia;Crescente;Chuva;Dupla;Curva;-25,59168398;-49,17197705
07/04/2023;07:15:00;CARMO DA CACHOEIRA;Velocidade Incompatível;Colisão com objeto;Com Vítimas Feridas;Pleno dia;Crescente;Ignorado;Dupla;"Curva;Aclive";-21,47729514;-45,20207819
07/04/2023;07:05:00;CARMO DA CACHOEIRA;Acumulo de água sobre o pavimento;Saída de leito carroçável;Com Vítimas Feridas;Pleno dia;Crescente;Chuva;Dupla;Curva;-21,49165904;-45,21034527
07/04/2023;09:30:00;RAFAEL JAMBEIRO;Falta de elemento de contenção que evite a saída do leito carroçável;Tombamento;Com Vítimas Feridas;Pleno dia;Decrescente;Nublado;Dupla;Reta;-12,5209134;-39,3926248
07/04/2023;06:30:00;ANAPOLIS;Velocidade Incompatível;Saída de leito carroçável;Com Vítimas Feridas;Pleno dia;Decrescente;Nublado;Dupla;Curva;-16,302268;-48,816399
07/04/2023;10:21:00;SERRA;Velocidade Incompatível;Colisão lateral mesmo sentido;Com Vítimas Feridas;Pleno dia;Decrescente;Céu Claro;Dupla;Reta;-20,22662056;-40,27075088
07/04/2023;09:00:00;JUSCIMEIRA;Afundamento ou ondulação no pavimento;Saída de leito carroçável;Com Vítimas Feridas;Pleno dia;Crescente;Céu Claro;Dupla;"Reta;Aclive";-16,03154272;-54,88752365
07/04/2023;09:00:00;CAMPINA GRANDE DO SUL;Velocidade Incompatível;Saída de leito carroçável;Com Vítimas Feridas;Pleno dia;Crescente;Garoa/Chuvisco;Dupla;Curva;-25,08235366;-48,61499799
07/04/2023;10:40:00;FLORIANOPOLIS;Velocidade Incompatível;Saída de leito carroçável;Com Vítimas Feridas;Pleno dia;Crescente;Chuva;Dupla;Curva;-27,59845;-48,571995
07/04/2023;10:00:00;IBIRAMA;Acumulo de água sobre o pavimento;Colisão frontal;Com Vítimas Feridas;Pleno dia;Decrescente;Chuva;Simples;"Curva;Aclive";-27,106783;-49,522049
07/04/2023;13:00:00;ITAPEMA;Chuva;Colisão com objeto;Com Vítimas Feridas;Pleno dia;Crescente;Chuva;Múltipla;Reta;-27,056089;-48,599449
07/04/2023;13:05:00;BIGUACU;Velocidade Incompatível;Colisão com objeto;Com Vítimas Feridas;Pleno dia;Decrescente;Chuva;Dupla;Curva;-27,468056;-48,641712
07/04/2023;12:50:00;NOVA ERA;Velocidade Incompatível;Saída de leito carroçável;Com Vítimas Feridas;Pleno dia;Decrescente;Céu Claro;Simples;"Declive;Curva";-19,69154909;-42,99258988
07/04/2023;11:30:00;TRES CORACOES;Chuva;Saída de leito carroçável;Com Vítimas Feridas;Pleno dia;Crescente;Chuva;Dupla;"Curva;Interseção de Vias";-21,67324206;-45,33731461
07/04/2023;14:30:00;SAO JOSE;Pista Escorregadia;Colisão transversal;Com Vítimas Feridas;Pleno dia;Crescente;Chuva;Dupla;Curva;-27,591936;-48,618244
07/04/2023;12:00:00;CAMPOS ALTOS;Pista Escorregadia;Saída de leito carroçável;Com Vítimas Feridas;Pleno dia;Crescente;Chuva;Simples;"Aclive;Reta";-19,66568189;-46,16901785
07/04/2023;14:50:00;VILA VELHA;Reação tardia ou ineficiente do condutor;Tombamento;Com Vítimas Feridas;Pleno dia;Crescente;Céu Claro;Dupla;Reta;-20,35784325;-40,3328294
07/04/2023;12:40:00;NEPOMUCENO;Velocidade Incompatível;Colisão transversal;Com Vítimas Feridas;Pleno dia;Decrescente;Chuva;Dupla;Curva;-21,370524;-45,188652
07/04/2023;12:10:00;AGUAS MORNAS;Velocidade Incompatível;Colisão transversal;Com Vítimas Feridas;Pleno dia;Crescente;Chuva;Simples;"Declive;Curva";-27,691511;-48,970215
07/04/2023;15:30:00;EXTREMA;Velocidade Incompatível;Saída de leito carroçável;Sem Vítimas;Pleno dia;Decrescente;Chuva;Dupla;Curva;-22,85421396;-46,33740277
07/04/2023;15:00:00;MAIRIPORA;Reação tardia ou ineficiente do condutor;Tombamento;Com Vítimas Feridas;Pleno dia;Decrescente;Chuva;Dupla;"Aclive;Curva";-23,29106;-46,58574
07/04/2023;17:00:00;MARECHAL DEODORO;Velocidade Incompatível;Colisão traseira;Com Vítimas Feridas;Anoitecer;Crescente;Céu Claro;Simples;Reta;-9,66029712;-35,85130612
07/04/2023;16:40:00;JUQUIA;Acumulo de óleo sobre o pavimento;Saída de leito carroçável;Com Vítimas Feridas;Pleno dia;Decrescente;Chuva;Dupla;Curva;-24,334489;-47,641203
07/04/2023;15:40:00;SANTO ANTONIO DO AMPARO;Chuva;Saída de leito carroçável;Com Vítimas Feridas;Pleno dia;Crescente;Chuva;Dupla;"Aclive;Curva";-20,958142;-44,921525
07/04/2023;14:00:00;BRUMADINHO;Velocidade Incompatível;Saída de leito carroçável;Com Vítimas Feridas;Pleno dia;Crescente;Chuva;Dupla;"Declive;Curva";-20,13846621;-44,31715274
07/04/2023;09:45:00;SAO JOSE DO CERRITO;Pista Escorregadia;Colisão frontal;Com Vítimas Fatais;Pleno dia;Crescente;Chuva;Simples;Curva;-27,61411311;-50,71718216
07/04/2023;17:05:00;PARATY;Chuva;Saída de leito carroçável;Com Vítimas Fatais;Plena Noite;Crescente;Chuva;Simples;Reta;-23,04128085;-44,59583503
07/04/2023;17:00:00;MORRINHOS;Pista esburacada;Saída de leito carroçável;Com Vítimas Feridas;Pleno dia;Crescente;Céu Claro;Dupla;Reta;-17,4998;-49,2151
07/04/2023;17:50:00;APODI;Pista esburacada;Queda de ocupante de veículo;Com Vítimas Feridas;Plena Noite;Crescente;Chuva;Simples;Reta;-5,63397905;-37,80046076
07/04/2023;18:20:00;JUIZ DE FORA;Velocidade Incompatível;Saída de leito carroçável;Com Vítimas Fatais;Plena Noite;Crescente;Garoa/Chuvisco;Simples;Curva;-21,72381566;-43,53970826
07/04/2023;18:20:00;GUAPIMIRIM;Chuva;Tombamento;Com Vítimas Feridas;Plena Noite;Decrescente;Chuva;Simples;Curva;-22,5031646;-42,99910415
07/04/2023;14:30:00;FELIPE GUERRA;Chuva;Saída de leito carroçável;Com Vítimas Feridas;Pleno dia;Crescente;Chuva;Simples;Reta;-5,54056895;-37,73311207
07/04/2023;17:20:00;MONTE ALEGRE DE MINAS;Pista Escorregadia;Saída de leito carroçável;Com Vítimas Feridas;Plena Noite;Decrescente;Chuva;Dupla;Reta;-18,85288291;-48,78157697
05/03/2023;19:35:00;SALGUEIRO;Manobra de mudança de faixa;Colisão frontal;Com Vítimas Feridas;Plena Noite;Crescente;Céu Claro;Simples;Curva;-8,119822;-39,119732
07/04/2023;10:45:00;ANTONIO DIAS;Acumulo de areia ou detritos sobre o pavimento;Tombamento;Com Vítimas Feridas;Pleno dia;Decrescente;Céu Claro;Simples;"Curva;Desvio Temporário";-19,64770391;-42,93106009
07/04/2023;20:04:00;SAO JOSE;Ausência de reação do condutor;Tombamento;Com Vítimas Feridas;Plena Noite;Decrescente;Nublado;Simples;"Declive;Curva;Viaduto";-27,58313237;-48,61532885
07/04/2023;22:00:00;BIGUACU;Velocidade Incompatível;Capotamento;Com Vítimas Feridas;Plena Noite;Decrescente;Chuva;Dupla;Curva;-27,459393;-48,638914
07/04/2023;21:20:00;SAO LUIS;Reação tardia ou ineficiente do condutor;Tombamento;Com Vítimas Feridas;Plena Noite;Decrescente;Chuva;Dupla;Retorno Regulamentado;-2,60065;-44,245894
08/04/2023;00:40:00;VITORIA DA CONQUISTA;Afundamento ou ondulação no pavimento;Queda de ocupante de veículo;Com Vítimas Feridas;Plena Noite;Decrescente;Céu Claro;Simples;"Reta;Declive";-14,842;-40,888
07/04/2023;23:30:00;RIO BRILHANTE;Velocidade Incompatível;Saída de leito carroçável;Sem Vítimas;Plena Noite;Crescente;Céu Claro;Simples;Rotatória;-21,842573;-54,537813
08/04/2023;02:30:00;VOLTA REDONDA;Chuva;Colisão com objeto;Sem Vítimas;Plena Noite;Crescente;Chuva;Dupla;Reta;-22,58856193;-44,09534501
08/04/2023;05:37:00;LINHARES;Manobra de mudança de faixa;Colisão lateral mesmo sentido;Com Vítimas Feridas;Amanhecer;Crescente;Céu Claro;Dupla;Reta;-19,40436634;-40,06078896
08/04/2023;04:10:00;DUQUE DE CAXIAS;Pista Escorregadia;Tombamento;Com Vítimas Feridas;Plena Noite;Decrescente;Garoa/Chuvisco;Múltipla;Curva;-22,67374628;-43,28638368
08/04/2023;03:35:00;SANTA CECILIA;Neblina;Saída de leito carroçável;Sem Vítimas;Plena Noite;Crescente;Nevoeiro/Neblina;Simples;Reta;-26,76856222;-50,35053362
08/04/2023;07:30:00;CAMPOS DOS GOYTACAZES;Reação tardia ou ineficiente do condutor;Tombamento;Com Vítimas Feridas;Pleno dia;Decrescente;Nublado;Simples;Rotatória;-21,76090387;-41,34788959
08/04/2023;08:35:00;JABOATAO DOS GUARARAPES;Chuva;Tombamento;Com Vítimas Feridas;Pleno dia;Crescente;Chuva;Dupla;Reta;-8,15112589;-34,9428866
08/04/2023;07:30:00;PETROPOLIS;Velocidade Incompatível;Saída de leito carroçável;Com Vítimas Feridas;Pleno dia;Crescente;Céu Claro;Simples;"Curva;Declive;Viaduto";-22,51910302;-43,22873364
08/04/2023;08:05:00;BARRA DO PIRAI;Velocidade Incompatível;Saída de leito carroçável;Com Vítimas Feridas;Pleno dia;Crescente;Garoa/Chuvisco;Simples;Curva;-22,48328327;-43,96042792
08/04/2023;08:30:00;MANGARATIBA;Chuva;Saída de leito carroçável;Com Vítimas Feridas;Pleno dia;Crescente;Chuva;Simples;Curva;-22,90729503;-43,89024997
08/04/2023;10:30:00;CABEDELO;Chuva;Tombamento;Com Vítimas Feridas;Pleno dia;Decrescente;Chuva;Dupla;"Reta;Retorno Regulamentado";-7,06403;-34,850213
08/04/2023;11:00:00;COLOMBO;Velocidade Incompatível;Colisão com objeto;Com Vítimas Feridas;Pleno dia;Crescente;Céu Claro;Simples;"Rotatória;Curva";-25,38899846;-49,18874145
08/04/2023;12:04:00;ITAITINGA;Acumulo de água sobre o pavimento;Colisão com objeto;Com Vítimas Feridas;Pleno dia;Crescente;Chuva;Dupla;Reta;-3,94905489;-38,51212845
08/04/2023;11:20:00;TOLEDO;Manobra de mudança de faixa;Saída de leito carroçável;Com Vítimas Feridas;Pleno dia;Decrescente;Céu Claro;Dupla;Reta;-24,7652;-53,6899
08/04/2023;12:40:00;VALPARAISO DE GOIAS;Manobra de mudança de faixa;Colisão traseira;Com Vítimas Feridas;Pleno dia;Crescente;Céu Claro;Dupla;Reta;-16,058245;-47,982825
08/04/2023;13:10:00;MORENO;Acumulo de água sobre o pavimento;Saída de leito carroçável;Com Vítimas Feridas;Pleno dia;Decrescente;Chuva;Dupla;Reta;-8,09543537;-35,07136107
08/04/2023;14:20:00;ACU;Chuva;Colisão com objeto;Com Vítimas Feridas;Pleno dia;Decrescente;Chuva;Simples;"Reta;Declive";-5,59378205;-36,93751802
31/03/2023;16:35:00;MARINGA;Pista esburacada;Tombamento;Com Vítimas Feridas;Pleno dia;Crescente;Sol;Dupla;Reta;-23,40324167;-51,99632075
08/04/2023;14:40:00;CASIMIRO DE ABREU;Velocidade Incompatível;Saída de leito carroçável;Com Vítimas Feridas;Pleno dia;Crescente;Chuva;Dupla;Curva;-22,49207101;-42,10926701
08/04/2023;13:57:00;CASIMIRO DE ABREU;Chuva;Colisão com objeto;Com Vítimas Feridas;Pleno dia;Crescente;Chuva;Dupla;Curva;-22,48164701;-42,23710101
08/04/2023;11:00:00;DUQUE DE CAXIAS;Chuva;Saída de leito carroçável;Com Vítimas Feridas;Pleno dia;Crescente;Chuva;Simples;"Declive;Curva";-22,57356181;-43,27802893
08/04/2023;14:30:00;ITABIRITO;Velocidade Incompatível;Colisão com objeto;Com Vítimas Feridas;Pleno dia;Crescente;Céu Claro;Simples;Interseção de Vias;-20,26473346;-43,95797253
08/04/2023;15:55:00;ELDORADO DO SUL;Ausência de sinalização;Colisão traseira;Sem Vítimas;Pleno dia;Crescente;Nublado;Dupla;"Reta;Aclive;Viaduto";-29,99017;-51,265766
08/04/2023;16:00:00;JOINVILLE;Velocidade Incompatível;Colisão com objeto;Com Vítimas Feridas;Pleno dia;Decrescente;Chuva;Dupla;Curva;-26,28215489;-48,88973081
08/04/2023;15:30:00;POMBAL;Velocidade Incompatível;Atropelamento de Pedestre;Com Vítimas Feridas;Pleno dia;Crescente;Céu Claro;Simples;Reta;-6,7733;-37,798
08/04/2023;17:10:00;CAMPOS DOS GOYTACAZES;Chuva;Colisão com objeto;Com Vítimas Feridas;Pleno dia;Decrescente;Garoa/Chuvisco;Dupla;Curva;-21,82626899;-41,49641201
08/04/2023;17:00:00;MANGARATIBA;Pista Escorregadia;Saída de leito carroçável;Com Vítimas Feridas;Anoitecer;Crescente;Chuva;Simples;Reta;-22,90729503;-43,89024997
08/04/2023;18:15:00;JOAO PESSOA;Chuva;Atropelamento de Pedestre;Com Vítimas Feridas;Plena Noite;Crescente;Chuva;Dupla;Reta;-7,1693;-34,8782
08/04/2023;17:40:00;VIANA;Obstrução na via;Eventos atípicos;Com Vítimas Feridas;Plena Noite;Crescente;Chuva;Simples;Reta;-20,38054389;-40,50497908
08/04/2023;18:20:00;JURANDA;Demais falhas mecânicas ou elétricas;Tombamento;Com Vítimas Feridas;Anoitecer;Decrescente;Nublado;Simples;"Reta;Declive";-24,4598;-52,8578
08/04/2023;19:30:00;COLOMBO;Velocidade Incompatível;Colisão frontal;Com Vítimas Feridas;Plena Noite;Crescente;Garoa/Chuvisco;Simples;Curva;-25,225365;-49,115093
08/04/2023;19:40:00;BENTO GONCALVES;Velocidade Incompatível;Colisão frontal;Com Vítimas Feridas;Pleno dia;Decrescente;Céu Claro;Simples;"Curva;Declive";-29,17292214;-51,52424936
08/04/2023;18:50:00;CONSELHEIRO LAFAIETE;Acumulo de areia ou detritos sobre o pavimento;Tombamento;Com Vítimas Fatais;Plena Noite;Decrescente;Nublado;Simples;"Ponte;Curva";-20,656166;-43,803975
08/04/2023;19:45:00;CONTAGEM;Chuva;Engavetamento;Com Vítimas Feridas;Plena Noite;Decrescente;Chuva;Dupla;Reta;-19,91635592;-44,03966566
08/04/2023;19:30:00;CARIACICA;Chuva;Tombamento;Com Vítimas Feridas;Plena Noite;Decrescente;Chuva;Dupla;Reta;-20,33223667;-40,40004683
08/04/2023;19:29:00;MACAE;Ultrapassagem Indevida;Colisão lateral mesmo sentido;Sem Vítimas;Plena Noite;Decrescente;Chuva;Simples;Curva;-22,35125958;-41,9221205
08/04/2023;20:50:00;CAMBUI;Manobra de mudança de faixa;Colisão traseira;Com Vítimas Feridas;Plena Noite;Decrescente;Céu Claro;Dupla;Reta;-22,62324893;-46,07503911
08/04/2023;19:20:00;IMPERATRIZ;Ultrapassagem Indevida;Colisão frontal;Com Vítimas Feridas;Plena Noite;Decrescente;Céu Claro;Simples;Reta;-5,526911;-47,471455
08/04/2023;23:20:00;SAO JOSE DOS CAMPOS;Reação tardia ou ineficiente do condutor;Tombamento;Com Vítimas Feridas;Plena Noite;Decrescente;Chuva;Dupla;Aclive;-23,25558031;-45,9437828
09/04/2023;01:45:00;ARARANGUA;Ultrapassagem Indevida;Colisão lateral mesmo sentido;Com Vítimas Feridas;Plena Noite;Crescente;Nublado;Simples;Reta;-28,97390583;-49,53072309
09/04/2023;00:35:00;PORTO VELHO;Animais na Pista;Tombamento;Com Vítimas Feridas;Plena Noite;Decrescente;Chuva;Simples;"Declive;Reta";-9,76790933;-66,58587619
09/04/2023;02:40:00;TERESOPOLIS;Iluminação deficiente;Colisão com objeto;Com Vítimas Feridas;Plena Noite;Crescente;Chuva;Simples;Reta;-22,28530513;-42,9306046
09/04/2023;03:40:00;FLORIANOPOLIS;Velocidade Incompatível;Colisão traseira;Sem Vítimas;Plena Noite;Decrescente;Garoa/Chuvisco;Múltipla;Reta;-27,600384;-48,599705
09/04/2023;03:45:00;SAO JOSE DE MIPIBU;Chuva;Capotamento;Com Vítimas Feridas;Plena Noite;Decrescente;Chuva;Dupla;"Declive;Curva";-6,112119;-35,233627
08/04/2023;19:20:00;FEIRA DE SANTANA;Manobra de mudança de faixa;Colisão transversal;Com Vítimas Feridas;Plena Noite;Decrescente;Céu Claro;Simples;Reta;-12,23547809;-38,94396807
09/04/2023;06:50:00;QUATRO BARRAS;Velocidade Incompatível;Queda de ocupante de veículo;Com Vítimas Feridas;Amanhecer;Decrescente;Céu Claro;Dupla;"Reta;Aclive";-25,3653;-49,0906
09/04/2023;06:50:00;CAMBUI;Velocidade Incompatível;Saída de leito carroçável;Com Vítimas Feridas;Pleno dia;Decrescente;Chuva;Dupla;Reta;-22,71022398;-46,12178305
09/04/2023;07:55:00;CASIMIRO DE ABREU;Pista Escorregadia;Colisão traseira;Com Vítimas Feridas;Pleno dia;Crescente;Chuva;Simples;Reta;-22,475714;-42,19184
09/04/2023;08:20:00;BRUMADINHO;Curva acentuada;Capotamento;Com Vítimas Feridas;Pleno dia;Decrescente;Céu Claro;Dupla;Curva;-20,13363702;-44,309515
09/04/2023;10:15:00;BETIM;Manobra de mudança de faixa;Colisão traseira;Com Vítimas Feridas;Pleno dia;Crescente;Nublado;Dupla;"Aclive;Curva";-20,03266145;-44,23705101
09/04/2023;10:40:00;ITAJAI;Manobra de mudança de faixa;Colisão lateral mesmo sentido;Com Vítimas Feridas;Pleno dia;Decrescente;Céu Claro;Dupla;"Reta;Ponte";-26,895859;-48,71903
09/04/2023;11:00:00;XEXEU;Acumulo de areia ou detritos sobre o pavimento;Saída de leito carroçável;Com Vítimas Feridas;Pleno dia;Crescente;Nublado;Dupla;"Reta;Aclive";-8,813152;-35,63283
09/04/2023;10:50:00;PARACAMBI;Chuva;Saída de leito carroçável;Com Vítimas Feridas;Pleno dia;Decrescente;Chuva;Dupla;Reta;-22,6896952;-43,79175108
09/04/2023;11:00:00;IBIRAPUA;Velocidade Incompatível;Colisão traseira;Com Vítimas Feridas;Pleno dia;Crescente;Céu Claro;Simples;"Reta;Aclive";-17,795804;-39,781048
09/04/2023;13:00:00;CURVELO;Pista esburacada;Tombamento;Com Vítimas Feridas;Pleno dia;Crescente;Céu Claro;Simples;"Reta;Declive";-18,89727615;-44,69121823
09/04/2023;13:10:00;RIO BONITO;Pista Escorregadia;Saída de leito carroçável;Sem Vítimas;Pleno dia;Decrescente;Chuva;Dupla;Curva;-22,71818337;-42,63600702