data_inversa;horario;municipio;causa_acidente;tipo_acidente;classificacao_acidente;fase_dia;sentido_via;condicao_metereologica;tipo_pista;tracado_via;latitude;longitude
09/04/2023;13:30:00;CAMPO ALEGRE DE GOIAS;Chuva;Saída de leito carroçável;Com Vítimas Feridas;Pleno dia;Decrescente;Chuva;Dupla;Reta;-17,4668;-47,8114
09/04/2023;07:58:00;NITEROI;Ausência de reação do condutor;Tombamento;Com Vítimas Feridas;Pleno dia;Decrescente;Chuva;Dupla;Reta;-22,86939305;-43,175642
09/04/2023;10:15:00;VOLTA REDONDA;Acumulo de água sobre o pavimento;Tombamento;Sem Vítimas;Pleno dia;Crescente;Nublado;Simples;Rotatória;-22,481726;-44,06308602
13/03/2023;06:00:00;FOZ DO IGUACU;Velocidade Incompatível;Colisão traseira;Com Vítimas Feridas;Pleno dia;Decrescente;Céu Claro;Dupla;Reta;-25,5469;-54,5882
09/04/2023;13:40:00;PETROPOLIS;Chuva;Colisão com objeto;Com Vítimas Feridas;Pleno dia;Crescente;Chuva;Simples;"Curva;Declive";-22,52145512;-43,23707996
09/04/2023;14:40:00;TIJUCAS DO SUL;Velocidade Incompatível;Saída de leito carroçável;Com Vítimas Feridas;Pleno dia;Crescente;Chuva;Dupla;Curva;-25,85232468;-49,03032776
09/04/2023;14:30:00;MAIRIPORA;Manobra de mudança de faixa;Colisão lateral mesmo sentido;Com Vítimas Feridas;Pleno dia;Crescente;Nublado;Dupla;"Declive;Curva";-23,28270705;-46,58787791
09/04/2023;14:10:00;IMPERATRIZ;Demais falhas na via;Eventos atípicos;Com Vítimas Feridas;Pleno dia;Decrescente;Céu Claro;Dupla;Reta;-5,566143;-47,449028
09/04/2023;15:10:00;TRES RIOS;Acumulo de água sobre o pavimento;Colisão com objeto;Com Vítimas Feridas;Pleno dia;Crescente;Chuva;Dupla;Curva;-22,14680002;-43,15810757
09/04/2023;16:40:00;CEARA-MIRIM;Manobra de mudança de faixa;Capotamento;Com Vítimas Feridas;Pleno dia;Decrescente;Nublado;Simples;Reta;-5,64601005;-35,47699599
09/04/2023;15:30:00;CAMPINA GRANDE DO SUL;Velocidade Incompatível;Colisão com objeto;Com Vítimas Feridas;Pleno dia;Crescente;Garoa/Chuvisco;Dupla;Curva;-25,08235366;-48,61499799
09/04/2023;12:00:00;BAGE;Velocidade Incompatível;Saída de leito carroçável;Sem Vítimas;Pleno dia;Decrescente;Céu Claro;Simples;Curva;-31,00895304;-53,6565548
09/04/2023;13:00:00;INDIARA;Velocidade Incompatível;Saída de leito carroçável;Com Vítimas Feridas;Pleno dia;Decrescente;Céu Claro;Dupla;Reta;-17,1062;-49,9276
09/04/2023;16:00:00;PARANAVAI;Avarias e/ou desgaste excessivo no pneu;Tombamento;Com Vítimas Feridas;Pleno dia;Decrescente;Céu Claro;Dupla;Reta;-23,05276101;-52,44461596
09/04/2023;17:40:00;INDAIAL;Chuva;Colisão traseira;Com Vítimas Feridas;Anoitecer;Crescente;Chuva;Múltipla;Reta;-26,869867;-49,201859
09/04/2023;16:40:00;JACIARA;Acumulo de água sobre o pavimento;Saída de leito carroçável;Com Vítimas Feridas;Pleno dia;Decrescente;Chuva;Dupla;Reta;-15,823147;-55,203545
09/04/2023;17:30:00;SANTOS DUMONT;Pista Escorregadia;Saída de leito carroçável;Com Vítimas Feridas;Anoitecer;Decrescente;Garoa/Chuvisco;Simples;Curva;-21,36247924;-43,57519146
09/04/2023;17:55:00;AREAL;Chuva;Capotamento;Com Vítimas Feridas;Plena Noite;Decrescente;Chuva;Dupla;Curva;-22,19245612;-43,16023202
09/04/2023;18:00:00;CAMPOS DOS GOYTACAZES;Reação tardia ou ineficiente do condutor;Tombamento;Com Vítimas Feridas;Plena Noite;Decrescente;Chuva;Dupla;Curva;-21,85456357;-41,52621893
09/04/2023;18:02:00;CARMO DA CACHOEIRA;Velocidade Incompatível;Colisão com objeto;Com Vítimas Feridas;Anoitecer;Crescente;Chuva;Dupla;Curva;-21,40375992;-45,21090213
09/04/2023;18:15:00;CRISTIANO OTONI;Acumulo de óleo sobre o pavimento;Colisão lateral mesmo sentido;Com Vítimas Feridas;Anoitecer;Decrescente;Garoa/Chuvisco;Dupla;Declive;-20,87261896;-43,79985605
09/04/2023;18:25:00;GOIANINHA;Manobra de mudança de faixa;Colisão lateral mesmo sentido;Com Vítimas Feridas;Plena Noite;Crescente;Céu Claro;Dupla;Reta;-6,25310395;-35,21495819
09/04/2023;19:30:00;CEARA-MIRIM;Ultrapassagem Indevida;Colisão frontal;Com Vítimas Fatais;Plena Noite;Crescente;Céu Claro;Simples;Reta;-5,56058456;-35,3007275
09/04/2023;18:00:00;DOURADOS;Manobra de mudança de faixa;Colisão lateral mesmo sentido;Sem Vítimas;Plena Noite;Decrescente;Céu Claro;Dupla;"Rotatória;Reta";-22,18380514;-54,67815788
09/04/2023;19:00:00;CAETE;Chuva;Queda de ocupante de veículo;Com Vítimas Feridas;Plena Noite;Crescente;Chuva;Dupla;Curva;-19,74718476;-43,62369106
09/04/2023;17:30:00;SIMAO PEREIRA;Velocidade Incompatível;Saída de leito carroçável;Com Vítimas Feridas;Pleno dia;Crescente;Chuva;Dupla;"Curva;Declive";-21,9735272;-43,28541842
09/04/2023;17:40:00;MAIRIPORA;Ausência de reação do condutor;Tombamento;Com Vítimas Feridas;Anoitecer;Crescente;Céu Claro;Simples;Reta;-23,32451103;-46,58021504
09/04/2023;18:30:00;AGRESTINA;Ultrapassagem Indevida;Colisão frontal;Com Vítimas Feridas;Plena Noite;Crescente;Céu Claro;Simples;Reta;-8,389074;-35,974712
09/04/2023;16:50:00;AREAL;Velocidade Incompatível;Colisão com objeto;Com Vítimas Feridas;Pleno dia;Decrescente;Chuva;Dupla;"Curva;Declive";-22,265139;-43,108506
09/04/2023;19:00:00;GUARAI;Pista esburacada;Eventos atípicos;Com Vítimas Feridas;Plena Noite;Decrescente;Nublado;Simples;"Reta;Ponte";-8,78153102;-48,51156678
09/04/2023;18:30:00;SANTO ANTONIO DO AMPARO;Velocidade Incompatível;Saída de leito carroçável;Com Vítimas Feridas;Anoitecer;Decrescente;Chuva;Dupla;"Curva;Declive";-20,99437964;-44,96041633
09/04/2023;19:45:00;TROMBUDO CENTRAL;Velocidade Incompatível;Saída de leito carroçável;Com Vítimas Feridas;Plena Noite;Crescente;Céu Claro;Simples;Reta;-27,282606;-49,817101
09/04/2023;21:30:00;SILVA JARDIM;Pista Escorregadia;Saída de leito carroçável;Com Vítimas Feridas;Plena Noite;Decrescente;Chuva;Dupla;Curva;-22,5653276;-42,36847904
09/04/2023;20:40:00;JACIARA;Demais Fenômenos da natureza;Queda de ocupante de veículo;Com Vítimas Feridas;Plena Noite;Decrescente;Chuva;Dupla;Rotatória;-15,96077957;-54,96772983
09/04/2023;21:30:00;MEDIANEIRA;Demais falhas mecânicas ou elétricas;Tombamento;Com Vítimas Feridas;Plena Noite;Decrescente;Céu Claro;Dupla;"Viaduto;Reta";-25,28490106;-54,08744898
09/04/2023;19:15:00;SANTO ANTONIO DE JESUS;Curva acentuada;Atropelamento de Pedestre;Com Vítimas Feridas;Plena Noite;Crescente;Ignorado;Simples;"Curva;Aclive";-12,95756408;-39,26936388
09/04/2023;20:00:00;JAGUAQUARA;Iluminação deficiente;Saída de leito carroçável;Com Vítimas Feridas;Plena Noite;Decrescente;Céu Claro;Simples;"Curva;Declive";-13,51696171;-39,99669272
09/04/2023;23:00:00;SAO JOSE DOS CAMPOS;Ausência de sinalização;Colisão lateral mesmo sentido;Com Vítimas Feridas;Plena Noite;Decrescente;Céu Claro;Dupla;"Reta;Aclive";-23,1869844;-45,8548078
09/04/2023;22:50:00;SANTA RITA;Manobra de mudança de faixa;Colisão traseira;Sem Vítimas;Plena Noite;Crescente;Nublado;Dupla;Reta;-7,16494846;-35,02707481
09/04/2023;22:20:00;XEXEU;Acumulo de areia ou detritos sobre o pavimento;Saída de leito carroçável;Com Vítimas Feridas;Plena Noite;Crescente;Garoa/Chuvisco;Dupla;Reta;-8,813152;-35,63283
10/04/2023;00:20:00;SAO GONCALO DO RIO ABAIXO;Velocidade Incompatível;Saída de leito carroçável;Com Vítimas Feridas;Plena Noite;Decrescente;Céu Claro;Simples;"Curva;Declive";-19,851808;-43,218079
10/04/2023;00:21:00;BOA VIAGEM;Pista esburacada;Tombamento;Com Vítimas Feridas;Plena Noite;Decrescente;Nublado;Simples;"Declive;Reta";-5,15204678;-39,74881431
09/04/2023;22:50:00;TRES CACHOEIRAS;Velocidade Incompatível;Tombamento;Com Vítimas Feridas;Plena Noite;Crescente;Céu Claro;Simples;Reta;-29,44510072;-49,90916133
10/04/2023;03:06:00;JOAO PESSOA;Velocidade Incompatível;Saída de leito carroçável;Sem Vítimas;Plena Noite;Crescente;Chuva;Dupla;Curva;-7,16459669;-34,89280831
09/04/2023;15:00:00;OLINDINA;Velocidade Incompatível;Capotamento;Com Vítimas Feridas;Pleno dia;Crescente;Nublado;Simples;Reta;-11,416905;-38,292923
10/04/2023;05:50:00;JARAGUA DO SUL;Ultrapassagem Indevida;Colisão frontal;Com Vítimas Feridas;Amanhecer;Crescente;Garoa/Chuvisco;Simples;"Reta;Aclive";-26,45514314;-49,18726132
10/04/2023;06:45:00;PETROLINA;Manobra de mudança de faixa;Colisão transversal;Com Vítimas Feridas;Pleno dia;Crescente;Céu Claro;Dupla;Reta;-9,34807826;-40,47441248
10/04/2023;05:45:00;AGUAS LINDAS DE GOIAS;Chuva;Colisão lateral mesmo sentido;Com Vítimas Feridas;Amanhecer;Crescente;Chuva;Dupla;Curva;-15,73576731;-48,28288046
10/04/2023;07:00:00;SAO JOSE DO RIO PRETO;Ausência de reação do condutor;Tombamento;Com Vítimas Feridas;Pleno dia;Crescente;Céu Claro;Dupla;"Reta;Aclive";-20,78733103;-49,35399276
10/04/2023;06:14:00;MORENO;Velocidade Incompatível;Saída de leito carroçável;Com Vítimas Feridas;Pleno dia;Crescente;Céu Claro;Dupla;"Curva;Declive";-8,10541732;-35,1665671
10/04/2023;07:40:00;SAO JOSE DO RIO PRETO;Avarias e/ou desgaste excessivo no pneu;Tombamento;Com Vítimas Feridas;Pleno dia;Decrescente;Céu Claro;Dupla;Reta;-20,84853593;-49,37585608
10/04/2023;08:05:00;FOZ DO IGUACU;Reação tardia ou ineficiente do condutor;Tombamento;Com Vítimas Feridas;Pleno dia;Decrescente;Céu Claro;Dupla;Reta;-25,5469;-54,5882
10/04/2023;07:30:00;CONTAGEM;Manobra de mudança de faixa;Colisão lateral mesmo sentido;Com Vítimas Feridas;Pleno dia;Crescente;Céu Claro;Dupla;Reta;-19,9615708;-44,05071259
10/04/2023;08:00:00;GUARULHOS;Manobra de mudança de faixa;Colisão traseira;Com Vítimas Feridas;Pleno dia;Crescente;Céu Claro;Dupla;Reta;-23,44695693;-46,45394103
10/04/2023;09:10:00;PORTO ALEGRE;Manobra de mudança de faixa;Colisão lateral mesmo sentido;Com Vítimas Feridas;Pleno dia;Decrescente;Céu Claro;Múltipla;Reta;-29,96948609;-51,16951657
10/04/2023;06:50:00;SAO GONCALO DO RIO ABAIXO;Reação tardia ou ineficiente do condutor;Tombamento;Com Vítimas Feridas;Amanhecer;Decrescente;Nublado;Simples;Curva;-19,82692046;-43,38405945
10/04/2023;08:30:00;GRAO MOGOL;Chuva;Saída de leito carroçável;Com Vítimas Feridas;Pleno dia;Decrescente;Chuva;Simples;Curva;-16,4185062;-43,26071281
10/04/2023;09:20:00;ARAQUARI;Velocidade Incompatível;Saída de leito carroçável;Com Vítimas Feridas;Pleno dia;Decrescente;Garoa/Chuvisco;Dupla;Curva;-26,43646093;-48,81113029
10/04/2023;10:30:00;JOAO PESSOA;Manobra de mudança de faixa;Tombamento;Com Vítimas Feridas;Pleno dia;Crescente;Céu Claro;Dupla;"Curva;Aclive";-7,15118983;-34,91012184
10/04/2023;09:06:00;PORTO VELHO;Ausência de sinalização;Colisão frontal;Com Vítimas Feridas;Pleno dia;Decrescente;Chuva;Múltipla;Em Obras;-8,78535369;-63,85985613
09/04/2023;20:00:00;CARMOPOLIS DE MINAS;Velocidade Incompatível;Saída de leito carroçável;Sem Vítimas;Plena Noite;Decrescente;Chuva;Dupla;Curva;-20,51281133;-44,61221695
10/04/2023;12:32:00;ITAITINGA;Manobra de mudança de faixa;Colisão traseira;Com Vítimas Feridas;Pleno dia;Decrescente;Nublado;Dupla;Reta;-3,88732794;-38,50185439
10/04/2023;13:30:00;SAO JOSE DO RIO PRETO;Avarias e/ou desgaste excessivo no pneu;Tombamento;Com Vítimas Feridas;Pleno dia;Decrescente;Céu Claro;Dupla;Curva;-20,84208514;-49,37074279
06/03/2023;18:48:00;SAO MIGUEL DO OESTE;Velocidade Incompatível;Saída de leito carroçável;Com Vítimas Feridas;Anoitecer;Crescente;Céu Claro;Simples;"Declive;Curva";-26,65911819;-53,51816757
10/04/2023;10:51:00;PORTO VELHO;Ausência de sinalização;Colisão transversal;Com Vítimas Feridas;Pleno dia;Crescente;Céu Claro;Dupla;Reta;-8,7909383;-63,84895617
10/04/2023;12:50:00;MONTES CLAROS;Velocidade Incompatível;Colisão com objeto;Com Vítimas Feridas;Pleno dia;Decrescente;Chuva;Simples;"Curva;Aclive";-16,87724015;-43,993381
10/04/2023;15:10:00;ANAPOLIS;Chuva;Tombamento;Com Vítimas Feridas;Pleno dia;Crescente;Chuva;Dupla;Reta;-16,3979;-48,9664
10/04/2023;15:50:00;GARANHUNS;Falta de elemento de contenção que evite a saída do leito carroçável;Saída de leito carroçável;Com Vítimas Feridas;Pleno dia;Crescente;Céu Claro;Simples;"Declive;Reta";-8,874289;-36,507607
10/04/2023;12:30:00;SAO MATEUS DO MARANHAO;Ausência de reação do condutor;Tombamento;Com Vítimas Feridas;Pleno dia;Decrescente;Céu Claro;Simples;Reta;-3,97634412;-44,47441039
10/04/2023;15:00:00;POUSO NOVO;Manobra de mudança de faixa;Colisão lateral mesmo sentido;Com Vítimas Feridas;Pleno dia;Decrescente;Céu Claro;Simples;"Reta;Em Obras";-29,114208;-52,244186
10/04/2023;17:00:00;CURITIBA;Manobra de mudança de faixa;Colisão traseira;Com Vítimas Feridas;Pleno dia;Decrescente;Céu Claro;Múltipla;Reta;-25,5599323;-49,30743945
10/04/2023;17:25:00;ITABUNA;Chuva;Colisão frontal;Com Vítimas Feridas;Plena Noite;Crescente;Chuva;Simples;Curva;-15,014705;-39,32914101
10/04/2023;18:00:00;MAIRIPORA;Velocidade Incompatível;Colisão com objeto;Com Vítimas Feridas;Anoitecer;Crescente;Nublado;Dupla;"Declive;Curva";-23,2449074;-46,59562343
10/04/2023;18:35:00;PESQUEIRA;Manobra de mudança de faixa;Colisão frontal;Com Vítimas Fatais;Plena Noite;Crescente;Céu Claro;Simples;Reta;-8,373728;-36,71475
10/04/2023;12:05:00;CASCAVEL;Velocidade Incompatível;Saída de leito carroçável;Sem Vítimas;Pleno dia;Crescente;Sol;Dupla;Curva;-24,9129;-53,5028
10/04/2023;13:30:00;IBIRAPITANGA;Velocidade Incompatível;Colisão frontal;Com Vítimas Feridas;Pleno dia;Crescente;Chuva;Simples;Curva;-14,03983;-39,404306
10/04/2023;20:10:00;VOLTA REDONDA;Manobra de mudança de faixa;Colisão transversal;Com Vítimas Feridas;Plena Noite;Decrescente;Céu Claro;Simples;Reta;-22,481726;-44,06308602
10/04/2023;20:10:00;SANTAREM;Acumulo de areia ou detritos sobre o pavimento;Queda de ocupante de veículo;Com Vítimas Feridas;Plena Noite;Decrescente;Garoa/Chuvisco;Simples;Reta;-2,538837;-54,722717
10/04/2023;17:00:00;ACAILANDIA;Curva acentuada;Saída de leito carroçável;Com Vítimas Feridas;Plena Noite;Decrescente;Chuva;Simples;"Declive;Curva";-4,67349673;-46,97517751
10/04/2023;21:35:00;FOZ DO IGUACU;Demais falhas mecânicas ou elétricas;Tombamento;Com Vítimas Feridas;Plena Noite;Crescente;Céu Claro;Dupla;Reta;-25,575893;-54,547942
10/04/2023;19:10:00;SANTA TEREZINHA DE ITAIPU;Velocidade Incompatível;Saída de leito carroçável;Sem Vítimas;Plena Noite;Decrescente;Céu Claro;Dupla;Reta;-25,44527038;-54,40078855
10/04/2023;19:20:00;ARIQUEMES;Afundamento ou ondulação no pavimento;Tombamento;Com Vítimas Feridas;Plena Noite;Crescente;Nublado;Simples;Reta;-10,017674;-63,167126
10/04/2023;21:35:00;TIJUCAS;Reação tardia ou ineficiente do condutor;Tombamento;Com Vítimas Feridas;Plena Noite;Decrescente;Nublado;Múltipla;Reta;-27,23461699;-48,63039809
10/04/2023;18:10:00;PRESIDENTE MEDICI;Ultrapassagem Indevida;Colisão lateral mesmo sentido;Com Vítimas Feridas;Anoitecer;Decrescente;Céu Claro;Simples;"Reta;Interseção de Vias";-11,172427;-61,901573
10/04/2023;19:00:00;NOVA IGUACU;Chuva;Capotamento;Sem Vítimas;Plena Noite;Decrescente;Chuva;Múltipla;Reta;-22,73962339;-43,46276495
10/04/2023;20:00:00;PONTES E LACERDA;Ultrapassagem Indevida;Colisão traseira;Com Vítimas Fatais;Plena Noite;Decrescente;Chuva;Simples;"Declive;Reta";-15,2601158;-59,30416476
11/04/2023;04:40:00;SANTA TEREZA DO OESTE;Velocidade Incompatível;Saída de leito carroçável;Com Vítimas Feridas;Plena Noite;Crescente;Céu Claro;Dupla;Curva;-25,12777504;-53,5882494
10/04/2023;19:00:00;TERESOPOLIS;Ausência de reação do condutor;Tombamento;Com Vítimas Feridas;Plena Noite;Decrescente;Nublado;Simples;Reta;-22,42972396;-42,95095697
11/04/2023;05:30:00;CATANDUVAS;Ultrapassagem Indevida;Colisão frontal;Com Vítimas Feridas;Amanhecer;Crescente;Céu Claro;Simples;Reta;-25,0856681;-53,14103403
11/04/2023;08:40:00;NOVA LIMA;Manobra de mudança de faixa;Colisão lateral mesmo sentido;Com Vítimas Feridas;Pleno dia;Crescente;Céu Claro;Dupla;"Reta;Viaduto";-20,00670404;-43,96418668
11/04/2023;07:55:00;MANGARATIBA;Ausência de sinalização;Colisão lateral sentido oposto;Com Vítimas Feridas;Pleno dia;Crescente;Sol;Simples;Reta;-22,93391858;-43,9899979
11/04/2023;08:20:00;BIGUACU;Manobra de mudança de faixa;Colisão traseira;Com Vítimas Feridas;Pleno dia;Crescente;Sol;Múltipla;Curva;-27,51844497;-48,63848496
11/04/2023;08:30:00;CABO DE SANTO AGOSTINHO;Manobra de mudança de faixa;Colisão lateral mesmo sentido;Com Vítimas Feridas;Pleno dia;Crescente;Céu Claro;Dupla;"Curva;Declive";-8,249824;-35,007412
11/04/2023;11:30:00;CALDAS;Conversão proibida;Tombamento;Com Vítimas Feridas;Pleno dia;Crescente;Céu Claro;Simples;Curva;-21,85624967;-46,4357579
08/04/2023;17:45:00;MORRINHOS;Acumulo de água sobre o pavimento;Saída de leito carroçável;Com Vítimas Feridas;Anoitecer;Crescente;Chuva;Dupla;Retorno Regulamentado;-17,7585715;-49,16315686
11/04/2023;12:00:00;TEOFILO OTONI;Obras na pista;Tombamento;Com Vítimas Feridas;Pleno dia;Crescente;Céu Claro;Simples;Reta;-17,84235093;-41,51410418
08/04/2023;06:40:00;PIRAI;Acumulo de óleo sobre o pavimento;Colisão com objeto;Com Vítimas Feridas;Pleno dia;Decrescente;Chuva;Simples;"Curva;Declive";-22,65223367;-43,82992389
11/04/2023;14:00:00;ELDORADO DO SUL;Avarias e/ou desgaste excessivo no pneu;Tombamento;Com Vítimas Feridas;Pleno dia;Decrescente;Céu Claro;Dupla;Reta;-30,05365284;-51,33574234
11/04/2023;16:00:00;ABADIANIA;Acumulo de água sobre o pavimento;Saída de leito carroçável;Com Vítimas Feridas;Pleno dia;Crescente;Chuva;Dupla;"Aclive;Curva";-16,2551;-48,7628
11/04/2023;18:00:00;SAO JOSE DOS CAMPOS;Frear bruscamente;Tombamento;Com Vítimas Feridas;Plena Noite;Decrescente;Céu Claro;Dupla;"Declive;Reta";-23,24524337;-45,92772774
11/04/2023;18:10:00;TRES LAGOAS;Reação tardia ou ineficiente do condutor;Tombamento;Com Vítimas Feridas;Plena Noite;Crescente;Céu Claro;Simples;Reta;-20,86079789;-51,74334727
11/04/2023;18:50:00;ARAQUARI;Pista Escorregadia;Colisão lateral mesmo sentido;Com Vítimas Feridas;Plena Noite;Decrescente;Céu Claro;Dupla;Reta;-26,44651734;-48,79426826
27/02/2023;18:00:00;BALNEARIO CAMBORIU;Manobra de mudança de faixa;Colisão lateral mesmo sentido;Com Vítimas Feridas;Pleno dia;Crescente;Sol;Dupla;Reta;-27,02982303;-48,60115006
11/04/2023;21:30:00;TAUBATE;Manobra de mudança de faixa;Colisão traseira;Com Vítimas Feridas;Plena Noite;Crescente;Céu Claro;Dupla;Reta;-23,04654177;-45,59018006
11/04/2023;20:30:00;BOM JESUS DO AMPARO;Afundamento ou ondulação no pavimento;Queda de ocupante de veículo;Com Vítimas Feridas;Plena Noite;Decrescente;Nublado;Dupla;"Reta;Viaduto";-19,75137942;-43,53638096
11/04/2023;18:30:00;PINHEIRO MACHADO;Manobra de mudança de faixa;Colisão frontal;Com Vítimas Fatais;Anoitecer;Decrescente;Céu Claro;Simples;Reta;-31,54835011;-53,42998502
12/04/2023;03:30:00;ATIBAIA;Reação tardia ou ineficiente do condutor;Tombamento;Com Vítimas Feridas;Plena Noite;Crescente;Nublado;Simples;Reta;-23,21359807;-46,59367981
12/04/2023;06:40:00;PALHOCA;Manobra de mudança de faixa;Colisão lateral mesmo sentido;Com Vítimas Feridas;Pleno dia;Decrescente;Céu Claro;Múltipla;Reta;-27,64443;-48,67057
12/04/2023;06:15:00;SAO JOSE;Reação tardia ou ineficiente do condutor;Tombamento;Com Vítimas Feridas;Pleno dia;Decrescente;Sol;Múltipla;"Reta;Declive";-27,60001226;-48,6226467
12/04/2023;07:21:00;MOSSORO;Ausência de reação do condutor;Tombamento;Com Vítimas Feridas;Pleno dia;Crescente;Céu Claro;Dupla;Reta;-5,19170196;-37,361471
12/04/2023;06:50:00;EMBU DAS ARTES;Trafegar com motocicleta (ou similar) entre as faixas;Tombamento;Com Vítimas Feridas;Pleno dia;Decrescente;Céu Claro;Dupla;Reta;-23,69297005;-46,86352786
12/04/2023;07:50:00;BELO HORIZONTE;Manobra de mudança de faixa;Colisão traseira;Com Vítimas Feridas;Pleno dia;Crescente;Céu Claro;Dupla;"Declive;Reta";-19,92372561;-44,01700789
12/04/2023;09:15:00;AGUAS LINDAS DE GOIAS;Manobra de mudança de faixa;Saída de leito carroçável;Sem Vítimas;Pleno dia;Decrescente;Céu Claro;Múltipla;Reta;-15,73733681;-48,27407468
12/04/2023;10:50:00;PORTO ALEGRE;Manobra de mudança de faixa;Colisão lateral mesmo sentido;Com Vítimas Feridas;Pleno dia;Decrescente;Céu Claro;Dupla;Reta;-29,96934832;-51,16843164
12/04/2023;10:30:00;ROSARIO DO SUL;Afundamento ou ondulação no pavimento;Tombamento;Com Vítimas Feridas;Pleno dia;Crescente;Céu Claro;Simples;Reta;-30,18096;-55,103222
05/04/2023;20:50:00;TRES MARIAS;Velocidade Incompatível;Colisão com objeto;Com Vítimas Feridas;Plena Noite;Decrescente;Nublado;Simples;"Declive;Curva";-18,51247005;-45,07802246
12/04/2023;12:10:00;ATIBAIA;Manobra de mudança de faixa;Colisão lateral mesmo sentido;Com Vítimas Feridas;Pleno dia;Crescente;Céu Claro;Múltipla;Reta;-23,15597105;-46,5740155
10/02/2023;19:40:00;PICOS;Ultrapassagem Indevida;Colisão lateral sentido oposto;Com Vítimas Feridas;Plena Noite;Crescente;Céu Claro;Simples;Reta;-7,00804546;-41,59917355
17/03/2023;03:50:00;ITAITUBA;Pista esburacada;Eventos atípicos;Sem Vítimas;Plena Noite;Crescente;Chuva;Simples;"Curva;Declive";-4,39405178;-55,79024037
12/04/2023;15:40:00;BETIM;Reação tardia ou ineficiente do condutor;Tombamento;Com Vítimas Feridas;Pleno dia;Crescente;Chuva;Múltipla;Reta;-19,99676497;-44,20958506
23/03/2023;19:36:00;CARIACICA;Ausência de reação do condutor;Tombamento;Com Vítimas Feridas;Plena Noite;Crescente;Ignorado;Dupla;Reta;-20,34529844;-40,41026774
11/02/2023;10:00:00;RIO DE JANEIRO;Pedestre andava na pista;Tombamento;Com Vítimas Feridas;Pleno dia;Decrescente;Céu Claro;Dupla;Curva;-22,87133305;-43,20407695
12/04/2023;15:55:00;JUATUBA;Pista Escorregadia;Saída de leito carroçável;Com Vítimas Feridas;Pleno dia;Crescente;Chuva;Dupla;Curva;-19,935759;-44,438856
12/04/2023;16:30:00;ANGRA DOS REIS;Manobra de mudança de faixa;Colisão traseira;Com Vítimas Feridas;Pleno dia;Crescente;Céu Claro;Simples;Curva;-23,00030529;-44,25655988
12/04/2023;17:45:00;GUARULHOS;Manobra de mudança de faixa;Colisão lateral mesmo sentido;Com Vítimas Feridas;Anoitecer;Decrescente;Nublado;Múltipla;Reta;-23,46802395;-46,50704901
01/04/2023;09:09:00;ITAITUBA;Reação tardia ou ineficiente do condutor;Tombamento;Com Vítimas Feridas;Pleno dia;Crescente;Ignorado;Simples;Reta;-6,30590545;-55,59070142
12/04/2023;17:40:00;XAXIM;Velocidade Incompatível;Saída de leito carroçável;Com Vítimas Feridas;Pleno dia;Crescente;Céu Claro;Simples;Curva;-26,969427;-52,57497
12/04/2023;18:45:00;ITAJAI;Manobra de mudança de faixa;Colisão lateral mesmo sentido;Sem Vítimas;Plena Noite;Crescente;Nublado;Múltipla;"Declive;Viaduto";-26,88747187;-48,72252969
12/04/2023;19:20:00;PALHOCA;Velocidade Incompatível;Capotamento;Com Vítimas Feridas;Plena Noite;Crescente;Céu Claro;Dupla;Reta;-27,74200001;-48,63806504
12/04/2023;19:00:00;ESTRELA;Reação tardia ou ineficiente do condutor;Tombamento;Com Vítimas Feridas;Plena Noite;Decrescente;Céu Claro;Dupla;Reta;-29,4743;-51,952923
12/04/2023;17:50:00;RIO LARGO;Deficiência do Sistema de Iluminação/Sinalização;Colisão traseira;Com Vítimas Feridas;Plena Noite;Crescente;Céu Claro;Dupla;Reta;-9,44631269;-35,84294014
12/04/2023;18:00:00;NOVA IGUACU;Manobra de mudança de faixa;Colisão lateral mesmo sentido;Com Vítimas Feridas;Plena Noite;Crescente;Céu Claro;Múltipla;Reta;-22,7651616;-43,4154728
12/04/2023;18:40:00;NAVEGANTES;Desvio temporário;Colisão com objeto;Com Vítimas Feridas;Anoitecer;Crescente;Céu Claro;Dupla;Reta;-26,833143;-48,727432
12/04/2023;19:40:00;CAMAQUA;Ingestão de álcool pelo condutor;Tombamento;Com Vítimas Feridas;Plena Noite;Decrescente;Céu Claro;Dupla;"Curva;Retorno Regulamentado";-30,84497914;-51,75687894
12/04/2023;19:50:00;RIO DOS BOIS;Desvio temporário;Colisão traseira;Com Vítimas Feridas;Plena Noite;Decrescente;Céu Claro;Simples;Reta;-9,35274923;-48,5436847
12/04/2023;18:30:00;TEOFILO OTONI;Pista em desnível;Tombamento;Com Vítimas Feridas;Plena Noite;Crescente;Nublado;Dupla;"Reta;Em Obras";-17,849901;-41,514906
12/04/2023;21:35:00;CAMPO MOURAO;Iluminação deficiente;Colisão traseira;Com Vítimas Feridas;Plena Noite;Decrescente;Céu Claro;Simples;"Reta;Aclive";-24,0567;-52,3819
23/02/2023;19:30:00;RECIFE;Acostamento em desnível;Tombamento;Com Vítimas Feridas;Plena Noite;Crescente;Nublado;Dupla;Curva;-7,9893;-34,93533
12/04/2023;19:00:00;CAMPO GRANDE;Ausência de reação do condutor;Tombamento;Com Vítimas Feridas;Plena Noite;Decrescente;Ignorado;Dupla;Reta;-20,487322;-54,55929095