data_inversa;horario;municipio;causa_acidente;tipo_acidente;classificacao_acidente;fase_dia;sentido_via;condicao_metereologica;tipo_pista;tracado_via;latitude;longitude
16/04/2023;17:20:00;PROFESSOR JAMIL;Velocidade Incompatível;Saída de leito carroçável;Com Vítimas Feridas;Pleno dia;Decrescente;Céu Claro;Dupla;Reta;-17,4071;-49,2247
16/04/2023;19:00:00;RIO CASCA;Ausência de reação do condutor;Tombamento;Com Vítimas Feridas;Plena Noite;Decrescente;Céu Claro;Simples;Rotatória;-20,20814029;-42,66502007
16/04/2023;19:40:00;ITAPECERICA DA SERRA;Manobra de mudança de faixa;Colisão lateral mesmo sentido;Sem Vítimas;Plena Noite;Decrescente;Céu Claro;Dupla;Reta;-23,70407794;-46,87249709
16/04/2023;19:00:00;SAO JOSE DOS PINHAIS;Velocidade Incompatível;Capotamento;Sem Vítimas;Plena Noite;Decrescente;Chuva;Dupla;"Reta;Declive";-25,46961587;-49,09184037
16/04/2023;20:00:00;GUARULHOS;Manobra de mudança de faixa;Colisão lateral mesmo sentido;Com Vítimas Feridas;Plena Noite;Decrescente;Céu Claro;Dupla;Reta;-23,47093408;-46,51631097
16/04/2023;17:35:00;FRANCISCO SA;Pista Escorregadia;Tombamento;Com Vítimas Feridas;Anoitecer;Crescente;Nublado;Simples;"Reta;Declive";-16,63317695;-43,69642613
16/04/2023;20:20:00;PAULISTA;Manobra de mudança de faixa;Capotamento;Com Vítimas Feridas;Plena Noite;Decrescente;Chuva;Múltipla;Curva;-7,92358799;-34,89607201
16/04/2023;18:32:00;ITAGUAI;Pista esburacada;Queda de ocupante de veículo;Com Vítimas Feridas;Plena Noite;Crescente;Céu Claro;Dupla;Reta;-22,83188325;-43,80970001
16/04/2023;19:01:00;TORITAMA;Ultrapassagem Indevida;Colisão frontal;Com Vítimas Feridas;Plena Noite;Crescente;Nublado;Simples;Curva;-8,0137;-36,0565
16/04/2023;20:30:00;PATO BRANCO;Velocidade Incompatível;Saída de leito carroçável;Com Vítimas Feridas;Plena Noite;Decrescente;Céu Claro;Simples;Curva;-26,24774787;-52,70513312
16/04/2023;22:00:00;CONTAGEM;Avarias e/ou desgaste excessivo no pneu;Tombamento;Com Vítimas Feridas;Plena Noite;Crescente;Céu Claro;Dupla;Reta;-19,83957589;-44,07684485
16/04/2023;21:10:00;SENTINELA DO SUL;Ausência de sinalização;Saída de leito carroçável;Com Vítimas Feridas;Plena Noite;Decrescente;Céu Claro;Simples;Desvio Temporário;-30,64814964;-51,56101323
16/04/2023;22:58:00;RECIFE;Pista Escorregadia;Tombamento;Com Vítimas Feridas;Plena Noite;Crescente;Chuva;Dupla;Reta;-8,078565;-34,943143
16/04/2023;22:30:00;GOVERNADOR VALADARES;Velocidade Incompatível;Colisão traseira;Com Vítimas Feridas;Plena Noite;Decrescente;Céu Claro;Simples;Reta;-18,86882342;-41,97144241
17/04/2023;00:05:00;LAGUNA;Velocidade Incompatível;Colisão com objeto;Com Vítimas Feridas;Plena Noite;Decrescente;Chuva;Múltipla;"Curva;Aclive";-28,41664501;-48,79508972
17/04/2023;02:00:00;VARGEM;Acumulo de água sobre o pavimento;Capotamento;Com Vítimas Feridas;Pleno dia;Decrescente;Chuva;Simples;Curva;-27,538227;-50,860825
16/04/2023;08:11:00;ILHEUS;Condutor Dormindo;Tombamento;Com Vítimas Feridas;Pleno dia;Decrescente;Céu Claro;Simples;Curva;-14,8482;-39,281986
17/04/2023;05:30:00;NAVEGANTES;Velocidade Incompatível;Saída de leito carroçável;Sem Vítimas;Plena Noite;Decrescente;Chuva;Dupla;Reta;-26,858473;-48,690788
17/04/2023;06:30:00;ARUJA;Manobra de mudança de faixa;Queda de ocupante de veículo;Com Vítimas Feridas;Pleno dia;Crescente;Céu Claro;Dupla;Reta;-23,41475243;-46,36600788
17/04/2023;05:54:00;RIO DE JANEIRO;Manobra de mudança de faixa;Colisão lateral mesmo sentido;Com Vítimas Feridas;Pleno dia;Decrescente;Céu Claro;Dupla;Reta;-22,81113183;-43,3336729
17/04/2023;05:44:00;CALDAS BRANDAO;Pista em desnível;Tombamento;Com Vítimas Feridas;Pleno dia;Decrescente;Céu Claro;Dupla;"Reta;Aclive";-7,1849;-35,2955
17/04/2023;06:50:00;PARANAVAI;Acumulo de areia ou detritos sobre o pavimento;Colisão com objeto;Com Vítimas Feridas;Pleno dia;Decrescente;Nublado;Dupla;Reta;-23,08586386;-52,40179942
17/04/2023;07:05:00;JOAO PESSOA;Manobra de mudança de faixa;Colisão lateral mesmo sentido;Com Vítimas Feridas;Pleno dia;Decrescente;Céu Claro;Dupla;Curva;-7,148585;-34,85091
16/04/2023;23:00:00;PALMEIRA DAS MISSOES;Velocidade Incompatível;Saída de leito carroçável;Com Vítimas Feridas;Plena Noite;Crescente;Chuva;Simples;Reta;-27,819934;-53,41763932
17/04/2023;07:30:00;MAMANGUAPE;Pista esburacada;Queda de ocupante de veículo;Com Vítimas Feridas;Pleno dia;Decrescente;Céu Claro;Dupla;Reta;-6,81169597;-35,13969074
17/04/2023;07:15:00;JOINVILLE;Chuva;Colisão com objeto;Sem Vítimas;Pleno dia;Crescente;Chuva;Dupla;Curva;-26,42280898;-48,82977496
17/04/2023;06:00:00;RESENDE;Avarias e/ou desgaste excessivo no pneu;Tombamento;Com Vítimas Feridas;Pleno dia;Decrescente;Sol;Dupla;Reta;-22,45422685;-44,37573195
17/04/2023;08:15:00;FORTALEZA;Manobra de mudança de faixa;Colisão lateral mesmo sentido;Com Vítimas Feridas;Pleno dia;Decrescente;Chuva;Múltipla;Reta;-3,77866493;-38,51490171
17/04/2023;07:30:00;IGARAPE;Deficiência do Sistema de Iluminação/Sinalização;Colisão transversal;Com Vítimas Feridas;Pleno dia;Crescente;Céu Claro;Dupla;Interseção de Vias;-20,099993;-44,318903
17/04/2023;07:00:00;ORTIGUEIRA;Chuva;Saída de leito carroçável;Com Vítimas Feridas;Pleno dia;Decrescente;Chuva;Dupla;"Declive;Curva";-23,97857518;-51,09540715
17/04/2023;07:40:00;SAO JOSE DOS CAMPOS;Reação tardia ou ineficiente do condutor;Tombamento;Com Vítimas Feridas;Pleno dia;Crescente;Sol;Múltipla;Reta;-23,1869844;-45,8548078
17/04/2023;08:30:00;CARATINGA;Manobra de mudança de faixa;Colisão lateral mesmo sentido;Com Vítimas Feridas;Pleno dia;Crescente;Céu Claro;Dupla;Retorno Regulamentado;-19,78510701;-42,13445297
17/04/2023;13:11:00;MOSSORO;Velocidade Incompatível;Colisão traseira;Com Vítimas Feridas;Pleno dia;Decrescente;Céu Claro;Dupla;Reta;-5,214417;-37,369715
17/04/2023;07:50:00;SUME;Mal súbito do condutor;Tombamento;Com Vítimas Feridas;Pleno dia;Crescente;Céu Claro;Simples;Aclive;-7,675978;-36,884178
17/04/2023;08:10:00;GOVERNADOR VALADARES;Ausência de reação do condutor;Tombamento;Com Vítimas Feridas;Pleno dia;Decrescente;Céu Claro;Dupla;Reta;-18,86244705;-41,97405237
17/04/2023;14:10:00;BETIM;Demais falhas mecânicas ou elétricas;Tombamento;Com Vítimas Feridas;Pleno dia;Crescente;Céu Claro;Dupla;Reta;-19,99238531;-44,20752525
17/04/2023;14:45:00;IGARASSU;Manobra de mudança de faixa;Colisão transversal;Com Vítimas Feridas;Pleno dia;Decrescente;Céu Claro;Múltipla;"Retorno Regulamentado;Reta";-7,87406004;-34,90588126
17/04/2023;13:40:00;IBEMA;Acumulo de areia ou detritos sobre o pavimento;Saída de leito carroçável;Com Vítimas Feridas;Pleno dia;Crescente;Nevoeiro/Neblina;Simples;Curva;-25,10469887;-53,05246199
17/04/2023;16:30:00;EUNAPOLIS;Velocidade Incompatível;Colisão traseira;Com Vítimas Feridas;Pleno dia;Crescente;Céu Claro;Simples;Reta;-16,37256267;-39,57064408
17/04/2023;05:00:00;RANCHO QUEIMADO;Velocidade Incompatível;Saída de leito carroçável;Com Vítimas Feridas;Amanhecer;Crescente;Chuva;Simples;"Curva;Aclive";-27,683439;-49,105259
17/04/2023;16:55:00;PESQUEIRA;Acumulo de água sobre o pavimento;Colisão com objeto;Com Vítimas Feridas;Plena Noite;Decrescente;Chuva;Simples;Curva;-8,408758;-36,922813
17/04/2023;15:40:00;RECIFE;Velocidade Incompatível;Colisão traseira;Com Vítimas Feridas;Pleno dia;Crescente;Céu Claro;Múltipla;Reta;-8,06776119;-34,94265074
17/04/2023;17:05:00;CRISTAL;Ausência de reação do condutor;Tombamento;Com Vítimas Feridas;Pleno dia;Decrescente;Céu Claro;Dupla;Retorno Regulamentado;-31,11252893;-52,02789282
17/04/2023;17:10:00;ITAPECURU MIRIM;Chuva;Saída de leito carroçável;Sem Vítimas;Pleno dia;Decrescente;Chuva;Simples;Reta;-3,24306403;-44,37657396
17/04/2023;16:30:00;IMBAU;Velocidade Incompatível;Saída de leito carroçável;Com Vítimas Feridas;Pleno dia;Decrescente;Nublado;Dupla;"Aclive;Curva";-24,47251574;-50,73914548
17/04/2023;17:50:00;BRASILIA;Manobra de mudança de faixa;Colisão traseira;Com Vítimas Feridas;Pleno dia;Crescente;Nublado;Dupla;Reta;-15,784615;-48,132023
17/04/2023;17:45:00;MAGE;Ultrapassagem Indevida;Colisão lateral sentido oposto;Com Vítimas Feridas;Plena Noite;Crescente;Céu Claro;Simples;Reta;-22,61089109;-43,03429484
17/04/2023;16:52:00;CRUZ DAS ALMAS;Velocidade Incompatível;Colisão transversal;Com Vítimas Feridas;Pleno dia;Decrescente;Céu Claro;Simples;"Retorno Regulamentado;Reta";-12,664262;-39,12906
17/04/2023;07:30:00;MAGE;Ausência de reação do condutor;Tombamento;Com Vítimas Feridas;Pleno dia;Decrescente;Céu Claro;Dupla;Reta;-22,6657139;-43,10092001
17/04/2023;18:20:00;TUBARAO;Acumulo de areia ou detritos sobre o pavimento;Tombamento;Com Vítimas Feridas;Plena Noite;Crescente;Nublado;Simples;Viaduto;-28,50697617;-49,0500927
17/04/2023;19:15:00;ANGRA DOS REIS;Acumulo de areia ou detritos sobre o pavimento;Tombamento;Com Vítimas Feridas;Plena Noite;Crescente;Nublado;Múltipla;Retorno Regulamentado;-22,98960623;-44,24168693
17/04/2023;17:50:00;BANDEIRANTES;Ausência de reação do condutor;Tombamento;Com Vítimas Feridas;Anoitecer;Crescente;Céu Claro;Simples;Reta;-19,91869106;-54,36860922
17/04/2023;18:40:00;CACOAL;Pista esburacada;Tombamento;Com Vítimas Feridas;Plena Noite;Crescente;Chuva;Simples;Reta;-11,4388578;-61,45471289
17/04/2023;18:45:00;CACOAL;Demais falhas na via;Tombamento;Com Vítimas Feridas;Plena Noite;Crescente;Chuva;Simples;"Reta;Interseção de Vias";-11,4388578;-61,45471289
17/04/2023;19:30:00;PORTO VELHO;Sinalização mal posicionada;Colisão lateral mesmo sentido;Com Vítimas Feridas;Plena Noite;Crescente;Céu Claro;Dupla;Reta;-8,80031556;-63,813994
17/04/2023;13:00:00;PARATY;Chuva;Tombamento;Com Vítimas Feridas;Pleno dia;Decrescente;Chuva;Simples;Curva;-23,18216501;-44,71777595
17/04/2023;22:00:00;BETIM;Ausência de reação do condutor;Tombamento;Com Vítimas Feridas;Plena Noite;Crescente;Céu Claro;Dupla;Reta;-19,96502819;-44,17422195
17/04/2023;22:00:00;BLUMENAU;Demais falhas na via;Tombamento;Com Vítimas Feridas;Pleno dia;Crescente;Chuva;Simples;"Reta;Em Obras;Desvio Temporário";-26,883879;-49,145622
17/04/2023;21:45:00;SANTA MARIA;Manobra de mudança de faixa;Colisão lateral mesmo sentido;Sem Vítimas;Plena Noite;Crescente;Céu Claro;Múltipla;"Reta;Retorno Regulamentado";-29,7284269;-53,80323691
13/03/2023;13:07:00;GOIANIA;Velocidade Incompatível;Colisão com objeto;Com Vítimas Feridas;Pleno dia;Decrescente;Garoa/Chuvisco;Dupla;Interseção de Vias;-16,63236777;-49,20500636
18/04/2023;08:22:00;SAO PAULO;Manobra de mudança de faixa;Colisão traseira;Com Vítimas Feridas;Pleno dia;Crescente;Chuva;Múltipla;"Reta;Aclive";-23,51291902;-46,57604698
05/04/2023;05:59:00;LONDRINA;Afundamento ou ondulação no pavimento;Tombamento;Com Vítimas Feridas;Amanhecer;Crescente;Céu Claro;Dupla;Interseção de Vias;-23,29293101;-51,1430043
11/04/2023;16:55:00;ARAPONGAS;Ultrapassagem Indevida;Colisão lateral mesmo sentido;Com Vítimas Feridas;Pleno dia;Crescente;Céu Claro;Simples;Reta;-23,4132857;-51,4271371
18/04/2023;11:25:00;CARIACICA;Velocidade Incompatível;Capotamento;Com Vítimas Feridas;Pleno dia;Crescente;Céu Claro;Dupla;Reta;-20,26493528;-40,38471702
18/04/2023;09:40:00;ITAPERUNA;Pista esburacada;Saída de leito carroçável;Sem Vítimas;Pleno dia;Decrescente;Céu Claro;Simples;Reta;-21,17751067;-42,06761898
18/04/2023;13:00:00;SOORETAMA;Ultrapassagem Indevida;Colisão lateral sentido oposto;Com Vítimas Feridas;Pleno dia;Crescente;Céu Claro;Simples;Reta;-19,16016593;-40,08315314
18/04/2023;09:30:00;MAGE;Frear bruscamente;Tombamento;Com Vítimas Feridas;Pleno dia;Decrescente;Nublado;Simples;Reta;-22,65705297;-43,061742
18/04/2023;09:15:00;CURITIBA;Reação tardia ou ineficiente do condutor;Tombamento;Com Vítimas Feridas;Pleno dia;Decrescente;Nublado;Múltipla;Reta;-25,55953326;-49,26560414
14/04/2023;17:40:00;CAMPOS ALTOS;Demais falhas na via;Saída de leito carroçável;Com Vítimas Feridas;Anoitecer;Crescente;Chuva;Simples;Reta;-19,61802014;-46,27554711
18/04/2023;13:10:00;TAUBATE;Velocidade Incompatível;Colisão com objeto;Com Vítimas Feridas;Pleno dia;Decrescente;Nublado;Dupla;"Declive;Reta";-23,02845533;-45,54446624
12/01/2023;08:54:00;ANDIRA;Ultrapassagem Indevida;Tombamento;Com Vítimas Feridas;Pleno dia;Crescente;Céu Claro;Simples;Reta;-23,02875984;-50,20835102
18/04/2023;12:50:00;JI-PARANA;Manobra de mudança de faixa;Colisão lateral mesmo sentido;Com Vítimas Feridas;Pleno dia;Decrescente;Céu Claro;Múltipla;Reta;-10,865874;-61,968647
18/04/2023;11:40:00;MANAUS;Reação tardia ou ineficiente do condutor;Tombamento;Com Vítimas Feridas;Pleno dia;Decrescente;Chuva;Simples;"Reta;Aclive";-2,59031258;-60,03400959
18/04/2023;15:15:00;PONTA GROSSA;Acumulo de água sobre o pavimento;Saída de leito carroçável;Sem Vítimas;Pleno dia;Crescente;Chuva;Dupla;Curva;-25,02483124;-50,32444775
18/04/2023;15:10:00;CAJATI;Reação tardia ou ineficiente do condutor;Tombamento;Com Vítimas Feridas;Pleno dia;Decrescente;Chuva;Dupla;Curva;-24,83558399;-48,2223738
18/04/2023;16:45:00;REGISTRO;Acumulo de água sobre o pavimento;Saída de leito carroçável;Com Vítimas Feridas;Anoitecer;Decrescente;Chuva;Dupla;Reta;-24,42978592;-47,78559107
18/04/2023;13:00:00;RESENDE;Velocidade Incompatível;Queda de ocupante de veículo;Com Vítimas Feridas;Pleno dia;Crescente;Chuva;Dupla;"Reta;Retorno Regulamentado";-22,4550412;-44,38649998
07/04/2023;09:50:00;AGRONOMICA;Chuva;Colisão frontal;Com Vítimas Feridas;Pleno dia;Crescente;Chuva;Simples;Curva;-27,285425;-49,76881
18/04/2023;13:00:00;PETROPOLIS;Velocidade Incompatível;Saída de leito carroçável;Com Vítimas Feridas;Pleno dia;Crescente;Chuva;Dupla;Curva;-22,48485874;-43,22843406
18/04/2023;18:20:00;ROSEIRA;Chuva;Tombamento;Com Vítimas Feridas;Plena Noite;Decrescente;Chuva;Dupla;Reta;-22,89420903;-45,29471098
18/04/2023;18:30:00;FAZENDA VILANOVA;Pista Escorregadia;Saída de leito carroçável;Sem Vítimas;Plena Noite;Crescente;Céu Claro;Simples;Curva;-29,610334;-51,804359
18/04/2023;17:48:00;BRASILIA;Velocidade Incompatível;Capotamento;Com Vítimas Feridas;Anoitecer;Crescente;Céu Claro;Dupla;Reta;-15,625675;-47,725159
18/04/2023;19:00:00;MAUA DA SERRA;Velocidade Incompatível;Saída de leito carroçável;Com Vítimas Feridas;Plena Noite;Decrescente;Garoa/Chuvisco;Simples;Curva;-23,96167303;-51,11499389
18/04/2023;19:40:00;CANOAS;Falta de acostamento;Colisão traseira;Com Vítimas Feridas;Plena Noite;Crescente;Céu Claro;Dupla;Reta;-29,9531992;-51,1765025
18/04/2023;18:50:00;UBERABA;Ausência de reação do condutor;Tombamento;Com Vítimas Feridas;Plena Noite;Crescente;Céu Claro;Dupla;Reta;-19,814558;-47,897625
18/04/2023;20:00:00;EMBU DAS ARTES;Pista Escorregadia;Engavetamento;Sem Vítimas;Plena Noite;Crescente;Chuva;Dupla;Reta;-23,65508497;-46,84918605
18/04/2023;20:00:00;BARRA VELHA;Reação tardia ou ineficiente do condutor;Tombamento;Com Vítimas Feridas;Plena Noite;Crescente;Garoa/Chuvisco;Dupla;Reta;-26,71939376;-48,70234966
18/04/2023;23:30:00;FRANCO DA ROCHA;Chuva;Saída de leito carroçável;Sem Vítimas;Plena Noite;Não Informado;Chuva;Dupla;Curva;-23,293265;-46,8430811
18/04/2023;23:58:00;ARIQUEMES;Reação tardia ou ineficiente do condutor;Tombamento;Com Vítimas Feridas;Plena Noite;Crescente;Nublado;Simples;Reta;-10,06422899;-62,97402181
19/04/2023;03:40:00;CANOINHAS;Reação tardia ou ineficiente do condutor;Tombamento;Com Vítimas Feridas;Plena Noite;Decrescente;Nublado;Simples;Rotatória;-26,18980993;-50,37522381
19/04/2023;06:00:00;SAO GONCALO DO AMARANTE;Manobra de mudança de faixa;Colisão lateral mesmo sentido;Com Vítimas Feridas;Pleno dia;Crescente;Céu Claro;Dupla;Reta;-5,7710445;-35,26616981
19/04/2023;05:39:00;CACAPAVA;Ultrapassagem Indevida;Colisão lateral mesmo sentido;Com Vítimas Feridas;Amanhecer;Crescente;Chuva;Dupla;Reta;-23,12742083;-45,73636609
19/04/2023;00:05:00;MACAPA;Manobra de mudança de faixa;Colisão lateral mesmo sentido;Com Vítimas Feridas;Plena Noite;Decrescente;Garoa/Chuvisco;Dupla;Reta;0,07780012;-51,06097
19/04/2023;07:00:00;SAO JOSE DO RIO PRETO;Reação tardia ou ineficiente do condutor;Tombamento;Com Vítimas Feridas;Pleno dia;Crescente;Garoa/Chuvisco;Dupla;"Curva;Declive";-20,85197874;-49,40070263
19/04/2023;08:00:00;BIGUACU;Ausência de reação do condutor;Tombamento;Com Vítimas Feridas;Pleno dia;Crescente;Sol;Dupla;Reta;-27,49815117;-48,65661236
19/04/2023;07:55:00;PERDOES;Acumulo de água sobre o pavimento;Saída de leito carroçável;Com Vítimas Feridas;Pleno dia;Crescente;Chuva;Dupla;"Curva;Declive";-21,05183592;-45,00468933
07/04/2023;12:15:00;CURVELO;Manobra de mudança de faixa;Colisão lateral mesmo sentido;Com Vítimas Feridas;Pleno dia;Crescente;Céu Claro;Simples;Reta;-19,14497555;-44,60882653
19/04/2023;08:45:00;RECIFE;Manobra de mudança de faixa;Colisão lateral mesmo sentido;Com Vítimas Feridas;Pleno dia;Crescente;Céu Claro;Dupla;Curva;-8,020526;-34,942704
19/04/2023;08:30:00;ANGRA DOS REIS;Velocidade Incompatível;Colisão frontal;Com Vítimas Feridas;Pleno dia;Crescente;Nublado;Simples;Curva;-23,00959629;-44,45214272
19/04/2023;00:05:00;SAO JOAO DA BARRA;Velocidade Incompatível;Saída de leito carroçável;Com Vítimas Feridas;Plena Noite;Crescente;Céu Claro;Simples;Reta;-21,70969582;-41,14093103
19/04/2023;09:10:00;NATAL;Manobra de mudança de faixa;Colisão lateral mesmo sentido;Com Vítimas Feridas;Pleno dia;Decrescente;Sol;Múltipla;Curva;-5,833268;-35,212203
18/03/2023;20:40:00;IRAUCUBA;Deficiência do Sistema de Iluminação/Sinalização;Colisão traseira;Com Vítimas Fatais;Plena Noite;Crescente;Chuva;Simples;Reta;-3,73983482;-39,87671098
19/04/2023;09:40:00;ARGIRITA;Acumulo de óleo sobre o pavimento;Saída de leito carroçável;Com Vítimas Feridas;Pleno dia;Decrescente;Garoa/Chuvisco;Simples;"Curva;Ponte";-21,62799078;-42,83040926
19/04/2023;10:30:00;BARRA DO GARCAS;Pista Escorregadia;Queda de ocupante de veículo;Com Vítimas Feridas;Pleno dia;Decrescente;Chuva;Dupla;Declive;-15,87967482;-52,28369063
19/04/2023;11:45:00;MARINGA;Ultrapassagem Indevida;Colisão lateral mesmo sentido;Com Vítimas Feridas;Pleno dia;Crescente;Céu Claro;Múltipla;"Reta;Interseção de Vias";-23,41269173;-51,93158327
19/04/2023;11:30:00;SAO PEDRO DA CIPA;Acumulo de água sobre o pavimento;Saída de leito carroçável;Com Vítimas Feridas;Pleno dia;Decrescente;Chuva;Dupla;"Reta;Declive";-16,02805351;-54,8931174
19/04/2023;14:15:00;FEIRA DE SANTANA;Manobra de mudança de faixa;Tombamento;Com Vítimas Feridas;Pleno dia;Decrescente;Sol;Dupla;Reta;-12,22679472;-38,9645975
19/04/2023;14:20:00;OURICURI;Ultrapassagem Indevida;Colisão transversal;Com Vítimas Feridas;Pleno dia;Decrescente;Céu Claro;Dupla;Reta;-7,87881867;-40,0773593
19/04/2023;15:05:00;PETROPOLIS;Pista Escorregadia;Capotamento;Com Vítimas Feridas;Pleno dia;Crescente;Garoa/Chuvisco;Dupla;Curva;-22,54903566;-43,24229724
19/04/2023;15:00:00;PETROPOLIS;Velocidade Incompatível;Colisão com objeto;Sem Vítimas;Pleno dia;Decrescente;Chuva;Dupla;Curva;-22,53575484;-43,23295774
19/04/2023;09:30:00;CAMPOS DOS GOYTACAZES;Ausência de reação do condutor;Tombamento;Com Vítimas Feridas;Pleno dia;Crescente;Céu Claro;Simples;Reta;-21,66937699;-41,31111673
19/04/2023;13:50:00;GUAJARA-MIRIM;Pista Escorregadia;Saída de leito carroçável;Com Vítimas Feridas;Pleno dia;Crescente;Chuva;Simples;Reta;-10,603999;-65,324387
19/04/2023;14:00:00;PETROPOLIS;Velocidade Incompatível;Colisão com objeto;Com Vítimas Feridas;Pleno dia;Crescente;Garoa/Chuvisco;Simples;"Declive;Curva";-22,55191954;-43,25068815
19/04/2023;16:30:00;BRUMADINHO;Velocidade Incompatível;Saída de leito carroçável;Com Vítimas Feridas;Pleno dia;Decrescente;Nublado;Dupla;"Curva;Aclive";-20,1181251;-44,3022627
19/04/2023;17:15:00;IBIPORA;Ultrapassagem Indevida;Colisão transversal;Com Vítimas Feridas;Pleno dia;Decrescente;Céu Claro;Simples;Interseção de Vias;-23,27351938;-51,05340242
19/04/2023;11:30:00;RIO BONITO;Chuva;Saída de leito carroçável;Com Vítimas Feridas;Pleno dia;Decrescente;Chuva;Dupla;Curva;-22,70861445;-42,65178735
19/04/2023;17:34:00;EXTREMA;Manobra de mudança de faixa;Tombamento;Com Vítimas Feridas;Pleno dia;Crescente;Céu Claro;Dupla;Reta;-22,87479042;-46,36655782
19/04/2023;18:10:00;UBERABA;Velocidade Incompatível;Capotamento;Com Vítimas Feridas;Anoitecer;Crescente;Céu Claro;Dupla;Reta;-19,761357;-48,143123
19/04/2023;17:50:00;FLORIANOPOLIS;Ausência de reação do condutor;Tombamento;Com Vítimas Feridas;Anoitecer;Crescente;Céu Claro;Múltipla;Reta;-27,602955;-48,580509
19/04/2023;18:25:00;SAO JOSE;Ausência de reação do condutor;Tombamento;Com Vítimas Feridas;Plena Noite;Decrescente;Ignorado;Simples;Reta;-27,55711595;-48,61897889
19/04/2023;11:20:00;NOSSA SENHORA DO LIVRAMENTO;Velocidade Incompatível;Saída de leito carroçável;Com Vítimas Feridas;Pleno dia;Decrescente;Chuva;Simples;Curva;-15,78387;-56,63126
19/04/2023;18:45:00;ABADIANIA;Pista Escorregadia;Saída de leito carroçável;Com Vítimas Feridas;Plena Noite;Decrescente;Garoa/Chuvisco;Dupla;"Reta;Declive";-16,1529;-48,6109
19/04/2023;18:48:00;FOZ DO IGUACU;Ausência de sinalização;Colisão frontal;Com Vítimas Feridas;Plena Noite;Crescente;Céu Claro;Simples;"Reta;Em Obras";-25,5906;-54,5172
19/04/2023;19:30:00;JOAO PESSOA;Acumulo de areia ou detritos sobre o pavimento;Tombamento;Com Vítimas Feridas;Plena Noite;Crescente;Céu Claro;Dupla;Reta;-7,15886802;-34,90628504
19/04/2023;20:15:00;ANGRA DOS REIS;Deficiência do Sistema de Iluminação/Sinalização;Colisão traseira;Com Vítimas Feridas;Plena Noite;Crescente;Nublado;Simples;Reta;-22,95442983;-44,32193004
19/04/2023;18:05:00;TRES BARRAS;Ultrapassagem Indevida;Colisão frontal;Com Vítimas Feridas;Plena Noite;Decrescente;Céu Claro;Simples;"Reta;Aclive";-26,18271156;-50,33250707
19/04/2023;22:00:00;SAO JOSE DOS CAMPOS;Ausência de reação do condutor;Tombamento;Com Vítimas Feridas;Plena Noite;Crescente;Nublado;Dupla;"Reta;Aclive";-23,18274416;-45,84633592
19/04/2023;20:50:00;INDAIAL;Ausência de reação do condutor;Tombamento;Sem Vítimas;Plena Noite;Decrescente;Nublado;Simples;Rotatória;-26,870407;-49,221844
20/04/2023;06:30:00;SALDANHA MARINHO;Demais Fenômenos da natureza;Saída de leito carroçável;Com Vítimas Feridas;Amanhecer;Decrescente;Céu Claro;Simples;Curva;-28,412359;-53,111118
20/04/2023;08:30:00;BETIM;Manobra de mudança de faixa;Colisão lateral mesmo sentido;Com Vítimas Feridas;Pleno dia;Decrescente;Céu Claro;Dupla;Reta;-19,957216;-44,149394
20/04/2023;07:25:00;NOVA PETROPOLIS;Acumulo de areia ou detritos sobre o pavimento;Queda de ocupante de veículo;Com Vítimas Feridas;Pleno dia;Crescente;Céu Claro;Simples;Curva;-29,35649933;-51,12984938
10/04/2023;14:07:00;PARACATU;Velocidade Incompatível;Saída de leito carroçável;Sem Vítimas;Pleno dia;Crescente;Nublado;Simples;Reta;-17,34418904;-46,75472907
20/04/2023;09:50:00;RIO VERDE;Carga excessiva e/ou mal acondicionada;Derramamento de carga;Com Vítimas Feridas;Pleno dia;Crescente;Sol;Dupla;"Aclive;Reta";-17,8151;-50,9343
25/03/2023;07:30:00;SAO GONCALO DO AMARANTE;Manobra de mudança de faixa;Colisão traseira;Com Vítimas Feridas;Pleno dia;Crescente;Céu Claro;Dupla;"Declive;Viaduto";-5,777664;-35,24937
20/04/2023;08:15:00;CENTRALINA;Reação tardia ou ineficiente do condutor;Tombamento;Com Vítimas Feridas;Pleno dia;Crescente;Céu Claro;Dupla;"Curva;Aclive";-18,63126816;-49,18366828
20/04/2023;10:07:00;PALHOCA;Falta de elemento de contenção que evite a saída do leito carroçável;Colisão transversal;Com Vítimas Feridas;Pleno dia;Decrescente;Sol;Múltipla;Interseção de Vias;-27,65184843;-48,67604941
20/03/2023;15:50:00;MINEIROS;Acostamento em desnível;Colisão lateral mesmo sentido;Com Vítimas Feridas;Pleno dia;Crescente;Céu Claro;Simples;Reta;-17,571753;-52,524223
20/04/2023;12:20:00;BOM DESPACHO;Ausência de reação do condutor;Tombamento;Com Vítimas Feridas;Pleno dia;Crescente;Céu Claro;Simples;Reta;-19,78628062;-45,23887303
20/04/2023;15:05:00;CAXIAS DO SUL;Manobra de mudança de faixa;Colisão traseira;Com Vítimas Feridas;Pleno dia;Crescente;Sol;Dupla;Reta;-29,1267449;-51,12768983
20/04/2023;15:20:00;SANTO AMARO DA IMPERATRIZ;Ultrapassagem Indevida;Colisão lateral mesmo sentido;Com Vítimas Feridas;Pleno dia;Decrescente;Céu Claro;Simples;Reta;-27,68497218;-48,74299049