data_inversa;horario;municipio;causa_acidente;tipo_acidente;classificacao_acidente;fase_dia;sentido_via;condicao_metereologica;tipo_pista;tracado_via;latitude;longitude
23/04/2023;21:12:00;IGARASSU;Chuva;Capotamento;Com Vítimas Feridas;Plena Noite;Crescente;Chuva;Dupla;Curva;-7,80600806;-34,92522908
23/04/2023;20:50:00;TAPES;Manobra de mudança de faixa;Colisão com objeto;Sem Vítimas;Plena Noite;Crescente;Céu Claro;Dupla;Reta;-30,65662083;-51,56347647
23/04/2023;20:55:00;SAO JOSE;Velocidade Incompatível;Saída de leito carroçável;Com Vítimas Fatais;Plena Noite;Crescente;Garoa/Chuvisco;Múltipla;Reta;-27,5518173;-48,6197651
23/04/2023;14:00:00;SAO DOMINGOS DO ARAGUAIA;Velocidade Incompatível;Colisão traseira;Com Vítimas Fatais;Pleno dia;Decrescente;Céu Claro;Simples;Reta;-5,755733;-48,67474
23/04/2023;22:30:00;XANXERE;Manobra de mudança de faixa;Colisão lateral mesmo sentido;Com Vítimas Feridas;Plena Noite;Crescente;Céu Claro;Simples;Aclive;-26,879793;-52,353662
23/04/2023;21:00:00;SAO MATEUS DO SUL;Velocidade Incompatível;Saída de leito carroçável;Com Vítimas Feridas;Plena Noite;Decrescente;Nublado;Simples;Reta;-25,940685;-50,489079
23/04/2023;21:31:00;BARRA DO PIRAI;Velocidade Incompatível;Colisão traseira;Com Vítimas Feridas;Plena Noite;Crescente;Nublado;Simples;"Reta;Interseção de Vias;Aclive;Retorno Regulamentado";-22,45028541;-43,7987758
23/04/2023;23:00:00;GUARULHOS;Velocidade Incompatível;Colisão traseira;Com Vítimas Feridas;Plena Noite;Decrescente;Nublado;Múltipla;Aclive;-23,457972;-46,479927
23/04/2023;23:20:00;PARATY;Ultrapassagem Indevida;Saída de leito carroçável;Com Vítimas Feridas;Plena Noite;Crescente;Céu Claro;Simples;Curva;-23,20183038;-44,72932609
23/04/2023;17:30:00;ITAPEBI;Chuva;Colisão frontal;Com Vítimas Fatais;Anoitecer;Crescente;Chuva;Simples;Curva;-15,92804557;-39,5616965
30/01/2023;01:40:00;BETIM;Ausência de reação do condutor;Tombamento;Com Vítimas Feridas;Plena Noite;Decrescente;Chuva;Múltipla;Reta;-19,95624622;-44,13002014
24/04/2023;05:40:00;SALVADOR;Pista Escorregadia;Queda de ocupante de veículo;Com Vítimas Feridas;Pleno dia;Crescente;Chuva;Dupla;Reta;-12,891109;-38,445374
24/04/2023;07:20:00;JATI;Manobra de mudança de faixa;Colisão transversal;Com Vítimas Feridas;Pleno dia;Crescente;Sol;Simples;"Reta;Aclive";-7,738572;-39,051315
24/04/2023;06:25:00;CURITIBA;Manobra de mudança de faixa;Colisão traseira;Com Vítimas Feridas;Pleno dia;Decrescente;Céu Claro;Múltipla;Reta;-25,550066;-49,30451
24/04/2023;07:25:00;CURITIBA;Manobra de mudança de faixa;Colisão lateral mesmo sentido;Com Vítimas Feridas;Pleno dia;Decrescente;Céu Claro;Dupla;Reta;-25,533517;-49,318648
24/04/2023;07:10:00;FLORIANOPOLIS;Manobra de mudança de faixa;Colisão lateral mesmo sentido;Com Vítimas Feridas;Pleno dia;Decrescente;Garoa/Chuvisco;Múltipla;Reta;-27,59845;-48,571995
24/04/2023;06:45:00;CONSELHEIRO LAFAIETE;Manobra de mudança de faixa;Colisão lateral mesmo sentido;Com Vítimas Feridas;Pleno dia;Crescente;Nublado;Simples;Reta;-20,65824152;-43,80259134
24/04/2023;07:19:00;GUARULHOS;Ausência de reação do condutor;Tombamento;Com Vítimas Feridas;Pleno dia;Crescente;Céu Claro;Dupla;Reta;-23,49479479;-46,55959864
24/04/2023;06:00:00;CASCAVEL;Velocidade Incompatível;Saída de leito carroçável;Com Vítimas Fatais;Amanhecer;Decrescente;Céu Claro;Dupla;"Retorno Regulamentado;Reta";-24,99513602;-53,51418998
24/04/2023;05:50:00;DUQUE DE CAXIAS;Pista Escorregadia;Queda de ocupante de veículo;Com Vítimas Feridas;Pleno dia;Decrescente;Céu Claro;Dupla;Curva;-22,66476979;-43,28495144
24/04/2023;07:00:00;CONDE;Chuva;Saída de leito carroçável;Sem Vítimas;Pleno dia;Decrescente;Nublado;Dupla;Reta;-7,2557332;-34,93469152
24/04/2023;09:00:00;CAXIAS DO SUL;Reação tardia ou ineficiente do condutor;Tombamento;Com Vítimas Feridas;Pleno dia;Crescente;Céu Claro;Dupla;Curva;-29,1267449;-51,12768983
24/04/2023;01:20:00;PONTE SERRADA;Velocidade Incompatível;Colisão com objeto;Sem Vítimas;Plena Noite;Crescente;Ignorado;Simples;"Curva;Aclive";-26,917578;-51,890999
24/04/2023;10:00:00;MARABA;Manobra de mudança de faixa;Colisão lateral mesmo sentido;Com Vítimas Feridas;Pleno dia;Crescente;Céu Claro;Dupla;Reta;-5,35917;-49,123092
24/04/2023;10:13:00;JABOATAO DOS GUARARAPES;Acumulo de água sobre o pavimento;Tombamento;Com Vítimas Feridas;Pleno dia;Decrescente;Chuva;Dupla;Curva;-8,14202;-34,946465
24/04/2023;12:00:00;SIMOES FILHO;Demais falhas na via;Colisão traseira;Com Vítimas Feridas;Pleno dia;Decrescente;Chuva;Múltipla;Reta;-12,89820999;-38,45012202
24/04/2023;11:50:00;SAO GONCALO;Ultrapassagem Indevida;Colisão lateral mesmo sentido;Com Vítimas Feridas;Pleno dia;Decrescente;Céu Claro;Simples;Reta;-22,78702832;-42,99589293
24/04/2023;14:15:00;IGARATINGA;Manobra de mudança de faixa;Saída de leito carroçável;Com Vítimas Feridas;Pleno dia;Crescente;Sol;Dupla;Reta;-19,90748652;-44,67151073
24/04/2023;14:00:00;JOINVILLE;Manobra de mudança de faixa;Queda de ocupante de veículo;Com Vítimas Feridas;Pleno dia;Decrescente;Céu Claro;Dupla;Reta;-26,2411301;-48,91227415
23/01/2023;10:30:00;BICAS;Ausência de reação do condutor;Tombamento;Com Vítimas Feridas;Pleno dia;Decrescente;Sol;Simples;Curva;-21,72932823;-43,05146694
24/04/2023;12:30:00;CACERES;Chuva;Saída de leito carroçável;Sem Vítimas;Pleno dia;Decrescente;Garoa/Chuvisco;Simples;Reta;-16,19562422;-57,5850471
24/04/2023;15:35:00;PORTO ALEGRE;Manobra de mudança de faixa;Colisão lateral mesmo sentido;Com Vítimas Feridas;Pleno dia;Decrescente;Céu Claro;Dupla;Curva;-29,97268943;-51,17667298
24/04/2023;14:50:00;UNIAO DOS PALMARES;Pista Escorregadia;Queda de ocupante de veículo;Com Vítimas Feridas;Pleno dia;Crescente;Chuva;Simples;Curva;-9,11313518;-36,04665024
24/04/2023;15:23:00;IGARASSU;Acumulo de areia ou detritos sobre o pavimento;Tombamento;Com Vítimas Feridas;Pleno dia;Decrescente;Céu Claro;Múltipla;Reta;-7,84753808;-34,90977038
24/04/2023;15:10:00;NAVIRAI;Reação tardia ou ineficiente do condutor;Tombamento;Com Vítimas Feridas;Pleno dia;Crescente;Nublado;Simples;"Aclive;Reta";-23,0506352;-54,24358312
23/03/2023;16:25:00;MARINGA;Pista esburacada;Tombamento;Com Vítimas Feridas;Pleno dia;Crescente;Ignorado;Dupla;Declive;-23,3953111;-52,00721741
24/04/2023;18:15:00;SOORETAMA;Reação tardia ou ineficiente do condutor;Tombamento;Com Vítimas Feridas;Plena Noite;Decrescente;Nublado;Dupla;Reta;-19,21191395;-40,09457556
24/04/2023;19:20:00;SAO LUIS;Demais falhas na via;Queda de ocupante de veículo;Com Vítimas Feridas;Plena Noite;Decrescente;Nublado;Dupla;Reta;-2,66493979;-44,30271149
24/04/2023;20:50:00;TABOAO DA SERRA;Manobra de mudança de faixa;Colisão lateral mesmo sentido;Com Vítimas Feridas;Plena Noite;Crescente;Céu Claro;Múltipla;Reta;-23,61799728;-46,79677694
24/04/2023;22:05:00;ARACAJU;Iluminação deficiente;Colisão com objeto;Com Vítimas Feridas;Plena Noite;Decrescente;Céu Claro;Dupla;Declive;-10,9064;-37,1197
24/04/2023;20:00:00;OLHO DAGUA DAS CUNHAS;Pista esburacada;Queda de ocupante de veículo;Com Vítimas Feridas;Plena Noite;Decrescente;Céu Claro;Simples;Reta;-3,987685;-45,125047
24/04/2023;22:30:00;NOSSA SENHORA DO SOCORRO;Iluminação deficiente;Atropelamento de Pedestre;Com Vítimas Fatais;Plena Noite;Crescente;Céu Claro;Dupla;Reta;-10,90212319;-37,14494787
11/02/2023;22:00:00;NATAL;Manobra de mudança de faixa;Queda de ocupante de veículo;Com Vítimas Feridas;Plena Noite;Crescente;Céu Claro;Dupla;Reta;-5,84076841;-35,21035949
25/04/2023;04:25:00;NOVO HAMBURGO;Velocidade Incompatível;Colisão com objeto;Sem Vítimas;Plena Noite;Crescente;Nublado;Dupla;Reta;-29,68739789;-51,14197352
23/04/2023;14:30:00;URUCUCA;Velocidade Incompatível;Saída de leito carroçável;Com Vítimas Feridas;Pleno dia;Crescente;Chuva;Simples;Reta;-14,45666;-39,32049
25/04/2023;07:17:00;ARAGUAINA;Ausência de sinalização;Atropelamento de Pedestre;Com Vítimas Feridas;Pleno dia;Crescente;Céu Claro;Dupla;Reta;-7,175959;-48,219548
25/04/2023;08:20:00;UBATUBA;Ausência de reação do condutor;Tombamento;Com Vítimas Feridas;Pleno dia;Crescente;Céu Claro;Simples;Reta;-23,42403383;-45,07492113
25/04/2023;08:43:00;MACAIBA;Semáforo com defeito;Queda de ocupante de veículo;Com Vítimas Feridas;Pleno dia;Crescente;Chuva;Múltipla;Interseção de Vias;-5,86726977;-35,36713102
25/04/2023;07:00:00;NOSSA SENHORA DO SOCORRO;Chuva;Atropelamento de Pedestre;Com Vítimas Feridas;Pleno dia;Crescente;Chuva;Dupla;Declive;-10,86174498;-37,13526579
25/04/2023;09:50:00;ITAJAI;Manobra de mudança de faixa;Colisão traseira;Com Vítimas Feridas;Pleno dia;Crescente;Nublado;Dupla;Reta;-26,895859;-48,71903
05/04/2023;20:00:00;OLIVEIRA;Velocidade Incompatível;Tombamento;Sem Vítimas;Plena Noite;Decrescente;Céu Claro;Simples;Curva;-20,67638406;-44,73850226
17/04/2023;17:20:00;CURITIBA;Velocidade Incompatível;Colisão traseira;Com Vítimas Feridas;Pleno dia;Crescente;Ignorado;Dupla;Reta;-25,568939;-49,181978
25/04/2023;10:40:00;SETE LAGOAS;Reação tardia ou ineficiente do condutor;Tombamento;Com Vítimas Feridas;Pleno dia;Decrescente;Céu Claro;Dupla;"Curva;Declive";-19,563304;-44,237823
25/04/2023;09:15:00;BONFIM;Velocidade Incompatível;Saída de leito carroçável;Com Vítimas Feridas;Pleno dia;Decrescente;Chuva;Simples;Curva;3,11119542;-60,33138325
25/04/2023;08:00:00;VILHENA;Velocidade Incompatível;Engavetamento;Com Vítimas Feridas;Pleno dia;Decrescente;Céu Claro;Simples;Reta;-12,74140004;-60,13026401
25/04/2023;10:30:00;SAO JOSE DOS PINHAIS;Velocidade Incompatível;Queda de ocupante de veículo;Com Vítimas Feridas;Pleno dia;Crescente;Céu Claro;Dupla;Reta;-25,695757;-49,144882
25/04/2023;11:25:00;LINHARES;Manobra de mudança de faixa;Colisão lateral mesmo sentido;Sem Vítimas;Pleno dia;Decrescente;Garoa/Chuvisco;Múltipla;Reta;-19,36990998;-40,06560718
11/03/2023;23:30:00;ULIANOPOLIS;Manobra de mudança de faixa;Colisão frontal;Com Vítimas Fatais;Plena Noite;Crescente;Nublado;Simples;Reta;-3,9140771;-47,53011259
25/04/2023;11:22:00;ESTIVA;Falta de elemento de contenção que evite a saída do leito carroçável;Saída de leito carroçável;Com Vítimas Feridas;Pleno dia;Crescente;Céu Claro;Dupla;Reta;-22,53194905;-46,02809392
25/04/2023;10:00:00;BOA VIAGEM;Pista esburacada;Capotamento;Com Vítimas Feridas;Pleno dia;Crescente;Céu Claro;Simples;"Declive;Reta";-5,17414882;-39,76450526
25/04/2023;13:30:00;SAO GONCALO DO AMARANTE;Acumulo de água sobre o pavimento;Saída de leito carroçável;Com Vítimas Feridas;Pleno dia;Decrescente;Sol;Simples;Reta;-3,66780896;-38,99241702
25/04/2023;04:30:00;PALHOCA;Velocidade Incompatível;Colisão com objeto;Sem Vítimas;Plena Noite;Decrescente;Nublado;Múltipla;Reta;-27,64443;-48,67057
25/04/2023;15:30:00;URUGUAIANA;Demais falhas mecânicas ou elétricas;Tombamento;Com Vítimas Feridas;Pleno dia;Decrescente;Céu Claro;Simples;"Aclive;Reta;Viaduto";-29,766502;-57,058228
25/04/2023;07:00:00;ANAPU;Manobra de mudança de faixa;Colisão frontal;Com Vítimas Fatais;Pleno dia;Decrescente;Céu Claro;Simples;"Reta;Aclive";-3,37364227;-51,31684616
04/04/2023;09:30:00;BOM JESUS DO SUL;Ultrapassagem Indevida;Saída de leito carroçável;Sem Vítimas;Pleno dia;Decrescente;Céu Claro;Simples;Reta;-26,182581;-53,662252
25/04/2023;17:15:00;BRASILIA;Manobra de mudança de faixa;Colisão lateral mesmo sentido;Com Vítimas Feridas;Anoitecer;Decrescente;Céu Claro;Dupla;Reta;-15,650243;-47,773872
25/04/2023;17:45:00;CURITIBA;Manobra de mudança de faixa;Colisão lateral mesmo sentido;Com Vítimas Feridas;Anoitecer;Crescente;Nublado;Dupla;"Reta;Declive";-25,54598076;-49,30393696
25/04/2023;08:00:00;SAO GONCALO;Reação tardia ou ineficiente do condutor;Tombamento;Com Vítimas Feridas;Pleno dia;Crescente;Céu Claro;Dupla;Reta;-22,82262092;-43,08460805
25/04/2023;18:55:00;SAO JOSE DOS CAMPOS;Manobra de mudança de faixa;Colisão transversal;Com Vítimas Feridas;Plena Noite;Decrescente;Céu Claro;Dupla;Reta;-23,17426078;-45,82940111
25/04/2023;19:15:00;CASCAVEL;Chuva;Colisão traseira;Com Vítimas Feridas;Plena Noite;Decrescente;Chuva;Simples;Interseção de Vias;-24,98082053;-53,48254989
25/04/2023;13:32:00;SAO JOSE DOS CAMPOS;Avarias e/ou desgaste excessivo no pneu;Tombamento;Com Vítimas Feridas;Pleno dia;Decrescente;Céu Claro;Dupla;"Reta;Aclive";-23,24524337;-45,92772774
25/04/2023;17:25:00;PATOS DE MINAS;Demais Fenômenos da natureza;Colisão traseira;Com Vítimas Feridas;Anoitecer;Crescente;Céu Claro;Simples;Interseção de Vias;-18,632372;-46,471827
25/04/2023;20:20:00;GUARULHOS;Manobra de mudança de faixa;Colisão traseira;Sem Vítimas;Plena Noite;Crescente;Nublado;Dupla;Reta;-23,41972188;-46,38419203
25/04/2023;18:15:00;CACAPAVA DO SUL;Pista em desnível;Queda de ocupante de veículo;Com Vítimas Feridas;Plena Noite;Decrescente;Chuva;Simples;"Reta;Aclive";-30,37133;-53,672554
25/04/2023;11:15:00;JUATUBA;Velocidade Incompatível;Saída de leito carroçável;Com Vítimas Feridas;Pleno dia;Decrescente;Céu Claro;Dupla;Curva;-19,933956;-44,393574
25/04/2023;21:10:00;CAMPOS DOS GOYTACAZES;Ultrapassagem Indevida;Colisão frontal;Com Vítimas Fatais;Plena Noite;Decrescente;Céu Claro;Simples;Curva;-21,74908605;-41,33632461
25/04/2023;18:43:00;VITORIA DA CONQUISTA;Demais falhas mecânicas ou elétricas;Tombamento;Com Vítimas Feridas;Plena Noite;Crescente;Garoa/Chuvisco;Simples;Reta;-15,0532517;-40,97932723
25/04/2023;21:30:00;RIO LARGO;Acumulo de água sobre o pavimento;Capotamento;Com Vítimas Feridas;Plena Noite;Crescente;Chuva;Dupla;Reta;-9,52891696;-35,79807693
26/04/2023;01:25:00;BALNEARIO CAMBORIU;Demais falhas mecânicas ou elétricas;Tombamento;Com Vítimas Feridas;Plena Noite;Decrescente;Céu Claro;Dupla;Interseção de Vias;-26,99064209;-48,66310912
26/04/2023;04:00:00;CANDEIAS;Velocidade Incompatível;Colisão traseira;Com Vítimas Feridas;Plena Noite;Crescente;Céu Claro;Dupla;"Aclive;Reta";-12,73555519;-38,44079733
26/04/2023;06:30:00;SAO JOSE DO RIO PRETO;Avarias e/ou desgaste excessivo no pneu;Tombamento;Com Vítimas Feridas;Pleno dia;Crescente;Nublado;Dupla;Reta;-20,80502876;-49,35574909
26/04/2023;06:00:00;JACAREI;Reação tardia ou ineficiente do condutor;Tombamento;Com Vítimas Feridas;Pleno dia;Crescente;Céu Claro;Dupla;Curva;-23,31527532;-46,07231796
26/04/2023;06:30:00;ITAJAI;Demais falhas mecânicas ou elétricas;Tombamento;Com Vítimas Feridas;Amanhecer;Decrescente;Garoa/Chuvisco;Dupla;Reta;-26,94335064;-48,69198648
26/04/2023;06:00:00;PALMEIRA;Velocidade Incompatível;Saída de leito carroçável;Sem Vítimas;Amanhecer;Decrescente;Nublado;Simples;"Reta;Interseção de Vias";-25,46271613;-49,922854
26/04/2023;04:50:00;GRAO MOGOL;Velocidade Incompatível;Saída de leito carroçável;Com Vítimas Fatais;Amanhecer;Decrescente;Nublado;Simples;"Curva;Declive";-16,40687806;-43,23659394
26/04/2023;06:20:00;CAAPORA;Acumulo de água sobre o pavimento;Saída de leito carroçável;Com Vítimas Feridas;Amanhecer;Crescente;Chuva;Dupla;"Curva;Declive";-7,41357983;-34,95743528
26/04/2023;07:50:00;SANTO ANTONIO DA PATRULHA;Chuva;Saída de leito carroçável;Com Vítimas Feridas;Pleno dia;Crescente;Chuva;Dupla;Reta;-29,888826;-50,474819
21/04/2023;10:45:00;GUAPIMIRIM;Reação tardia ou ineficiente do condutor;Tombamento;Com Vítimas Feridas;Pleno dia;Crescente;Céu Claro;Simples;Curva;-22,47811419;-42,99603471
25/04/2023;07:15:00;ALTAMIRA;Acostamento em desnível;Tombamento;Com Vítimas Feridas;Pleno dia;Crescente;Céu Claro;Simples;"Declive;Curva";-3,203721;-52,206787
26/04/2023;05:00:00;TRES RIOS;Velocidade Incompatível;Queda de ocupante de veículo;Com Vítimas Feridas;Amanhecer;Crescente;Céu Claro;Dupla;Reta;-22,16436914;-43,15707045
26/04/2023;08:00:00;DUQUE DE CAXIAS;Falta de elemento de contenção que evite a saída do leito carroçável;Saída de leito carroçável;Sem Vítimas;Pleno dia;Crescente;Céu Claro;Dupla;Reta;-22,68260252;-43,4292233
26/04/2023;07:50:00;PORTO BELO;Demais falhas mecânicas ou elétricas;Tombamento;Com Vítimas Feridas;Pleno dia;Crescente;Céu Claro;Dupla;Reta;-27,20831288;-48,61987922
26/04/2023;08:40:00;TRES CACHOEIRAS;Demais falhas mecânicas ou elétricas;Tombamento;Com Vítimas Feridas;Pleno dia;Crescente;Chuva;Dupla;"Curva;Aclive";-29,46214416;-49,94468297
26/04/2023;10:45:00;PETROPOLIS;Manobra de mudança de faixa;Colisão transversal;Com Vítimas Feridas;Pleno dia;Decrescente;Céu Claro;Simples;Reta;-22,27821816;-43,11580971
05/03/2023;16:00:00;FLORESTAL;Velocidade Incompatível;Saída de leito carroçável;Com Vítimas Feridas;Pleno dia;Decrescente;Céu Claro;Simples;"Desvio Temporário;Curva;Em Obras";-19,9366751;-44,44352695
26/04/2023;12:15:00;BADY BASSITT;Ausência de reação do condutor;Tombamento;Com Vítimas Feridas;Pleno dia;Crescente;Céu Claro;Dupla;"Reta;Declive";-20,89418221;-49,43387582
30/03/2023;07:31:00;SALVADOR;Manobra de mudança de faixa;Colisão lateral mesmo sentido;Com Vítimas Feridas;Pleno dia;Crescente;Céu Claro;Dupla;Reta;-12,8639793;-38,42370126
26/04/2023;13:30:00;CAJATI;Pista Escorregadia;Capotamento;Sem Vítimas;Pleno dia;Decrescente;Chuva;Simples;"Declive;Curva";-24,83558399;-48,2223738
08/04/2023;13:45:00;SANTA RITA;Acumulo de água sobre o pavimento;Capotamento;Com Vítimas Feridas;Pleno dia;Decrescente;Chuva;Simples;Reta;-3,10577998;-44,32276839
26/04/2023;08:50:00;TAQUARITINGA DO NORTE;Ausência de sinalização;Colisão frontal;Com Vítimas Fatais;Pleno dia;Decrescente;Sol;Simples;Curva;-7,97182;-36,109932
26/04/2023;11:50:00;SIDROLANDIA;Velocidade Incompatível;Colisão transversal;Com Vítimas Feridas;Pleno dia;Crescente;Nublado;Dupla;Reta;-20,93616918;-54,96170372
26/04/2023;10:30:00;SAO MIGUEL DOS CAMPOS;Velocidade Incompatível;Colisão com objeto;Com Vítimas Feridas;Pleno dia;Crescente;Céu Claro;Dupla;Rotatória;-9,74963266;-36,06531248
26/04/2023;14:30:00;JI-PARANA;Manobra de mudança de faixa;Colisão traseira;Com Vítimas Feridas;Pleno dia;Crescente;Céu Claro;Dupla;Interseção de Vias;-10,88483055;-61,93578959
26/04/2023;16:10:00;LINHARES;Acumulo de água sobre o pavimento;Tombamento;Com Vítimas Feridas;Pleno dia;Crescente;Nublado;Simples;Reta;-19,31817306;-40,07552313
26/04/2023;14:20:00;PRADO;Velocidade Incompatível;Capotamento;Com Vítimas Feridas;Pleno dia;Crescente;Chuva;Simples;Curva;-17,2524;-39,6276
26/04/2023;17:40:00;CASCAVEL;Velocidade Incompatível;Colisão frontal;Com Vítimas Feridas;Pleno dia;Crescente;Nublado;Simples;Curva;-25,02784583;-53,26789086
26/04/2023;18:50:00;CAXIAS DO SUL;Manobra de mudança de faixa;Colisão lateral mesmo sentido;Com Vítimas Feridas;Plena Noite;Decrescente;Garoa/Chuvisco;Dupla;Curva;-29,17694502;-51,16173896
26/04/2023;15:30:00;EXTREMA;Pista Escorregadia;Tombamento;Com Vítimas Feridas;Pleno dia;Crescente;Chuva;Dupla;Curva;-22,81233027;-46,28492917
26/04/2023;18:45:00;JEQUIE;Acostamento em desnível;Saída de leito carroçável;Com Vítimas Feridas;Plena Noite;Decrescente;Céu Claro;Simples;Reta;-13,65534502;-40,09464377
26/04/2023;19:40:00;SAO LUIZ GONZAGA;Ausência de sinalização;Colisão traseira;Com Vítimas Feridas;Plena Noite;Crescente;Céu Claro;Simples;Reta;-28,41734328;-54,92722034
26/04/2023;20:13:00;MOSSORO;Manobra de mudança de faixa;Colisão transversal;Com Vítimas Feridas;Plena Noite;Crescente;Céu Claro;Dupla;Reta;-5,21645975;-37,32927128
26/04/2023;12:50:00;ENGENHEIRO CALDAS;Ultrapassagem Indevida;Colisão frontal;Com Vítimas Fatais;Pleno dia;Decrescente;Céu Claro;Simples;Curva;-19,09760101;-42,0072935
26/04/2023;19:00:00;ITAGUARA;Velocidade Incompatível;Saída de leito carroçável;Com Vítimas Feridas;Plena Noite;Crescente;Chuva;Dupla;Curva;-20,42649228;-44,54458383
26/04/2023;18:10:00;IGARATINGA;Ausência de reação do condutor;Tombamento;Com Vítimas Feridas;Anoitecer;Crescente;Céu Claro;Dupla;Reta;-19,89448983;-44,70395989
26/04/2023;18:00:00;CAMPOS ALTOS;Chuva;Colisão transversal;Com Vítimas Feridas;Anoitecer;Crescente;Chuva;Simples;"Curva;Declive";-19,66225488;-46,10030694
26/04/2023;22:30:00;FEIRA DE SANTANA;Manobra de mudança de faixa;Colisão transversal;Com Vítimas Feridas;Plena Noite;Crescente;Garoa/Chuvisco;Simples;Reta;-12,23257586;-38,97248506
26/04/2023;18:50:00;UBERLANDIA;Velocidade Incompatível;Atropelamento de Animal;Com Vítimas Fatais;Anoitecer;Decrescente;Céu Claro;Dupla;"Reta;Viaduto";-18,90359335;-48,34361612
27/04/2023;01:00:00;DUQUE DE CAXIAS;Velocidade Incompatível;Saída de leito carroçável;Sem Vítimas;Plena Noite;Crescente;Nublado;Múltipla;Reta;-22,75470802;-43,28737838
26/04/2023;19:20:00;SAO GONCALO;Avarias e/ou desgaste excessivo no pneu;Tombamento;Com Vítimas Feridas;Plena Noite;Decrescente;Nublado;Dupla;Reta;-22,81049093;-43,06983304
27/04/2023;05:00:00;CAMPO ALEGRE DE GOIAS;Velocidade Incompatível;Saída de leito carroçável;Sem Vítimas;Plena Noite;Decrescente;Céu Claro;Dupla;"Curva;Em Obras";-17,4158;-47,7948
27/04/2023;06:50:00;GUARULHOS;Manobra de mudança de faixa;Colisão traseira;Com Vítimas Feridas;Pleno dia;Crescente;Céu Claro;Múltipla;Reta;-23,46326823;-46,49509621
27/04/2023;05:25:00;PILAR;Demais Fenômenos da natureza;Colisão com objeto;Com Vítimas Feridas;Amanhecer;Decrescente;Chuva;Dupla;Reta;-9,61963204;-36,02927378
27/04/2023;00:30:00;DUQUE DE CAXIAS;Velocidade Incompatível;Capotamento;Sem Vítimas;Plena Noite;Crescente;Garoa/Chuvisco;Múltipla;Reta;-22,6758967;-43,28643322
27/04/2023;08:30:00;SAO JOSE DO RIO PRETO;Manobra de mudança de faixa;Colisão lateral mesmo sentido;Com Vítimas Feridas;Pleno dia;Crescente;Céu Claro;Dupla;"Reta;Declive";-20,80502876;-49,35574909
07/04/2023;08:00:00;TIBAGI;Velocidade Incompatível;Saída de leito carroçável;Com Vítimas Feridas;Pleno dia;Crescente;Céu Claro;Dupla;"Curva;Declive";-24,75455481;-50,53540533
27/04/2023;08:55:00;SALVADOR;Manobra de mudança de faixa;Colisão lateral mesmo sentido;Sem Vítimas;Pleno dia;Crescente;Nublado;Dupla;Reta;-12,8860325;-38,43806469
27/04/2023;09:00:00;JOAO PESSOA;Manobra de mudança de faixa;Tombamento;Com Vítimas Feridas;Pleno dia;Crescente;Céu Claro;Dupla;Reta;-7,16278268;-34,8612746
27/04/2023;10:30:00;ARAPONGAS;Ultrapassagem Indevida;Colisão lateral mesmo sentido;Com Vítimas Feridas;Pleno dia;Decrescente;Céu Claro;Simples;Reta;-23,409681;-51,427793
23/04/2023;09:10:00;DOMINGOS MARTINS;Chuva;Queda de ocupante de veículo;Com Vítimas Feridas;Pleno dia;Decrescente;Chuva;Simples;"Declive;Curva";-20,41279327;-40,90834307
26/04/2023;05:30:00;JOAO PESSOA;Chuva;Tombamento;Com Vítimas Feridas;Pleno dia;Crescente;Chuva;Dupla;Reta;-7,15886802;-34,90628504
27/04/2023;14:34:00;BRASILIA;Velocidade Incompatível;Saída de leito carroçável;Com Vítimas Feridas;Pleno dia;Decrescente;Céu Claro;Dupla;"Interseção de Vias;Reta;Aclive";-15,682896;-47,840729
27/04/2023;17:00:00;JANDAIA DO SUL;Manobra de mudança de faixa;Colisão traseira;Com Vítimas Feridas;Pleno dia;Crescente;Céu Claro;Simples;Reta;-23,62313637;-51,6645813
27/04/2023;18:00:00;ITAITINGA;Manobra de mudança de faixa;Colisão lateral mesmo sentido;Com Vítimas Feridas;Plena Noite;Decrescente;Céu Claro;Dupla;Reta;-3,92277497;-38,50762327
27/04/2023;16:50:00;ALFREDO WAGNER;Velocidade Incompatível;Queda de ocupante de veículo;Com Vítimas Feridas;Anoitecer;Decrescente;Nublado;Simples;Curva;-27,727324;-49,360542
27/04/2023;18:00:00;BETIM;Ausência de reação do condutor;Tombamento;Com Vítimas Feridas;Plena Noite;Crescente;Céu Claro;Dupla;Reta;-19,96947667;-44,16057587
27/04/2023;15:20:00;INHAPIM;Reação tardia ou ineficiente do condutor;Tombamento;Com Vítimas Feridas;Pleno dia;Crescente;Sol;Simples;Curva;-19,577398;-42,115808
27/04/2023;18:25:00;BALNEARIO CAMBORIU;Avarias e/ou desgaste excessivo no pneu;Tombamento;Com Vítimas Feridas;Plena Noite;Decrescente;Céu Claro;Múltipla;Reta;-26,99936;-48,64609
27/04/2023;18:00:00;CURITIBA;Manobra de mudança de faixa;Colisão lateral mesmo sentido;Com Vítimas Feridas;Plena Noite;Crescente;Céu Claro;Dupla;Reta;-25,616633;-49,317528
27/04/2023;18:40:00;SETE LAGOAS;Manobra de mudança de faixa;Colisão lateral mesmo sentido;Com Vítimas Feridas;Plena Noite;Decrescente;Nublado;Dupla;Reta;-19,46099279;-44,30121988
27/04/2023;16:00:00;URUACU;Ausência de reação do condutor;Tombamento;Com Vítimas Feridas;Pleno dia;Crescente;Céu Claro;Simples;Aclive;-14,649796;-49,185867