data_inversa;horario;municipio;causa_acidente;tipo_acidente;classificacao_acidente;fase_dia;sentido_via;condicao_metereologica;tipo_pista;tracado_via;latitude;longitude
27/04/2023;08:11:00;ICO;Pista esburacada;Saída de leito carroçável;Sem Vítimas;Pleno dia;Decrescente;Céu Claro;Simples;Reta;-6,25562295;-38,69643806
27/04/2023;17:15:00;CRISTOPOLIS;Redutor de velocidade em desacordo;Colisão com objeto;Sem Vítimas;Pleno dia;Não Informado;Sol;Simples;Reta;-12,213781;-44,43869
27/04/2023;19:30:00;ANAPOLIS;Velocidade Incompatível;Capotamento;Com Vítimas Feridas;Plena Noite;Decrescente;Céu Claro;Dupla;"Reta;Declive";-16,322657;-48,92191
27/04/2023;18:00:00;BICAS;Restrição de visibilidade em curvas horizontais;Colisão frontal;Com Vítimas Fatais;Anoitecer;Crescente;Nublado;Simples;Curva;-21,73321861;-43,09179399
27/04/2023;21:00:00;SAO MATEUS;Demais falhas mecânicas ou elétricas;Tombamento;Com Vítimas Feridas;Plena Noite;Crescente;Céu Claro;Simples;Reta;-18,77024976;-39,86802529
27/04/2023;20:00:00;SANTA MARIANA;Ultrapassagem Indevida;Colisão frontal;Com Vítimas Fatais;Plena Noite;Crescente;Céu Claro;Simples;Reta;-23,14909427;-50,53458005
27/04/2023;21:30:00;RIO DE JANEIRO;Manobra de mudança de faixa;Colisão lateral mesmo sentido;Com Vítimas Feridas;Plena Noite;Decrescente;Céu Claro;Dupla;Reta;-22,88295192;-43,64094302
27/04/2023;21:15:00;BOTELHOS;Velocidade Incompatível;Colisão traseira;Com Vítimas Feridas;Plena Noite;Decrescente;Chuva;Simples;"Reta;Declive";-21,67952;-46,422272
27/04/2023;22:10:00;POCINHOS;Deficiência do Sistema de Iluminação/Sinalização;Colisão traseira;Com Vítimas Feridas;Plena Noite;Crescente;Céu Claro;Simples;"Reta;Declive";-7,1584;-36,0837
27/04/2023;23:00:00;SALVADOR;Demais falhas mecânicas ou elétricas;Tombamento;Sem Vítimas;Plena Noite;Decrescente;Céu Claro;Dupla;Reta;-12,933839;-38,47190701
27/04/2023;23:30:00;PETROPOLIS;Velocidade Incompatível;Capotamento;Com Vítimas Feridas;Plena Noite;Crescente;Chuva;Dupla;Curva;-22,52850694;-43,2349802
28/04/2023;00:30:00;PETROPOLIS;Velocidade Incompatível;Colisão com objeto;Com Vítimas Feridas;Plena Noite;Crescente;Chuva;Simples;"Declive;Curva";-22,54903566;-43,24229724
28/04/2023;02:20:00;PALHOCA;Avarias e/ou desgaste excessivo no pneu;Tombamento;Com Vítimas Feridas;Plena Noite;Decrescente;Céu Claro;Múltipla;Reta;-27,65184843;-48,67604941
27/04/2023;23:00:00;AGUIARNOPOLIS;Velocidade Incompatível;Saída de leito carroçável;Com Vítimas Feridas;Plena Noite;Decrescente;Céu Claro;Simples;Reta;-6,43443995;-47,54098359
28/04/2023;04:30:00;GUAPIMIRIM;Ausência de reação do condutor;Tombamento;Com Vítimas Feridas;Amanhecer;Decrescente;Nublado;Dupla;Reta;-22,55838319;-42,99482067
28/04/2023;04:30:00;DUQUE DE CAXIAS;Velocidade Incompatível;Colisão com objeto;Sem Vítimas;Amanhecer;Decrescente;Chuva;Múltipla;Reta;-22,72756999;-43,2891609
28/04/2023;06:08:00;SERRA;Manobra de mudança de faixa;Colisão lateral mesmo sentido;Com Vítimas Feridas;Pleno dia;Crescente;Céu Claro;Múltipla;Reta;-20,22662056;-40,27075088
28/04/2023;07:15:00;JOAO PESSOA;Pista Escorregadia;Queda de ocupante de veículo;Com Vítimas Feridas;Pleno dia;Crescente;Chuva;Dupla;Reta;-7,1337;-34,8544
28/04/2023;07:20:00;SAO CAITANO;Ausência de reação do condutor;Tombamento;Com Vítimas Feridas;Pleno dia;Decrescente;Céu Claro;Simples;Reta;-8,33218974;-36,12904312
28/04/2023;08:20:00;PETROPOLIS;Velocidade Incompatível;Colisão com objeto;Com Vítimas Feridas;Pleno dia;Decrescente;Chuva;Simples;"Curva;Declive";-22,461931;-43,222146
28/04/2023;08:35:00;ROSARIO DO SUL;Ultrapassagem Indevida;Colisão frontal;Com Vítimas Fatais;Pleno dia;Crescente;Céu Claro;Simples;Reta;-30,242628;-54,804224
28/04/2023;09:00:00;ITAPEMA;Manobra de mudança de faixa;Colisão lateral mesmo sentido;Com Vítimas Feridas;Pleno dia;Decrescente;Céu Claro;Simples;Reta;-27,09237407;-48,61730888
28/04/2023;08:20:00;JUIZ DE FORA;Chuva;Colisão lateral mesmo sentido;Com Vítimas Feridas;Pleno dia;Decrescente;Garoa/Chuvisco;Dupla;"Declive;Curva";-21,70406297;-43,45067808
28/04/2023;09:05:00;TRES CACHOEIRAS;Velocidade Incompatível;Saída de leito carroçável;Com Vítimas Feridas;Pleno dia;Crescente;Sol;Dupla;Retorno Regulamentado;-29,51719812;-49,99124485
28/04/2023;08:00:00;APUCARANA;Manobra de mudança de faixa;Colisão transversal;Com Vítimas Feridas;Plena Noite;Decrescente;Nublado;Simples;Reta;-23,53457957;-51,45590544
28/04/2023;10:30:00;MARIALVA;Manobra de mudança de faixa;Colisão lateral mesmo sentido;Com Vítimas Feridas;Pleno dia;Crescente;Céu Claro;Dupla;"Reta;Retorno Regulamentado";-23,50131849;-51,78473353
28/04/2023;08:05:00;CABEDELO;Avarias e/ou desgaste excessivo no pneu;Tombamento;Com Vítimas Feridas;Pleno dia;Decrescente;Céu Claro;Dupla;Viaduto;-7,0433;-34,8466
28/04/2023;08:11:00;TRAIRAO;Reação tardia ou ineficiente do condutor;Tombamento;Com Vítimas Feridas;Amanhecer;Crescente;Ignorado;Simples;Reta;-5,025812;-56,187492
28/04/2023;11:15:00;CASIMIRO DE ABREU;Chuva;Colisão com objeto;Com Vítimas Feridas;Pleno dia;Crescente;Chuva;Dupla;Curva;-22,48133694;-42,22930101
23/04/2023;16:05:00;TABOAO DA SERRA;Manobra de mudança de faixa;Colisão lateral mesmo sentido;Com Vítimas Feridas;Pleno dia;Decrescente;Céu Claro;Dupla;Reta;-23,63638826;-46,83251584
28/04/2023;14:00:00;FEIRA DE SANTANA;Manobra de mudança de faixa;Saída de leito carroçável;Com Vítimas Feridas;Pleno dia;Decrescente;Sol;Dupla;Reta;-12,27918591;-38,92645693
28/04/2023;14:26:00;SERRA;Acumulo de água sobre o pavimento;Saída de leito carroçável;Com Vítimas Feridas;Pleno dia;Crescente;Chuva;Dupla;Curva;-20,21828666;-40,34895595
28/04/2023;14:22:00;BARREIRAS;Manobra de mudança de faixa;Colisão traseira;Com Vítimas Feridas;Pleno dia;Decrescente;Sol;Simples;Reta;-12,20181807;-45,01487075
28/04/2023;12:30:00;RIO VERDE;Velocidade Incompatível;Saída de leito carroçável;Com Vítimas Feridas;Pleno dia;Crescente;Céu Claro;Dupla;"Curva;Declive";-17,8228;-50,9983
28/04/2023;15:15:00;GUARULHOS;Manobra de mudança de faixa;Colisão lateral mesmo sentido;Com Vítimas Feridas;Pleno dia;Crescente;Céu Claro;Múltipla;Reta;-23,46472809;-46,49793962
28/04/2023;14:20:00;CAMPO ALEGRE DE GOIAS;Acumulo de água sobre o pavimento;Saída de leito carroçável;Com Vítimas Feridas;Pleno dia;Decrescente;Chuva;Dupla;Viaduto;-17,6409;-47,7638
28/04/2023;13:10:00;ITATIAIA;Manobra de mudança de faixa;Colisão traseira;Com Vítimas Feridas;Pleno dia;Crescente;Nublado;Dupla;"Aclive;Curva";-22,47135783;-44,51922908
28/04/2023;13:00:00;SAO LUIS;Acumulo de óleo sobre o pavimento;Queda de ocupante de veículo;Com Vítimas Feridas;Pleno dia;Crescente;Céu Claro;Dupla;Retorno Regulamentado;-2,68053538;-44,29512283
16/04/2023;15:30:00;TEOFILO OTONI;Velocidade Incompatível;Tombamento;Com Vítimas Feridas;Pleno dia;Decrescente;Nublado;Simples;"Curva;Declive";-17,921832;-41,527011
28/04/2023;16:40:00;SAO JOAO DE MERITI;Manobra de mudança de faixa;Colisão lateral mesmo sentido;Com Vítimas Feridas;Pleno dia;Decrescente;Céu Claro;Dupla;Reta;-22,79810324;-43,35726614
16/01/2023;14:00:00;JACAREI;Objeto estático sobre o leito carroçável;Tombamento;Com Vítimas Feridas;Pleno dia;Crescente;Céu Claro;Dupla;Reta;-23,27617003;-45,97592098
28/04/2023;16:40:00;BLUMENAU;Manobra de mudança de faixa;Colisão lateral mesmo sentido;Com Vítimas Feridas;Pleno dia;Crescente;Céu Claro;Simples;"Em Obras;Reta;Aclive";-26,871065;-49,110374
28/04/2023;13:29:00;SAO BENTO DO SUL;Ausência de reação do condutor;Tombamento;Com Vítimas Feridas;Pleno dia;Crescente;Céu Claro;Simples;Curva;-26,26608202;-49,42467403
28/04/2023;16:45:00;SERRA;Manobra de mudança de faixa;Colisão lateral mesmo sentido;Com Vítimas Feridas;Pleno dia;Decrescente;Céu Claro;Dupla;Reta;-20,14854215;-40,27970926
28/04/2023;18:00:00;GUARULHOS;Manobra de mudança de faixa;Colisão traseira;Com Vítimas Feridas;Anoitecer;Decrescente;Céu Claro;Dupla;Reta;-23,44695693;-46,45394103
28/04/2023;18:00:00;ESTIVA;Velocidade Incompatível;Colisão lateral mesmo sentido;Com Vítimas Feridas;Pleno dia;Decrescente;Céu Claro;Dupla;Reta;-22,53194905;-46,02809392
28/04/2023;18:30:00;SAO JOSE DOS CAMPOS;Manobra de mudança de faixa;Colisão traseira;Sem Vítimas;Anoitecer;Decrescente;Céu Claro;Dupla;Reta;-23,20067421;-45,8795018
28/04/2023;17:30:00;CURVELO;Ultrapassagem Indevida;Colisão traseira;Com Vítimas Feridas;Pleno dia;Crescente;Céu Claro;Simples;Reta;-18,98817201;-44,66225208
20/04/2023;23:55:00;CARUARU;Velocidade Incompatível;Colisão traseira;Com Vítimas Feridas;Plena Noite;Crescente;Céu Claro;Dupla;Reta;-8,2962792;-35,89314995
28/04/2023;19:00:00;LAGOA VERMELHA;Ausência de sinalização;Queda de ocupante de veículo;Com Vítimas Feridas;Plena Noite;Decrescente;Céu Claro;Simples;"Interseção de Vias;Curva";-28,22413411;-51,61098003
28/04/2023;19:20:00;CARDOSO MOREIRA;Manobra de mudança de faixa;Colisão lateral sentido oposto;Com Vítimas Feridas;Plena Noite;Decrescente;Nublado;Simples;Reta;-21,49180046;-41,63156431
28/04/2023;21:15:00;ESMERALDAS;Manobra de mudança de faixa;Colisão lateral mesmo sentido;Sem Vítimas;Plena Noite;Decrescente;Nublado;Dupla;Reta;-19,72138499;-44,15573599
28/04/2023;21:16:00;BRASILIA;Ultrapassagem Indevida;Colisão lateral mesmo sentido;Com Vítimas Feridas;Plena Noite;Crescente;Nublado;Dupla;"Reta;Declive";-15,901237;-48,122334
28/04/2023;21:30:00;GUARULHOS;Avarias e/ou desgaste excessivo no pneu;Tombamento;Com Vítimas Feridas;Plena Noite;Crescente;Céu Claro;Múltipla;Reta;-23,44333014;-46,44531294
28/04/2023;17:25:00;DOURADOS;Ausência de reação do condutor;Tombamento;Com Vítimas Feridas;Anoitecer;Crescente;Céu Claro;Dupla;Reta;-22,22437598;-54,73283529
28/04/2023;22:40:00;BARRA VELHA;Manobra de mudança de faixa;Colisão lateral mesmo sentido;Com Vítimas Feridas;Plena Noite;Decrescente;Céu Claro;Dupla;Reta;-26,718427;-48,70233
28/04/2023;22:40:00;GUAICARA;Demais falhas mecânicas ou elétricas;Tombamento;Com Vítimas Feridas;Plena Noite;Decrescente;Céu Claro;Simples;Reta;-21,64098999;-49,78823613
28/04/2023;19:49:00;SAO JOAO DE MERITI;Manobra de mudança de faixa;Colisão traseira;Com Vítimas Feridas;Plena Noite;Crescente;Céu Claro;Simples;Reta;-22,7839538;-43,38195488
28/04/2023;22:40:00;CARUARU;Iluminação deficiente;Colisão com objeto;Com Vítimas Feridas;Plena Noite;Decrescente;Céu Claro;Simples;Viaduto;-8,30610303;-35,96342301
28/04/2023;21:20:00;MANHUACU;Velocidade Incompatível;Capotamento;Com Vítimas Feridas;Plena Noite;Crescente;Chuva;Simples;"Curva;Declive";-20,010555;-42,152694
19/04/2023;17:30:00;BLUMENAU;Ultrapassagem Indevida;Colisão transversal;Com Vítimas Feridas;Pleno dia;Crescente;Céu Claro;Simples;"Em Obras;Curva";-26,88300486;-49,15622234
29/04/2023;00:20:00;BEZERROS;Iluminação deficiente;Saída de leito carroçável;Com Vítimas Feridas;Plena Noite;Crescente;Céu Claro;Dupla;Curva;-8,286722;-35,818193
29/04/2023;02:00:00;MANGARATIBA;Velocidade Incompatível;Capotamento;Sem Vítimas;Plena Noite;Crescente;Garoa/Chuvisco;Simples;Reta;-22,91808988;-43,91359106
31/01/2023;11:40:00;CEREJEIRAS;Acumulo de água sobre o pavimento;Colisão traseira;Com Vítimas Feridas;Pleno dia;Crescente;Chuva;Simples;Reta;-13,188992;-60,837076
29/04/2023;03:00:00;CASCAVEL;Velocidade Incompatível;Saída de leito carroçável;Sem Vítimas;Plena Noite;Crescente;Céu Claro;Simples;Curva;-24,98601805;-53,46847424
29/04/2023;00:10:00;CODO;Velocidade Incompatível;Saída de leito carroçável;Com Vítimas Fatais;Plena Noite;Crescente;Chuva;Simples;"Curva;Declive";-4,573988;-43,975109
29/04/2023;04:40:00;MARILIA;Afundamento ou ondulação no pavimento;Tombamento;Com Vítimas Feridas;Pleno dia;Decrescente;Nublado;Simples;"Reta;Aclive";-21,9909;-49,914257
29/04/2023;05:17:00;SANTA RITA;Velocidade Incompatível;Colisão com objeto;Com Vítimas Feridas;Pleno dia;Crescente;Céu Claro;Dupla;Curva;-7,124003;-34,946501
29/04/2023;05:30:00;SORRISO;Ingestão de álcool pelo condutor;Tombamento;Com Vítimas Feridas;Pleno dia;Decrescente;Céu Claro;Dupla;"Reta;Interseção de Vias";-12,553782;-55,715319
29/04/2023;05:30:00;CAMPINA GRANDE;Manobra de mudança de faixa;Colisão lateral sentido oposto;Com Vítimas Feridas;Pleno dia;Crescente;Céu Claro;Simples;Reta;-7,19637839;-35,87571339
29/04/2023;06:30:00;MANDAGUARI;Reação tardia ou ineficiente do condutor;Tombamento;Com Vítimas Fatais;Amanhecer;Crescente;Céu Claro;Simples;"Reta;Rotatória";-23,55006116;-51,6673708
29/04/2023;08:20:00;BRASILIA;Manobra de mudança de faixa;Engavetamento;Sem Vítimas;Pleno dia;Decrescente;Céu Claro;Dupla;Reta;-16,038666;-47,979691
29/04/2023;07:40:00;AGUAS MORNAS;Reação tardia ou ineficiente do condutor;Tombamento;Com Vítimas Feridas;Pleno dia;Crescente;Nublado;Simples;"Aclive;Curva;Em Obras";-27,721771;-48,934837
29/04/2023;08:30:00;TERESINA;Avarias e/ou desgaste excessivo no pneu;Tombamento;Com Vítimas Feridas;Pleno dia;Decrescente;Nublado;Múltipla;Reta;-5,13655894;-42,78900388
29/04/2023;09:30:00;PORTO ALEGRE;Avarias e/ou desgaste excessivo no pneu;Tombamento;Com Vítimas Feridas;Pleno dia;Crescente;Céu Claro;Simples;Curva;-29,971916;-51,176838
29/04/2023;09:40:00;APUCARANA;Avarias e/ou desgaste excessivo no pneu;Tombamento;Com Vítimas Feridas;Pleno dia;Crescente;Céu Claro;Dupla;"Reta;Retorno Regulamentado";-23,57126885;-51,50557362
29/04/2023;09:44:00;FLORIANO;Manobra de mudança de faixa;Queda de ocupante de veículo;Com Vítimas Feridas;Pleno dia;Crescente;Céu Claro;Dupla;Reta;-6,776695;-43,009346
29/04/2023;08:50:00;POUSO REDONDO;Velocidade Incompatível;Tombamento;Com Vítimas Feridas;Pleno dia;Crescente;Nublado;Simples;Curva;-27,254034;-50,036575
29/04/2023;11:12:00;PALHOCA;Manobra de mudança de faixa;Colisão lateral mesmo sentido;Com Vítimas Feridas;Pleno dia;Crescente;Céu Claro;Simples;Reta;-27,65184843;-48,67604941
29/04/2023;12:20:00;PORTO ALEGRE;Velocidade Incompatível;Tombamento;Com Vítimas Feridas;Pleno dia;Crescente;Céu Claro;Simples;"Declive;Curva";-29,972212;-51,199139
29/04/2023;12:10:00;POCO DAS TRINCHEIRAS;Manobra de mudança de faixa;Colisão transversal;Com Vítimas Feridas;Pleno dia;Crescente;Céu Claro;Simples;Reta;-9,34022598;-37,28513299
29/04/2023;13:10:00;SANTA RITA;Demais falhas mecânicas ou elétricas;Tombamento;Com Vítimas Feridas;Pleno dia;Decrescente;Céu Claro;Dupla;Reta;-7,1479;-35,0029
29/04/2023;13:40:00;AREAL;Reação tardia ou ineficiente do condutor;Tombamento;Com Vítimas Feridas;Pleno dia;Decrescente;Nublado;Dupla;"Curva;Interseção de Vias";-22,18633705;-43,16660309
29/04/2023;13:20:00;PETROPOLIS;Pista Escorregadia;Saída de leito carroçável;Sem Vítimas;Pleno dia;Crescente;Nublado;Simples;"Curva;Declive";-22,54413793;-43,23287799
29/04/2023;11:55:00;CURRAIS NOVOS;Manobra de mudança de faixa;Colisão lateral mesmo sentido;Com Vítimas Feridas;Pleno dia;Crescente;Céu Claro;Simples;"Aclive;Reta;Interseção de Vias";-6,26149724;-36,51635528
29/04/2023;15:00:00;SERRA;Velocidade Incompatível;Queda de ocupante de veículo;Com Vítimas Feridas;Pleno dia;Crescente;Nublado;Dupla;Reta;-20,14616415;-40,28836206
29/04/2023;13:20:00;FORTALEZA;Manobra de mudança de faixa;Colisão lateral mesmo sentido;Com Vítimas Feridas;Pleno dia;Crescente;Sol;Dupla;"Reta;Interseção de Vias";-3,7367737;-38,56923
29/04/2023;16:30:00;BRUMADINHO;Velocidade Incompatível;Tombamento;Com Vítimas Feridas;Pleno dia;Crescente;Granizo;Dupla;"Curva;Declive";-20,16142479;-44,34295535
29/04/2023;16:15:00;TUBARAO;Ausência de reação do condutor;Tombamento;Com Vítimas Feridas;Pleno dia;Crescente;Céu Claro;Dupla;Reta;-28,45115639;-48,97286879
29/04/2023;15:45:00;SAO GONCALO DO ABAETE;Pista Escorregadia;Capotamento;Com Vítimas Feridas;Pleno dia;Crescente;Chuva;Simples;Curva;-18,1662113;-45,290626
29/04/2023;17:05:00;CONTAGEM;Chuva;Colisão lateral mesmo sentido;Com Vítimas Feridas;Pleno dia;Crescente;Chuva;Dupla;"Aclive;Reta";-19,91106071;-44,0424943
29/04/2023;15:50:00;PROMISSAO;Demais falhas mecânicas ou elétricas;Tombamento;Com Vítimas Feridas;Pleno dia;Decrescente;Céu Claro;Simples;Reta;-21,30103796;-49,79359234
29/04/2023;16:35:00;CAETE;Afundamento ou ondulação no pavimento;Queda de ocupante de veículo;Com Vítimas Feridas;Plena Noite;Decrescente;Céu Claro;Dupla;"Curva;Declive";-19,77712975;-43,65501412
29/04/2023;16:40:00;HERVAL DOESTE;Reação tardia ou ineficiente do condutor;Tombamento;Com Vítimas Fatais;Pleno dia;Decrescente;Céu Claro;Simples;Curva;-27,21837467;-51,46417033
29/04/2023;16:35:00;ARARANGUA;Redutor de velocidade em desacordo;Colisão traseira;Com Vítimas Feridas;Pleno dia;Decrescente;Céu Claro;Simples;Reta;-28,91482796;-49,48625305
29/04/2023;19:00:00;MAGE;Velocidade Incompatível;Colisão traseira;Com Vítimas Feridas;Plena Noite;Crescente;Céu Claro;Simples;Viaduto;-22,60969336;-43,03076263
29/04/2023;20:20:00;SAO GONCALO DO AMARANTE;Pista Escorregadia;Capotamento;Com Vítimas Feridas;Plena Noite;Decrescente;Chuva;Dupla;Reta;-5,76172663;-35,29115323
29/04/2023;16:30:00;VITORIA DA CONQUISTA;Manobra de mudança de faixa;Queda de ocupante de veículo;Com Vítimas Feridas;Pleno dia;Decrescente;Nublado;Simples;Aclive;-14,851;-40,8485
29/04/2023;22:40:00;MOSSORO;Manobra de mudança de faixa;Colisão frontal;Com Vítimas Fatais;Plena Noite;Crescente;Céu Claro;Simples;"Reta;Em Obras";-4,96418497;-37,39394095
29/04/2023;20:00:00;SINOP;Ausência de reação do condutor;Tombamento;Com Vítimas Feridas;Plena Noite;Decrescente;Céu Claro;Dupla;Reta;-11,950154;-55,51693
29/04/2023;20:40:00;LAJE;Velocidade Incompatível;Saída de leito carroçável;Com Vítimas Fatais;Plena Noite;Crescente;Nublado;Simples;"Aclive;Curva";-13,18374;-39,439825
30/04/2023;01:10:00;NOBRES;Afundamento ou ondulação no pavimento;Colisão com objeto;Com Vítimas Feridas;Plena Noite;Crescente;Céu Claro;Dupla;"Ponte;Reta";-14,63227512;-56,27248764
30/04/2023;01:30:00;FELIXLANDIA;Neblina;Saída de leito carroçável;Sem Vítimas;Plena Noite;Decrescente;Nevoeiro/Neblina;Simples;Reta;-18,68560533;-44,98971131
30/04/2023;02:33:00;CABEDELO;Reação tardia ou ineficiente do condutor;Tombamento;Com Vítimas Feridas;Plena Noite;Decrescente;Céu Claro;Dupla;Declive;-7,09944459;-34,84767176
30/04/2023;06:20:00;XANXERE;Velocidade Incompatível;Colisão traseira;Com Vítimas Feridas;Pleno dia;Crescente;Céu Claro;Simples;Reta;-26,885883;-52,418762
27/04/2023;06:50:00;FAZENDA RIO GRANDE;Manobra de mudança de faixa;Colisão lateral mesmo sentido;Com Vítimas Feridas;Pleno dia;Decrescente;Nublado;Múltipla;Reta;-25,63669982;-49,31315303
30/04/2023;09:36:00;SAO FRANCISCO;Chuva;Colisão com objeto;Com Vítimas Feridas;Pleno dia;Crescente;Chuva;Dupla;Reta;-10,329305;-36,89429
30/04/2023;11:30:00;VIANA;Reação tardia ou ineficiente do condutor;Tombamento;Com Vítimas Feridas;Pleno dia;Crescente;Nublado;Dupla;Reta;-20,35860628;-40,42327504
30/04/2023;11:20:00;CAMPOS DOS GOYTACAZES;Velocidade Incompatível;Saída de leito carroçável;Com Vítimas Feridas;Pleno dia;Decrescente;Sol;Dupla;Curva;-21,82626899;-41,49641201
30/04/2023;12:00:00;BOA VIAGEM;Manobra de mudança de faixa;Saída de leito carroçável;Sem Vítimas;Pleno dia;Crescente;Céu Claro;Simples;Curva;-5,13728811;-39,73839081
30/04/2023;11:50:00;SAO JOSE DOS PINHAIS;Pista Escorregadia;Tombamento;Com Vítimas Feridas;Pleno dia;Decrescente;Garoa/Chuvisco;Dupla;Reta;-25,48954287;-49,11201617
30/04/2023;11:15:00;CAXIAS DO SUL;Velocidade Incompatível;Colisão lateral mesmo sentido;Com Vítimas Feridas;Pleno dia;Decrescente;Céu Claro;Dupla;Curva;-29,17694502;-51,16173896
30/04/2023;10:50:00;CAMPINA GRANDE;Acostamento em desnível;Tombamento;Com Vítimas Feridas;Pleno dia;Decrescente;Chuva;Simples;"Reta;Declive";-7,2361;-35,941
30/04/2023;14:35:00;CAXIAS DO SUL;Velocidade Incompatível;Tombamento;Com Vítimas Feridas;Pleno dia;Decrescente;Sol;Dupla;Curva;-29,15444539;-51,15101681
30/04/2023;14:00:00;JOINVILLE;Avarias e/ou desgaste excessivo no pneu;Tombamento;Com Vítimas Feridas;Pleno dia;Crescente;Nublado;Múltipla;Curva;-26,29217808;-48,88483644
30/04/2023;14:40:00;ATIBAIA;Ingestão de álcool pelo condutor;Tombamento;Com Vítimas Feridas;Pleno dia;Decrescente;Céu Claro;Dupla;Curva;-23,2300622;-46,59963076
30/04/2023;15:05:00;BRASILIA;Velocidade Incompatível;Saída de leito carroçável;Com Vítimas Feridas;Pleno dia;Decrescente;Céu Claro;Dupla;Reta;-15,59834;-47,676186
30/04/2023;15:45:00;CONTAGEM;Manobra de mudança de faixa;Colisão com objeto;Com Vítimas Feridas;Pleno dia;Decrescente;Céu Claro;Múltipla;"Reta;Declive";-19,95889605;-44,069202
30/04/2023;15:00:00;DUQUE DE CAXIAS;Velocidade Incompatível;Colisão lateral mesmo sentido;Sem Vítimas;Pleno dia;Crescente;Céu Claro;Dupla;Reta;-22,73662299;-43,28858785
30/04/2023;16:00:00;UBERLANDIA;Manobra de mudança de faixa;Colisão traseira;Com Vítimas Feridas;Pleno dia;Decrescente;Céu Claro;Dupla;Reta;-18,90049028;-48,36226204
30/04/2023;12:20:00;PONTO NOVO;Velocidade Incompatível;Capotamento;Com Vítimas Fatais;Pleno dia;Crescente;Chuva;Simples;Reta;-10,87506101;-40,11063423
30/04/2023;17:55:00;SAO FRANCISCO DO SUL;Manobra de mudança de faixa;Colisão lateral mesmo sentido;Com Vítimas Feridas;Anoitecer;Crescente;Nublado;Simples;Reta;-26,25329566;-48,61916042
30/04/2023;17:45:00;ONDA VERDE;Acumulo de areia ou detritos sobre o pavimento;Tombamento;Com Vítimas Feridas;Anoitecer;Crescente;Céu Claro;Dupla;"Reta;Declive";-20,63661974;-49,33815122
30/04/2023;18:15:00;GOVERNADOR VALADARES;Ausência de reação do condutor;Tombamento;Com Vítimas Feridas;Plena Noite;Decrescente;Céu Claro;Simples;Reta;-18,88401297;-41,94924399
30/04/2023;18:30:00;CAMAQUA;Iluminação deficiente;Atropelamento de Pedestre;Com Vítimas Feridas;Plena Noite;Decrescente;Céu Claro;Simples;Reta;-30,88140317;-51,82514791
30/04/2023;18:10:00;EUCLIDES DA CUNHA;Deficiência do Sistema de Iluminação/Sinalização;Colisão traseira;Com Vítimas Feridas;Plena Noite;Crescente;Céu Claro;Simples;Reta;-10,59442413;-38,9768893
30/04/2023;19:40:00;ARAXA;Velocidade Incompatível;Saída de leito carroçável;Com Vítimas Feridas;Plena Noite;Crescente;Céu Claro;Simples;Curva;-19,61206095;-47,17744999
30/04/2023;19:00:00;BELO JARDIM;Manobra de mudança de faixa;Colisão frontal;Com Vítimas Feridas;Plena Noite;Decrescente;Nublado;Simples;Reta;-8,34353242;-36,4199731
30/04/2023;21:00:00;GUARULHOS;Ultrapassagem Indevida;Colisão traseira;Com Vítimas Feridas;Plena Noite;Decrescente;Céu Claro;Múltipla;Reta;-23,44333014;-46,44531294
30/04/2023;20:00:00;SEROPEDICA;Ausência de reação do condutor;Tombamento;Com Vítimas Feridas;Plena Noite;Decrescente;Céu Claro;Simples;Reta;-22,791252;-43,651257
30/04/2023;21:20:00;POUSO ALEGRE;Pista esburacada;Queda de ocupante de veículo;Com Vítimas Feridas;Plena Noite;Crescente;Céu Claro;Dupla;"Reta;Aclive";-22,38757269;-45,95265452
30/04/2023;19:20:00;SANTA RITA;Afundamento ou ondulação no pavimento;Queda de ocupante de veículo;Com Vítimas Feridas;Plena Noite;Decrescente;Céu Claro;Dupla;Reta;-7,10808295;-34,96293885
30/04/2023;23:00:00;CONTAGEM;Deficiência do Sistema de Iluminação/Sinalização;Colisão com objeto;Com Vítimas Feridas;Plena Noite;Crescente;Céu Claro;Dupla;Aclive;-19,95889605;-44,069202
30/04/2023;23:30:00;SAO LEOPOLDO;Velocidade Incompatível;Colisão com objeto;Sem Vítimas;Plena Noite;Crescente;Céu Claro;Múltipla;Reta;-29,72297087;-51,14858729
30/04/2023;22:35:00;PONTA GROSSA;Velocidade Incompatível;Saída de leito carroçável;Com Vítimas Feridas;Plena Noite;Crescente;Céu Claro;Dupla;Curva;-25,07594908;-50,20995715
30/04/2023;17:20:00;PESCARIA BRAVA;Reação tardia ou ineficiente do condutor;Tombamento;Com Vítimas Feridas;Anoitecer;Crescente;Céu Claro;Dupla;Curva;-28,42491971;-48,90238108
01/05/2023;00:05:00;BETIM;Velocidade Incompatível;Colisão com objeto;Com Vítimas Feridas;Plena Noite;Crescente;Céu Claro;Dupla;Reta;-19,98890883;-44,20522016
30/04/2023;23:50:00;FLORIANO;Ausência de reação do condutor;Tombamento;Com Vítimas Feridas;Plena Noite;Crescente;Céu Claro;Dupla;Reta;-6,781361;-43,023224
01/05/2023;00:30:00;CAXIAS DO SUL;Velocidade Incompatível;Capotamento;Sem Vítimas;Plena Noite;Decrescente;Céu Claro;Simples;"Aclive;Curva";-29,21503981;-51,17675573