data_inversa;horario;municipio;causa_acidente;tipo_acidente;classificacao_acidente;fase_dia;sentido_via;condicao_metereologica;tipo_pista;tracado_via;latitude;longitude
05/05/2023;15:50:00;MANHUACU;Acumulo de óleo sobre o pavimento;Tombamento;Com Vítimas Feridas;Pleno dia;Crescente;Sol;Simples;"Curva;Declive";-20,00911074;-42,14328403
05/05/2023;17:58:00;NATAL;Velocidade Incompatível;Colisão traseira;Com Vítimas Feridas;Plena Noite;Crescente;Nublado;Dupla;"Reta;Aclive";-5,86567888;-35,21651625
05/05/2023;20:40:00;GUARULHOS;Manobra de mudança de faixa;Colisão com objeto;Com Vítimas Feridas;Anoitecer;Decrescente;Nublado;Múltipla;"Reta;Declive";-23,49102507;-46,54878195
05/05/2023;18:19:00;GUARULHOS;Manobra de mudança de faixa;Colisão traseira;Com Vítimas Feridas;Anoitecer;Decrescente;Céu Claro;Múltipla;Reta;-23,42399;-46,575112
05/05/2023;19:50:00;CAPIVARI DE BAIXO;Chuva;Atropelamento de Pedestre;Com Vítimas Feridas;Plena Noite;Crescente;Chuva;Simples;Reta;-28,42524483;-48,94302707
05/05/2023;20:30:00;TUBARAO;Pista Escorregadia;Saída de leito carroçável;Sem Vítimas;Plena Noite;Crescente;Chuva;Dupla;Reta;-28,45567521;-48,9812689
05/05/2023;22:30:00;CAMPO GRANDE;Manobra de mudança de faixa;Colisão frontal;Com Vítimas Fatais;Plena Noite;Crescente;Nublado;Simples;Reta;-20,487322;-54,55929095
05/05/2023;19:30:00;DUQUE DE CAXIAS;Avarias e/ou desgaste excessivo no pneu;Tombamento;Com Vítimas Feridas;Plena Noite;Decrescente;Céu Claro;Múltipla;Reta;-22,745676;-43,2881
05/05/2023;23:45:00;ANAPOLIS;Acumulo de areia ou detritos sobre o pavimento;Tombamento;Com Vítimas Feridas;Plena Noite;Crescente;Céu Claro;Dupla;Curva;-16,3367;-48,8957
05/05/2023;18:50:00;ANAPU;Ultrapassagem Indevida;Colisão transversal;Com Vítimas Feridas;Anoitecer;Crescente;Nublado;Simples;"Reta;Declive";-3,4726185;-51,19865755
06/05/2023;00:50:00;SAO JOSE DO CERRITO;Velocidade Incompatível;Colisão frontal;Com Vítimas Feridas;Plena Noite;Crescente;Garoa/Chuvisco;Simples;Curva;-27,659687;-50,591881
06/05/2023;02:30:00;PETROPOLIS;Velocidade Incompatível;Tombamento;Com Vítimas Feridas;Plena Noite;Decrescente;Céu Claro;Dupla;Reta;-22,48485874;-43,22843406
06/05/2023;02:00:00;GUARAMIRIM;Velocidade Incompatível;Colisão com objeto;Com Vítimas Feridas;Plena Noite;Decrescente;Céu Claro;Dupla;Rotatória;-26,47415593;-49,021211
06/05/2023;02:15:00;BETIM;Velocidade Incompatível;Saída de leito carroçável;Com Vítimas Feridas;Plena Noite;Crescente;Céu Claro;Dupla;"Reta;Declive";-20,0172825;-44,2244345
06/05/2023;03:50:00;SAO JOSE;Avarias e/ou desgaste excessivo no pneu;Tombamento;Com Vítimas Feridas;Plena Noite;Decrescente;Nublado;Múltipla;Reta;-27,58313237;-48,61532885
06/05/2023;04:35:00;PALHOCA;Demais falhas na via;Eventos atípicos;Com Vítimas Feridas;Plena Noite;Decrescente;Garoa/Chuvisco;Múltipla;"Curva;Desvio Temporário";-27,665707;-48,688065
06/05/2023;04:00:00;PINHALZINHO;Iluminação deficiente;Colisão traseira;Com Vítimas Feridas;Plena Noite;Crescente;Nevoeiro/Neblina;Simples;Reta;-26,835443;-52,990578
06/05/2023;05:00:00;CAUCAIA;Manobra de mudança de faixa;Colisão lateral mesmo sentido;Com Vítimas Feridas;Amanhecer;Crescente;Céu Claro;Simples;Reta;-3,74164754;-38,60449792
06/05/2023;05:10:00;MAQUINE;Chuva;Saída de leito carroçável;Com Vítimas Feridas;Amanhecer;Crescente;Chuva;Dupla;Reta;-29,686925;-50,151698
06/05/2023;06:00:00;SOUSA;Velocidade Incompatível;Saída de leito carroçável;Com Vítimas Feridas;Pleno dia;Crescente;Céu Claro;Simples;Declive;-6,7752;-38,1982
06/05/2023;06:00:00;RIACHAO DO POCO;Reação tardia ou ineficiente do condutor;Tombamento;Com Vítimas Feridas;Amanhecer;Crescente;Céu Claro;Dupla;Reta;-7,18732404;-35,28527141
06/05/2023;06:20:00;VIANA;Velocidade Incompatível;Colisão transversal;Com Vítimas Feridas;Pleno dia;Decrescente;Céu Claro;Simples;"Curva;Viaduto;Retorno Regulamentado";-20,35860628;-40,42327504
06/05/2023;05:40:00;MARECHAL FLORIANO;Ultrapassagem Indevida;Colisão frontal;Com Vítimas Feridas;Amanhecer;Crescente;Céu Claro;Simples;Reta;-20,41251052;-40,69798571
03/05/2023;07:20:00;SANTA TEREZINHA DE ITAIPU;Ultrapassagem Indevida;Saída de leito carroçável;Com Vítimas Feridas;Pleno dia;Crescente;Céu Claro;Dupla;Reta;-25,42529621;-54,36142389
06/05/2023;07:55:00;CAXIAS DO SUL;Velocidade Incompatível;Capotamento;Com Vítimas Feridas;Pleno dia;Decrescente;Nublado;Dupla;Curva;-29,11936173;-51,12251759
06/05/2023;08:10:00;TERESOPOLIS;Acessar a via sem observar a presença dos outros veículos;Tombamento;Com Vítimas Feridas;Amanhecer;Crescente;Céu Claro;Simples;Reta;-22,397038;-42,984928
06/05/2023;07:10:00;SAO CRISTOVAO;Acumulo de água sobre o pavimento;Saída de leito carroçável;Sem Vítimas;Pleno dia;Crescente;Chuva;Dupla;Retorno Regulamentado;-10,91256274;-37,15981218
06/05/2023;10:15:00;IBATIBA;Velocidade Incompatível;Colisão lateral mesmo sentido;Com Vítimas Feridas;Pleno dia;Crescente;Sol;Simples;Reta;-20,23111383;-41,49626094
06/05/2023;10:08:00;EMBU DAS ARTES;Manobra de mudança de faixa;Queda de ocupante de veículo;Com Vítimas Feridas;Pleno dia;Decrescente;Nublado;Dupla;Reta;-23,674738;-46,856449
16/04/2023;20:35:00;ACARAU;Manobra de mudança de faixa;Colisão frontal;Com Vítimas Fatais;Plena Noite;Decrescente;Céu Claro;Simples;Reta;-2,99259697;-40,12944126
06/05/2023;10:30:00;BRASILIA;Manobra de mudança de faixa;Colisão traseira;Com Vítimas Feridas;Pleno dia;Decrescente;Céu Claro;Dupla;Reta;-15,794558;-48,166584
16/04/2023;23:05:00;BETIM;Velocidade Incompatível;Capotamento;Com Vítimas Feridas;Plena Noite;Decrescente;Céu Claro;Múltipla;Curva;-19,95939259;-44,08879995
06/05/2023;12:39:00;CARUARU;Manobra de mudança de faixa;Colisão lateral mesmo sentido;Com Vítimas Feridas;Pleno dia;Crescente;Céu Claro;Dupla;Retorno Regulamentado;-8,30417276;-35,92823905
06/05/2023;13:15:00;TEIXEIRA DE FREITAS;Ultrapassagem Indevida;Colisão traseira;Sem Vítimas;Pleno dia;Decrescente;Céu Claro;Simples;Reta;-17,5590845;-39,72612776
06/05/2023;12:27:00;CAMPO GRANDE;Reação tardia ou ineficiente do condutor;Tombamento;Com Vítimas Feridas;Pleno dia;Crescente;Céu Claro;Simples;Reta;-20,53268586;-54,70358985
06/05/2023;14:40:00;BRASILIA;Manobra de mudança de faixa;Colisão lateral mesmo sentido;Com Vítimas Feridas;Pleno dia;Crescente;Céu Claro;Dupla;Reta;-16,020903;-47,980541
06/05/2023;14:40:00;VACARIA;Velocidade Incompatível;Saída de leito carroçável;Com Vítimas Feridas;Pleno dia;Crescente;Nublado;Simples;"Curva;Aclive";-28,53506805;-50,96042633
06/05/2023;11:40:00;TUBARAO;Avarias e/ou desgaste excessivo no pneu;Tombamento;Com Vítimas Feridas;Pleno dia;Decrescente;Céu Claro;Múltipla;"Curva;Aclive";-28,49077752;-49,03906345
02/05/2023;11:20:00;SAO MIGUEL DO IGUACU;Velocidade Incompatível;Tombamento;Com Vítimas Feridas;Pleno dia;Crescente;Céu Claro;Dupla;Reta;-25,4350489;-54,37780305
09/02/2023;05:50:00;ITABUNA;Demais falhas na via;Queda de ocupante de veículo;Com Vítimas Feridas;Pleno dia;Decrescente;Céu Claro;Simples;Reta;-14,8914317;-39,2874865
06/05/2023;15:00:00;NOVA MUTUM;Chuva;Saída de leito carroçável;Com Vítimas Feridas;Pleno dia;Crescente;Chuva;Simples;Reta;-13,81986214;-56,07693366
06/05/2023;17:45:00;GUARULHOS;Ausência de sinalização;Atropelamento de Pedestre;Com Vítimas Feridas;Anoitecer;Crescente;Nublado;Dupla;"Reta;Em Obras";-23,44695693;-46,45394103
06/05/2023;18:30:00;CONGONHAS;Avarias e/ou desgaste excessivo no pneu;Tombamento;Com Vítimas Feridas;Plena Noite;Crescente;Céu Claro;Simples;Curva;-20,50685595;-43,83839521
06/05/2023;17:45:00;PANAMBI;Ultrapassagem Indevida;Colisão lateral sentido oposto;Com Vítimas Feridas;Anoitecer;Decrescente;Nublado;Simples;Curva;-28,25660916;-53,48166093
06/05/2023;18:40:00;VALPARAISO DE GOIAS;Manobra de mudança de faixa;Colisão lateral mesmo sentido;Com Vítimas Feridas;Plena Noite;Crescente;Céu Claro;Dupla;Reta;-16,067129;-47,984235
06/05/2023;17:00:00;NOVA IGUACU;Demais falhas mecânicas ou elétricas;Tombamento;Com Vítimas Feridas;Pleno dia;Decrescente;Céu Claro;Dupla;Reta;-22,74647215;-43,44594311
06/05/2023;19:00:00;LUZ;Obstrução na via;Colisão traseira;Com Vítimas Feridas;Plena Noite;Crescente;Céu Claro;Simples;Reta;-19,78618044;-45,6385929
06/05/2023;18:10:00;SAO GONCALO DO AMARANTE;Reação tardia ou ineficiente do condutor;Tombamento;Com Vítimas Feridas;Anoitecer;Decrescente;Céu Claro;Simples;"Reta;Em Obras";-3,6717776;-39,10726798
06/05/2023;20:45:00;CAMBE;Velocidade Incompatível;Colisão com objeto;Com Vítimas Feridas;Plena Noite;Crescente;Nublado;Dupla;"Curva;Declive;Viaduto";-23,29711906;-51,27782285
06/05/2023;21:10:00;LAGOA SECA;Ultrapassagem Indevida;Colisão frontal;Com Vítimas Feridas;Plena Noite;Crescente;Nublado;Simples;Reta;-7,18022102;-35,86480593
06/05/2023;21:50:00;SAO JOAO DO SUL;Ausência de reação do condutor;Tombamento;Com Vítimas Feridas;Plena Noite;Crescente;Nublado;Dupla;"Reta;Aclive;Viaduto";-29,17982211;-49,75464372
06/05/2023;22:15:00;BIGUACU;Velocidade Incompatível;Saída de leito carroçável;Sem Vítimas;Plena Noite;Decrescente;Céu Claro;Múltipla;Reta;-27,39798985;-48,6303592
06/05/2023;22:40:00;SAO JOSE DOS PINHAIS;Velocidade Incompatível;Saída de leito carroçável;Com Vítimas Feridas;Plena Noite;Decrescente;Nublado;Dupla;Reta;-25,49193858;-49,17205811
06/05/2023;20:55:00;GUARULHOS;Velocidade Incompatível;Queda de ocupante de veículo;Com Vítimas Feridas;Pleno dia;Crescente;Céu Claro;Múltipla;Reta;-23,44695693;-46,45394103
07/05/2023;00:40:00;NATAL;Manobra de mudança de faixa;Colisão lateral mesmo sentido;Com Vítimas Feridas;Plena Noite;Decrescente;Nublado;Dupla;"Curva;Viaduto";-5,85758898;-35,21271205
07/05/2023;01:00:00;QUEIMADOS;Velocidade Incompatível;Colisão com objeto;Com Vítimas Feridas;Plena Noite;Decrescente;Céu Claro;Dupla;Reta;-22,73096751;-43,62245615
07/05/2023;05:10:00;ATIBAIA;Ultrapassagem Indevida;Colisão com objeto;Com Vítimas Feridas;Plena Noite;Crescente;Céu Claro;Múltipla;Reta;-23,221911;-46,59644
07/05/2023;05:20:00;PAULISTA;Manobra de mudança de faixa;Colisão frontal;Com Vítimas Feridas;Amanhecer;Crescente;Céu Claro;Simples;Reta;-6,652994;-37,499153
07/05/2023;04:10:00;CURITIBA;Velocidade Incompatível;Saída de leito carroçável;Com Vítimas Feridas;Amanhecer;Decrescente;Nublado;Dupla;Retorno Regulamentado;-25,542501;-49,313011
06/05/2023;20:45:00;INDAIAL;Velocidade Incompatível;Colisão lateral mesmo sentido;Com Vítimas Feridas;Plena Noite;Crescente;Nublado;Dupla;Reta;-26,877615;-49,239231
06/05/2023;21:15:00;INDAIAL;Sinalização mal posicionada;Colisão com objeto;Com Vítimas Feridas;Plena Noite;Decrescente;Nublado;Dupla;"Reta;Em Obras";-26,872158;-49,23127
07/05/2023;05:30:00;SANTA ROSA DO SUL;Velocidade Incompatível;Saída de leito carroçável;Com Vítimas Feridas;Amanhecer;Crescente;Céu Claro;Múltipla;Reta;-29,13223626;-49,69660393
07/05/2023;06:30:00;SALVADOR;Chuva;Colisão com objeto;Com Vítimas Feridas;Pleno dia;Crescente;Chuva;Dupla;Reta;-12,95020997;-38,47073108
06/05/2023;23:45:00;JI-PARANA;Ausência de reação do condutor;Tombamento;Com Vítimas Feridas;Plena Noite;Crescente;Céu Claro;Múltipla;Reta;-10,898802;-61,93046
07/05/2023;09:30:00;GARIBALDI;Pista esburacada;Queda de ocupante de veículo;Com Vítimas Feridas;Pleno dia;Crescente;Nublado;Simples;Reta;-29,21351804;-51,51780626
07/05/2023;09:10:00;NOVA ALVORADA DO SUL;Avarias e/ou desgaste excessivo no pneu;Tombamento;Com Vítimas Feridas;Pleno dia;Crescente;Céu Claro;Simples;Reta;-21,2020199;-54,46281458
07/05/2023;10:00:00;TERESINA;Avarias e/ou desgaste excessivo no pneu;Tombamento;Com Vítimas Feridas;Pleno dia;Decrescente;Céu Claro;Dupla;Reta;-5,063619;-42,723273
07/05/2023;10:20:00;TAUBATE;Avarias e/ou desgaste excessivo no pneu;Tombamento;Com Vítimas Feridas;Pleno dia;Crescente;Céu Claro;Dupla;Reta;-23,01791287;-45,53009409
07/05/2023;11:22:00;LINS;Reação tardia ou ineficiente do condutor;Tombamento;Com Vítimas Feridas;Pleno dia;Decrescente;Céu Claro;Simples;Reta;-21,70725279;-49,80257014
07/05/2023;08:50:00;CACOAL;Reação tardia ou ineficiente do condutor;Tombamento;Com Vítimas Feridas;Pleno dia;Decrescente;Céu Claro;Simples;Reta;-11,37734201;-61,695898
07/05/2023;15:20:00;SAO JOSE DOS PINHAIS;Velocidade Incompatível;Colisão frontal;Com Vítimas Feridas;Pleno dia;Decrescente;Céu Claro;Dupla;Reta;-25,46961587;-49,09184037
07/05/2023;16:20:00;CAMPANHA;Velocidade Incompatível;Saída de leito carroçável;Com Vítimas Feridas;Pleno dia;Decrescente;Céu Claro;Dupla;Curva;-21,75667108;-45,40552196
07/05/2023;16:40:00;SAO JOSE DOS CAMPOS;Demais falhas mecânicas ou elétricas;Tombamento;Com Vítimas Feridas;Pleno dia;Crescente;Céu Claro;Dupla;"Reta;Aclive";-23,18274416;-45,84633592
07/05/2023;18:00:00;SAO JOSE;Demais falhas mecânicas ou elétricas;Tombamento;Com Vítimas Feridas;Plena Noite;Decrescente;Nublado;Dupla;Reta;-27,60327979;-48,63201818
07/05/2023;18:30:00;BAYEUX;Manobra de mudança de faixa;Colisão lateral mesmo sentido;Com Vítimas Feridas;Plena Noite;Decrescente;Nublado;Dupla;Reta;-7,13957906;-34,92312806
07/05/2023;18:50:00;CRISTALINA;Velocidade Incompatível;Atropelamento de Pedestre;Com Vítimas Feridas;Plena Noite;Decrescente;Céu Claro;Simples;Reta;-16,9309;-47,7117
07/05/2023;18:47:00;GUARAPARI;Ausência de reação do condutor;Tombamento;Com Vítimas Feridas;Plena Noite;Decrescente;Céu Claro;Dupla;Reta;-20,55491301;-40,48064614
07/05/2023;21:30:00;SAO JOSE DO RIO PRETO;Manobra de mudança de faixa;Colisão lateral mesmo sentido;Sem Vítimas;Plena Noite;Crescente;Céu Claro;Dupla;Reta;-20,85059051;-49,3832016
07/05/2023;19:20:00;ALTAMIRA;Manobra de mudança de faixa;Colisão lateral sentido oposto;Com Vítimas Feridas;Anoitecer;Decrescente;Céu Claro;Simples;Declive;-3,203721;-52,206787
07/05/2023;19:00:00;MASCOTE;Manobra de mudança de faixa;Colisão frontal;Com Vítimas Feridas;Plena Noite;Decrescente;Céu Claro;Simples;"Reta;Interseção de Vias";-15,75042705;-39,4801369
07/05/2023;22:45:00;CORBELIA;Velocidade Incompatível;Saída de leito carroçável;Com Vítimas Feridas;Plena Noite;Crescente;Chuva;Dupla;Reta;-24,801;-53,2905
07/05/2023;21:30:00;TEOFILO OTONI;Ausência de reação do condutor;Tombamento;Com Vítimas Feridas;Plena Noite;Crescente;Céu Claro;Simples;"Reta;Interseção de Vias";-17,859945;-41,515144
07/05/2023;21:30:00;IRANI;Reação tardia ou ineficiente do condutor;Tombamento;Com Vítimas Feridas;Plena Noite;Crescente;Chuva;Simples;"Curva;Declive";-27,026777;-51,884796
07/05/2023;22:30:00;CANTA;Deficiência do Sistema de Iluminação/Sinalização;Colisão traseira;Com Vítimas Feridas;Plena Noite;Decrescente;Nublado;Simples;Reta;2,67803291;-60,59554924
07/05/2023;21:40:00;PETROPOLIS;Velocidade Incompatível;Colisão com objeto;Com Vítimas Feridas;Pleno dia;Decrescente;Céu Claro;Dupla;"Curva;Declive";-22,33571319;-43,13320403
08/05/2023;00:20:00;SAO JOSE DE MIPIBU;Pista esburacada;Tombamento;Com Vítimas Feridas;Plena Noite;Decrescente;Céu Claro;Dupla;Reta;-6,14655198;-35,22722973
07/05/2023;21:40:00;SAO JOSE DO HERVAL;Velocidade Incompatível;Saída de leito carroçável;Sem Vítimas;Plena Noite;Decrescente;Chuva;Simples;Curva;-29,0235053;-52,31696963
08/05/2023;02:05:00;PALHOCA;Velocidade Incompatível;Tombamento;Com Vítimas Feridas;Plena Noite;Crescente;Céu Claro;Dupla;"Curva;Declive";-27,80376397;-48,63826211
07/05/2023;19:15:00;PIRATINI;Deficiência do Sistema de Iluminação/Sinalização;Saída de leito carroçável;Com Vítimas Feridas;Plena Noite;Crescente;Chuva;Simples;"Rotatória;Interseção de Vias";-31,69866903;-52,96577454
07/05/2023;15:00:00;SANTO ANTONIO DAS MISSOES;Acumulo de água sobre o pavimento;Saída de leito carroçável;Com Vítimas Feridas;Pleno dia;Crescente;Chuva;Simples;Reta;-28,471869;-55,163597
08/05/2023;04:30:00;GUARAMIRIM;Velocidade Incompatível;Colisão com objeto;Com Vítimas Feridas;Plena Noite;Crescente;Céu Claro;Dupla;Rotatória;-26,47947677;-49,00298702
08/05/2023;03:45:00;NOVA LIMA;Carga excessiva e/ou mal acondicionada;Tombamento;Sem Vítimas;Amanhecer;Decrescente;Céu Claro;Dupla;Curva;-20,03136499;-43,96967792
08/05/2023;06:50:00;GUARULHOS;Manobra de mudança de faixa;Colisão traseira;Com Vítimas Feridas;Pleno dia;Crescente;Céu Claro;Múltipla;Reta;-23,50343484;-46,56638712
08/05/2023;06:00:00;BRASILIA;Manobra de mudança de faixa;Colisão lateral mesmo sentido;Com Vítimas Feridas;Amanhecer;Decrescente;Céu Claro;Dupla;Curva;-15,802453;-48,080387
08/05/2023;06:35:00;ILHEUS;Manobra de mudança de faixa;Colisão frontal;Com Vítimas Feridas;Pleno dia;Decrescente;Céu Claro;Simples;Reta;-14,799234;-39,167315
08/05/2023;07:00:00;UBERABA;Reação tardia ou ineficiente do condutor;Tombamento;Com Vítimas Feridas;Pleno dia;Decrescente;Céu Claro;Dupla;Reta;-19,74554892;-47,98382166
08/05/2023;07:00:00;ITAPEMA;Ultrapassagem Indevida;Colisão lateral mesmo sentido;Com Vítimas Feridas;Pleno dia;Crescente;Nublado;Múltipla;Interseção de Vias;-27,126536;-48,609642
08/05/2023;07:00:00;ITAPECERICA DA SERRA;Trafegar com motocicleta (ou similar) entre as faixas;Tombamento;Com Vítimas Feridas;Pleno dia;Decrescente;Céu Claro;Dupla;Reta;-23,68894822;-46,86185535
08/05/2023;06:10:00;LUZ;Velocidade Incompatível;Saída de leito carroçável;Com Vítimas Feridas;Amanhecer;Decrescente;Céu Claro;Simples;"Reta;Declive";-19,741224;-45,8525
08/05/2023;06:30:00;VARZEA GRANDE;Neblina;Colisão transversal;Com Vítimas Feridas;Pleno dia;Decrescente;Nevoeiro/Neblina;Simples;Reta;-15,64485781;-56,02718353
08/05/2023;06:50:00;PONTA GROSSA;Velocidade Incompatível;Saída de leito carroçável;Com Vítimas Feridas;Amanhecer;Decrescente;Chuva;Dupla;"Curva;Declive";-25,0409359;-50,27017496
08/05/2023;08:35:00;CAMPOS DOS GOYTACAZES;Chuva;Tombamento;Com Vítimas Feridas;Pleno dia;Crescente;Chuva;Simples;Reta;-21,67827099;-41,31079872
08/05/2023;07:55:00;SEROPEDICA;Ultrapassagem Indevida;Atropelamento de Pedestre;Com Vítimas Feridas;Pleno dia;Crescente;Céu Claro;Simples;Reta;-22,791252;-43,651257
08/05/2023;08:30:00;ITABELA;Velocidade Incompatível;Tombamento;Com Vítimas Feridas;Pleno dia;Decrescente;Céu Claro;Simples;"Declive;Curva";-16,62810402;-39,52484603
06/03/2023;17:00:00;ITAMARAJU;Velocidade Incompatível;Tombamento;Com Vítimas Feridas;Pleno dia;Decrescente;Ignorado;Simples;Reta;-17,01749647;-39,54200506
08/05/2023;10:35:00;SAO LEOPOLDO;Pista esburacada;Tombamento;Com Vítimas Feridas;Pleno dia;Decrescente;Nublado;Dupla;Reta;-29,72297087;-51,14858729
08/05/2023;10:45:00;CAXIAS DO SUL;Curva acentuada;Colisão com objeto;Com Vítimas Feridas;Pleno dia;Decrescente;Garoa/Chuvisco;Dupla;Curva;-29,11727;-51,115208
08/05/2023;08:15:00;SANTAREM;Frear bruscamente;Tombamento;Com Vítimas Feridas;Pleno dia;Crescente;Céu Claro;Simples;Reta;-2,547851;-54,72278
08/05/2023;11:00:00;CARIACICA;Chuva;Saída de leito carroçável;Com Vítimas Feridas;Pleno dia;Crescente;Chuva;Dupla;Curva;-20,25148171;-40,37270066
08/05/2023;12:30:00;PEDRO CANARIO;Curva acentuada;Colisão com objeto;Com Vítimas Feridas;Pleno dia;Crescente;Sol;Simples;Curva;-18,27406403;-39,9597724
30/04/2023;14:30:00;SAO SEBASTIAO;Acumulo de água sobre o pavimento;Saída de leito carroçável;Com Vítimas Feridas;Pleno dia;Decrescente;Chuva;Dupla;"Reta;Declive";-9,93735986;-36,53003607
08/05/2023;05:20:00;ENTRE RIOS;Reação tardia ou ineficiente do condutor;Tombamento;Com Vítimas Feridas;Amanhecer;Decrescente;Nevoeiro/Neblina;Dupla;Reta;-11,96567431;-38,15393102
08/05/2023;11:24:00;CARATINGA;Acumulo de óleo sobre o pavimento;Tombamento;Com Vítimas Feridas;Pleno dia;Decrescente;Céu Claro;Dupla;Reta;-19,78510701;-42,13445297
08/05/2023;14:00:00;SERRA;Pista Escorregadia;Colisão com objeto;Com Vítimas Feridas;Pleno dia;Decrescente;Chuva;Dupla;Reta;-20,21307738;-40,32125972
08/05/2023;13:00:00;BARRA MANSA;Curva acentuada;Tombamento;Com Vítimas Feridas;Pleno dia;Decrescente;Céu Claro;Simples;Curva;-22,52405173;-44,20072574
07/05/2023;07:30:00;ANTONIO OLINTO;Demais falhas na via;Saída de leito carroçável;Com Vítimas Feridas;Amanhecer;Crescente;Céu Claro;Simples;Reta;-25,885603;-50,182251
22/04/2023;16:30:00;IRACEMA;Pista Escorregadia;Colisão lateral mesmo sentido;Sem Vítimas;Pleno dia;Não Informado;Garoa/Chuvisco;Simples;Curva;2,30120456;-61,25124156
08/05/2023;12:50:00;JI-PARANA;Manobra de mudança de faixa;Colisão transversal;Com Vítimas Feridas;Pleno dia;Decrescente;Nublado;Dupla;Reta;-10,88987987;-61,93126772
08/05/2023;16:30:00;ITAGUARA;Velocidade Incompatível;Saída de leito carroçável;Com Vítimas Feridas;Pleno dia;Decrescente;Céu Claro;Dupla;Reta;-20,43702178;-44,55965749
08/05/2023;18:00:00;SAO GONCALO;Manobra de mudança de faixa;Colisão lateral mesmo sentido;Com Vítimas Feridas;Plena Noite;Decrescente;Céu Claro;Múltipla;Reta;-22,85411774;-43,1018014
08/05/2023;18:00:00;MAUA DA SERRA;Afundamento ou ondulação no pavimento;Queda de ocupante de veículo;Com Vítimas Feridas;Pleno dia;Decrescente;Céu Claro;Dupla;Reta;-23,89199529;-51,23005455
08/05/2023;14:39:00;JENIPAPO DOS VIEIRAS;Pista esburacada;Capotamento;Com Vítimas Fatais;Pleno dia;Crescente;Céu Claro;Simples;Reta;-5,4619417;-45,47138406
08/05/2023;18:50:00;AREIA BRANCA;Velocidade Incompatível;Atropelamento de Pedestre;Com Vítimas Feridas;Plena Noite;Crescente;Céu Claro;Simples;"Reta;Declive";-10,769856;-37,373135
08/05/2023;10:15:00;PETROPOLIS;Velocidade Incompatível;Queda de ocupante de veículo;Com Vítimas Feridas;Pleno dia;Crescente;Céu Claro;Simples;Curva;-22,550738;-43,236397
08/05/2023;20:00:00;TAUBATE;Demais falhas mecânicas ou elétricas;Tombamento;Com Vítimas Feridas;Anoitecer;Crescente;Céu Claro;Dupla;Reta;-23,0440828;-45,58041405
08/05/2023;21:00:00;PETROLINA;Velocidade Incompatível;Tombamento;Com Vítimas Feridas;Plena Noite;Decrescente;Céu Claro;Dupla;Reta;-9,36095234;-40,48093379
08/05/2023;19:40:00;ALIANCA DO TOCANTINS;Ultrapassagem Indevida;Colisão frontal;Com Vítimas Fatais;Plena Noite;Decrescente;Céu Claro;Simples;"Aclive;Reta";-11,34411498;-48,95423704
08/05/2023;21:00:00;VALPARAISO DE GOIAS;Velocidade Incompatível;Colisão com objeto;Com Vítimas Feridas;Plena Noite;Decrescente;Céu Claro;Dupla;"Aclive;Interseção de Vias;Curva";-16,093134;-47,982236
08/05/2023;23:15:00;CAMPOS DOS GOYTACAZES;Ultrapassagem Indevida;Colisão frontal;Com Vítimas Feridas;Plena Noite;Crescente;Céu Claro;Simples;Reta;-21,75371806;-41,344292
09/05/2023;05:20:00;CONGONHAS;Reação tardia ou ineficiente do condutor;Tombamento;Com Vítimas Feridas;Plena Noite;Decrescente;Céu Claro;Simples;Reta;-20,51778098;-43,83603641
09/05/2023;07:55:00;FORTALEZA;Velocidade Incompatível;Colisão traseira;Com Vítimas Feridas;Pleno dia;Crescente;Sol;Dupla;Reta;-3,84394724;-38,49891546
09/05/2023;08:10:00;ANAPOLIS;Manobra de mudança de faixa;Saída de leito carroçável;Com Vítimas Feridas;Pleno dia;Crescente;Céu Claro;Dupla;Reta;-16,31049;-48,922889
09/05/2023;09:00:00;MARINGA;Manobra de mudança de faixa;Colisão lateral mesmo sentido;Com Vítimas Feridas;Pleno dia;Decrescente;Céu Claro;Múltipla;Reta;-23,41269173;-51,93158327
09/05/2023;08:10:00;RIACHAO DO JACUIPE;Ultrapassagem Indevida;Colisão frontal;Com Vítimas Feridas;Pleno dia;Crescente;Céu Claro;Simples;Reta;-11,85328309;-39,33444207
11/04/2023;14:00:00;ITAPECERICA DA SERRA;Velocidade Incompatível;Queda de ocupante de veículo;Sem Vítimas;Pleno dia;Decrescente;Céu Claro;Dupla;Reta;-23,69297005;-46,86352786
03/01/2023;00:10:00;URUCUCA;Ultrapassagem Indevida;Colisão frontal;Com Vítimas Feridas;Plena Noite;Crescente;Nublado;Simples;Reta;-14,58225441;-39,33929443
09/05/2023;11:50:00;CURITIBA;Manobra de mudança de faixa;Colisão lateral mesmo sentido;Com Vítimas Feridas;Pleno dia;Decrescente;Nublado;Múltipla;Reta;-25,559166;-49,306863
09/05/2023;10:40:00;MARINGA;Manobra de mudança de faixa;Colisão com objeto;Com Vítimas Feridas;Pleno dia;Decrescente;Nublado;Dupla;Reta;-23,4172197;-51,9589231
10/03/2023;18:00:00;CONTAGEM;Trafegar com motocicleta (ou similar) entre as faixas;Tombamento;Com Vítimas Feridas;Anoitecer;Decrescente;Céu Claro;Dupla;Reta;-19,86874894;-44,05962197
09/05/2023;16:00:00;SALVADOR;Manobra de mudança de faixa;Colisão lateral mesmo sentido;Com Vítimas Feridas;Pleno dia;Decrescente;Nublado;Dupla;Reta;-12,92628699;-38,46838679