data_inversa;horario;municipio;causa_acidente;tipo_acidente;classificacao_acidente;fase_dia;sentido_via;condicao_metereologica;tipo_pista;tracado_via;latitude;longitude
09/05/2023;17:00:00;CACHOEIRA DO SUL;Velocidade Incompatível;Saída de leito carroçável;Com Vítimas Feridas;Pleno dia;Decrescente;Céu Claro;Simples;Reta;-29,93769209;-52,95518411
09/05/2023;14:00:00;ACARI;Ultrapassagem Indevida;Colisão lateral mesmo sentido;Com Vítimas Feridas;Pleno dia;Crescente;Céu Claro;Simples;Reta;-6,34753729;-36,56953305
09/05/2023;17:25:00;IBIPORA;Acumulo de água sobre o pavimento;Saída de leito carroçável;Com Vítimas Feridas;Anoitecer;Decrescente;Chuva;Simples;"Reta;Declive";-23,26196201;-51,02058291
09/05/2023;21:21:00;RECIFE;Deficiência do Sistema de Iluminação/Sinalização;Colisão com objeto;Com Vítimas Feridas;Plena Noite;Decrescente;Céu Claro;Múltipla;"Em Obras;Desvio Temporário";-8,07764447;-34,97863609
09/05/2023;22:30:00;FORTALEZA;Manobra de mudança de faixa;Colisão lateral mesmo sentido;Com Vítimas Feridas;Plena Noite;Crescente;Céu Claro;Dupla;"Reta;Retorno Regulamentado";-3,89808614;-38,5038043
10/05/2023;04:26:00;APARECIDA DE GOIANIA;Velocidade Incompatível;Saída de leito carroçável;Sem Vítimas;Amanhecer;Decrescente;Céu Claro;Múltipla;Curva;-16,7633;-49,24
10/05/2023;04:50:00;GUARAMIRIM;Pista em desnível;Queda de ocupante de veículo;Com Vítimas Feridas;Plena Noite;Crescente;Nublado;Dupla;"Reta;Declive";-26,4619489;-48,94618404
10/05/2023;06:05:00;RECIFE;Obras na pista;Tombamento;Com Vítimas Feridas;Pleno dia;Decrescente;Céu Claro;Múltipla;"Reta;Em Obras";-8,07583727;-34,97015791
10/05/2023;06:30:00;GUARAMIRIM;Afundamento ou ondulação no pavimento;Queda de ocupante de veículo;Com Vítimas Feridas;Amanhecer;Crescente;Céu Claro;Simples;Reta;-26,46538871;-48,95544449
10/05/2023;07:15:00;CAXIAS DO SUL;Manobra de mudança de faixa;Colisão lateral mesmo sentido;Com Vítimas Feridas;Pleno dia;Crescente;Céu Claro;Dupla;Reta;-29,1225644;-51,12289494
10/05/2023;08:50:00;MARINGA;Ausência de reação do condutor;Tombamento;Com Vítimas Feridas;Pleno dia;Crescente;Céu Claro;Dupla;Reta;-23,41822772;-51,97500595
10/05/2023;09:00:00;GUARULHOS;Manobra de mudança de faixa;Colisão lateral mesmo sentido;Sem Vítimas;Pleno dia;Crescente;Garoa/Chuvisco;Múltipla;Reta;-23,49775803;-46,55901165
10/05/2023;10:30:00;JOAO PESSOA;Manobra de mudança de faixa;Colisão lateral mesmo sentido;Com Vítimas Feridas;Pleno dia;Crescente;Céu Claro;Dupla;"Retorno Regulamentado;Reta";-7,181221;-34,900828
10/05/2023;10:45:00;ACAILANDIA;Pista esburacada;Tombamento;Com Vítimas Feridas;Pleno dia;Crescente;Céu Claro;Simples;"Aclive;Reta";-5,07388;-47,55898
10/05/2023;14:00:00;ANGRA DOS REIS;Pista Escorregadia;Tombamento;Com Vítimas Feridas;Pleno dia;Decrescente;Chuva;Simples;Reta;-22,92894705;-44,37879998
10/05/2023;12:00:00;RIO BRANCO;Manobra de mudança de faixa;Colisão lateral mesmo sentido;Com Vítimas Feridas;Pleno dia;Decrescente;Céu Claro;Dupla;Reta;-10,01209268;-67,764365
07/02/2023;19:30:00;UBERABA;Pista em desnível;Tombamento;Com Vítimas Feridas;Plena Noite;Crescente;Céu Claro;Dupla;"Reta;Em Obras";-19,75409642;-47,98069596
10/05/2023;15:20:00;CARIDADE;Pista esburacada;Colisão com objeto;Com Vítimas Feridas;Pleno dia;Decrescente;Céu Claro;Simples;Curva;-4,03936964;-38,99855442
10/05/2023;14:47:00;CANTA;Chuva;Saída de leito carroçável;Com Vítimas Feridas;Pleno dia;Decrescente;Chuva;Simples;Reta;2,827483;-60,591545
10/05/2023;11:30:00;ARARANGUA;Manobra de mudança de faixa;Colisão traseira;Com Vítimas Feridas;Pleno dia;Crescente;Céu Claro;Dupla;"Reta;Aclive";-29,01106757;-49,57413825
10/05/2023;17:05:00;FLOR DA SERRA DO SUL;Velocidade Incompatível;Colisão transversal;Com Vítimas Feridas;Pleno dia;Crescente;Céu Claro;Simples;"Interseção de Vias;Curva";-26,24460856;-53,22420001
09/05/2023;14:45:00;COCALZINHO DE GOIAS;Manobra de mudança de faixa;Colisão lateral mesmo sentido;Sem Vítimas;Pleno dia;Crescente;Céu Claro;Simples;Reta;-15,75420612;-48,42821866
10/05/2023;10:40:00;ITAPUA DO OESTE;Reação tardia ou ineficiente do condutor;Tombamento;Com Vítimas Feridas;Pleno dia;Crescente;Céu Claro;Simples;Reta;-9,22239207;-63,1713643
10/05/2023;18:25:00;TERESINA;Manobra de mudança de faixa;Colisão transversal;Com Vítimas Feridas;Plena Noite;Decrescente;Céu Claro;Múltipla;Curva;-5,14169858;-42,78157276
10/05/2023;19:50:00;BELFORD ROXO;Acumulo de água sobre o pavimento;Capotamento;Com Vítimas Fatais;Plena Noite;Crescente;Chuva;Dupla;Reta;-22,7651616;-43,4154728
10/05/2023;08:20:00;CAPAO DO LEAO;Deficiência do Sistema de Iluminação/Sinalização;Incêndio;Sem Vítimas;Pleno dia;Crescente;Céu Claro;Simples;Reta;-31,75233352;-52,4609969
10/05/2023;20:30:00;ANCHIETA;Velocidade Incompatível;Tombamento;Com Vítimas Feridas;Plena Noite;Decrescente;Céu Claro;Simples;Reta;-20,74357272;-40,76017857
10/05/2023;20:40:00;BADY BASSITT;Acumulo de areia ou detritos sobre o pavimento;Tombamento;Com Vítimas Feridas;Plena Noite;Crescente;Céu Claro;Simples;Rotatória;-20,897977;-49,44051504
10/05/2023;21:00:00;JEREMOABO;Demais falhas na via;Eventos atípicos;Com Vítimas Feridas;Plena Noite;Crescente;Céu Claro;Simples;Reta;-9,985912;-38,31285499
10/05/2023;22:20:00;SANTA RITA;Ausência de reação do condutor;Tombamento;Com Vítimas Feridas;Plena Noite;Crescente;Céu Claro;Simples;Curva;-7,12362;-34,94495
10/05/2023;23:50:00;PARATY;Demais Fenômenos da natureza;Colisão com objeto;Sem Vítimas;Plena Noite;Crescente;Chuva;Simples;Reta;-23,17859091;-44,71190828
11/05/2023;02:10:00;NOVA LARANJEIRAS;Velocidade Incompatível;Saída de leito carroçável;Com Vítimas Feridas;Plena Noite;Crescente;Céu Claro;Simples;"Curva;Declive";-25,24154725;-52,63060519
11/05/2023;05:45:00;CACOAL;Velocidade Incompatível;Tombamento;Com Vítimas Feridas;Pleno dia;Crescente;Céu Claro;Simples;Reta;-11,44587672;-61,43784993
11/05/2023;07:00:00;URUGUAIANA;Animais na Pista;Tombamento;Com Vítimas Feridas;Amanhecer;Crescente;Céu Claro;Simples;Reta;-29,79325682;-57,09081244
11/05/2023;06:32:00;SAO JOSE;Manobra de mudança de faixa;Colisão transversal;Com Vítimas Feridas;Pleno dia;Crescente;Céu Claro;Dupla;"Reta;Interseção de Vias";-27,53413705;-48,63003205
11/05/2023;06:30:00;BRASILIA;Manobra de mudança de faixa;Colisão lateral mesmo sentido;Com Vítimas Feridas;Amanhecer;Decrescente;Céu Claro;Dupla;"Reta;Declive";-16,03586017;-47,97893828
11/05/2023;07:39:00;PALHOCA;Manobra de mudança de faixa;Colisão lateral mesmo sentido;Com Vítimas Feridas;Pleno dia;Decrescente;Céu Claro;Múltipla;Reta;-27,63697369;-48,66514142
11/05/2023;06:45:00;TERESINA;Manobra de mudança de faixa;Colisão lateral mesmo sentido;Com Vítimas Feridas;Pleno dia;Decrescente;Nublado;Múltipla;Reta;-5,12826443;-42,79292384
11/05/2023;06:53:00;MANHUACU;Reação tardia ou ineficiente do condutor;Tombamento;Com Vítimas Feridas;Pleno dia;Crescente;Nublado;Simples;"Em Obras;Rotatória";-20,25692664;-42,01099203
11/05/2023;08:20:00;CAMPOS DOS GOYTACAZES;Curva acentuada;Saída de leito carroçável;Sem Vítimas;Pleno dia;Decrescente;Nublado;Dupla;Curva;-21,8758198;-41,5832851
11/05/2023;07:30:00;SAO DOMINGOS DO PRATA;Reação tardia ou ineficiente do condutor;Tombamento;Com Vítimas Feridas;Pleno dia;Decrescente;Céu Claro;Simples;Curva;-19,96082911;-42,85234404
11/05/2023;08:30:00;PORTO SEGURO;Ultrapassagem Indevida;Colisão lateral mesmo sentido;Com Vítimas Feridas;Pleno dia;Decrescente;Céu Claro;Simples;Reta;-16,43763962;-39,0813791
11/05/2023;09:01:00;NOVA IGUACU;Chuva;Atropelamento de Pedestre;Com Vítimas Feridas;Pleno dia;Crescente;Chuva;Simples;Reta;-22,854782;-43,601933
17/04/2023;14:50:00;BRASILIA;Manobra de mudança de faixa;Colisão transversal;Com Vítimas Feridas;Pleno dia;Decrescente;Céu Claro;Dupla;Reta;-15,802453;-48,080387
22/03/2023;02:50:00;ITAITUBA;Demais falhas na via;Tombamento;Com Vítimas Feridas;Plena Noite;Crescente;Céu Claro;Simples;Reta;-4,51394208;-55,86544792
11/05/2023;09:30:00;PETROPOLIS;Chuva;Saída de leito carroçável;Com Vítimas Feridas;Pleno dia;Decrescente;Chuva;Dupla;"Curva;Aclive";-22,52850694;-43,2349802
11/05/2023;11:50:00;NATAL;Curva acentuada;Saída de leito carroçável;Com Vítimas Feridas;Pleno dia;Decrescente;Céu Claro;Simples;Curva;-5,83583319;-35,28030896
11/05/2023;12:20:00;TERESINA;Frear bruscamente;Tombamento;Com Vítimas Feridas;Pleno dia;Decrescente;Céu Claro;Simples;"Reta;Declive";-5,114822;-42,778355
10/05/2023;12:12:00;BRASILIA;Velocidade Incompatível;Tombamento;Sem Vítimas;Pleno dia;Não Informado;Sol;Simples;Reta;-15,943619;-48,172115
07/05/2023;19:30:00;SAO JOAO DA BARRA;Ultrapassagem Indevida;Colisão lateral sentido oposto;Com Vítimas Feridas;Plena Noite;Crescente;Nublado;Simples;Reta;-21,62805631;-41,02539003
11/05/2023;16:00:00;URAI;Manobra de mudança de faixa;Colisão lateral mesmo sentido;Com Vítimas Feridas;Pleno dia;Crescente;Céu Claro;Dupla;"Curva;Aclive";-23,278756;-50,845123
11/05/2023;16:10:00;CAUCAIA;Deficiência do Sistema de Iluminação/Sinalização;Colisão transversal;Com Vítimas Feridas;Pleno dia;Decrescente;Céu Claro;Dupla;Reta;-3,74296918;-38,61330997
11/05/2023;08:00:00;CAPINZAL DO NORTE;Manobra de mudança de faixa;Colisão frontal;Com Vítimas Fatais;Pleno dia;Decrescente;Céu Claro;Simples;"Reta;Declive";-4,63152092;-44,33838674
13/04/2023;08:30:00;PETROPOLIS;Curva acentuada;Saída de leito carroçável;Com Vítimas Feridas;Amanhecer;Decrescente;Céu Claro;Dupla;"Aclive;Curva";-22,52850694;-43,2349802
11/05/2023;17:00:00;BARRA VELHA;Reação tardia ou ineficiente do condutor;Tombamento;Com Vítimas Feridas;Pleno dia;Decrescente;Céu Claro;Dupla;Reta;-26,62404682;-48,71394986
11/05/2023;16:30:00;JACAREI;Acesso irregular;Tombamento;Com Vítimas Feridas;Pleno dia;Decrescente;Céu Claro;Dupla;"Reta;Declive";-23,30254924;-46,02640493
11/05/2023;17:20:00;BRASILIA;Manobra de mudança de faixa;Colisão lateral mesmo sentido;Com Vítimas Feridas;Pleno dia;Decrescente;Céu Claro;Dupla;"Viaduto;Interseção de Vias";-16,038666;-47,979691
11/05/2023;17:10:00;AQUIRAZ;Avarias e/ou desgaste excessivo no pneu;Tombamento;Com Vítimas Feridas;Anoitecer;Decrescente;Céu Claro;Dupla;Reta;-4,00202799;-38,51692006
11/05/2023;17:30:00;SATUBA;Acumulo de óleo sobre o pavimento;Queda de ocupante de veículo;Com Vítimas Feridas;Plena Noite;Decrescente;Céu Claro;Simples;Curva;-9,58021969;-35,83876014
11/05/2023;18:50:00;PALHOCA;Manobra de mudança de faixa;Colisão lateral mesmo sentido;Com Vítimas Feridas;Plena Noite;Crescente;Céu Claro;Múltipla;Reta;-27,63697369;-48,66514142
11/05/2023;17:20:00;VOLTA REDONDA;Manobra de mudança de faixa;Colisão lateral mesmo sentido;Com Vítimas Feridas;Anoitecer;Decrescente;Céu Claro;Simples;Reta;-22,481726;-44,06308602
11/05/2023;21:10:00;MARANGUAPE;Demais falhas na via;Saída de leito carroçável;Com Vítimas Feridas;Plena Noite;Decrescente;Céu Claro;Simples;Declive;-4,03251152;-38,99268756
11/05/2023;19:20:00;IRATI;Ultrapassagem Indevida;Colisão transversal;Com Vítimas Feridas;Plena Noite;Decrescente;Céu Claro;Simples;"Reta;Declive";-25,47271703;-50,63775197
11/05/2023;23:00:00;ESTRELA;Acumulo de óleo sobre o pavimento;Tombamento;Com Vítimas Feridas;Plena Noite;Decrescente;Céu Claro;Simples;Reta;-29,4743;-51,952923
11/05/2023;20:15:00;PARAGOMINAS;Acumulo de areia ou detritos sobre o pavimento;Colisão com objeto;Com Vítimas Feridas;Plena Noite;Decrescente;Céu Claro;Simples;Declive;-3,11584799;-47,48585103
12/05/2023;01:00:00;MAGE;Velocidade Incompatível;Saída de leito carroçável;Sem Vítimas;Plena Noite;Crescente;Céu Claro;Dupla;Rotatória;-22,64988985;-43,17250297
11/05/2023;21:23:00;DUQUE DE CAXIAS;Manobra de mudança de faixa;Colisão traseira;Com Vítimas Feridas;Plena Noite;Decrescente;Nublado;Múltipla;Reta;-22,77280597;-43,28626763
12/05/2023;02:00:00;CONCEICAO DO CASTELO;Sinalização encoberta;Saída de leito carroçável;Com Vítimas Feridas;Plena Noite;Decrescente;Garoa/Chuvisco;Simples;Reta;-20,26652925;-41,2723576
12/05/2023;05:31:00;CANOAS;Velocidade Incompatível;Saída de leito carroçável;Sem Vítimas;Amanhecer;Crescente;Céu Claro;Simples;Reta;-29,914435;-51,17754495
12/05/2023;05:45:00;BRASILIA;Manobra de mudança de faixa;Colisão lateral mesmo sentido;Com Vítimas Feridas;Amanhecer;Decrescente;Céu Claro;Dupla;"Reta;Aclive";-15,79801421;-48,07224512
12/05/2023;07:10:00;CHAPECO;Demais Fenômenos da natureza;Colisão com objeto;Sem Vítimas;Pleno dia;Decrescente;Céu Claro;Simples;Reta;-27,00050076;-52,64883751
12/05/2023;06:45:00;CARIACICA;Demais falhas mecânicas ou elétricas;Tombamento;Com Vítimas Feridas;Pleno dia;Decrescente;Chuva;Dupla;Reta;-20,229825;-40,36681652
12/05/2023;06:10:00;JOAO PESSOA;Manobra de mudança de faixa;Colisão lateral mesmo sentido;Com Vítimas Feridas;Pleno dia;Crescente;Sol;Dupla;Retorno Regulamentado;-7,1811963;-34,90080357
12/05/2023;07:04:00;BRASILIA;Manobra de mudança de faixa;Colisão lateral mesmo sentido;Com Vítimas Feridas;Pleno dia;Decrescente;Céu Claro;Dupla;Reta;-15,626412;-47,726454
12/05/2023;06:48:00;CAMPO GRANDE;Avarias e/ou desgaste excessivo no pneu;Tombamento;Com Vítimas Feridas;Pleno dia;Crescente;Céu Claro;Simples;Reta;-20,7421209;-54,5363677
11/05/2023;17:00:00;NOVA IGUACU;Manobra de mudança de faixa;Colisão lateral mesmo sentido;Com Vítimas Feridas;Plena Noite;Crescente;Garoa/Chuvisco;Múltipla;Reta;-22,74151051;-43,45351823
03/05/2023;22:40:00;VARZEA DA PALMA;Velocidade Incompatível;Colisão com objeto;Com Vítimas Fatais;Plena Noite;Crescente;Céu Claro;Simples;Curva;-17,21708331;-44,81868661
12/05/2023;08:30:00;BRASILIA;Ausência de reação do condutor;Tombamento;Com Vítimas Feridas;Pleno dia;Decrescente;Céu Claro;Dupla;Reta;-15,795264;-48,063801
12/05/2023;08:00:00;LONDRINA;Manobra de mudança de faixa;Colisão transversal;Com Vítimas Feridas;Pleno dia;Decrescente;Céu Claro;Dupla;Reta;-23,29553547;-51,19014144
12/05/2023;09:32:00;CANDEIAS;Manobra de mudança de faixa;Colisão lateral mesmo sentido;Com Vítimas Feridas;Pleno dia;Crescente;Sol;Dupla;Reta;-12,722583;-38,450524
12/05/2023;09:30:00;BRASILIA;Manobra de mudança de faixa;Colisão lateral mesmo sentido;Com Vítimas Feridas;Pleno dia;Crescente;Céu Claro;Dupla;"Reta;Declive";-15,89428657;-48,10067117
12/05/2023;10:45:00;ANAPOLIS;Manobra de mudança de faixa;Capotamento;Com Vítimas Feridas;Pleno dia;Crescente;Céu Claro;Dupla;Reta;-16,3149;-48,846
06/03/2023;16:00:00;MAFRA;Chuva;Saída de leito carroçável;Com Vítimas Feridas;Pleno dia;Crescente;Chuva;Simples;Reta;-26,1927121;-49,87729374
12/05/2023;11:45:00;ATIBAIA;Ultrapassagem Indevida;Colisão lateral mesmo sentido;Com Vítimas Feridas;Pleno dia;Decrescente;Céu Claro;Dupla;"Reta;Em Obras";-23,1215761;-46,57471572
12/05/2023;12:55:00;FERNANDO PEDROZA;Velocidade Incompatível;Colisão com objeto;Com Vítimas Feridas;Pleno dia;Decrescente;Céu Claro;Simples;"Em Obras;Ponte;Reta";-5,696604;-36,535522
12/05/2023;13:00:00;RECIFE;Manobra de mudança de faixa;Colisão traseira;Com Vítimas Feridas;Pleno dia;Decrescente;Sol;Dupla;"Reta;Declive;Viaduto";-8,06795766;-34,94535414
12/05/2023;12:50:00;DUQUE DE CAXIAS;Reação tardia ou ineficiente do condutor;Tombamento;Com Vítimas Feridas;Pleno dia;Decrescente;Céu Claro;Simples;Viaduto;-22,60246485;-43,28380739
12/05/2023;13:20:00;TABOAO DA SERRA;Manobra de mudança de faixa;Colisão lateral mesmo sentido;Com Vítimas Feridas;Pleno dia;Crescente;Céu Claro;Múltipla;Reta;-23,60743544;-46,76498674
12/05/2023;11:25:00;CATU;Velocidade Incompatível;Colisão traseira;Com Vítimas Feridas;Pleno dia;Crescente;Céu Claro;Simples;"Declive;Reta";-12,31668083;-38,37953127
27/04/2023;12:00:00;ALTAMIRA;Ultrapassagem Indevida;Colisão frontal;Com Vítimas Feridas;Pleno dia;Decrescente;Céu Claro;Simples;Reta;-9,07193396;-54,91477424
12/05/2023;09:20:00;CATALAO;Avarias e/ou desgaste excessivo no pneu;Tombamento;Com Vítimas Feridas;Pleno dia;Crescente;Céu Claro;Simples;Reta;-18,1483;-47,907
12/05/2023;15:30:00;CABEDELO;Reação tardia ou ineficiente do condutor;Tombamento;Com Vítimas Feridas;Pleno dia;Crescente;Céu Claro;Dupla;Reta;-7,029583;-34,840216
12/05/2023;15:10:00;SANTO AMARO;Declive acentuado;Colisão traseira;Com Vítimas Feridas;Pleno dia;Decrescente;Nublado;Dupla;"Aclive;Reta";-12,40054897;-38,75968599
12/05/2023;15:45:00;PETROPOLIS;Chuva;Saída de leito carroçável;Sem Vítimas;Pleno dia;Crescente;Chuva;Dupla;Curva;-22,5554282;-43,25829998
12/05/2023;17:33:00;SAO JOSE DOS CAMPOS;Manobra de mudança de faixa;Colisão lateral mesmo sentido;Com Vítimas Feridas;Anoitecer;Decrescente;Céu Claro;Dupla;Reta;-23,19542994;-45,87176303
12/05/2023;16:40:00;PARA DE MINAS;Demais falhas mecânicas ou elétricas;Tombamento;Com Vítimas Feridas;Pleno dia;Crescente;Céu Claro;Dupla;Curva;-19,88937;-44,589206
12/05/2023;18:15:00;CAMPOS DOS GOYTACAZES;Ultrapassagem Indevida;Atropelamento de Pedestre;Com Vítimas Feridas;Plena Noite;Crescente;Céu Claro;Simples;Reta;-21,76751094;-41,34876249
12/05/2023;17:50:00;MURIAE;Manobra de mudança de faixa;Colisão lateral mesmo sentido;Com Vítimas Feridas;Plena Noite;Decrescente;Céu Claro;Simples;Interseção de Vias;-21,11553956;-42,37959981
12/05/2023;18:40:00;PETROPOLIS;Velocidade Incompatível;Colisão com objeto;Com Vítimas Feridas;Plena Noite;Crescente;Céu Claro;Dupla;Curva;-22,38628773;-43,13543464
12/05/2023;19:45:00;NOVA IGUACU;Manobra de mudança de faixa;Colisão lateral mesmo sentido;Com Vítimas Feridas;Plena Noite;Crescente;Céu Claro;Múltipla;Reta;-22,761312;-43,423492
12/05/2023;19:26:00;GOIANIA;Velocidade Incompatível;Colisão traseira;Com Vítimas Feridas;Plena Noite;Crescente;Céu Claro;Dupla;Reta;-16,7451;-49,2408
12/05/2023;18:24:00;POCO DAS TRINCHEIRAS;Iluminação deficiente;Atropelamento de Pedestre;Com Vítimas Feridas;Plena Noite;Decrescente;Nublado;Simples;Reta;-9,34022598;-37,28513299
12/05/2023;19:45:00;NAVEGANTES;Reação tardia ou ineficiente do condutor;Tombamento;Com Vítimas Feridas;Plena Noite;Decrescente;Nublado;Dupla;Curva;-26,852238;-48,709545
29/04/2023;11:20:00;SAO JOSE DOS PINHAIS;Acumulo de água sobre o pavimento;Engavetamento;Com Vítimas Feridas;Pleno dia;Decrescente;Chuva;Dupla;Curva;-25,58964707;-48,93537801
12/05/2023;23:00:00;FREDERICO WESTPHALEN;Manobra de mudança de faixa;Colisão lateral mesmo sentido;Com Vítimas Feridas;Plena Noite;Decrescente;Céu Claro;Simples;Reta;-27,365112;-53,394897
12/05/2023;23:20:00;GUARAMIRIM;Obras na pista;Tombamento;Com Vítimas Feridas;Plena Noite;Decrescente;Nublado;Simples;"Aclive;Reta";-26,45295055;-48,90788103
13/05/2023;02:30:00;GUARULHOS;Velocidade Incompatível;Colisão traseira;Com Vítimas Feridas;Plena Noite;Decrescente;Garoa/Chuvisco;Múltipla;Reta;-23,457972;-46,479927
13/05/2023;03:00:00;MANDAGUARI;Velocidade Incompatível;Tombamento;Com Vítimas Feridas;Plena Noite;Crescente;Céu Claro;Simples;Curva;-23,5247118;-51,6778324
13/05/2023;04:24:00;CRISTALINA;Velocidade Incompatível;Saída de leito carroçável;Com Vítimas Feridas;Plena Noite;Crescente;Céu Claro;Dupla;Reta;-16,82645359;-47,67424151
13/05/2023;03:50:00;PALHOCA;Velocidade Incompatível;Colisão com objeto;Sem Vítimas;Plena Noite;Crescente;Céu Claro;Dupla;Reta;-27,71552634;-48,64881251
13/05/2023;06:00:00;PRUDENTOPOLIS;Velocidade Incompatível;Saída de leito carroçável;Com Vítimas Feridas;Amanhecer;Decrescente;Céu Claro;Simples;Curva;-25,39781597;-50,80016994
12/05/2023;23:38:00;ITUIUTABA;Reação tardia ou ineficiente do condutor;Tombamento;Com Vítimas Feridas;Plena Noite;Decrescente;Céu Claro;Simples;Retorno Regulamentado;-18,96358968;-49,4773831
13/05/2023;07:05:00;JABOATAO DOS GUARARAPES;Ausência de sinalização;Colisão frontal;Com Vítimas Feridas;Pleno dia;Crescente;Sol;Simples;Curva;-8,082334;-34,995726
13/05/2023;06:25:00;RIBEIRAO DAS NEVES;Manobra de mudança de faixa;Colisão lateral mesmo sentido;Sem Vítimas;Pleno dia;Crescente;Céu Claro;Dupla;Reta;-19,76728744;-44,12855905
13/05/2023;07:20:00;CAMPO GRANDE;Reação tardia ou ineficiente do condutor;Tombamento;Com Vítimas Feridas;Pleno dia;Decrescente;Sol;Simples;Curva;-20,46452794;-54,55291421
12/05/2023;21:15:00;BURITICUPU;Velocidade Incompatível;Colisão transversal;Com Vítimas Fatais;Plena Noite;Crescente;Céu Claro;Simples;Curva;-4,35005415;-46,39019801
13/05/2023;09:10:00;CABEDELO;Manobra de mudança de faixa;Colisão traseira;Com Vítimas Feridas;Pleno dia;Crescente;Céu Claro;Dupla;"Reta;Desvio Temporário";-7,01;-34,8312
13/05/2023;09:30:00;BETIM;Avarias e/ou desgaste excessivo no pneu;Tombamento;Com Vítimas Feridas;Pleno dia;Crescente;Céu Claro;Múltipla;"Reta;Declive";-20,02513493;-44,23112709
13/05/2023;08:47:00;VALPARAISO DE GOIAS;Manobra de mudança de faixa;Colisão traseira;Com Vítimas Feridas;Pleno dia;Decrescente;Céu Claro;Dupla;Reta;-16,093134;-47,982236
13/05/2023;10:40:00;SAO GONCALO DO AMARANTE;Manobra de mudança de faixa;Colisão transversal;Sem Vítimas;Pleno dia;Crescente;Céu Claro;Dupla;"Declive;Reta";-5,777664;-35,24937
13/05/2023;11:55:00;JUIZ DE FORA;Curva acentuada;Saída de leito carroçável;Com Vítimas Feridas;Pleno dia;Decrescente;Céu Claro;Simples;Curva;-21,60932712;-43,45892723
13/05/2023;10:30:00;SAO LUIS DO CURU;Demais falhas na via;Queda de ocupante de veículo;Com Vítimas Feridas;Pleno dia;Decrescente;Sol;Simples;"Reta;Em Obras";-3,675722;-39,268305
13/05/2023;12:10:00;IMPERATRIZ;Condutor deixou de manter distância do veículo da frente;Tombamento;Sem Vítimas;Pleno dia;Crescente;Céu Claro;Múltipla;"Reta;Em Obras";-5,566143;-47,449028
13/05/2023;06:50:00;CACHOEIRO DE ITAPEMIRIM;Acumulo de areia ou detritos sobre o pavimento;Queda de ocupante de veículo;Com Vítimas Feridas;Pleno dia;Crescente;Sol;Simples;Reta;-20,841324;-41,15929
13/05/2023;12:20:00;CURITIBA;Manobra de mudança de faixa;Colisão lateral mesmo sentido;Com Vítimas Feridas;Pleno dia;Decrescente;Sol;Dupla;Reta;-25,616543;-49,317414
13/05/2023;11:35:00;ITATIAIUCU;Reação tardia ou ineficiente do condutor;Tombamento;Com Vítimas Feridas;Pleno dia;Crescente;Céu Claro;Dupla;"Aclive;Curva";-20,26492509;-44,42256682
13/05/2023;12:19:00;MARINGA;Velocidade Incompatível;Colisão com objeto;Sem Vítimas;Pleno dia;Crescente;Céu Claro;Dupla;Curva;-23,41595703;-51,97950402
01/05/2023;06:50:00;AQUIRAZ;Pista Escorregadia;Colisão com objeto;Sem Vítimas;Pleno dia;Decrescente;Chuva;Dupla;Reta;-3,993072;-38,516277
13/05/2023;08:15:00;CAMANDUCAIA;Velocidade Incompatível;Colisão lateral mesmo sentido;Sem Vítimas;Pleno dia;Decrescente;Céu Claro;Dupla;Curva;-22,765138;-46,173483
13/05/2023;13:30:00;PETROPOLIS;Acumulo de óleo sobre o pavimento;Queda de ocupante de veículo;Com Vítimas Feridas;Pleno dia;Decrescente;Céu Claro;Simples;Reta;-22,54903566;-43,24229724
13/05/2023;12:15:00;CUNHA PORA;Ultrapassagem Indevida;Colisão frontal;Com Vítimas Feridas;Pleno dia;Decrescente;Céu Claro;Simples;Reta;-26,87798082;-53,16696167
26/03/2023;17:20:00;EMBU DAS ARTES;Ultrapassagem Indevida;Colisão traseira;Com Vítimas Feridas;Pleno dia;Decrescente;Céu Claro;Dupla;Reta;-23,63638826;-46,83251584
13/05/2023;15:05:00;ESMERALDAS;Reação tardia ou ineficiente do condutor;Tombamento;Com Vítimas Feridas;Pleno dia;Crescente;Céu Claro;Dupla;Reta;-19,63737896;-44,20372986
13/05/2023;16:10:00;PELOTAS;Ausência de reação do condutor;Tombamento;Com Vítimas Feridas;Pleno dia;Decrescente;Sol;Simples;Reta;-31,54130208;-52,56823006
13/05/2023;15:50:00;TRES MARIAS;Velocidade Incompatível;Saída de leito carroçável;Com Vítimas Feridas;Pleno dia;Crescente;Céu Claro;Simples;Reta;-18,24214561;-45,2080525
13/05/2023;16:15:00;BRASILIA;Manobra de mudança de faixa;Colisão traseira;Com Vítimas Feridas;Pleno dia;Crescente;Céu Claro;Dupla;"Reta;Interseção de Vias";-15,670546;-47,816044
13/05/2023;17:32:00;BETIM;Manobra de mudança de faixa;Colisão lateral mesmo sentido;Com Vítimas Feridas;Anoitecer;Crescente;Céu Claro;Múltipla;"Aclive;Curva";-19,9868185;-44,2002901
13/05/2023;13:15:00;CASCAVEL;Velocidade Incompatível;Saída de leito carroçável;Sem Vítimas;Pleno dia;Decrescente;Céu Claro;Dupla;"Reta;Declive";-25,02817;-53,55983