data_inversa;horario;municipio;causa_acidente;tipo_acidente;classificacao_acidente;fase_dia;sentido_via;condicao_metereologica;tipo_pista;tracado_via;latitude;longitude
05/03/2023;03:20:00;CACAPAVA;Velocidade Incompatível;Capotamento;Sem Vítimas;Plena Noite;Crescente;Nublado;Simples;Retorno Regulamentado;-23,09872598;-45,68608201
17/05/2023;18:10:00;TRES LAGOAS;Manobra de mudança de faixa;Colisão traseira;Com Vítimas Feridas;Anoitecer;Crescente;Céu Claro;Dupla;Reta;-20,84640952;-51,73725843
17/05/2023;19:00:00;COLATINA;Reação tardia ou ineficiente do condutor;Tombamento;Com Vítimas Feridas;Plena Noite;Crescente;Céu Claro;Simples;Reta;-19,59524502;-40,50646804
17/05/2023;20:15:00;BRASILIA;Manobra de mudança de faixa;Colisão traseira;Com Vítimas Feridas;Plena Noite;Decrescente;Céu Claro;Dupla;"Retorno Regulamentado;Reta";-15,890521;-48,086864
17/05/2023;18:30:00;CAPIVARI DE BAIXO;Reação tardia ou ineficiente do condutor;Tombamento;Com Vítimas Feridas;Anoitecer;Decrescente;Céu Claro;Dupla;Reta;-28,43648094;-48,95989307
18/05/2023;01:15:00;NOVA IGUACU;Ausência de reação do condutor;Tombamento;Com Vítimas Feridas;Plena Noite;Decrescente;Nublado;Dupla;Reta;-22,74647215;-43,44594311
30/03/2023;12:07:00;FOZ DO IGUACU;Manobra de mudança de faixa;Colisão lateral mesmo sentido;Com Vítimas Feridas;Pleno dia;Crescente;Céu Claro;Dupla;Reta;-25,469508;-54,584803
18/05/2023;07:00:00;CONDE;Acumulo de água sobre o pavimento;Tombamento;Com Vítimas Feridas;Pleno dia;Crescente;Chuva;Dupla;Reta;-7,23612638;-34,92558002
18/05/2023;08:05:00;JOAO PESSOA;Manobra de mudança de faixa;Colisão lateral mesmo sentido;Com Vítimas Feridas;Pleno dia;Crescente;Garoa/Chuvisco;Dupla;"Reta;Declive";-7,1707;-34,8684
18/05/2023;06:45:00;CAMPO GRANDE;Ultrapassagem Indevida;Saída de leito carroçável;Com Vítimas Feridas;Pleno dia;Decrescente;Céu Claro;Simples;Aclive;-20,40828185;-54,55160067
18/05/2023;08:40:00;NATAL;Manobra de mudança de faixa;Colisão lateral mesmo sentido;Com Vítimas Feridas;Pleno dia;Decrescente;Nublado;Dupla;Reta;-5,83176615;-35,21191342
18/05/2023;08:40:00;SANTA RITA;Pista Escorregadia;Colisão lateral mesmo sentido;Com Vítimas Feridas;Pleno dia;Decrescente;Chuva;Dupla;"Curva;Declive";-7,125245;-34,946927
18/05/2023;07:00:00;RIO DAS OSTRAS;Ultrapassagem Indevida;Colisão transversal;Com Vítimas Fatais;Pleno dia;Crescente;Céu Claro;Simples;Reta;-22,41692381;-42,00103036
18/05/2023;06:30:00;CURITIBA;Manobra de mudança de faixa;Colisão lateral mesmo sentido;Com Vítimas Feridas;Pleno dia;Crescente;Sol;Dupla;Reta;-25,46790646;-49,21407759
18/05/2023;07:35:00;GUARACIABA;Velocidade Incompatível;Saída de leito carroçável;Com Vítimas Feridas;Pleno dia;Crescente;Sol;Simples;"Reta;Declive";-26,60730301;-53,51704391
18/05/2023;08:30:00;NOVA IGUACU;Manobra de mudança de faixa;Colisão transversal;Com Vítimas Feridas;Pleno dia;Decrescente;Céu Claro;Dupla;Reta;-22,74151051;-43,45351823
18/05/2023;10:00:00;ITAPEMA;Avarias e/ou desgaste excessivo no pneu;Tombamento;Com Vítimas Feridas;Pleno dia;Decrescente;Sol;Dupla;Reta;-27,03881189;-48,60025148
18/05/2023;09:05:00;BRUMADINHO;Manobra de mudança de faixa;Tombamento;Com Vítimas Feridas;Pleno dia;Decrescente;Céu Claro;Dupla;Reta;-20,160736;-44,329843
18/05/2023;11:30:00;SAO PAULO;Manobra de mudança de faixa;Colisão lateral mesmo sentido;Com Vítimas Feridas;Pleno dia;Decrescente;Céu Claro;Múltipla;Reta;-23,50343484;-46,56638712
29/03/2023;18:00:00;SAO JOSE DOS PINHAIS;Ultrapassagem Indevida;Colisão frontal;Com Vítimas Feridas;Anoitecer;Decrescente;Garoa/Chuvisco;Simples;"Reta;Interseção de Vias";-25,5530337;-49,03504085
17/02/2023;11:25:00;PROFESSOR JAMIL;Velocidade Incompatível;Saída de leito carroçável;Com Vítimas Feridas;Pleno dia;Crescente;Céu Claro;Dupla;Reta;-17,3706;-49,2442
18/05/2023;13:30:00;SAO JOSE DOS CAMPOS;Manobra de mudança de faixa;Colisão lateral mesmo sentido;Com Vítimas Feridas;Pleno dia;Crescente;Céu Claro;Dupla;Reta;-23,1402216;-45,7617252
18/05/2023;11:31:00;CAPIM GROSSO;Velocidade Incompatível;Colisão traseira;Com Vítimas Feridas;Pleno dia;Crescente;Céu Claro;Simples;"Reta;Declive";-11,38809944;-39,98771016
18/05/2023;11:30:00;SIDROLANDIA;Ausência de reação do condutor;Tombamento;Com Vítimas Feridas;Pleno dia;Decrescente;Sol;Simples;Rotatória;-20,97944234;-54,97212052
17/03/2023;04:52:00;BLUMENAU;Ultrapassagem Indevida;Colisão frontal;Com Vítimas Feridas;Plena Noite;Decrescente;Nublado;Simples;Reta;-26,880428;-49,136532
18/05/2023;10:00:00;PILAR;Acumulo de areia ou detritos sobre o pavimento;Colisão com objeto;Com Vítimas Feridas;Pleno dia;Crescente;Céu Claro;Dupla;Reta;-9,58714551;-35,98027797
18/05/2023;14:40:00;IMPERATRIZ;Acumulo de areia ou detritos sobre o pavimento;Tombamento;Com Vítimas Feridas;Pleno dia;Crescente;Nublado;Simples;Reta;-5,472474;-47,472221
18/05/2023;15:30:00;CANOAS;Manobra de mudança de faixa;Colisão lateral mesmo sentido;Com Vítimas Feridas;Pleno dia;Decrescente;Sol;Múltipla;Reta;-29,8978348;-51,17590211
18/05/2023;14:50:00;INDAIAL;Ausência de reação do condutor;Tombamento;Com Vítimas Feridas;Pleno dia;Crescente;Céu Claro;Simples;"Reta;Interseção de Vias;Em Obras";-26,870407;-49,221844
18/05/2023;12:05:00;BARRA DO CORDA;Chuva;Colisão frontal;Com Vítimas Feridas;Pleno dia;Crescente;Chuva;Simples;Declive;-5,46203764;-45,17020419
18/05/2023;17:20:00;SAO JOSE DOS PINHAIS;Ultrapassagem Indevida;Colisão traseira;Com Vítimas Feridas;Anoitecer;Crescente;Céu Claro;Múltipla;Reta;-25,58426494;-49,17618795
18/05/2023;18:15:00;BETIM;Avarias e/ou desgaste excessivo no pneu;Tombamento;Com Vítimas Feridas;Plena Noite;Crescente;Céu Claro;Dupla;Reta;-19,955814;-44,146823
18/05/2023;17:45:00;CARUARU;Deficiência do Sistema de Iluminação/Sinalização;Tombamento;Com Vítimas Feridas;Plena Noite;Decrescente;Céu Claro;Dupla;Reta;-8,176012;-35,971417
18/05/2023;18:50:00;BIGUACU;Manobra de mudança de faixa;Colisão lateral mesmo sentido;Com Vítimas Feridas;Plena Noite;Decrescente;Céu Claro;Dupla;Curva;-27,51101091;-48,64322292
18/05/2023;17:00:00;SAO JOSE;Reação tardia ou ineficiente do condutor;Tombamento;Com Vítimas Feridas;Pleno dia;Decrescente;Céu Claro;Dupla;Curva;-27,588425;-48,612919
18/05/2023;18:00:00;DUQUE DE CAXIAS;Acumulo de areia ou detritos sobre o pavimento;Queda de ocupante de veículo;Com Vítimas Feridas;Pleno dia;Decrescente;Céu Claro;Múltipla;Reta;-22,79907687;-43,29015739
18/05/2023;19:10:00;CAMPO LARGO;Ausência de reação do condutor;Tombamento;Com Vítimas Feridas;Plena Noite;Crescente;Céu Claro;Dupla;"Interseção de Vias;Reta";-25,43172;-49,41961
18/05/2023;19:30:00;RIO DO SUL;Ultrapassagem Indevida;Colisão transversal;Com Vítimas Feridas;Pleno dia;Decrescente;Céu Claro;Simples;Reta;-27,207214;-49,648476
18/05/2023;21:43:00;INDAIAL;Ingestão de álcool pelo condutor;Tombamento;Com Vítimas Feridas;Plena Noite;Crescente;Céu Claro;Simples;Rotatória;-26,870407;-49,221844
18/05/2023;19:45:00;SANHARO;Ultrapassagem Indevida;Colisão lateral mesmo sentido;Com Vítimas Feridas;Plena Noite;Crescente;Céu Claro;Simples;Reta;-8,36941743;-36,58942097
18/05/2023;22:50:00;ITAITINGA;Acostamento em desnível;Queda de ocupante de veículo;Com Vítimas Feridas;Plena Noite;Decrescente;Céu Claro;Dupla;Reta;-3,9752959;-38,51436047
19/05/2023;00:34:00;CAMPO GRANDE;Reação tardia ou ineficiente do condutor;Tombamento;Com Vítimas Feridas;Plena Noite;Crescente;Céu Claro;Simples;Reta;-20,56776899;-54,56218402
19/05/2023;05:25:00;BRASILIA;Manobra de mudança de faixa;Saída de leito carroçável;Com Vítimas Feridas;Amanhecer;Decrescente;Nublado;Dupla;Reta;-15,88859881;-48,15805435
19/05/2023;06:20:00;NOVA SERRANA;Velocidade Incompatível;Colisão com objeto;Sem Vítimas;Pleno dia;Decrescente;Céu Claro;Dupla;Reta;-19,86069594;-45,00686646
19/05/2023;07:10:00;PARNAMIRIM;Manobra de mudança de faixa;Colisão lateral mesmo sentido;Com Vítimas Feridas;Pleno dia;Decrescente;Céu Claro;Dupla;Reta;-5,88106901;-35,22542396
18/05/2023;19:00:00;CUIABA;Acumulo de óleo sobre o pavimento;Queda de ocupante de veículo;Com Vítimas Feridas;Plena Noite;Decrescente;Céu Claro;Dupla;"Reta;Interseção de Vias";-15,651;-55,997
19/05/2023;07:27:00;IBIRACU;Manobra de mudança de faixa;Colisão lateral mesmo sentido;Com Vítimas Feridas;Pleno dia;Decrescente;Céu Claro;Dupla;Reta;-19,85576305;-40,38259985
19/05/2023;07:30:00;VARZEA GRANDE;Reação tardia ou ineficiente do condutor;Tombamento;Com Vítimas Feridas;Pleno dia;Decrescente;Céu Claro;Simples;"Reta;Declive;Ponte";-15,69960663;-56,11344337
19/05/2023;07:50:00;JUNQUEIRO;Acumulo de água sobre o pavimento;Saída de leito carroçável;Com Vítimas Feridas;Pleno dia;Crescente;Chuva;Simples;Curva;-9,93276016;-36,48032295
19/05/2023;08:00:00;FEIRA DE SANTANA;Velocidade Incompatível;Colisão traseira;Sem Vítimas;Pleno dia;Crescente;Céu Claro;Múltipla;Reta;-12,28462524;-38,91926018
01/04/2023;23:15:00;TERESINA;Velocidade Incompatível;Colisão com objeto;Com Vítimas Fatais;Plena Noite;Crescente;Chuva;Múltipla;Reta;-5,14702095;-42,77438982
17/05/2023;18:30:00;DUQUE DE CAXIAS;Iluminação deficiente;Colisão com objeto;Com Vítimas Feridas;Plena Noite;Crescente;Céu Claro;Dupla;Reta;-22,62897902;-43,28579508
19/05/2023;08:15:00;CAMPO GRANDE;Ausência de reação do condutor;Tombamento;Com Vítimas Feridas;Pleno dia;Decrescente;Céu Claro;Simples;Reta;-20,45726263;-54,54671829
19/05/2023;09:10:00;AIURUOCA;Acessar a via sem observar a presença dos outros veículos;Tombamento;Com Vítimas Fatais;Pleno dia;Decrescente;Céu Claro;Simples;Reta;-21,935395;-44,6562166
19/05/2023;10:50:00;FORTALEZA;Manobra de mudança de faixa;Tombamento;Com Vítimas Feridas;Pleno dia;Crescente;Nublado;Dupla;Reta;-3,8192799;-38,50268337
19/05/2023;08:30:00;SAO PAULO;Velocidade Incompatível;Colisão frontal;Com Vítimas Feridas;Pleno dia;Crescente;Sol;Múltipla;"Reta;Declive";-23,4309671;-46,56998022
19/05/2023;13:00:00;ITAJAI;Manobra de mudança de faixa;Colisão lateral mesmo sentido;Com Vítimas Feridas;Pleno dia;Crescente;Céu Claro;Múltipla;Reta;-26,84589005;-48,72131295
19/05/2023;11:30:00;SEROPEDICA;Ultrapassagem Indevida;Atropelamento de Pedestre;Com Vítimas Feridas;Pleno dia;Crescente;Céu Claro;Simples;Reta;-22,80110769;-43,64341378
19/05/2023;13:25:00;JOAO PESSOA;Reação tardia ou ineficiente do condutor;Tombamento;Com Vítimas Feridas;Pleno dia;Decrescente;Sol;Dupla;"Reta;Declive";-7,1281;-34,8466
21/04/2023;09:30:00;CANDEIAS;Velocidade Incompatível;Colisão traseira;Com Vítimas Feridas;Pleno dia;Decrescente;Sol;Dupla;Reta;-12,6556679;-38,47271864
19/05/2023;15:25:00;UBATUBA;Demais falhas na via;Colisão com objeto;Com Vítimas Feridas;Pleno dia;Decrescente;Céu Claro;Simples;Rotatória;-23,41217537;-45,05739148
19/05/2023;10:50:00;PONTO DOS VOLANTES;Velocidade Incompatível;Saída de leito carroçável;Com Vítimas Feridas;Pleno dia;Decrescente;Céu Claro;Simples;Declive;-16,86721324;-41,47594265
19/05/2023;15:45:00;PIMENTA BUENO;Pista esburacada;Colisão com objeto;Com Vítimas Fatais;Pleno dia;Decrescente;Sol;Simples;"Reta;Declive";-11,898021;-60,978784
19/05/2023;17:00:00;NAVEGANTES;Ultrapassagem Indevida;Colisão lateral mesmo sentido;Com Vítimas Feridas;Pleno dia;Crescente;Céu Claro;Múltipla;Reta;-26,84499;-48,71505
19/05/2023;17:30:00;PONTES E LACERDA;Demais falhas mecânicas ou elétricas;Tombamento;Com Vítimas Feridas;Pleno dia;Decrescente;Céu Claro;Simples;Reta;-15,226537;-59,335728
19/05/2023;15:50:00;DUQUE DE CAXIAS;Demais falhas na via;Colisão com objeto;Com Vítimas Feridas;Pleno dia;Crescente;Céu Claro;Dupla;Reta;-22,578678;-43,272246
19/05/2023;09:50:00;AMAJARI;Demais falhas na via;Eventos atípicos;Com Vítimas Feridas;Pleno dia;Crescente;Céu Claro;Simples;"Reta;Ponte";3,716044;-60,992641
19/05/2023;19:00:00;SAO JOSE DOS PINHAIS;Ultrapassagem Indevida;Colisão frontal;Com Vítimas Feridas;Plena Noite;Crescente;Céu Claro;Simples;Reta;-25,61367672;-49,17102814
19/05/2023;18:15:00;CAMPO GRANDE;Ausência de reação do condutor;Tombamento;Com Vítimas Feridas;Plena Noite;Crescente;Céu Claro;Simples;Reta;-20,47734957;-54,75069718
19/05/2023;18:30:00;APIUNA;Manobra de mudança de faixa;Colisão lateral mesmo sentido;Com Vítimas Feridas;Plena Noite;Decrescente;Céu Claro;Simples;Reta;-27,07326545;-49,42311287
19/05/2023;21:40:00;GRAVATAI;Demais falhas mecânicas ou elétricas;Tombamento;Com Vítimas Feridas;Plena Noite;Crescente;Céu Claro;Múltipla;Reta;-29,95343;-51,058449
19/05/2023;18:50:00;CACOAL;Pista Escorregadia;Tombamento;Com Vítimas Feridas;Anoitecer;Decrescente;Céu Claro;Simples;Curva;-11,43859;-61,454768
19/05/2023;19:50:00;CEZARINA;Velocidade Incompatível;Saída de leito carroçável;Com Vítimas Feridas;Plena Noite;Decrescente;Céu Claro;Dupla;Reta;-17,0716;-49,8138
20/05/2023;02:45:00;GUAIRA;Ultrapassagem Indevida;Saída de leito carroçável;Sem Vítimas;Plena Noite;Crescente;Céu Claro;Simples;Reta;-24,08254252;-54,13314027
20/05/2023;05:00:00;UBERLANDIA;Manobra de mudança de faixa;Saída de leito carroçável;Sem Vítimas;Plena Noite;Decrescente;Céu Claro;Dupla;"Reta;Declive";-19,00488399;-48,20910294
20/05/2023;05:00:00;TABOAO DA SERRA;Velocidade Incompatível;Colisão transversal;Com Vítimas Feridas;Amanhecer;Crescente;Céu Claro;Dupla;Reta;-23,61593059;-46,78826044
20/05/2023;05:40:00;PALHOCA;Reação tardia ou ineficiente do condutor;Tombamento;Com Vítimas Feridas;Amanhecer;Crescente;Céu Claro;Simples;Reta;-27,70865409;-48,65586407
20/05/2023;04:55:00;CASCAVEL;Velocidade Incompatível;Saída de leito carroçável;Com Vítimas Feridas;Plena Noite;Decrescente;Céu Claro;Simples;Reta;-24,8326;-53,3005
20/05/2023;06:00:00;SAO JOAQUIM DE BICAS;Reação tardia ou ineficiente do condutor;Tombamento;Com Vítimas Feridas;Amanhecer;Decrescente;Céu Claro;Dupla;Reta;-20,06277698;-44,29329002
08/05/2023;18:55:00;BETIM;Manobra de mudança de faixa;Colisão lateral mesmo sentido;Com Vítimas Feridas;Plena Noite;Crescente;Céu Claro;Dupla;Curva;-19,97490091;-44,19004301
20/05/2023;08:30:00;GOIANIA;Manobra de mudança de faixa;Colisão lateral mesmo sentido;Com Vítimas Feridas;Pleno dia;Crescente;Sol;Múltipla;Reta;-16,7287;-49,2424
20/05/2023;08:30:00;CANOAS;Acumulo de óleo sobre o pavimento;Queda de ocupante de veículo;Com Vítimas Feridas;Pleno dia;Crescente;Céu Claro;Dupla;Curva;-29,90416729;-51,17686987
20/05/2023;08:10:00;NOVA IGUACU;Ausência de reação do condutor;Tombamento;Com Vítimas Feridas;Pleno dia;Decrescente;Céu Claro;Dupla;Reta;-22,74123776;-43,5007311
20/05/2023;08:00:00;SAPUCAIA;Acumulo de óleo sobre o pavimento;Tombamento;Com Vítimas Feridas;Pleno dia;Decrescente;Nublado;Simples;Curva;-21,96535716;-42,86837098
20/05/2023;10:00:00;SAO JOSE DE MIPIBU;Manobra de mudança de faixa;Saída de leito carroçável;Com Vítimas Feridas;Pleno dia;Crescente;Nublado;Dupla;Reta;-6,07054896;-35,23785797
20/05/2023;09:10:00;PARACATU;Manobra de mudança de faixa;Colisão traseira;Com Vítimas Feridas;Pleno dia;Decrescente;Céu Claro;Simples;Curva;-17,2188441;-46,8666753
20/05/2023;08:00:00;CAMPOS DOS GOYTACAZES;Manobra de mudança de faixa;Colisão transversal;Com Vítimas Feridas;Pleno dia;Decrescente;Céu Claro;Dupla;Rotatória;-21,76538669;-41,34567998
17/05/2023;07:38:00;CARUARU;Manobra de mudança de faixa;Colisão lateral mesmo sentido;Com Vítimas Feridas;Pleno dia;Crescente;Céu Claro;Dupla;"Reta;Aclive";-8,3016;-35,9882
20/05/2023;11:25:00;QUEIMADOS;Velocidade Incompatível;Atropelamento de Pedestre;Com Vítimas Feridas;Pleno dia;Decrescente;Céu Claro;Dupla;Reta;-22,72898648;-43,58452101
06/04/2023;11:50:00;CEDRO DE SAO JOAO;Acumulo de água sobre o pavimento;Colisão com objeto;Com Vítimas Feridas;Pleno dia;Crescente;Chuva;Dupla;Reta;-10,32028898;-36,89367839
20/05/2023;12:45:00;BETIM;Velocidade Incompatível;Colisão com objeto;Com Vítimas Feridas;Pleno dia;Decrescente;Céu Claro;Múltipla;"Aclive;Curva";-19,95531717;-44,11722196
20/05/2023;12:50:00;BETIM;Velocidade Incompatível;Queda de ocupante de veículo;Com Vítimas Feridas;Pleno dia;Crescente;Céu Claro;Dupla;"Reta;Declive";-19,95531717;-44,11722196
20/05/2023;12:43:00;CONTAGEM;Manobra de mudança de faixa;Colisão transversal;Com Vítimas Feridas;Pleno dia;Decrescente;Céu Claro;Dupla;Retorno Regulamentado;-19,8321242;-44,08208533
20/05/2023;11:05:00;LAGES;Manobra de mudança de faixa;Colisão transversal;Com Vítimas Feridas;Pleno dia;Crescente;Sol;Simples;Reta;-27,80419942;-50,36509464
20/05/2023;07:30:00;JOAO PESSOA;Manobra de mudança de faixa;Colisão lateral mesmo sentido;Com Vítimas Feridas;Pleno dia;Crescente;Céu Claro;Dupla;Reta;-7,0596;-34,8506
20/05/2023;13:30:00;SETE LAGOAS;Velocidade Incompatível;Colisão com objeto;Com Vítimas Feridas;Pleno dia;Crescente;Céu Claro;Dupla;"Reta;Declive";-19,43110896;-44,33657482
20/05/2023;13:30:00;SANTA RITA;Velocidade Incompatível;Tombamento;Com Vítimas Feridas;Pleno dia;Decrescente;Céu Claro;Dupla;Curva;-7,1432;-34,9869
20/05/2023;14:40:00;NITEROI;Demais falhas mecânicas ou elétricas;Tombamento;Com Vítimas Feridas;Pleno dia;Crescente;Céu Claro;Simples;Reta;-22,87292569;-43,13625699
20/05/2023;11:00:00;POUSO REDONDO;Velocidade Incompatível;Colisão frontal;Com Vítimas Feridas;Pleno dia;Decrescente;Sol;Simples;Curva;-27,30169781;-50,07499695
20/05/2023;13:50:00;OSORIO;Reação tardia ou ineficiente do condutor;Tombamento;Com Vítimas Feridas;Pleno dia;Crescente;Céu Claro;Dupla;"Reta;Aclive";-29,759604;-50,21723
20/05/2023;09:00:00;ARIQUEMES;Ultrapassagem Indevida;Colisão frontal;Com Vítimas Fatais;Pleno dia;Crescente;Sol;Simples;Reta;-10,16787005;-62,83097709
20/05/2023;17:50:00;SAO PAULO;Manobra de mudança de faixa;Colisão com objeto;Com Vítimas Feridas;Plena Noite;Decrescente;Céu Claro;Múltipla;Reta;-23,52251783;-46,5855702
20/05/2023;17:00:00;ALTO PARANA;Manobra de mudança de faixa;Tombamento;Com Vítimas Feridas;Pleno dia;Decrescente;Céu Claro;Dupla;Declive;-23,14400328;-52,2818582
20/05/2023;20:20:00;VENDA NOVA DO IMIGRANTE;Velocidade Incompatível;Saída de leito carroçável;Com Vítimas Feridas;Plena Noite;Crescente;Céu Claro;Simples;Reta;-20,33756085;-41,19989497
20/05/2023;18:10:00;LAGUNA;Manobra de mudança de faixa;Colisão lateral mesmo sentido;Com Vítimas Feridas;Plena Noite;Decrescente;Céu Claro;Dupla;Reta;-28,399616;-48,7854
20/05/2023;18:10:00;SAO DESIDERIO;Sinalização mal posicionada;Colisão frontal;Com Vítimas Fatais;Plena Noite;Crescente;Céu Claro;Simples;"Reta;Em Obras";-12,602708;-45,911681
16/05/2023;18:10:00;SERRA TALHADA;Demais falhas na via;Colisão com objeto;Sem Vítimas;Plena Noite;Não Informado;Céu Claro;Simples;Declive;-8,00823662;-38,24890137
20/05/2023;17:40:00;IBIRAMA;Velocidade Incompatível;Colisão traseira;Sem Vítimas;Anoitecer;Crescente;Nublado;Simples;Retorno Regulamentado;-27,082345;-49,520704
20/05/2023;18:20:00;LAPA;Velocidade Incompatível;Colisão traseira;Com Vítimas Feridas;Plena Noite;Crescente;Nevoeiro/Neblina;Simples;Reta;-25,77438;-49,755112
20/05/2023;18:30:00;ITAITUBA;Demais Fenômenos da natureza;Tombamento;Com Vítimas Feridas;Anoitecer;Crescente;Céu Claro;Simples;Reta;-4,489085;-55,866778
20/05/2023;21:00:00;NOVA ERA;Velocidade Incompatível;Colisão lateral sentido oposto;Com Vítimas Feridas;Pleno dia;Decrescente;Céu Claro;Simples;Curva;-19,81700707;-43,06661887
20/05/2023;22:00:00;BRASILIA;Velocidade Incompatível;Saída de leito carroçável;Com Vítimas Feridas;Plena Noite;Decrescente;Céu Claro;Dupla;Reta;-15,634938;-47,741241
20/05/2023;21:40:00;JUQUITIBA;Iluminação deficiente;Atropelamento de Pedestre;Com Vítimas Feridas;Plena Noite;Decrescente;Céu Claro;Dupla;Reta;-23,990126;-47,147995
20/05/2023;22:50:00;GRAVATAI;Velocidade Incompatível;Saída de leito carroçável;Com Vítimas Fatais;Plena Noite;Crescente;Céu Claro;Dupla;Reta;-29,944933;-50,946438
20/05/2023;20:45:00;INDAIAL;Velocidade Incompatível;Colisão frontal;Com Vítimas Fatais;Plena Noite;Crescente;Nublado;Simples;"Em Obras;Ponte";-26,87101378;-49,22915697
21/05/2023;00:20:00;COLOMBO;Velocidade Incompatível;Saída de leito carroçável;Com Vítimas Feridas;Plena Noite;Crescente;Nublado;Simples;"Curva;Declive";-25,314074;-49,157799
21/05/2023;00:30:00;ERECHIM;Velocidade Incompatível;Colisão lateral mesmo sentido;Com Vítimas Feridas;Plena Noite;Crescente;Céu Claro;Dupla;"Reta;Aclive";-27,66104;-52,28549
21/05/2023;02:00:00;IGARASSU;Velocidade Incompatível;Colisão com objeto;Sem Vítimas;Plena Noite;Decrescente;Céu Claro;Dupla;Viaduto;-7,83038346;-34,91426785
21/05/2023;01:40:00;ARARANGUA;Velocidade Incompatível;Saída de leito carroçável;Sem Vítimas;Plena Noite;Crescente;Céu Claro;Simples;Rotatória;-28,939333;-49,497513
21/05/2023;05:00:00;MAIRIPORA;Velocidade Incompatível;Colisão com objeto;Sem Vítimas;Plena Noite;Decrescente;Nublado;Dupla;Reta;-23,25907163;-46,58982662
21/05/2023;03:50:00;MILAGRES;Ausência de reação do condutor;Tombamento;Com Vítimas Feridas;Plena Noite;Decrescente;Céu Claro;Simples;Reta;-7,25986907;-38,8441048
21/05/2023;06:00:00;NITEROI;Mal súbito do condutor;Tombamento;Com Vítimas Feridas;Pleno dia;Crescente;Céu Claro;Simples;Curva;-22,86171098;-43,10714015
21/05/2023;07:30:00;BETIM;Velocidade Incompatível;Colisão com objeto;Com Vítimas Feridas;Pleno dia;Decrescente;Céu Claro;Múltipla;"Aclive;Curva";-19,9579193;-44,079741
21/05/2023;07:10:00;CARDOSO MOREIRA;Acumulo de água sobre o pavimento;Queda de ocupante de veículo;Com Vítimas Feridas;Amanhecer;Crescente;Garoa/Chuvisco;Simples;Reta;-21,49747447;-41,62176311
21/05/2023;05:10:00;ITABUNA;Condutor deixou de manter distância do veículo da frente;Queda de ocupante de veículo;Com Vítimas Fatais;Amanhecer;Decrescente;Garoa/Chuvisco;Simples;"Reta;Aclive";-14,94042206;-39,30397277
21/05/2023;10:30:00;BRASILIA;Velocidade Incompatível;Saída de leito carroçável;Com Vítimas Fatais;Pleno dia;Decrescente;Sol;Múltipla;Curva;-15,802453;-48,080387
21/05/2023;11:25:00;CAAPORA;Velocidade Incompatível;Saída de leito carroçável;Com Vítimas Feridas;Pleno dia;Crescente;Sol;Dupla;"Aclive;Curva";-7,4687065;-34,97707063
21/05/2023;11:00:00;INDIARA;Manobra de mudança de faixa;Colisão lateral mesmo sentido;Com Vítimas Feridas;Pleno dia;Crescente;Céu Claro;Dupla;Reta;-17,10760331;-49,90061849
21/05/2023;09:50:00;MANGARATIBA;Demais Fenômenos da natureza;Colisão com objeto;Com Vítimas Feridas;Pleno dia;Crescente;Sol;Simples;Declive;-22,93437472;-44,02919087
21/05/2023;13:30:00;GUARULHOS;Deficiência do Sistema de Iluminação/Sinalização;Queda de ocupante de veículo;Com Vítimas Feridas;Pleno dia;Crescente;Sol;Múltipla;Reta;-23,44333014;-46,44531294
21/05/2023;12:10:00;SAO JOAO DO SUL;Manobra de mudança de faixa;Colisão lateral mesmo sentido;Com Vítimas Feridas;Pleno dia;Decrescente;Céu Claro;Múltipla;Reta;-29,2321129;-49,7583037
01/05/2023;10:45:00;LAJEDO;Manobra de mudança de faixa;Colisão frontal;Com Vítimas Feridas;Pleno dia;Decrescente;Céu Claro;Simples;"Curva;Interseção de Vias";-8,65645242;-36,32303238
03/04/2023;07:20:00;PELOTAS;Manobra de mudança de faixa;Colisão frontal;Com Vítimas Feridas;Pleno dia;Decrescente;Céu Claro;Simples;Aclive;-31,65313133;-52,47118546
21/05/2023;15:05:00;CALDAS;Velocidade Incompatível;Tombamento;Com Vítimas Feridas;Pleno dia;Crescente;Céu Claro;Simples;"Curva;Declive";-21,81475157;-46,46929264
21/05/2023;15:50:00;GUAXUPE;Velocidade Incompatível;Saída de leito carroçável;Com Vítimas Feridas;Pleno dia;Crescente;Céu Claro;Simples;"Declive;Reta";-21,3108338;-46,6094568
21/05/2023;14:20:00;CARMOPOLIS DE MINAS;Reação tardia ou ineficiente do condutor;Tombamento;Com Vítimas Feridas;Pleno dia;Decrescente;Céu Claro;Dupla;"Curva;Declive";-20,61546798;-44,73611382
21/05/2023;15:20:00;DUQUE DE CAXIAS;Velocidade Incompatível;Colisão traseira;Com Vítimas Feridas;Pleno dia;Crescente;Sol;Dupla;Reta;-22,745676;-43,2881
21/05/2023;15:50:00;MIRACATU;Velocidade Incompatível;Tombamento;Com Vítimas Feridas;Pleno dia;Crescente;Céu Claro;Dupla;"Curva;Ponte;Declive";-24,04699491;-47,19706111
21/05/2023;17:40:00;ITAPECERICA DA SERRA;Manobra de mudança de faixa;Colisão frontal;Com Vítimas Feridas;Plena Noite;Decrescente;Céu Claro;Dupla;Reta;-23,69998;-46,867767