data_inversa;horario;municipio;causa_acidente;tipo_acidente;classificacao_acidente;fase_dia;sentido_via;condicao_metereologica;tipo_pista;tracado_via;latitude;longitude
21/05/2023;18:10:00;CARIRA;Manobra de mudança de faixa;Colisão frontal;Com Vítimas Feridas;Anoitecer;Crescente;Nublado;Simples;Reta;-10,33242;-37,724377
21/05/2023;15:50:00;CAXIAS;Manobra de mudança de faixa;Colisão transversal;Com Vítimas Feridas;Pleno dia;Crescente;Céu Claro;Simples;Reta;-4,917819;-43,208576
21/05/2023;19:30:00;BETIM;Velocidade Incompatível;Colisão lateral mesmo sentido;Com Vítimas Feridas;Pleno dia;Decrescente;Céu Claro;Múltipla;Reta;-19,9581073;-44,1505395
21/05/2023;20:00:00;FEIRA DE SANTANA;Ausência de reação do condutor;Tombamento;Sem Vítimas;Plena Noite;Decrescente;Céu Claro;Dupla;Curva;-12,32818491;-38,86174193
21/05/2023;18:00:00;UNISTALDA;Iluminação deficiente;Colisão traseira;Com Vítimas Feridas;Anoitecer;Decrescente;Garoa/Chuvisco;Simples;Reta;-29,04733767;-55,179328
21/05/2023;16:40:00;BOTELHOS;Demais falhas mecânicas ou elétricas;Tombamento;Com Vítimas Feridas;Pleno dia;Crescente;Céu Claro;Simples;"Aclive;Reta";-21,6181384;-46,4103105
21/05/2023;18:42:00;LARANJEIRAS DO SUL;Velocidade Incompatível;Saída de leito carroçável;Com Vítimas Feridas;Anoitecer;Decrescente;Chuva;Simples;Curva;-25,31480595;-52,33230852
21/05/2023;19:15:00;PIRAI;Curva acentuada;Tombamento;Com Vítimas Feridas;Plena Noite;Decrescente;Céu Claro;Simples;"Curva;Declive";-22,65223367;-43,82992389
21/05/2023;22:10:00;CURITIBA;Ultrapassagem Indevida;Colisão lateral sentido oposto;Sem Vítimas;Plena Noite;Decrescente;Céu Claro;Simples;"Reta;Declive";-25,43079828;-49,33793597
21/05/2023;21:48:00;PADRE BERNARDO;Deficiência do Sistema de Iluminação/Sinalização;Saída de leito carroçável;Com Vítimas Feridas;Plena Noite;Crescente;Céu Claro;Simples;Reta;-15,501912;-48,21484
21/05/2023;10:30:00;MEDIANEIRA;Chuva;Saída de leito carroçável;Sem Vítimas;Pleno dia;Decrescente;Chuva;Dupla;Declive;-25,25599605;-54,03772597
21/05/2023;08:10:00;CASTANHAL;Velocidade Incompatível;Saída de leito carroçável;Com Vítimas Feridas;Pleno dia;Decrescente;Céu Claro;Dupla;"Curva;Declive";-1,30090979;-47,98471928
21/05/2023;23:00:00;MOSSORO;Ausência de reação do condutor;Tombamento;Sem Vítimas;Plena Noite;Crescente;Céu Claro;Dupla;Reta;-5,22579384;-37,340046
21/05/2023;19:40:00;VARZEA GRANDE;Manobra de mudança de faixa;Saída de leito carroçável;Com Vítimas Fatais;Plena Noite;Decrescente;Céu Claro;Simples;Declive;-15,668356;-56,239239
21/05/2023;23:37:00;LORENA;Ausência de reação do condutor;Tombamento;Com Vítimas Feridas;Plena Noite;Crescente;Céu Claro;Dupla;Reta;-22,73051614;-45,0765859
21/05/2023;22:00:00;RIO BRANCO;Acumulo de areia ou detritos sobre o pavimento;Saída de leito carroçável;Com Vítimas Feridas;Plena Noite;Crescente;Nublado;Dupla;"Reta;Em Obras";-9,90251892;-67,89190668
22/05/2023;05:20:00;JOAO NEIVA;Manobra de mudança de faixa;Saída de leito carroçável;Com Vítimas Feridas;Amanhecer;Decrescente;Nublado;Simples;Reta;-19,70366692;-40,33122605
22/05/2023;06:40:00;CONDE;Pista Escorregadia;Tombamento;Com Vítimas Feridas;Pleno dia;Decrescente;Nublado;Dupla;"Reta;Aclive";-7,23846306;-34,9268519
20/05/2023;00:50:00;MONTE CASTELO;Velocidade Incompatível;Saída de leito carroçável;Sem Vítimas;Plena Noite;Decrescente;Nevoeiro/Neblina;Simples;Curva;-26,75568818;-50,32812388
22/05/2023;06:00:00;SAO GONCALO DO SAPUCAI;Velocidade Incompatível;Colisão traseira;Com Vítimas Feridas;Amanhecer;Decrescente;Céu Claro;Dupla;Reta;-22,03746482;-45,68395808
22/05/2023;08:30:00;GURUPI;Ausência de reação do condutor;Tombamento;Com Vítimas Feridas;Pleno dia;Decrescente;Céu Claro;Dupla;Reta;-11,72948104;-49,07908783
22/05/2023;08:30:00;SALVADOR;Manobra de mudança de faixa;Colisão lateral mesmo sentido;Com Vítimas Feridas;Pleno dia;Crescente;Céu Claro;Dupla;Reta;-12,8639793;-38,42370126
07/05/2023;05:00:00;BARRA VELHA;Ultrapassagem Indevida;Tombamento;Com Vítimas Feridas;Plena Noite;Crescente;Céu Claro;Dupla;Reta;-26,718427;-48,70233
22/05/2023;07:48:00;PETROLINA;Ultrapassagem Indevida;Colisão lateral mesmo sentido;Com Vítimas Feridas;Pleno dia;Crescente;Céu Claro;Simples;Reta;-9,38491309;-40,52809509
22/05/2023;08:30:00;SERRA;Manobra de mudança de faixa;Tombamento;Com Vítimas Feridas;Pleno dia;Crescente;Chuva;Múltipla;Reta;-20,19930999;-40,26884609
22/05/2023;08:50:00;FOZ DO IGUACU;Chuva;Tombamento;Com Vítimas Feridas;Pleno dia;Decrescente;Chuva;Dupla;Curva;-25,5104701;-54,5574314
18/05/2023;18:50:00;NOVA IGUACU;Ultrapassagem Indevida;Colisão lateral mesmo sentido;Com Vítimas Feridas;Anoitecer;Decrescente;Ignorado;Dupla;Curva;-22,78055198;-43,39208599
22/05/2023;11:10:00;MARINGA;Mal súbito do condutor;Tombamento;Com Vítimas Feridas;Pleno dia;Decrescente;Céu Claro;Dupla;"Aclive;Reta";-23,4172197;-51,9589231
10/05/2023;16:30:00;CASCAVEL;Ausência de sinalização;Colisão transversal;Com Vítimas Feridas;Pleno dia;Crescente;Céu Claro;Simples;"Viaduto;Interseção de Vias";-24,96065389;-53,54438716
22/05/2023;12:00:00;CURITIBA;Demais falhas mecânicas ou elétricas;Tombamento;Com Vítimas Feridas;Pleno dia;Decrescente;Céu Claro;Dupla;Reta;-25,51422698;-49,33714807
22/05/2023;13:20:00;AREIA BRANCA;Chuva;Saída de leito carroçável;Com Vítimas Feridas;Pleno dia;Crescente;Chuva;Simples;Reta;-10,785139;-37,291378
22/05/2023;14:40:00;SIMOLANDIA;Velocidade Incompatível;Queda de ocupante de veículo;Com Vítimas Feridas;Pleno dia;Decrescente;Céu Claro;Dupla;Reta;-14,470801;-46,486183
22/05/2023;16:40:00;POUSO ALEGRE;Velocidade Incompatível;Colisão com objeto;Com Vítimas Feridas;Pleno dia;Crescente;Céu Claro;Dupla;Reta;-22,32871415;-45,91398482
22/05/2023;16:30:00;BRASILIA;Reação tardia ou ineficiente do condutor;Tombamento;Com Vítimas Feridas;Pleno dia;Crescente;Céu Claro;Dupla;Reta;-16,00584459;-47,98349619
22/05/2023;17:20:00;TAUBATE;Avarias e/ou desgaste excessivo no pneu;Tombamento;Com Vítimas Feridas;Anoitecer;Decrescente;Céu Claro;Dupla;Reta;-23,00757973;-45,51466613
22/05/2023;17:20:00;IGARATINGA;Manobra de mudança de faixa;Colisão lateral mesmo sentido;Com Vítimas Feridas;Anoitecer;Decrescente;Céu Claro;Dupla;Retorno Regulamentado;-19,88744145;-44,64074377
22/05/2023;18:45:00;RIO PARDO;Deficiência do Sistema de Iluminação/Sinalização;Colisão traseira;Com Vítimas Feridas;Plena Noite;Crescente;Céu Claro;Simples;Reta;-29,95627312;-52,3710537
22/05/2023;16:35:00;ARAGUARI;Velocidade Incompatível;Saída de leito carroçável;Com Vítimas Feridas;Pleno dia;Crescente;Céu Claro;Dupla;"Reta;Aclive";-18,61146226;-48,07749391
22/05/2023;19:00:00;SANTA VITORIA DO PALMAR;Velocidade Incompatível;Colisão lateral mesmo sentido;Com Vítimas Feridas;Plena Noite;Crescente;Nevoeiro/Neblina;Simples;Reta;-32,933292;-52,760242
22/05/2023;15:00:00;TURURU;Pista esburacada;Colisão lateral mesmo sentido;Com Vítimas Feridas;Pleno dia;Crescente;Céu Claro;Simples;Reta;-3,645987;-39,426845
22/05/2023;20:05:00;SEROPEDICA;Acostamento em desnível;Queda de ocupante de veículo;Com Vítimas Feridas;Pleno dia;Decrescente;Céu Claro;Simples;Reta;-22,747673;-43,699196
02/05/2023;17:00:00;SERRA;Ingestão de álcool pelo condutor;Tombamento;Com Vítimas Feridas;Anoitecer;Crescente;Chuva;Simples;Interseção de Vias;-20,11487935;-40,31943619
23/05/2023;02:50:00;CASCAVEL;Velocidade Incompatível;Queda de ocupante de veículo;Com Vítimas Feridas;Plena Noite;Crescente;Céu Claro;Simples;"Curva;Declive";-24,96540096;-53,40380073
23/05/2023;01:30:00;JAPARATUBA;Chuva;Saída de leito carroçável;Com Vítimas Feridas;Plena Noite;Decrescente;Chuva;Dupla;Curva;-10,60303597;-36,9754765
23/05/2023;08:00:00;PORTO ALEGRE;Manobra de mudança de faixa;Colisão lateral mesmo sentido;Com Vítimas Feridas;Pleno dia;Crescente;Céu Claro;Múltipla;Reta;-29,968319;-51,157398
23/05/2023;07:45:00;BRASILIA;Manobra de mudança de faixa;Colisão lateral mesmo sentido;Com Vítimas Feridas;Pleno dia;Decrescente;Nublado;Dupla;Reta;-15,882499;-48,060212
21/05/2023;04:00:00;LAGUNA;Velocidade Incompatível;Saída de leito carroçável;Com Vítimas Feridas;Plena Noite;Crescente;Céu Claro;Dupla;Reta;-28,35387609;-48,7426239
23/05/2023;08:30:00;CARUARU;Manobra de mudança de faixa;Colisão lateral mesmo sentido;Sem Vítimas;Pleno dia;Decrescente;Céu Claro;Dupla;Interseção de Vias;-8,2529;-35,9751
23/05/2023;08:35:00;BRASILIA;Velocidade Incompatível;Saída de leito carroçável;Com Vítimas Feridas;Pleno dia;Crescente;Sol;Dupla;Reta;-15,578154;-47,384861
23/05/2023;08:10:00;ARUJA;Reação tardia ou ineficiente do condutor;Tombamento;Com Vítimas Feridas;Pleno dia;Decrescente;Céu Claro;Dupla;Reta;-23,40362877;-46,33050107
23/05/2023;08:50:00;CAMPO LARGO;Manobra de mudança de faixa;Saída de leito carroçável;Com Vítimas Feridas;Pleno dia;Decrescente;Sol;Dupla;Reta;-25,436401;-49,443321
29/04/2023;09:35:00;ANTONINA;Velocidade Incompatível;Saída de leito carroçável;Com Vítimas Feridas;Pleno dia;Crescente;Chuva;Dupla;Curva;-25,10419264;-48,738361
05/04/2023;20:52:00;JOINVILLE;Pista Escorregadia;Tombamento;Com Vítimas Feridas;Plena Noite;Crescente;Nublado;Dupla;"Curva;Declive";-26,33150083;-48,86187762
23/05/2023;11:25:00;SAO JOSE DA LAJE;Velocidade Incompatível;Colisão traseira;Com Vítimas Fatais;Pleno dia;Decrescente;Céu Claro;Simples;Reta;-9,04193899;-36,03775187
23/05/2023;16:15:00;JOINVILLE;Velocidade Incompatível;Capotamento;Com Vítimas Feridas;Pleno dia;Crescente;Céu Claro;Dupla;Interseção de Vias;-26,32346025;-48,86803508
23/05/2023;17:05:00;BLUMENAU;Obras na pista;Tombamento;Com Vítimas Feridas;Pleno dia;Decrescente;Céu Claro;Dupla;"Reta;Em Obras";-26,859823;-49,055393
07/05/2023;17:05:00;SACRAMENTO;Ultrapassagem Indevida;Colisão frontal;Com Vítimas Fatais;Pleno dia;Decrescente;Céu Claro;Simples;"Reta;Interseção de Vias";-19,635817;-47,501116
23/05/2023;13:00:00;GENTIL;Velocidade Incompatível;Saída de leito carroçável;Com Vítimas Fatais;Pleno dia;Crescente;Céu Claro;Simples;"Declive;Curva";-28,302961;-52,051762
23/05/2023;17:30:00;APARECIDA DE GOIANIA;Manobra de mudança de faixa;Colisão lateral mesmo sentido;Com Vítimas Feridas;Anoitecer;Crescente;Céu Claro;Dupla;Reta;-16,7715;-49,2387
23/05/2023;17:30:00;LAGOA VERMELHA;Ultrapassagem Indevida;Queda de ocupante de veículo;Com Vítimas Feridas;Pleno dia;Decrescente;Céu Claro;Simples;Reta;-28,2376359;-51,50043206
24/03/2023;05:30:00;MONTES CLAROS;Ausência de sinalização;Tombamento;Com Vítimas Feridas;Amanhecer;Decrescente;Ignorado;Simples;Curva;-16,68137745;-43,80293234
23/05/2023;17:30:00;RECIFE;Manobra de mudança de faixa;Colisão lateral mesmo sentido;Com Vítimas Feridas;Anoitecer;Crescente;Nublado;Dupla;Reta;-8,06776119;-34,94265074
23/05/2023;17:30:00;SALGUEIRO;Avarias e/ou desgaste excessivo no pneu;Tombamento;Com Vítimas Feridas;Anoitecer;Crescente;Céu Claro;Simples;Curva;-8,000403;-39,145691
14/05/2023;00:30:00;MARINGA;Velocidade Incompatível;Colisão traseira;Com Vítimas Feridas;Plena Noite;Crescente;Céu Claro;Dupla;Reta;-23,43019;-51,890399
23/05/2023;18:00:00;TABOAO DA SERRA;Manobra de mudança de faixa;Colisão lateral mesmo sentido;Com Vítimas Feridas;Pleno dia;Crescente;Céu Claro;Múltipla;Reta;-23,61799728;-46,79677694
23/05/2023;18:40:00;RECIFE;Demais falhas na via;Tombamento;Com Vítimas Feridas;Plena Noite;Decrescente;Garoa/Chuvisco;Múltipla;Reta;-8,07657326;-34,97181242
23/05/2023;16:45:00;ARARANGUA;Acumulo de óleo sobre o pavimento;Tombamento;Com Vítimas Feridas;Pleno dia;Crescente;Céu Claro;Simples;Rotatória;-28,939333;-49,497513
23/05/2023;17:40:00;VALENCA DO PIAUI;Pista esburacada;Capotamento;Com Vítimas Feridas;Anoitecer;Crescente;Céu Claro;Simples;Reta;-6,26593497;-41,95653686
23/05/2023;19:40:00;SAO JOAO DE MERITI;Manobra de mudança de faixa;Colisão lateral mesmo sentido;Com Vítimas Feridas;Plena Noite;Crescente;Céu Claro;Dupla;Reta;-22,7839538;-43,38195488
23/05/2023;18:30:00;ITAJAI;Trafegar com motocicleta (ou similar) entre as faixas;Tombamento;Com Vítimas Feridas;Plena Noite;Crescente;Céu Claro;Dupla;Reta;-26,9043179;-48,71555481
23/05/2023;21:40:00;SETE DE SETEMBRO;Ultrapassagem Indevida;Colisão frontal;Com Vítimas Fatais;Plena Noite;Decrescente;Céu Claro;Simples;Declive;-28,160947;-54,448378
24/05/2023;06:15:00;AGUAS LINDAS DE GOIAS;Manobra de mudança de faixa;Colisão traseira;Com Vítimas Feridas;Amanhecer;Decrescente;Céu Claro;Dupla;"Declive;Curva";-15,78155775;-48,23440075
23/05/2023;17:30:00;TERESOPOLIS;Ultrapassagem Indevida;Queda de ocupante de veículo;Com Vítimas Feridas;Pleno dia;Crescente;Céu Claro;Simples;Curva;-22,133427;-42,779522
24/05/2023;05:45:00;INGA;Chuva;Capotamento;Com Vítimas Feridas;Amanhecer;Crescente;Chuva;Dupla;Curva;-7,2296;-35,5998
24/05/2023;08:25:00;ITABORAI;Ausência de reação do condutor;Tombamento;Com Vítimas Feridas;Pleno dia;Crescente;Céu Claro;Dupla;Curva;-22,7670498;-42,91019601
24/05/2023;07:27:00;JI-PARANA;Manobra de mudança de faixa;Queda de ocupante de veículo;Com Vítimas Feridas;Amanhecer;Decrescente;Céu Claro;Simples;Reta;-10,88381227;-61,93741416
24/05/2023;08:20:00;NITEROI;Manobra de mudança de faixa;Colisão lateral mesmo sentido;Com Vítimas Feridas;Pleno dia;Decrescente;Céu Claro;Múltipla;Curva;-22,86981096;-43,11046465
30/04/2023;11:00:00;ANTONINA;Velocidade Incompatível;Saída de leito carroçável;Com Vítimas Feridas;Pleno dia;Decrescente;Chuva;Simples;Reta;-25,103973;-48,710786
24/05/2023;15:20:00;CARAZINHO;Manobra de mudança de faixa;Colisão transversal;Com Vítimas Feridas;Pleno dia;Crescente;Céu Claro;Simples;"Reta;Interseção de Vias;Em Obras";-28,318346;-52,769249
24/05/2023;15:00:00;SANTA RITA;Velocidade Incompatível;Saída de leito carroçável;Sem Vítimas;Pleno dia;Crescente;Nublado;Dupla;Curva;-7,1246;-34,9473
24/05/2023;15:55:00;MACAIBA;Ultrapassagem Indevida;Saída de leito carroçável;Sem Vítimas;Pleno dia;Decrescente;Céu Claro;Simples;Em Obras;-5,86484905;-35,34931012
24/05/2023;14:50:00;JARDIM DO SERIDO;Velocidade Incompatível;Queda de ocupante de veículo;Com Vítimas Feridas;Pleno dia;Crescente;Garoa/Chuvisco;Simples;Curva;-6,58867246;-36,80382584
30/03/2023;01:40:00;TEOFILO OTONI;Obras na pista;Tombamento;Com Vítimas Feridas;Plena Noite;Decrescente;Céu Claro;Simples;"Reta;Em Obras";-17,85331054;-41,51420116
24/05/2023;13:12:00;VILHENA;Reação tardia ou ineficiente do condutor;Tombamento;Com Vítimas Feridas;Pleno dia;Decrescente;Céu Claro;Simples;Declive;-12,50476617;-60,470767
24/05/2023;16:50:00;CRUZ ALTA;Pista em desnível;Tombamento;Com Vítimas Feridas;Pleno dia;Crescente;Céu Claro;Simples;Reta;-28,89544911;-53,62286977
24/05/2023;18:10:00;BARRA DO PIRAI;Reação tardia ou ineficiente do condutor;Tombamento;Com Vítimas Feridas;Plena Noite;Crescente;Céu Claro;Simples;Reta;-22,48615925;-43,90037496
24/05/2023;14:56:00;PIMENTA BUENO;Afundamento ou ondulação no pavimento;Tombamento;Com Vítimas Feridas;Pleno dia;Crescente;Céu Claro;Simples;Reta;-11,52919208;-61,33069104
24/05/2023;18:15:00;FLORIANOPOLIS;Manobra de mudança de faixa;Colisão lateral mesmo sentido;Com Vítimas Feridas;Plena Noite;Crescente;Céu Claro;Múltipla;Reta;-27,592646;-48,604034
24/05/2023;16:00:00;SANGAO;Ausência de reação do condutor;Tombamento;Com Vítimas Feridas;Pleno dia;Crescente;Céu Claro;Simples;"Curva;Declive";-28,65823109;-49,10991486
24/05/2023;18:00:00;CURITIBA;Velocidade Incompatível;Tombamento;Com Vítimas Feridas;Anoitecer;Crescente;Nublado;Dupla;Reta;-25,45098622;-49,22750473
24/05/2023;18:15:00;NOVA SERRANA;Ultrapassagem Indevida;Colisão lateral mesmo sentido;Com Vítimas Feridas;Plena Noite;Crescente;Céu Claro;Simples;"Reta;Aclive";-19,82283349;-45,08196173
24/05/2023;15:30:00;DUQUE DE CAXIAS;Reação tardia ou ineficiente do condutor;Tombamento;Com Vítimas Feridas;Pleno dia;Decrescente;Céu Claro;Dupla;Reta;-22,672089;-43,285053
24/05/2023;13:00:00;PONTES E LACERDA;Ultrapassagem Indevida;Saída de leito carroçável;Com Vítimas Feridas;Pleno dia;Crescente;Céu Claro;Simples;Reta;-15,43470055;-59,1115636
24/05/2023;19:30:00;RECIFE;Manobra de mudança de faixa;Colisão lateral mesmo sentido;Com Vítimas Feridas;Plena Noite;Crescente;Céu Claro;Dupla;Reta;-8,126982;-34,94386
24/05/2023;19:45:00;GOVERNADOR VALADARES;Acessar a via sem observar a presença dos outros veículos;Tombamento;Com Vítimas Feridas;Plena Noite;Decrescente;Céu Claro;Simples;Reta;-18,89215187;-41,94699543
24/05/2023;21:10:00;HIDROLANDIA;Demais falhas na via;Queda de ocupante de veículo;Com Vítimas Feridas;Plena Noite;Crescente;Céu Claro;Dupla;Aclive;-16,867;-49,2505
24/05/2023;22:35:00;ARACATI;Iluminação deficiente;Colisão traseira;Com Vítimas Feridas;Plena Noite;Crescente;Céu Claro;Simples;Reta;-4,57402355;-37,73636121
24/05/2023;23:55:00;BETIM;Avarias e/ou desgaste excessivo no pneu;Tombamento;Com Vítimas Feridas;Plena Noite;Decrescente;Céu Claro;Dupla;"Reta;Declive";-19,95659361;-44,12622893
25/05/2023;01:45:00;JOAO PESSOA;Velocidade Incompatível;Colisão com objeto;Com Vítimas Feridas;Plena Noite;Crescente;Nublado;Dupla;Curva;-7,16496217;-34,89466099
25/05/2023;04:39:00;VALPARAISO DE GOIAS;Manobra de mudança de faixa;Colisão transversal;Com Vítimas Feridas;Plena Noite;Crescente;Céu Claro;Dupla;Reta;-16,058273;-47,982655
25/05/2023;04:55:00;SAO CAITANO;Manobra de mudança de faixa;Colisão frontal;Com Vítimas Fatais;Amanhecer;Decrescente;Chuva;Simples;Curva;-8,381685;-36,173338
25/05/2023;05:30:00;SAO JOSE DOS CAMPOS;Ausência de sinalização;Atropelamento de Pedestre;Com Vítimas Feridas;Amanhecer;Decrescente;Nevoeiro/Neblina;Dupla;Reta;-23,1869844;-45,8548078
25/05/2023;07:15:00;SAO JOSE DO RIO PRETO;Manobra de mudança de faixa;Colisão traseira;Com Vítimas Feridas;Pleno dia;Crescente;Céu Claro;Dupla;Aclive;-20,77838195;-49,35300538
25/05/2023;07:30:00;CANDEIAS;Reação tardia ou ineficiente do condutor;Tombamento;Com Vítimas Feridas;Pleno dia;Crescente;Nublado;Dupla;Reta;-12,64715411;-38,47504041
25/05/2023;07:20:00;SAO JOSE DOS CAMPOS;Velocidade Incompatível;Colisão traseira;Com Vítimas Feridas;Pleno dia;Crescente;Sol;Dupla;Reta;-23,1572739;-45,79554605
25/05/2023;05:20:00;SAO JOSE DOS CAMPOS;Frear bruscamente;Tombamento;Com Vítimas Feridas;Plena Noite;Decrescente;Nevoeiro/Neblina;Múltipla;Reta;-23,17426078;-45,82940111
25/05/2023;07:50:00;ELDORADO DO SUL;Manobra de mudança de faixa;Colisão traseira;Com Vítimas Feridas;Pleno dia;Decrescente;Céu Claro;Dupla;Aclive;-30,001852;-51,304264
25/05/2023;11:00:00;SANTA ISABEL;Manobra de mudança de faixa;Colisão traseira;Com Vítimas Feridas;Pleno dia;Crescente;Céu Claro;Dupla;Reta;-23,3594352;-46,21675791
25/05/2023;10:30:00;NOVA ESPERANCA;Manobra de mudança de faixa;Saída de leito carroçável;Com Vítimas Feridas;Pleno dia;Crescente;Céu Claro;Dupla;Curva;-23,209888;-52,192053
17/05/2023;18:50:00;DUQUE DE CAXIAS;Manobra de mudança de faixa;Colisão lateral mesmo sentido;Sem Vítimas;Amanhecer;Decrescente;Céu Claro;Múltipla;Reta;-22,62897902;-43,28579508
25/05/2023;12:00:00;RIACHAO DO BACAMARTE;Velocidade Incompatível;Saída de leito carroçável;Com Vítimas Feridas;Pleno dia;Crescente;Nublado;Simples;Curva;-7,247405;-35,673643
25/05/2023;11:00:00;ITAGUAI;Demais falhas na via;Colisão com objeto;Com Vítimas Feridas;Pleno dia;Decrescente;Céu Claro;Dupla;Reta;-22,85921896;-43,75891497
15/04/2023;01:15:00;CASCAVEL;Velocidade Incompatível;Saída de leito carroçável;Com Vítimas Fatais;Plena Noite;Crescente;Céu Claro;Dupla;Reta;-24,9951424;-53,5142766
18/03/2023;16:35:00;MIRADOURO;Acumulo de óleo sobre o pavimento;Saída de leito carroçável;Com Vítimas Feridas;Pleno dia;Decrescente;Chuva;Simples;Curva;-20,88956601;-42,33963285
25/05/2023;13:00:00;PANAMBI;Velocidade Incompatível;Colisão lateral sentido oposto;Sem Vítimas;Pleno dia;Crescente;Sol;Simples;Curva;-28,25660916;-53,48166093
25/05/2023;16:00:00;SAO JOAQUIM DE BICAS;Ausência de reação do condutor;Tombamento;Com Vítimas Feridas;Pleno dia;Crescente;Sol;Dupla;Reta;-20,0527062;-44,2817688
25/05/2023;15:10:00;SAO BORJA;Velocidade Incompatível;Saída de leito carroçável;Com Vítimas Feridas;Pleno dia;Crescente;Céu Claro;Simples;Curva;-28,661;-56,0052
25/05/2023;16:00:00;SAO JOSE DOS CAMPOS;Falta de acostamento;Colisão lateral mesmo sentido;Com Vítimas Feridas;Pleno dia;Decrescente;Céu Claro;Múltipla;Reta;-23,20700047;-45,88626861
25/05/2023;18:00:00;CAMBORIU;Falta de acostamento;Colisão traseira;Com Vítimas Feridas;Plena Noite;Crescente;Céu Claro;Simples;Reta;-26,99064209;-48,66310912
25/05/2023;18:30:00;SAO JOSE;Manobra de mudança de faixa;Colisão lateral mesmo sentido;Com Vítimas Feridas;Plena Noite;Decrescente;Nublado;Múltipla;Reta;-27,55711595;-48,61897889
25/05/2023;18:05:00;PORTO ALEGRE;Manobra de mudança de faixa;Colisão traseira;Com Vítimas Feridas;Plena Noite;Decrescente;Céu Claro;Dupla;Reta;-29,969055;-51,167439
25/05/2023;19:00:00;ANAPOLIS;Acumulo de óleo sobre o pavimento;Queda de ocupante de veículo;Com Vítimas Feridas;Plena Noite;Decrescente;Ignorado;Dupla;"Declive;Reta";-16,3491;-48,9095
25/05/2023;20:00:00;ALEXANIA;Velocidade Incompatível;Saída de leito carroçável;Com Vítimas Feridas;Plena Noite;Crescente;Céu Claro;Dupla;Curva;-16,0963;-48,5202
25/05/2023;18:36:00;POUSO REDONDO;Ultrapassagem Indevida;Colisão frontal;Com Vítimas Feridas;Anoitecer;Crescente;Céu Claro;Simples;Curva;-27,257526;-49,909592
25/05/2023;18:20:00;PIMENTA BUENO;Afundamento ou ondulação no pavimento;Queda de ocupante de veículo;Com Vítimas Feridas;Anoitecer;Crescente;Céu Claro;Simples;Reta;-11,52919208;-61,33069104
25/05/2023;17:00:00;JOAO PINHEIRO;Ausência de reação do condutor;Tombamento;Com Vítimas Feridas;Pleno dia;Decrescente;Céu Claro;Simples;Reta;-17,70395211;-46,29471003
11/03/2023;00:10:00;PARATY;Acumulo de água sobre o pavimento;Queda de ocupante de veículo;Com Vítimas Fatais;Plena Noite;Crescente;Chuva;Simples;Reta;-23,31817395;-44,72195503
24/05/2023;22:10:00;GOVERNADOR VALADARES;Velocidade Incompatível;Colisão frontal;Com Vítimas Fatais;Plena Noite;Decrescente;Nublado;Simples;"Reta;Declive";-18,75570099;-41,98568765
25/05/2023;18:40:00;JI-PARANA;Pista em desnível;Saída de leito carroçável;Com Vítimas Feridas;Plena Noite;Crescente;Céu Claro;Simples;"Reta;Aclive";-10,92585401;-61,9296014
25/05/2023;22:34:00;POCOS DE CALDAS;Velocidade Incompatível;Saída de leito carroçável;Com Vítimas Feridas;Plena Noite;Decrescente;Céu Claro;Simples;Reta;-21,7624143;-46,4121861
25/05/2023;18:35:00;SAO JOSE DOS CAMPOS;Reação tardia ou ineficiente do condutor;Tombamento;Com Vítimas Feridas;Plena Noite;Crescente;Céu Claro;Dupla;Aclive;-23,24524337;-45,92772774
25/05/2023;23:20:00;NOVA LIMA;Velocidade Incompatível;Saída de leito carroçável;Com Vítimas Feridas;Plena Noite;Decrescente;Céu Claro;Dupla;Curva;-20,0477638;-43,96439441
25/05/2023;23:00:00;FORTALEZA;Manobra de mudança de faixa;Tombamento;Sem Vítimas;Plena Noite;Crescente;Céu Claro;Múltipla;Reta;-3,77019802;-38,51724508
26/05/2023;01:20:00;PALHOCA;Velocidade Incompatível;Colisão com objeto;Com Vítimas Feridas;Plena Noite;Crescente;Céu Claro;Múltipla;"Interseção de Vias;Reta;Viaduto";-27,65184843;-48,67604941
26/05/2023;06:10:00;TRES CORACOES;Velocidade Incompatível;Saída de leito carroçável;Com Vítimas Feridas;Amanhecer;Decrescente;Céu Claro;Dupla;Curva;-21,67856574;-45,34113742
26/05/2023;07:00:00;BLUMENAU;Ultrapassagem Indevida;Colisão transversal;Com Vítimas Feridas;Pleno dia;Crescente;Céu Claro;Simples;"Interseção de Vias;Curva";-26,87149566;-49,11178979
14/05/2023;20:00:00;TUBARAO;Manobra de mudança de faixa;Colisão lateral mesmo sentido;Com Vítimas Feridas;Plena Noite;Decrescente;Céu Claro;Dupla;Reta;-28,52765702;-49,05615309
26/05/2023;07:45:00;TERESINA;Acumulo de óleo sobre o pavimento;Queda de ocupante de veículo;Com Vítimas Feridas;Pleno dia;Crescente;Céu Claro;Dupla;Curva;-5,056121;-42,678154
26/05/2023;08:09:00;BRASILIA;Manobra de mudança de faixa;Colisão transversal;Com Vítimas Feridas;Pleno dia;Decrescente;Céu Claro;Dupla;Reta;-15,789762;-48,148727