data_inversa;horario;municipio;causa_acidente;tipo_acidente;classificacao_acidente;fase_dia;sentido_via;condicao_metereologica;tipo_pista;tracado_via;latitude;longitude
26/05/2023;04:30:00;GURINHEM;Velocidade Incompatível;Capotamento;Sem Vítimas;Pleno dia;Decrescente;Nublado;Dupla;Reta;-7,1673;-35,3656
26/05/2023;07:00:00;SAO LUIS;Trafegar com motocicleta (ou similar) entre as faixas;Tombamento;Com Vítimas Feridas;Pleno dia;Crescente;Garoa/Chuvisco;Dupla;Reta;-2,53073;-44,3068
26/05/2023;07:50:00;SAO JOSE DO RIO PRETO;Manobra de mudança de faixa;Colisão traseira;Com Vítimas Feridas;Pleno dia;Crescente;Sol;Dupla;Reta;-20,79627979;-49,35480206
22/05/2023;07:40:00;RIO NEGRO;Ultrapassagem Indevida;Colisão lateral mesmo sentido;Com Vítimas Feridas;Pleno dia;Decrescente;Nublado;Simples;Reta;-26,08225141;-49,77375805
26/05/2023;07:10:00;CAMPO GRANDE;Reação tardia ou ineficiente do condutor;Tombamento;Com Vítimas Feridas;Amanhecer;Crescente;Céu Claro;Simples;"Curva;Aclive";-20,46473147;-54,55664635
26/05/2023;07:15:00;SAO MIGUEL DO OESTE;Animais na Pista;Tombamento;Com Vítimas Feridas;Pleno dia;Crescente;Sol;Dupla;Reta;-26,75038301;-53,50086841
26/05/2023;06:25:00;ITABORAI;Manobra de mudança de faixa;Colisão com objeto;Com Vítimas Feridas;Pleno dia;Crescente;Céu Claro;Simples;Reta;-22,7584434;-42,89502344
26/05/2023;10:20:00;ARAUCARIA;Ultrapassagem Indevida;Colisão frontal;Com Vítimas Feridas;Pleno dia;Crescente;Sol;Simples;Curva;-25,637207;-49,46769
26/05/2023;11:20:00;EMBU DAS ARTES;Acumulo de areia ou detritos sobre o pavimento;Queda de ocupante de veículo;Com Vítimas Feridas;Pleno dia;Decrescente;Céu Claro;Dupla;"Interseção de Vias;Reta";-23,64262417;-46,83811382
26/05/2023;12:50:00;BRASILIA;Manobra de mudança de faixa;Colisão lateral mesmo sentido;Com Vítimas Feridas;Pleno dia;Crescente;Céu Claro;Dupla;Reta;-15,612175;-47,700928
26/05/2023;07:19:00;EXTREMA;Demais Fenômenos da natureza;Colisão com objeto;Com Vítimas Feridas;Pleno dia;Decrescente;Céu Claro;Dupla;Reta;-22,87018424;-46,3581479
26/05/2023;13:30:00;EXTREMA;Reação tardia ou ineficiente do condutor;Tombamento;Com Vítimas Feridas;Pleno dia;Decrescente;Céu Claro;Dupla;Curva;-22,83909203;-46,32850893
26/05/2023;13:00:00;DOURADOS;Reação tardia ou ineficiente do condutor;Tombamento;Com Vítimas Feridas;Pleno dia;Crescente;Céu Claro;Dupla;"Aclive;Curva";-22,25859;-54,783592
26/05/2023;13:15:00;XAXIM;Velocidade Incompatível;Colisão com objeto;Com Vítimas Feridas;Pleno dia;Crescente;Céu Claro;Simples;Rotatória;-26,950415;-52,526096
25/05/2023;23:00:00;NOVA XAVANTINA;Curva acentuada;Colisão com objeto;Com Vítimas Feridas;Plena Noite;Crescente;Céu Claro;Simples;Curva;-14,78926087;-52,3162059
26/05/2023;14:00:00;PALHOCA;Velocidade Incompatível;Colisão transversal;Com Vítimas Feridas;Pleno dia;Crescente;Céu Claro;Simples;Reta;-27,665707;-48,688065
26/05/2023;12:39:00;ALIANCA DO TOCANTINS;Manobra de mudança de faixa;Saída de leito carroçável;Com Vítimas Feridas;Pleno dia;Crescente;Céu Claro;Simples;Curva;-11,4130441;-48,97921679
26/05/2023;10:20:00;CABO DE SANTO AGOSTINHO;Pista Escorregadia;Tombamento;Com Vítimas Feridas;Pleno dia;Decrescente;Chuva;Dupla;Reta;-8,23201792;-34,99778611
26/05/2023;16:50:00;PORTO ALEGRE;Manobra de mudança de faixa;Colisão traseira;Com Vítimas Feridas;Pleno dia;Decrescente;Céu Claro;Múltipla;Reta;-29,969055;-51,167439
26/05/2023;17:35:00;IBATIBA;Afundamento ou ondulação no pavimento;Queda de ocupante de veículo;Com Vítimas Feridas;Plena Noite;Crescente;Céu Claro;Simples;Curva;-20,21477309;-41,42392501
26/05/2023;16:30:00;ITABORAI;Manobra de mudança de faixa;Tombamento;Sem Vítimas;Anoitecer;Decrescente;Céu Claro;Dupla;Reta;-22,74431564;-42,80870139
28/04/2023;11:00:00;VENDA NOVA DO IMIGRANTE;Ultrapassagem Indevida;Colisão transversal;Com Vítimas Feridas;Pleno dia;Crescente;Céu Claro;Simples;Reta;-20,32624656;-41,13598921
26/05/2023;15:00:00;XAPURI;Pista esburacada;Saída de leito carroçável;Sem Vítimas;Pleno dia;Crescente;Sol;Simples;Reta;-10,78472114;-68,45243978
26/05/2023;19:30:00;ESTIVA;Velocidade Incompatível;Colisão com objeto;Com Vítimas Feridas;Plena Noite;Crescente;Céu Claro;Dupla;"Declive;Curva";-22,421494;-45,966324
26/05/2023;15:30:00;COLORADO DO OESTE;Ultrapassagem Indevida;Colisão lateral mesmo sentido;Com Vítimas Feridas;Pleno dia;Decrescente;Céu Claro;Simples;Reta;-13,12694915;-60,54413734
26/05/2023;18:45:00;RIBEIRAO DAS NEVES;Manobra de mudança de faixa;Colisão lateral mesmo sentido;Com Vítimas Feridas;Plena Noite;Decrescente;Céu Claro;Dupla;Reta;-19,77463885;-44,12321882
11/03/2023;19:50:00;CAXAMBU;Velocidade Incompatível;Saída de leito carroçável;Com Vítimas Feridas;Plena Noite;Crescente;Garoa/Chuvisco;Simples;Curva;-21,98404081;-44,92444142
26/05/2023;17:15:00;MANHUACU;Ausência de reação do condutor;Tombamento;Com Vítimas Feridas;Anoitecer;Decrescente;Céu Claro;Simples;Curva;-20,00911074;-42,14328403
26/05/2023;19:45:00;ATIBAIA;Ausência de reação do condutor;Tombamento;Com Vítimas Feridas;Plena Noite;Crescente;Céu Claro;Dupla;Reta;-23,03614495;-46,55183601
26/05/2023;21:20:00;SAPUCAIA;Iluminação deficiente;Tombamento;Com Vítimas Fatais;Plena Noite;Crescente;Céu Claro;Simples;Reta;-22,11701917;-42,78157123
26/05/2023;07:30:00;JARU;Frear bruscamente;Tombamento;Com Vítimas Feridas;Pleno dia;Crescente;Céu Claro;Simples;Reta;-10,42731312;-62,48745208
26/05/2023;21:40:00;CAMPOS DOS GOYTACAZES;Ultrapassagem Indevida;Colisão frontal;Com Vítimas Fatais;Plena Noite;Crescente;Céu Claro;Simples;Reta;-21,6694433;-41,31122231
26/05/2023;19:20:00;JOINVILLE;Ausência de reação do condutor;Tombamento;Com Vítimas Feridas;Plena Noite;Crescente;Céu Claro;Dupla;"Curva;Declive";-26,23667403;-48,91486706
26/05/2023;20:00:00;BALSAS;Ultrapassagem Indevida;Colisão lateral mesmo sentido;Com Vítimas Feridas;Plena Noite;Decrescente;Céu Claro;Simples;Reta;-7,31123811;-45,94391078
27/05/2023;00:30:00;MAIRIPORA;Velocidade Incompatível;Saída de leito carroçável;Com Vítimas Feridas;Plena Noite;Decrescente;Céu Claro;Simples;"Retorno Regulamentado;Rotatória";-23,28270705;-46,58787791
27/05/2023;01:15:00;SAO JOSE;Velocidade Incompatível;Colisão com objeto;Com Vítimas Feridas;Plena Noite;Crescente;Céu Claro;Múltipla;Reta;-27,61000542;-48,63895057
27/05/2023;01:00:00;ESTEIO;Velocidade Incompatível;Saída de leito carroçável;Sem Vítimas;Plena Noite;Decrescente;Chuva;Simples;Curva;-29,846483;-51,206802
27/05/2023;02:45:00;POCOS DE CALDAS;Velocidade Incompatível;Colisão com objeto;Com Vítimas Feridas;Plena Noite;Decrescente;Céu Claro;Simples;Reta;-21,78;-46,43
27/05/2023;05:40:00;TRES LAGOAS;Ausência de reação do condutor;Tombamento;Com Vítimas Feridas;Amanhecer;Crescente;Céu Claro;Simples;Reta;-20,81201065;-51,69252359
27/05/2023;07:00:00;UBERLANDIA;Acumulo de óleo sobre o pavimento;Capotamento;Sem Vítimas;Pleno dia;Decrescente;Sol;Dupla;Reta;-18,90506849;-48,28876376
26/05/2023;23:40:00;SEROPEDICA;Iluminação deficiente;Colisão traseira;Com Vítimas Feridas;Plena Noite;Crescente;Vento;Simples;Reta;-22,767147;-43,678768
27/05/2023;07:30:00;SARANDI;Demais falhas mecânicas ou elétricas;Tombamento;Com Vítimas Feridas;Pleno dia;Crescente;Céu Claro;Dupla;Reta;-23,4465611;-51,86216706
06/05/2023;14:15:00;GUAPO;Velocidade Incompatível;Saída de leito carroçável;Com Vítimas Feridas;Pleno dia;Decrescente;Céu Claro;Dupla;"Aclive;Reta";-16,8596;-49,6031
27/05/2023;06:20:00;TEODORO SAMPAIO;Ultrapassagem Indevida;Colisão frontal;Com Vítimas Fatais;Pleno dia;Decrescente;Chuva;Simples;Curva;-12,17564101;-38,57512499
27/05/2023;02:52:00;CUIABA;Reação tardia ou ineficiente do condutor;Tombamento;Com Vítimas Feridas;Plena Noite;Decrescente;Céu Claro;Múltipla;Reta;-15,66158612;-55,97144205
27/05/2023;07:40:00;PIRACANJUBA;Manobra de mudança de faixa;Capotamento;Sem Vítimas;Pleno dia;Decrescente;Céu Claro;Dupla;Reta;-17,3851;-49,2343
27/05/2023;07:40:00;CONTAGEM;Manobra de mudança de faixa;Colisão lateral mesmo sentido;Com Vítimas Feridas;Pleno dia;Crescente;Céu Claro;Dupla;Reta;-19,87116975;-44,05712843
27/05/2023;08:50:00;BRASILIA;Manobra de mudança de faixa;Colisão lateral mesmo sentido;Com Vítimas Feridas;Pleno dia;Crescente;Céu Claro;Dupla;Reta;-15,890521;-48,086864
27/05/2023;08:00:00;ITAMARAJU;Ausência de reação do condutor;Tombamento;Com Vítimas Feridas;Pleno dia;Decrescente;Céu Claro;Simples;Reta;-16,906957;-39,522346
27/05/2023;07:10:00;UBERLANDIA;Acumulo de óleo sobre o pavimento;Tombamento;Com Vítimas Feridas;Pleno dia;Decrescente;Sol;Dupla;Reta;-18,90494669;-48,28871012
27/05/2023;11:40:00;GUARULHOS;Demais Fenômenos da natureza;Queda de ocupante de veículo;Com Vítimas Feridas;Pleno dia;Decrescente;Céu Claro;Múltipla;Curva;-23,49479479;-46,55959864
27/05/2023;13:20:00;PALHOCA;Manobra de mudança de faixa;Colisão lateral mesmo sentido;Com Vítimas Feridas;Pleno dia;Decrescente;Nublado;Dupla;Reta;-27,64443;-48,67057
27/05/2023;10:40:00;JAGUARUNA;Pista Escorregadia;Colisão com objeto;Com Vítimas Feridas;Pleno dia;Decrescente;Garoa/Chuvisco;Dupla;"Curva;Declive";-28,590783;-49,044733
14/04/2023;07:00:00;GUARULHOS;Manobra de mudança de faixa;Colisão lateral mesmo sentido;Com Vítimas Feridas;Pleno dia;Crescente;Céu Claro;Múltipla;Reta;-23,41972188;-46,38419203
27/05/2023;14:00:00;CANGUCU;Avarias e/ou desgaste excessivo no pneu;Tombamento;Com Vítimas Feridas;Pleno dia;Crescente;Céu Claro;Simples;"Reta;Aclive";-31,37916505;-52,71298806
27/05/2023;13:00:00;SALVADOR;Pista Escorregadia;Colisão traseira;Com Vítimas Feridas;Pleno dia;Crescente;Chuva;Dupla;Reta;-12,92628699;-38,46838679
27/05/2023;11:15:00;CACHOEIRA DO SUL;Pista Escorregadia;Saída de leito carroçável;Com Vítimas Feridas;Pleno dia;Crescente;Garoa/Chuvisco;Simples;Reta;-29,96160411;-52,94109015
29/04/2023;15:50:00;PARANAGUA;Manobra de mudança de faixa;Colisão frontal;Com Vítimas Feridas;Pleno dia;Decrescente;Ignorado;Simples;Reta;-25,5205;-48,5095
27/05/2023;14:55:00;EXTREMA;Curva acentuada;Colisão com objeto;Com Vítimas Feridas;Pleno dia;Decrescente;Céu Claro;Dupla;Curva;-22,86605937;-46,34940386
27/05/2023;12:20:00;GUARACIABA;Acumulo de água sobre o pavimento;Saída de leito carroçável;Sem Vítimas;Pleno dia;Decrescente;Chuva;Múltipla;Curva;-26,54949131;-53,51843834
27/05/2023;16:15:00;ARUJA;Manobra de mudança de faixa;Colisão lateral mesmo sentido;Com Vítimas Feridas;Pleno dia;Decrescente;Céu Claro;Dupla;"Reta;Declive";-23,41236123;-46,35692496
27/05/2023;16:03:00;PORTO ALEGRE;Velocidade Incompatível;Saída de leito carroçável;Com Vítimas Feridas;Pleno dia;Decrescente;Garoa/Chuvisco;Dupla;Curva;-29,973799;-51,1758111
27/05/2023;16:30:00;TROMBUDO CENTRAL;Demais falhas na via;Colisão frontal;Com Vítimas Feridas;Anoitecer;Crescente;Chuva;Simples;"Aclive;Curva";-27,28699306;-49,77839291
27/05/2023;11:40:00;MARECHAL CANDIDO RONDON;Acumulo de areia ou detritos sobre o pavimento;Tombamento;Com Vítimas Feridas;Pleno dia;Crescente;Chuva;Dupla;"Rotatória;Curva;Em Obras";-24,57864514;-53,99236214
27/05/2023;17:00:00;MORENO;Afundamento ou ondulação no pavimento;Colisão com objeto;Com Vítimas Feridas;Pleno dia;Decrescente;Nublado;Dupla;"Declive;Curva";-8,09822484;-35,06316202
27/05/2023;17:00:00;PETROLINA;Manobra de mudança de faixa;Colisão lateral mesmo sentido;Com Vítimas Feridas;Anoitecer;Crescente;Céu Claro;Dupla;Rotatória;-9,38067769;-40,51113714
27/05/2023;17:00:00;BIGUACU;Chuva;Saída de leito carroçável;Sem Vítimas;Anoitecer;Decrescente;Garoa/Chuvisco;Múltipla;Curva;-27,48443781;-48,64765238
27/05/2023;17:00:00;CURITIBA;Pista Escorregadia;Colisão com objeto;Com Vítimas Feridas;Anoitecer;Crescente;Chuva;Dupla;Curva;-25,5599323;-49,30743945
27/05/2023;16:40:00;JUIZ DE FORA;Curva acentuada;Colisão com objeto;Com Vítimas Feridas;Pleno dia;Decrescente;Céu Claro;Dupla;"Curva;Aclive";-21,86313979;-43,37348589
27/05/2023;05:00:00;FILADELFIA;Velocidade Incompatível;Capotamento;Sem Vítimas;Amanhecer;Crescente;Garoa/Chuvisco;Simples;Reta;-10,71343899;-40,12368987
03/05/2023;12:23:00;CONCEICAO DO JACUIPE;Pista Escorregadia;Queda de ocupante de veículo;Com Vítimas Feridas;Pleno dia;Decrescente;Ignorado;Simples;Reta;-12,35551436;-38,782478
27/05/2023;19:00:00;TRES DE MAIO;Ultrapassagem Indevida;Colisão frontal;Com Vítimas Feridas;Plena Noite;Crescente;Nublado;Simples;Reta;-27,74883806;-54,22939997
27/05/2023;19:00:00;SAO LOURENCO DA MATA;Manobra de mudança de faixa;Colisão traseira;Sem Vítimas;Plena Noite;Crescente;Céu Claro;Dupla;"Declive;Reta";-8,04364056;-35,01674995
27/05/2023;19:10:00;APARECIDA DE GOIANIA;Manobra de mudança de faixa;Colisão lateral mesmo sentido;Com Vítimas Feridas;Plena Noite;Crescente;Céu Claro;Dupla;Reta;-16,7804;-49,2371
07/04/2023;22:45:00;BALNEARIO CAMBORIU;Acumulo de água sobre o pavimento;Colisão com objeto;Com Vítimas Feridas;Plena Noite;Decrescente;Chuva;Múltipla;Curva;-27,0275096;-48,60554338
27/05/2023;18:15:00;TIBAGI;Chuva;Colisão traseira;Sem Vítimas;Plena Noite;Decrescente;Chuva;Dupla;Reta;-24,71572594;-50,54543495
27/05/2023;17:40:00;TEIXEIRA DE FREITAS;Ultrapassagem Indevida;Colisão frontal;Com Vítimas Fatais;Anoitecer;Crescente;Céu Claro;Simples;Reta;-17,5410152;-39,71600533
27/05/2023;19:40:00;BRASILIA;Manobra de mudança de faixa;Colisão traseira;Com Vítimas Feridas;Plena Noite;Crescente;Céu Claro;Dupla;"Aclive;Reta;Retorno Regulamentado";-15,665888;-47,808308
27/05/2023;19:00:00;ENGENHEIRO CALDAS;Ingestão de álcool pelo condutor;Tombamento;Com Vítimas Feridas;Plena Noite;Decrescente;Céu Claro;Simples;"Reta;Aclive";-19,01376215;-41,98226891
27/05/2023;20:30:00;PALHOCA;Demais falhas na via;Saída de leito carroçável;Sem Vítimas;Plena Noite;Decrescente;Nublado;Simples;Reta;-27,658611;-48,681847
27/05/2023;23:30:00;JUSSARA;Ultrapassagem Indevida;Colisão com objeto;Com Vítimas Fatais;Plena Noite;Crescente;Céu Claro;Múltipla;"Aclive;Reta";-15,87773782;-50,87751389
27/05/2023;23:40:00;NOVA IGUACU;Manobra de mudança de faixa;Colisão lateral mesmo sentido;Com Vítimas Feridas;Plena Noite;Crescente;Céu Claro;Múltipla;Reta;-22,74647215;-43,44594311
28/05/2023;01:40:00;ARUJA;Manobra de mudança de faixa;Colisão lateral mesmo sentido;Com Vítimas Feridas;Plena Noite;Decrescente;Céu Claro;Dupla;Reta;-23,40362877;-46,33050107
28/05/2023;02:40:00;SAO LEOPOLDO;Iluminação deficiente;Tombamento;Com Vítimas Feridas;Plena Noite;Decrescente;Céu Claro;Dupla;Reta;-29,75210083;-51,15147233
28/05/2023;02:15:00;UBATUBA;Ausência de reação do condutor;Tombamento;Com Vítimas Feridas;Plena Noite;Crescente;Céu Claro;Simples;Rotatória;-23,4623355;-45,06476561
28/05/2023;04:23:00;SANTA RITA;Ingestão de álcool pelo condutor;Tombamento;Com Vítimas Feridas;Amanhecer;Crescente;Céu Claro;Dupla;"Reta;Retorno Regulamentado";-7,14450191;-34,99792886
28/05/2023;02:00:00;RIBEIRAO DAS NEVES;Velocidade Incompatível;Saída de leito carroçável;Sem Vítimas;Plena Noite;Crescente;Céu Claro;Dupla;"Aclive;Reta";-19,7949818;-44,11003232
28/05/2023;04:00:00;SAO LUIS;Acumulo de água sobre o pavimento;Queda de ocupante de veículo;Sem Vítimas;Amanhecer;Crescente;Nublado;Dupla;Reta;-2,5804565;-44,241947
27/05/2023;22:40:00;NOVA IGUACU;Manobra de mudança de faixa;Colisão traseira;Sem Vítimas;Anoitecer;Crescente;Céu Claro;Dupla;Reta;-22,77496393;-43,40081465
28/05/2023;06:00:00;PATO BRANCO;Velocidade Incompatível;Capotamento;Sem Vítimas;Amanhecer;Decrescente;Nublado;Simples;Reta;-26,11888095;-52,64133111
28/05/2023;08:16:00;JOAO PESSOA;Velocidade Incompatível;Tombamento;Com Vítimas Feridas;Pleno dia;Crescente;Sol;Dupla;Reta;-7,23846306;-34,9268519
28/05/2023;08:10:00;PROMISSAO;Ausência de reação do condutor;Tombamento;Com Vítimas Feridas;Pleno dia;Crescente;Nublado;Simples;Reta;-21,41741598;-49,78723082
28/05/2023;09:30:00;BALSA NOVA;Velocidade Incompatível;Saída de leito carroçável;Com Vítimas Feridas;Pleno dia;Crescente;Nublado;Dupla;"Curva;Declive";-25,47337045;-49,63655233
28/05/2023;09:30:00;TIBAGI;Velocidade Incompatível;Saída de leito carroçável;Com Vítimas Feridas;Pleno dia;Decrescente;Nublado;Dupla;Reta;-24,84593393;-50,47413272
28/05/2023;11:40:00;NOVA LIMA;Manobra de mudança de faixa;Colisão traseira;Com Vítimas Feridas;Pleno dia;Crescente;Céu Claro;Dupla;"Declive;Reta";-20,09356202;-43,97554136
28/05/2023;09:30:00;JAGUARACU;Pista Escorregadia;Queda de ocupante de veículo;Com Vítimas Feridas;Pleno dia;Decrescente;Céu Claro;Simples;Reta;-19,56294433;-42,71059513
28/05/2023;13:15:00;NOVO HAMBURGO;Demais falhas mecânicas ou elétricas;Tombamento;Com Vítimas Feridas;Pleno dia;Decrescente;Nublado;Dupla;Reta;-29,65677618;-51,14418182
28/05/2023;07:50:00;SAUDADES;Velocidade Incompatível;Saída de leito carroçável;Com Vítimas Fatais;Pleno dia;Decrescente;Nublado;Simples;Curva;-26,82633988;-53,0565834
28/05/2023;12:45:00;TIBAGI;Velocidade Incompatível;Colisão com objeto;Com Vítimas Feridas;Pleno dia;Crescente;Chuva;Dupla;Curva;-24,8765512;-50,44293433
28/05/2023;13:25:00;IBIPORA;Manobra de mudança de faixa;Colisão lateral mesmo sentido;Sem Vítimas;Pleno dia;Crescente;Nublado;Dupla;"Retorno Regulamentado;Reta";-23,26057622;-50,98907232
28/05/2023;10:00:00;POUSO REDONDO;Velocidade Incompatível;Saída de leito carroçável;Com Vítimas Feridas;Pleno dia;Decrescente;Chuva;Simples;Curva;-27,266893;-50,060116
28/05/2023;14:00:00;CAMPINA GRANDE DO SUL;Pista Escorregadia;Atropelamento de Pedestre;Com Vítimas Feridas;Pleno dia;Decrescente;Garoa/Chuvisco;Dupla;Curva;-25,07163889;-48,58564619
28/05/2023;17:00:00;ATIBAIA;Velocidade Incompatível;Colisão com objeto;Sem Vítimas;Pleno dia;Decrescente;Chuva;Dupla;Curva;-23,2449074;-46,59562343
28/05/2023;17:20:00;DOURADOS;Ultrapassagem Indevida;Colisão frontal;Com Vítimas Fatais;Anoitecer;Decrescente;Céu Claro;Simples;Reta;-22,21619519;-54,67395921
28/05/2023;18:30:00;VENDA NOVA DO IMIGRANTE;Velocidade Incompatível;Colisão com objeto;Com Vítimas Feridas;Plena Noite;Decrescente;Céu Claro;Simples;"Curva;Declive";-20,33171889;-41,20453016
28/05/2023;17:00:00;MIRACATU;Chuva;Tombamento;Com Vítimas Feridas;Plena Noite;Decrescente;Chuva;Dupla;Reta;-24,30085222;-47,48456072
28/05/2023;16:15:00;GUARATUBA;Velocidade Incompatível;Capotamento;Com Vítimas Feridas;Pleno dia;Decrescente;Chuva;Dupla;"Aclive;Curva";-25,85368172;-48,95621538
28/05/2023;18:30:00;SAO PAULO;Chuva;Capotamento;Com Vítimas Feridas;Plena Noite;Decrescente;Chuva;Dupla;Reta;-23,36553404;-46,55253934
28/05/2023;18:00:00;CAMANDUCAIA;Velocidade Incompatível;Colisão com objeto;Com Vítimas Feridas;Plena Noite;Crescente;Garoa/Chuvisco;Dupla;Curva;-22,77050246;-46,23490598
28/05/2023;15:30:00;CASSILANDIA;Reação tardia ou ineficiente do condutor;Tombamento;Com Vítimas Feridas;Anoitecer;Crescente;Nublado;Simples;Reta;-19,19375304;-51,56993802
28/05/2023;18:50:00;TERESINA;Manobra de mudança de faixa;Saída de leito carroçável;Com Vítimas Feridas;Plena Noite;Decrescente;Céu Claro;Dupla;"Declive;Reta";-5,15584638;-42,77173332
28/05/2023;19:20:00;ESTIVA;Velocidade Incompatível;Saída de leito carroçável;Com Vítimas Feridas;Plena Noite;Decrescente;Chuva;Dupla;Curva;-22,43883578;-45,98437699
28/05/2023;21:05:00;CURVELO;Velocidade Incompatível;Capotamento;Com Vítimas Feridas;Plena Noite;Decrescente;Céu Claro;Simples;Interseção de Vias;-19,13248388;-44,62252053
28/05/2023;20:00:00;POUSO REDONDO;Velocidade Incompatível;Saída de leito carroçável;Com Vítimas Feridas;Plena Noite;Crescente;Chuva;Simples;Curva;-27,282606;-49,817101
28/05/2023;18:02:00;MERCEDES;Velocidade Incompatível;Saída de leito carroçável;Com Vítimas Feridas;Plena Noite;Crescente;Céu Claro;Simples;"Interseção de Vias;Reta";-24,48107425;-54,12657443
28/05/2023;18:00:00;CORUPA;Desvio temporário;Saída de leito carroçável;Com Vítimas Feridas;Plena Noite;Crescente;Garoa/Chuvisco;Simples;"Reta;Aclive";-26,39448258;-49,2950379
28/05/2023;19:10:00;CANDEIAS DO JAMARI;Deficiência do Sistema de Iluminação/Sinalização;Colisão traseira;Com Vítimas Feridas;Plena Noite;Crescente;Garoa/Chuvisco;Simples;Reta;-8,77689281;-63,50768602
28/05/2023;17:50:00;XAPURI;Pista esburacada;Colisão com objeto;Com Vítimas Feridas;Plena Noite;Crescente;Ignorado;Simples;Reta;-10,66809866;-68,25724586
28/05/2023;22:00:00;SAO PAULO;Chuva;Colisão com objeto;Com Vítimas Feridas;Plena Noite;Decrescente;Nublado;Dupla;Curva;-23,39620774;-46,57355227
28/05/2023;21:55:00;BOA VISTA;Pista esburacada;Queda de ocupante de veículo;Com Vítimas Feridas;Plena Noite;Crescente;Nublado;Simples;Reta;2,888931;-60,700974
28/05/2023;20:33:00;CAMANDUCAIA;Velocidade Incompatível;Colisão lateral mesmo sentido;Sem Vítimas;Plena Noite;Decrescente;Céu Claro;Dupla;"Reta;Declive";-22,76700121;-46,17875277
28/05/2023;17:45:00;BALNEARIO CAMBORIU;Velocidade Incompatível;Colisão com objeto;Com Vítimas Feridas;Anoitecer;Crescente;Chuva;Múltipla;"Aclive;Viaduto;Curva";-27,02982303;-48,60115006
28/05/2023;20:30:00;CAMANDUCAIA;Velocidade Incompatível;Capotamento;Com Vítimas Feridas;Plena Noite;Decrescente;Garoa/Chuvisco;Dupla;Curva;-22,7671484;-46,22667493
29/05/2023;00:30:00;GUARULHOS;Velocidade Incompatível;Colisão com objeto;Com Vítimas Feridas;Plena Noite;Decrescente;Céu Claro;Múltipla;Reta;-23,45056589;-46,46258105
29/05/2023;03:40:00;JOAO PESSOA;Ingestão de álcool pelo condutor;Tombamento;Sem Vítimas;Amanhecer;Decrescente;Chuva;Dupla;"Curva;Declive";-7,15166701;-34,90919352
28/05/2023;17:30:00;APARECIDA;Ausência de reação do condutor;Tombamento;Com Vítimas Feridas;Pleno dia;Crescente;Garoa/Chuvisco;Dupla;Reta;-22,87353809;-45,25320023
29/05/2023;05:57:00;JACAREI;Falta de acostamento;Colisão lateral mesmo sentido;Com Vítimas Feridas;Pleno dia;Decrescente;Céu Claro;Simples;Viaduto;-23,30254924;-46,02640493
29/05/2023;05:50:00;SALVADOR;Pista Escorregadia;Tombamento;Com Vítimas Feridas;Amanhecer;Decrescente;Nublado;Múltipla;Reta;-12,91564389;-38,46219063
29/05/2023;06:35:00;ITAPERUNA;Ausência de reação do condutor;Tombamento;Com Vítimas Feridas;Pleno dia;Crescente;Nublado;Simples;Curva;-21,2573533;-41,77513029
29/05/2023;07:30:00;BRASILIA;Manobra de mudança de faixa;Colisão lateral mesmo sentido;Com Vítimas Feridas;Pleno dia;Crescente;Céu Claro;Dupla;Reta;-15,788868;-48,220242
29/05/2023;07:00:00;JUQUITIBA;Pista Escorregadia;Saída de leito carroçável;Com Vítimas Feridas;Pleno dia;Decrescente;Garoa/Chuvisco;Dupla;Reta;-23,93901304;-47,06241203
29/05/2023;06:30:00;SAO PAULO;Chuva;Colisão com objeto;Com Vítimas Feridas;Pleno dia;Decrescente;Chuva;Dupla;Aclive;-23,37208014;-46,55700294
29/05/2023;08:04:00;TAUBATE;Reação tardia ou ineficiente do condutor;Tombamento;Com Vítimas Feridas;Pleno dia;Crescente;Céu Claro;Dupla;Reta;-23,0233097;-45,53763622
29/05/2023;07:50:00;BAIA FORMOSA;Acumulo de água sobre o pavimento;Saída de leito carroçável;Com Vítimas Fatais;Pleno dia;Decrescente;Garoa/Chuvisco;Dupla;Curva;-6,50166475;-35,11200246
29/05/2023;08:10:00;PALHOCA;Manobra de mudança de faixa;Colisão lateral mesmo sentido;Com Vítimas Feridas;Pleno dia;Decrescente;Nublado;Dupla;Reta;-27,70865409;-48,65586407
29/05/2023;05:50:00;JAGUARI;Curva acentuada;Saída de leito carroçável;Com Vítimas Feridas;Amanhecer;Crescente;Nevoeiro/Neblina;Simples;"Declive;Curva";-29,42535398;-54,71935385
29/05/2023;09:00:00;MOSSORO;Demais falhas mecânicas ou elétricas;Tombamento;Com Vítimas Feridas;Pleno dia;Decrescente;Céu Claro;Simples;Reta;-5,236461;-37,317505
29/05/2023;00:30:00;LUCAS DO RIO VERDE;Manobra de mudança de faixa;Colisão frontal;Com Vítimas Fatais;Plena Noite;Crescente;Nublado;Simples;Reta;-13,402923;-56,086636
29/05/2023;08:12:00;SANTO ANTONIO DO AMPARO;Pista Escorregadia;Capotamento;Com Vítimas Feridas;Pleno dia;Decrescente;Nublado;Dupla;"Curva;Declive";-20,87185062;-44,84437179
29/05/2023;09:20:00;GUARATUBA;Velocidade Incompatível;Capotamento;Com Vítimas Feridas;Pleno dia;Crescente;Garoa/Chuvisco;Dupla;Curva;-25,85455838;-48,95670808
29/05/2023;08:30:00;GUARATINGUETA;Velocidade Incompatível;Queda de ocupante de veículo;Com Vítimas Feridas;Pleno dia;Decrescente;Nublado;Simples;Retorno Regulamentado;-22,78005511;-45,14572791