data_inversa;horario;municipio;causa_acidente;tipo_acidente;classificacao_acidente;fase_dia;sentido_via;condicao_metereologica;tipo_pista;tracado_via;latitude;longitude
02/06/2023;17:00:00;SERRA;Manobra de mudança de faixa;Colisão lateral mesmo sentido;Com Vítimas Feridas;Pleno dia;Crescente;Céu Claro;Simples;Declive;-20,14854215;-40,27970926
02/06/2023;15:05:00;VENDA NOVA DO IMIGRANTE;Acumulo de areia ou detritos sobre o pavimento;Queda de ocupante de veículo;Com Vítimas Feridas;Pleno dia;Decrescente;Céu Claro;Simples;Reta;-20,33710625;-41,19042567
02/06/2023;18:20:00;ANGRA DOS REIS;Manobra de mudança de faixa;Colisão lateral mesmo sentido;Com Vítimas Feridas;Plena Noite;Crescente;Céu Claro;Simples;Reta;-22,98573526;-44,29709764
02/06/2023;18:50:00;TUBARAO;Velocidade Incompatível;Colisão lateral mesmo sentido;Com Vítimas Feridas;Anoitecer;Decrescente;Céu Claro;Simples;Reta;-28,46730446;-49,00604302
02/06/2023;19:10:00;ONDA VERDE;Deficiência do Sistema de Iluminação/Sinalização;Colisão traseira;Com Vítimas Feridas;Plena Noite;Crescente;Céu Claro;Simples;Reta;-20,605145;-49,323185
02/06/2023;19:26:00;JABOATAO DOS GUARARAPES;Manobra de mudança de faixa;Engavetamento;Com Vítimas Feridas;Plena Noite;Crescente;Céu Claro;Dupla;Retorno Regulamentado;-8,175172;-34,942642
02/06/2023;07:20:00;DOM EXPEDITO LOPES;Restrição de visibilidade em curvas horizontais;Saída de leito carroçável;Com Vítimas Feridas;Pleno dia;Crescente;Céu Claro;Simples;"Curva;Interseção de Vias";-6,94208609;-41,74100006
02/06/2023;20:55:00;JABOATAO DOS GUARARAPES;Reação tardia ou ineficiente do condutor;Tombamento;Com Vítimas Feridas;Plena Noite;Decrescente;Céu Claro;Dupla;Reta;-8,088133;-35,009964
02/06/2023;21:00:00;TABOAO DA SERRA;Velocidade Incompatível;Queda de ocupante de veículo;Com Vítimas Feridas;Plena Noite;Decrescente;Céu Claro;Múltipla;Reta;-23,61799728;-46,79677694
02/06/2023;20:00:00;BRUMADINHO;Velocidade Incompatível;Colisão com objeto;Sem Vítimas;Plena Noite;Crescente;Céu Claro;Dupla;"Declive;Curva";-20,14551016;-44,32277183
02/06/2023;16:30:00;PORTO SEGURO;Ultrapassagem Indevida;Colisão lateral sentido oposto;Com Vítimas Feridas;Pleno dia;Crescente;Céu Claro;Simples;Reta;-16,43658;-39,07736
02/06/2023;20:48:00;SAO LUIS;Manobra de mudança de faixa;Colisão frontal;Com Vítimas Feridas;Plena Noite;Decrescente;Chuva;Simples;Curva;-2,53073;-44,3068
02/06/2023;21:46:00;PRUDENTOPOLIS;Ultrapassagem Indevida;Colisão lateral sentido oposto;Com Vítimas Feridas;Plena Noite;Decrescente;Céu Claro;Simples;Reta;-25,27674773;-51,10882819
02/06/2023;23:25:00;PORTO REAL DO COLEGIO;Deficiência do Sistema de Iluminação/Sinalização;Saída de leito carroçável;Com Vítimas Feridas;Plena Noite;Decrescente;Nublado;Dupla;Curva;-10,18344196;-36,82898037
03/06/2023;04:10:00;RIO NEGRINHO;Ingestão de álcool pelo condutor;Tombamento;Com Vítimas Feridas;Plena Noite;Crescente;Céu Claro;Simples;"Reta;Aclive";-26,24313625;-49,51306343
03/06/2023;05:20:00;SAO LEOPOLDO;Velocidade Incompatível;Saída de leito carroçável;Sem Vítimas;Amanhecer;Crescente;Céu Claro;Dupla;"Reta;Declive";-29,72297087;-51,14858729
03/06/2023;06:40:00;UBERABA;Manobra de mudança de faixa;Colisão traseira;Com Vítimas Feridas;Pleno dia;Crescente;Céu Claro;Dupla;Reta;-19,7782354;-47,929923
03/06/2023;07:00:00;ITATIAIA;Velocidade Incompatível;Saída de leito carroçável;Sem Vítimas;Pleno dia;Decrescente;Nublado;Simples;"Curva;Interseção de Vias";-22,491928;-44,563503
03/06/2023;03:00:00;TANQUINHO;Velocidade Incompatível;Saída de leito carroçável;Com Vítimas Feridas;Plena Noite;Crescente;Chuva;Simples;Curva;-11,99698246;-39,07307531
03/06/2023;08:30:00;SAO LUIS;Pista Escorregadia;Saída de leito carroçável;Com Vítimas Feridas;Pleno dia;Decrescente;Chuva;Dupla;Reta;-2,63496;-44,312595
03/06/2023;10:15:00;CARUARU;Manobra de mudança de faixa;Colisão lateral mesmo sentido;Com Vítimas Feridas;Pleno dia;Crescente;Sol;Múltipla;"Viaduto;Reta;Interseção de Vias";-8,2783;-35,9815
03/06/2023;10:40:00;SAO CRISTOVAO;Pista Escorregadia;Colisão com objeto;Com Vítimas Feridas;Pleno dia;Decrescente;Chuva;Múltipla;"Curva;Retorno Regulamentado";-10,91759511;-37,16683388
03/06/2023;12:00:00;NATAL;Manobra de mudança de faixa;Queda de ocupante de veículo;Com Vítimas Feridas;Pleno dia;Crescente;Céu Claro;Dupla;"Declive;Reta";-5,84076841;-35,21035949
03/06/2023;11:05:00;JARDIM;Frear bruscamente;Tombamento;Com Vítimas Feridas;Pleno dia;Decrescente;Sol;Simples;Reta;-21,48307021;-56,14631299
03/06/2023;14:10:00;SIMOES FILHO;Velocidade Incompatível;Colisão com objeto;Com Vítimas Feridas;Pleno dia;Crescente;Céu Claro;Dupla;Reta;-12,74194511;-38,43853918
03/06/2023;13:05:00;ROSARIO DO CATETE;Acostamento em desnível;Saída de leito carroçável;Com Vítimas Feridas;Pleno dia;Crescente;Chuva;Simples;Declive;-10,64397817;-37,01822542
31/05/2023;07:10:00;MONTE NEGRO;Pista em desnível;Capotamento;Com Vítimas Feridas;Pleno dia;Crescente;Céu Claro;Simples;"Reta;Aclive;Em Obras";-10,157226;-63,228371
03/06/2023;15:30:00;RECIFE;Manobra de mudança de faixa;Queda de ocupante de veículo;Com Vítimas Feridas;Pleno dia;Decrescente;Céu Claro;Dupla;"Declive;Reta";-8,11813811;-34,94329214
03/06/2023;12:59:00;SANTA INES;Velocidade Incompatível;Colisão transversal;Com Vítimas Feridas;Pleno dia;Decrescente;Sol;Dupla;Reta;-3,666236;-45,376784
03/06/2023;15:45:00;JAGUARE;Objeto estático sobre o leito carroçável;Tombamento;Com Vítimas Feridas;Pleno dia;Crescente;Céu Claro;Simples;Reta;-18,90626994;-39,95995813
03/06/2023;15:15:00;UBATUBA;Manobra de mudança de faixa;Colisão transversal;Com Vítimas Feridas;Pleno dia;Decrescente;Céu Claro;Simples;Reta;-23,41014346;-45,06455371
03/06/2023;15:45:00;GARIBALDI;Acumulo de areia ou detritos sobre o pavimento;Queda de ocupante de veículo;Com Vítimas Feridas;Pleno dia;Decrescente;Céu Claro;Simples;Curva;-29,21657705;-51,51722624
03/06/2023;16:12:00;BRASILIA;Manobra de mudança de faixa;Saída de leito carroçável;Com Vítimas Feridas;Pleno dia;Crescente;Céu Claro;Dupla;Reta;-15,798048;-48,073235
03/06/2023;13:22:00;CAMPO GRANDE;Ausência de reação do condutor;Tombamento;Com Vítimas Feridas;Pleno dia;Crescente;Céu Claro;Simples;Reta;-20,49629699;-54,55916871
15/03/2023;20:00:00;INDAIAL;Reação tardia ou ineficiente do condutor;Tombamento;Com Vítimas Feridas;Plena Noite;Crescente;Garoa/Chuvisco;Simples;Rotatória;-26,86981463;-49,22612423
03/06/2023;17:00:00;PICADA CAFE;Velocidade Incompatível;Tombamento;Com Vítimas Feridas;Anoitecer;Crescente;Céu Claro;Simples;Curva;-29,49966726;-51,1306017
03/06/2023;17:40:00;GUARULHOS;Manobra de mudança de faixa;Colisão traseira;Com Vítimas Feridas;Plena Noite;Decrescente;Nublado;Múltipla;Reta;-23,47559815;-46,5246609
03/06/2023;16:20:00;VILHENA;Ausência de reação do condutor;Tombamento;Com Vítimas Feridas;Pleno dia;Crescente;Céu Claro;Simples;Curva;-12,73672751;-60,14804088
03/06/2023;16:50:00;VACARIA;Reação tardia ou ineficiente do condutor;Tombamento;Com Vítimas Feridas;Pleno dia;Crescente;Céu Claro;Simples;"Curva;Aclive";-28,58229507;-51,02378683
03/06/2023;18:00:00;LINHARES;Manobra de mudança de faixa;Colisão lateral mesmo sentido;Com Vítimas Feridas;Plena Noite;Crescente;Céu Claro;Dupla;Reta;-19,37887202;-40,06657892
03/06/2023;19:05:00;AMELIA RODRIGUES;Velocidade Incompatível;Saída de leito carroçável;Sem Vítimas;Plena Noite;Decrescente;Garoa/Chuvisco;Dupla;"Aclive;Reta";-12,46037726;-38,69681519
03/06/2023;19:55:00;PASSO FUNDO;Iluminação deficiente;Atropelamento de Pedestre;Com Vítimas Feridas;Plena Noite;Decrescente;Céu Claro;Simples;Reta;-28,23238;-52,4039
03/06/2023;19:30:00;FORTALEZA;Manobra de mudança de faixa;Colisão lateral mesmo sentido;Com Vítimas Feridas;Plena Noite;Decrescente;Céu Claro;Dupla;Reta;-3,84394724;-38,49891546
03/06/2023;20:00:00;PINHALZINHO;Curva acentuada;Saída de leito carroçável;Com Vítimas Feridas;Plena Noite;Crescente;Céu Claro;Simples;Curva;-26,8311173;-53,01962256
03/06/2023;20:10:00;GANDU;Velocidade Incompatível;Tombamento;Com Vítimas Feridas;Plena Noite;Crescente;Céu Claro;Simples;Reta;-13,86515405;-39,49574188
03/06/2023;17:45:00;CAPANEMA;Velocidade Incompatível;Saída de leito carroçável;Com Vítimas Feridas;Anoitecer;Crescente;Céu Claro;Simples;Curva;-25,5935964;-53,6277394
03/06/2023;19:25:00;IRACEMA;Velocidade Incompatível;Saída de leito carroçável;Com Vítimas Feridas;Plena Noite;Decrescente;Chuva;Simples;Reta;2,151007;-61,074814
03/06/2023;21:20:00;SAO MIGUEL DO IGUACU;Manobra de mudança de faixa;Colisão transversal;Com Vítimas Feridas;Plena Noite;Crescente;Céu Claro;Dupla;Retorno Regulamentado;-25,37728075;-54,27853715
03/06/2023;23:20:00;CANOAS;Velocidade Incompatível;Capotamento;Com Vítimas Feridas;Plena Noite;Decrescente;Céu Claro;Dupla;Reta;-29,914435;-51,17754495
04/06/2023;00:39:00;COLOMBO;Velocidade Incompatível;Colisão com objeto;Com Vítimas Feridas;Plena Noite;Crescente;Nublado;Dupla;Reta;-25,3785;-49,1564
03/06/2023;23:50:00;SOMBRIO;Manobra de mudança de faixa;Colisão traseira;Com Vítimas Feridas;Plena Noite;Decrescente;Céu Claro;Múltipla;Curva;-29,116756;-49,640408
04/06/2023;00:30:00;CACOAL;Ingestão de álcool pelo condutor;Tombamento;Com Vítimas Feridas;Plena Noite;Decrescente;Céu Claro;Simples;"Interseção de Vias;Reta";-11,439733;-61,515045
04/06/2023;00:41:00;SIMOLANDIA;Ausência de reação do condutor;Tombamento;Com Vítimas Feridas;Plena Noite;Crescente;Céu Claro;Dupla;Reta;-14,477743;-46,492165
04/06/2023;04:00:00;CAMPINA GRANDE DO SUL;Chuva;Saída de leito carroçável;Com Vítimas Feridas;Plena Noite;Crescente;Chuva;Dupla;"Curva;Aclive";-25,06368403;-48,57051896
04/06/2023;04:45:00;PORTO SEGURO;Ingestão de álcool e/ou substâncias psicoativas pelo pedestre;Tombamento;Com Vítimas Feridas;Plena Noite;Decrescente;Céu Claro;Simples;Reta;-16,38653795;-39,21917399
04/06/2023;07:07:00;CAARAPO;Neblina;Colisão traseira;Com Vítimas Fatais;Amanhecer;Crescente;Céu Claro;Simples;Declive;-22,59500903;-54,81726725
04/06/2023;07:50:00;PENHA;Velocidade Incompatível;Tombamento;Com Vítimas Feridas;Pleno dia;Decrescente;Céu Claro;Dupla;Curva;-26,83477;-48,706151
04/06/2023;06:00:00;CONCORDIA;Neblina;Atropelamento de Pedestre;Com Vítimas Fatais;Amanhecer;Crescente;Nevoeiro/Neblina;Simples;Curva;-27,340137;-51,9846431
04/06/2023;08:00:00;DOURADOS;Reação tardia ou ineficiente do condutor;Tombamento;Com Vítimas Feridas;Pleno dia;Crescente;Céu Claro;Dupla;Reta;-22,21242493;-54,71536905
04/06/2023;08:20:00;ABADIANIA;Velocidade Incompatível;Tombamento;Com Vítimas Feridas;Pleno dia;Crescente;Céu Claro;Dupla;Curva;-16,163867;-48,632676
04/06/2023;10:15:00;URAI;Manobra de mudança de faixa;Colisão lateral mesmo sentido;Com Vítimas Feridas;Pleno dia;Decrescente;Céu Claro;Dupla;Reta;-23,274;-50,8234
03/06/2023;18:30:00;SAO LUIZ GONZAGA;Obstrução na via;Colisão traseira;Com Vítimas Feridas;Anoitecer;Decrescente;Céu Claro;Simples;Reta;-28,430254;-55,085625
04/06/2023;12:30:00;JOSE BONIFACIO;Avarias e/ou desgaste excessivo no pneu;Tombamento;Com Vítimas Feridas;Pleno dia;Crescente;Céu Claro;Simples;Reta;-21,12936492;-49,69487819
04/06/2023;12:00:00;SAO JOAO DO MANHUACU;Velocidade Incompatível;Colisão com objeto;Com Vítimas Feridas;Pleno dia;Crescente;Céu Claro;Simples;Curva;-20,30179626;-42,14967503
04/06/2023;12:50:00;SAO JOSE DOS PINHAIS;Velocidade Incompatível;Colisão traseira;Com Vítimas Feridas;Pleno dia;Decrescente;Céu Claro;Dupla;"Reta;Aclive";-25,58426494;-49,17618795
04/06/2023;11:00:00;CATALAO;Velocidade Incompatível;Colisão com objeto;Com Vítimas Feridas;Pleno dia;Crescente;Céu Claro;Dupla;"Desvio Temporário;Reta;Em Obras";-17,8833;-47,7912
23/03/2023;11:00:00;MARINGA;Acessar a via sem observar a presença dos outros veículos;Tombamento;Com Vítimas Feridas;Pleno dia;Decrescente;Ignorado;Múltipla;Reta;-23,41210214;-51,93320912
04/06/2023;13:40:00;JEQUIE;Ultrapassagem Indevida;Colisão lateral mesmo sentido;Com Vítimas Feridas;Pleno dia;Decrescente;Céu Claro;Simples;"Reta;Aclive";-13,9121709;-40,15218318
28/04/2023;20:30:00;ITAJAI;Manobra de mudança de faixa;Tombamento;Com Vítimas Feridas;Plena Noite;Crescente;Céu Claro;Dupla;Reta;-26,95564404;-48,67978366
04/06/2023;13:44:00;IMBITUVA;Velocidade Incompatível;Saída de leito carroçável;Com Vítimas Fatais;Pleno dia;Decrescente;Céu Claro;Simples;"Declive;Reta";-25,19955;-50,59823
04/06/2023;15:15:00;PONTA GROSSA;Velocidade Incompatível;Capotamento;Sem Vítimas;Pleno dia;Crescente;Céu Claro;Dupla;Reta;-25,06728094;-50,21211882
04/06/2023;16:15:00;FEIRA DE SANTANA;Chuva;Capotamento;Com Vítimas Feridas;Pleno dia;Crescente;Chuva;Múltipla;Reta;-12,34449694;-38,84017496
04/06/2023;17:15:00;IBEMA;Pista Escorregadia;Saída de leito carroçável;Com Vítimas Feridas;Pleno dia;Decrescente;Céu Claro;Simples;"Aclive;Em Obras;Curva";-25,10568241;-53,02473905
04/06/2023;17:45:00;RECIFE;Manobra de mudança de faixa;Colisão lateral mesmo sentido;Com Vítimas Feridas;Anoitecer;Crescente;Céu Claro;Múltipla;Reta;-8,07764447;-34,97863609
04/06/2023;17:30:00;IGARASSU;Demais falhas mecânicas ou elétricas;Tombamento;Com Vítimas Feridas;Anoitecer;Crescente;Nublado;Múltipla;Reta;-7,71433379;-34,93478417
04/06/2023;18:20:00;ITAGUARA;Velocidade Incompatível;Saída de leito carroçável;Com Vítimas Feridas;Anoitecer;Crescente;Céu Claro;Dupla;Curva;-20,48100267;-44,58883345
04/06/2023;14:30:00;BARBACENA;Falta de acostamento;Colisão lateral mesmo sentido;Com Vítimas Feridas;Pleno dia;Decrescente;Sol;Dupla;Reta;-21,19178602;-43,75167711
04/06/2023;18:20:00;PORTO BELO;Manobra de mudança de faixa;Colisão lateral mesmo sentido;Com Vítimas Feridas;Anoitecer;Crescente;Céu Claro;Dupla;Reta;-27,181625;-48,6121179
04/06/2023;18:05:00;PALMEIRA;Ingestão de álcool pelo condutor;Tombamento;Com Vítimas Fatais;Anoitecer;Crescente;Céu Claro;Dupla;Curva;-25,30919217;-49,88651276
04/06/2023;18:40:00;GUARULHOS;Reação tardia ou ineficiente do condutor;Tombamento;Com Vítimas Feridas;Plena Noite;Decrescente;Vento;Múltipla;Reta;-23,46143954;-46,48885316
04/06/2023;20:10:00;MACAPA;Ausência de sinalização;Saída de leito carroçável;Sem Vítimas;Plena Noite;Decrescente;Céu Claro;Simples;"Em Obras;Rotatória";0,204595;-51,116596
04/06/2023;21:10:00;PETROLINA;Manobra de mudança de faixa;Colisão lateral sentido oposto;Com Vítimas Feridas;Plena Noite;Crescente;Nublado;Simples;Reta;-8,93876415;-40,73305834
04/06/2023;21:14:00;TERESINA;Manobra de mudança de faixa;Colisão traseira;Com Vítimas Feridas;Plena Noite;Decrescente;Céu Claro;Múltipla;Aclive;-5,15584638;-42,77173332
04/06/2023;21:40:00;JEQUIE;Acumulo de areia ou detritos sobre o pavimento;Saída de leito carroçável;Com Vítimas Feridas;Plena Noite;Crescente;Céu Claro;Simples;Curva;-13,99414328;-39,93243047
05/06/2023;00:00:00;BALNEARIO CAMBORIU;Velocidade Incompatível;Saída de leito carroçável;Com Vítimas Feridas;Plena Noite;Decrescente;Céu Claro;Múltipla;Reta;-26,99654133;-48,65564711
04/06/2023;18:05:00;CUSTODIA;Ultrapassagem Indevida;Colisão frontal;Com Vítimas Feridas;Plena Noite;Crescente;Céu Claro;Simples;"Aclive;Reta";-8,08243169;-37,66570793
05/06/2023;01:00:00;BARBACENA;Velocidade Incompatível;Saída de leito carroçável;Com Vítimas Feridas;Plena Noite;Decrescente;Nevoeiro/Neblina;Dupla;"Retorno Regulamentado;Curva";-21,24929406;-43,6682155
05/06/2023;06:45:00;TAPES;Desvio temporário;Saída de leito carroçável;Com Vítimas Feridas;Amanhecer;Decrescente;Nublado;Múltipla;Desvio Temporário;-30,63341897;-51,54988909
05/06/2023;07:30:00;GUARULHOS;Manobra de mudança de faixa;Colisão traseira;Com Vítimas Feridas;Pleno dia;Crescente;Céu Claro;Múltipla;Reta;-23,457972;-46,479927
05/06/2023;07:50:00;FOZ DO IGUACU;Avarias e/ou desgaste excessivo no pneu;Tombamento;Com Vítimas Feridas;Pleno dia;Crescente;Céu Claro;Dupla;Reta;-25,49878215;-54,52985294
05/06/2023;08:15:00;MOSSORO;Manobra de mudança de faixa;Colisão lateral mesmo sentido;Com Vítimas Feridas;Pleno dia;Decrescente;Céu Claro;Dupla;Reta;-5,21645975;-37,32927128
09/05/2023;07:20:00;CONTAGEM;Manobra de mudança de faixa;Colisão lateral mesmo sentido;Com Vítimas Feridas;Pleno dia;Decrescente;Céu Claro;Dupla;"Declive;Reta";-19,96399101;-44,04762268
05/06/2023;08:00:00;IVOTI;Ultrapassagem Indevida;Colisão lateral sentido oposto;Com Vítimas Feridas;Pleno dia;Crescente;Nublado;Simples;"Reta;Rotatória";-29,62743221;-51,13858608
05/06/2023;07:50:00;ILHEUS;Falta de acostamento;Saída de leito carroçável;Com Vítimas Feridas;Pleno dia;Crescente;Nublado;Simples;Reta;-14,8482;-39,281986
05/06/2023;08:45:00;JATAI;Manobra de mudança de faixa;Colisão traseira;Com Vítimas Feridas;Pleno dia;Decrescente;Céu Claro;Dupla;"Reta;Retorno Regulamentado";-17,8421;-51,4504
05/06/2023;11:10:00;PETROLINA;Manobra de mudança de faixa;Colisão transversal;Com Vítimas Feridas;Pleno dia;Decrescente;Céu Claro;Dupla;"Reta;Retorno Regulamentado";-9,36373957;-40,48236072
05/06/2023;12:15:00;BLUMENAU;Demais falhas na via;Tombamento;Com Vítimas Feridas;Pleno dia;Decrescente;Céu Claro;Simples;"Em Obras;Reta";-26,859823;-49,055393
05/06/2023;12:25:00;ARARANGUA;Velocidade Incompatível;Saída de leito carroçável;Sem Vítimas;Pleno dia;Decrescente;Nublado;Simples;Reta;-28,94167392;-49,49941635
05/06/2023;12:00:00;SAO MIGUEL DO OESTE;Manobra de mudança de faixa;Colisão lateral mesmo sentido;Com Vítimas Feridas;Pleno dia;Crescente;Céu Claro;Simples;"Interseção de Vias;Reta";-26,72962816;-53,51159334
05/06/2023;12:55:00;GUARAPUAVA;Ausência de reação do condutor;Tombamento;Com Vítimas Feridas;Pleno dia;Decrescente;Céu Claro;Dupla;Reta;-25,34327686;-51,41076788
05/06/2023;14:30:00;PORTO VELHO;Acumulo de água sobre o pavimento;Saída de leito carroçável;Sem Vítimas;Pleno dia;Decrescente;Chuva;Simples;Curva;-9,36809408;-64,67435289
05/06/2023;14:21:00;NOVA LIMA;Demais falhas na via;Colisão com objeto;Com Vítimas Feridas;Pleno dia;Crescente;Céu Claro;Simples;Reta;-20,06084086;-43,97716423
05/06/2023;17:00:00;UBERABA;Manobra de mudança de faixa;Colisão lateral mesmo sentido;Com Vítimas Feridas;Pleno dia;Crescente;Céu Claro;Múltipla;Reta;-19,77848216;-47,92194709
05/06/2023;17:30:00;CAXIAS DO SUL;Ausência de reação do condutor;Tombamento;Com Vítimas Feridas;Plena Noite;Decrescente;Céu Claro;Dupla;Curva;-29,17694502;-51,16173896
05/06/2023;18:30:00;FORTALEZA;Manobra de mudança de faixa;Tombamento;Com Vítimas Feridas;Plena Noite;Crescente;Céu Claro;Múltipla;Reta;-3,73911117;-38,58687498
05/06/2023;17:50:00;LINHARES;Ausência de reação do condutor;Tombamento;Com Vítimas Feridas;Anoitecer;Crescente;Céu Claro;Simples;Reta;-19,46094508;-40,10491389
05/06/2023;17:30:00;PORTO SEGURO;Ultrapassagem Indevida;Colisão frontal;Com Vítimas Feridas;Plena Noite;Decrescente;Céu Claro;Simples;Curva;-16,44149625;-39,06566204
05/06/2023;18:10:00;RECIFE;Manobra de mudança de faixa;Colisão lateral mesmo sentido;Sem Vítimas;Plena Noite;Decrescente;Nublado;Dupla;"Reta;Interseção de Vias";-8,05475737;-34,94612575
05/06/2023;18:40:00;UBERLANDIA;Desvio temporário;Colisão com objeto;Com Vítimas Feridas;Plena Noite;Crescente;Céu Claro;Dupla;Em Obras;-18,88535924;-48,46544904
05/06/2023;18:20:00;CATU;Ultrapassagem Indevida;Colisão frontal;Com Vítimas Feridas;Plena Noite;Crescente;Nublado;Simples;Reta;-12,28438012;-38,37485988
05/06/2023;18:03:00;PORTO ALEGRE;Acumulo de areia ou detritos sobre o pavimento;Queda de ocupante de veículo;Com Vítimas Feridas;Anoitecer;Crescente;Céu Claro;Múltipla;Retorno Regulamentado;-29,96916248;-51,17044687
05/06/2023;17:54:00;RIO BRANCO;Manobra de mudança de faixa;Colisão lateral mesmo sentido;Com Vítimas Feridas;Plena Noite;Crescente;Nublado;Dupla;Rotatória;-9,993501;-67,84868
05/06/2023;18:00:00;CAXIAS DO SUL;Manobra de mudança de faixa;Colisão lateral mesmo sentido;Com Vítimas Feridas;Pleno dia;Decrescente;Céu Claro;Dupla;Reta;-29,11727;-51,115208
05/06/2023;18:40:00;QUIXABA;Ausência de sinalização;Colisão traseira;Com Vítimas Feridas;Plena Noite;Decrescente;Céu Claro;Simples;Ponte;-7,0203;-37,2403
05/06/2023;16:30:00;PONTES E LACERDA;Pista esburacada;Capotamento;Com Vítimas Feridas;Pleno dia;Crescente;Céu Claro;Simples;Reta;-14,89722801;-59,29499509
05/06/2023;19:00:00;ITAMARAJU;Demais falhas mecânicas ou elétricas;Tombamento;Com Vítimas Feridas;Plena Noite;Crescente;Nublado;Simples;"Reta;Declive";-17,12381097;-39,56860216
05/06/2023;19:00:00;COMODORO;Reação tardia ou ineficiente do condutor;Tombamento;Com Vítimas Feridas;Plena Noite;Decrescente;Céu Claro;Simples;Reta;-12,83059304;-60,07526513
03/06/2023;20:36:00;CORRENTE;Reação tardia ou ineficiente do condutor;Tombamento;Com Vítimas Feridas;Plena Noite;Crescente;Céu Claro;Simples;Reta;-10,47901867;-45,18250555
05/06/2023;20:15:00;DUQUE DE CAXIAS;Reação tardia ou ineficiente do condutor;Tombamento;Com Vítimas Feridas;Plena Noite;Decrescente;Céu Claro;Dupla;Reta;-22,63784806;-43,28428824
05/06/2023;19:00:00;CAMPINORTE;Avarias e/ou desgaste excessivo no pneu;Tombamento;Com Vítimas Feridas;Plena Noite;Decrescente;Céu Claro;Simples;Reta;-14,266398;-49,144051
06/06/2023;07:00:00;TERESINA;Avarias e/ou desgaste excessivo no pneu;Tombamento;Com Vítimas Feridas;Pleno dia;Decrescente;Céu Claro;Dupla;Reta;-5,057786;-42,688541
06/06/2023;07:20:00;SERRA;Trafegar com motocicleta (ou similar) entre as faixas;Tombamento;Com Vítimas Feridas;Pleno dia;Crescente;Céu Claro;Dupla;Curva;-20,22662056;-40,27075088
06/06/2023;07:20:00;CORUMBA;Pista em desnível;Saída de leito carroçável;Com Vítimas Feridas;Pleno dia;Crescente;Céu Claro;Simples;Curva;-19,55645895;-57,38817394
06/06/2023;06:30:00;ROLANDIA;Manobra de mudança de faixa;Colisão transversal;Com Vítimas Fatais;Amanhecer;Crescente;Céu Claro;Dupla;Reta;-23,35969;-51,39806
15/04/2023;20:00:00;CAMPINA GRANDE DO SUL;Velocidade Incompatível;Saída de leito carroçável;Com Vítimas Feridas;Plena Noite;Crescente;Chuva;Dupla;Curva;-25,08123277;-48,62449108
06/06/2023;08:05:00;FAZENDA RIO GRANDE;Manobra de mudança de faixa;Colisão lateral mesmo sentido;Com Vítimas Feridas;Pleno dia;Decrescente;Nublado;Dupla;Reta;-25,628727;-49,314028
06/06/2023;05:51:00;MESSIAS;Velocidade Incompatível;Saída de leito carroçável;Com Vítimas Feridas;Pleno dia;Decrescente;Chuva;Dupla;Curva;-9,32413414;-35,82956829
06/06/2023;12:30:00;LINHARES;Acumulo de areia ou detritos sobre o pavimento;Tombamento;Com Vítimas Feridas;Pleno dia;Crescente;Céu Claro;Dupla;Interseção de Vias;-19,39619083;-40,06435871
06/06/2023;13:00:00;NOVA SERRANA;Velocidade Incompatível;Queda de ocupante de veículo;Com Vítimas Feridas;Pleno dia;Crescente;Céu Claro;Simples;Reta;-19,87174184;-44,96984197
06/06/2023;12:40:00;CAXIAS;Manobra de mudança de faixa;Colisão transversal;Com Vítimas Feridas;Pleno dia;Decrescente;Céu Claro;Simples;"Reta;Em Obras";-4,952184;-43,135693
06/06/2023;16:00:00;CAJATI;Velocidade Incompatível;Saída de leito carroçável;Com Vítimas Feridas;Pleno dia;Crescente;Céu Claro;Dupla;"Reta;Declive";-24,74849593;-48,14995808
06/06/2023;09:50:00;VARZEA GRANDE;Demais falhas mecânicas ou elétricas;Tombamento;Com Vítimas Feridas;Pleno dia;Crescente;Céu Claro;Simples;Reta;-15,53593998;-56,27611937
06/06/2023;17:30:00;PORTO ALEGRE;Manobra de mudança de faixa;Colisão lateral mesmo sentido;Com Vítimas Feridas;Anoitecer;Decrescente;Céu Claro;Simples;Reta;-29,968412;-51,117138
06/06/2023;10:54:00;NOVA MUTUM;Pista esburacada;Queda de ocupante de veículo;Com Vítimas Feridas;Pleno dia;Decrescente;Céu Claro;Simples;Reta;-13,98765008;-56,09892131
06/06/2023;16:20:00;TUBARAO;Ausência de reação do condutor;Tombamento;Com Vítimas Feridas;Pleno dia;Decrescente;Sol;Simples;"Reta;Aclive";-28,47801624;-49,03246283
06/06/2023;18:00:00;IBATIBA;Obras na pista;Tombamento;Com Vítimas Feridas;Plena Noite;Crescente;Nublado;Simples;"Em Obras;Curva";-20,24911466;-41,55151398
06/06/2023;16:15:00;SAO DOMINGOS DO PRATA;Pista esburacada;Saída de leito carroçável;Com Vítimas Feridas;Pleno dia;Decrescente;Sol;Simples;Reta;-19,96082911;-42,85234404
06/06/2023;16:30:00;BREJAO;Velocidade Incompatível;Saída de leito carroçável;Com Vítimas Feridas;Pleno dia;Crescente;Chuva;Simples;Reta;-8,96537965;-36,51714353