data_inversa;horario;municipio;causa_acidente;tipo_acidente;classificacao_acidente;fase_dia;sentido_via;condicao_metereologica;tipo_pista;tracado_via;latitude;longitude
06/06/2023;20:05:00;ARAQUARI;Ultrapassagem Indevida;Colisão lateral sentido oposto;Com Vítimas Feridas;Plena Noite;Decrescente;Céu Claro;Simples;Reta;-26,41649938;-48,77181215
06/06/2023;18:10:00;LARANJEIRAS DO SUL;Velocidade Incompatível;Capotamento;Com Vítimas Feridas;Plena Noite;Decrescente;Nublado;Simples;Reta;-25,31588592;-52,33333713
06/06/2023;22:50:00;SAO PAULO;Velocidade Incompatível;Colisão traseira;Com Vítimas Fatais;Plena Noite;Decrescente;Nublado;Múltipla;"Reta;Declive";-23,5046;-46,56815
07/06/2023;04:20:00;FOZ DO IGUACU;Velocidade Incompatível;Colisão com objeto;Sem Vítimas;Plena Noite;Crescente;Céu Claro;Simples;"Declive;Curva";-25,5097634;-54,57387201
06/06/2023;23:00:00;RIO VERDE;Ausência de sinalização;Saída de leito carroçável;Com Vítimas Feridas;Plena Noite;Decrescente;Céu Claro;Simples;"Declive;Curva";-17,87416193;-50,72575996
07/06/2023;06:00:00;RONDONOPOLIS;Ausência de reação do condutor;Tombamento;Com Vítimas Feridas;Amanhecer;Crescente;Céu Claro;Dupla;Reta;-16,51361392;-54,65519619
07/06/2023;06:45:00;SAO GONCALO;Manobra de mudança de faixa;Colisão lateral mesmo sentido;Com Vítimas Feridas;Pleno dia;Crescente;Céu Claro;Múltipla;Reta;-22,79717023;-43,04404993
07/06/2023;07:40:00;PORTO ALEGRE;Manobra de mudança de faixa;Colisão lateral mesmo sentido;Com Vítimas Feridas;Pleno dia;Crescente;Céu Claro;Dupla;"Aclive;Reta";-29,992107;-51,204525
07/06/2023;07:50:00;ERECHIM;Ultrapassagem Indevida;Colisão transversal;Com Vítimas Feridas;Pleno dia;Crescente;Céu Claro;Simples;"Aclive;Reta;Rotatória";-27,65623359;-52,27554709
19/02/2023;11:18:00;MARECHAL FLORIANO;Acumulo de areia ou detritos sobre o pavimento;Tombamento;Com Vítimas Feridas;Pleno dia;Crescente;Nublado;Simples;Reta;-20,41170959;-40,69453955
07/06/2023;05:50:00;CURITIBA;Ausência de reação do condutor;Tombamento;Com Vítimas Fatais;Amanhecer;Crescente;Nevoeiro/Neblina;Dupla;Reta;-25,559783;-49,265202
18/05/2023;15:00:00;PADRE CARVALHO;Ausência de reação do condutor;Tombamento;Com Vítimas Feridas;Pleno dia;Decrescente;Céu Claro;Simples;Reta;-16,281267;-42,53473198
07/06/2023;08:20:00;VIANA;Acumulo de areia ou detritos sobre o pavimento;Queda de ocupante de veículo;Com Vítimas Feridas;Pleno dia;Crescente;Céu Claro;Dupla;Reta;-20,35860628;-40,42327504
07/06/2023;08:50:00;JOAO PESSOA;Acumulo de óleo sobre o pavimento;Tombamento;Com Vítimas Feridas;Pleno dia;Decrescente;Céu Claro;Simples;Curva;-7,1677;-34,8855
04/06/2023;01:30:00;BOCAINA DO SUL;Velocidade Incompatível;Saída de leito carroçável;Com Vítimas Feridas;Plena Noite;Crescente;Nevoeiro/Neblina;Simples;"Declive;Reta";-27,73336;-49,978264
09/05/2023;05:20:00;TOLEDO;Acumulo de areia ou detritos sobre o pavimento;Colisão com objeto;Com Vítimas Feridas;Amanhecer;Crescente;Céu Claro;Dupla;Reta;-24,6606297;-53,8185818
07/06/2023;08:20:00;CURITIBA;Manobra de mudança de faixa;Colisão lateral mesmo sentido;Com Vítimas Feridas;Pleno dia;Crescente;Sol;Dupla;Reta;-25,46043523;-49,22000527
07/06/2023;08:20:00;CAMPINA GRANDE;Reação tardia ou ineficiente do condutor;Tombamento;Com Vítimas Feridas;Pleno dia;Decrescente;Nublado;Simples;Reta;-7,2748;-35,9058
07/06/2023;08:30:00;SAO JOAO DO RIO DO PEIXE;Manobra de mudança de faixa;Colisão traseira;Com Vítimas Feridas;Pleno dia;Decrescente;Céu Claro;Simples;"Reta;Aclive";-6,8536;-38,3662
07/06/2023;06:00:00;FRUTAL;Ausência de sinalização;Colisão frontal;Com Vítimas Feridas;Amanhecer;Crescente;Céu Claro;Simples;"Em Obras;Reta";-20,025185;-48,94096
07/06/2023;12:25:00;CORONEL VIVIDA;Velocidade Incompatível;Saída de leito carroçável;Com Vítimas Feridas;Pleno dia;Crescente;Céu Claro;Simples;"Declive;Interseção de Vias";-26,00757557;-52,56802976
07/06/2023;11:45:00;IRANI;Acumulo de óleo sobre o pavimento;Queda de ocupante de veículo;Com Vítimas Feridas;Pleno dia;Crescente;Céu Claro;Simples;Declive;-27,026777;-51,884796
07/06/2023;11:15:00;RIO BRANCO;Pista Escorregadia;Tombamento;Com Vítimas Feridas;Pleno dia;Crescente;Céu Claro;Dupla;Reta;-10,01152469;-67,79140099
07/06/2023;11:00:00;SANTO ANTONIO DO AMPARO;Falta de elemento de contenção que evite a saída do leito carroçável;Saída de leito carroçável;Com Vítimas Feridas;Pleno dia;Decrescente;Céu Claro;Dupla;Curva;-20,94919537;-44,8872138
07/06/2023;11:00:00;ARARIPINA;Ausência de reação do condutor;Tombamento;Com Vítimas Feridas;Pleno dia;Crescente;Céu Claro;Dupla;Reta;-7,53197392;-40,55660391
07/06/2023;13:15:00;CAMPO GRANDE;Ausência de reação do condutor;Tombamento;Com Vítimas Feridas;Pleno dia;Crescente;Céu Claro;Simples;Reta;-20,47835401;-54,55936408
07/06/2023;11:59:00;VITORIA DE SANTO ANTAO;Objeto estático sobre o leito carroçável;Tombamento;Com Vítimas Feridas;Pleno dia;Crescente;Céu Claro;Dupla;Reta;-8,12919504;-35,35716398
07/06/2023;15:40:00;CACHOEIRA PAULISTA;Objeto estático sobre o leito carroçável;Tombamento;Com Vítimas Feridas;Pleno dia;Crescente;Sol;Dupla;"Declive;Reta";-22,68080728;-45,00688982
07/06/2023;17:48:00;SAO JOSE DO RIO PRETO;Manobra de mudança de faixa;Colisão lateral mesmo sentido;Com Vítimas Feridas;Anoitecer;Crescente;Céu Claro;Dupla;"Declive;Reta";-20,80330647;-49,35577333
07/06/2023;17:22:00;BRASILIA;Velocidade Incompatível;Colisão lateral mesmo sentido;Com Vítimas Feridas;Anoitecer;Decrescente;Céu Claro;Dupla;Reta;-15,64654;-47,766422
07/06/2023;17:50:00;LINHARES;Iluminação deficiente;Atropelamento de Pedestre;Com Vítimas Fatais;Anoitecer;Decrescente;Céu Claro;Dupla;Reta;-19,3101728;-40,0799666
07/06/2023;18:20:00;SAO PAULO;Manobra de mudança de faixa;Colisão lateral mesmo sentido;Com Vítimas Feridas;Plena Noite;Crescente;Céu Claro;Múltipla;Reta;-23,52251783;-46,5855702
07/06/2023;18:10:00;CANOAS;Manobra de mudança de faixa;Colisão lateral mesmo sentido;Com Vítimas Feridas;Anoitecer;Decrescente;Céu Claro;Dupla;Reta;-29,95042502;-51,17652939
07/06/2023;18:20:00;BETIM;Pista esburacada;Tombamento;Com Vítimas Feridas;Plena Noite;Decrescente;Céu Claro;Dupla;"Reta;Aclive";-19,955532;-44,097209
07/06/2023;18:25:00;SAO JOSE DO RIO PRETO;Manobra de mudança de faixa;Colisão lateral mesmo sentido;Com Vítimas Feridas;Plena Noite;Decrescente;Céu Claro;Dupla;Aclive;-20,80502876;-49,35574909
07/06/2023;18:25:00;ANAPOLIS;Velocidade Incompatível;Colisão traseira;Com Vítimas Feridas;Anoitecer;Crescente;Céu Claro;Dupla;Reta;-16,3315;-48,8885
07/06/2023;18:40:00;ROSEIRA;Acumulo de areia ou detritos sobre o pavimento;Tombamento;Com Vítimas Feridas;Plena Noite;Decrescente;Céu Claro;Dupla;Reta;-22,90482177;-45,31030655
07/06/2023;19:16:00;LUZIANIA;Manobra de mudança de faixa;Atropelamento de Pedestre;Com Vítimas Feridas;Plena Noite;Decrescente;Céu Claro;Dupla;Reta;-16,158753;-47,933136
07/06/2023;18:30:00;BRASILIA;Manobra de mudança de faixa;Colisão lateral mesmo sentido;Com Vítimas Feridas;Anoitecer;Crescente;Céu Claro;Dupla;"Reta;Declive";-15,688145;-47,858797
07/06/2023;17:00:00;PORTO ALEGRE;Manobra de mudança de faixa;Tombamento;Com Vítimas Feridas;Pleno dia;Decrescente;Céu Claro;Dupla;Reta;-30,033535;-51,230453
07/06/2023;20:30:00;CONTAGEM;Reação tardia ou ineficiente do condutor;Tombamento;Com Vítimas Feridas;Plena Noite;Decrescente;Céu Claro;Dupla;Reta;-19,86874894;-44,05962197
07/06/2023;21:00:00;CONTAGEM;Manobra de mudança de faixa;Colisão lateral mesmo sentido;Com Vítimas Feridas;Plena Noite;Crescente;Céu Claro;Múltipla;Aclive;-19,90149502;-44,04938939
07/06/2023;20:00:00;BARRA VELHA;Acumulo de areia ou detritos sobre o pavimento;Queda de ocupante de veículo;Com Vítimas Feridas;Plena Noite;Crescente;Céu Claro;Simples;Viaduto;-26,63277317;-48,70232513
07/06/2023;15:30:00;ARIQUEMES;Mal súbito do condutor;Tombamento;Com Vítimas Feridas;Pleno dia;Decrescente;Céu Claro;Simples;Curva;-10,24241801;-62,74331301
07/06/2023;21:50:00;JABOATAO DOS GUARARAPES;Afundamento ou ondulação no pavimento;Queda de ocupante de veículo;Com Vítimas Feridas;Plena Noite;Crescente;Garoa/Chuvisco;Dupla;Reta;-8,15112589;-34,9428866
07/06/2023;22:26:00;URUGUAIANA;Manobra de mudança de faixa;Colisão frontal;Com Vítimas Fatais;Plena Noite;Crescente;Céu Claro;Simples;Reta;-29,870333;-56,854012
08/06/2023;00:30:00;CAJATI;Reação tardia ou ineficiente do condutor;Tombamento;Com Vítimas Feridas;Plena Noite;Crescente;Céu Claro;Simples;Curva;-24,79704815;-48,2145174
07/06/2023;19:50:00;JACUPIRANGA;Iluminação deficiente;Atropelamento de Pedestre;Com Vítimas Feridas;Plena Noite;Crescente;Céu Claro;Simples;Reta;-24,70388258;-48,01063531
07/06/2023;23:35:00;SIMOES FILHO;Chuva;Saída de leito carroçável;Com Vítimas Feridas;Plena Noite;Decrescente;Chuva;Dupla;Reta;-12,70742041;-38,46251062
08/06/2023;01:40:00;FLORIANOPOLIS;Velocidade Incompatível;Colisão com objeto;Sem Vítimas;Plena Noite;Decrescente;Céu Claro;Múltipla;Reta;-27,59648343;-48,6010319
08/06/2023;00:30:00;LAJE;Chuva;Saída de leito carroçável;Com Vítimas Feridas;Plena Noite;Decrescente;Chuva;Simples;Curva;-13,136753;-39,294
08/06/2023;02:50:00;EXTREMA;Velocidade Incompatível;Saída de leito carroçável;Com Vítimas Feridas;Plena Noite;Decrescente;Céu Claro;Dupla;Curva;-22,82320398;-46,30640101
07/06/2023;18:30:00;BELMONTE;Ultrapassagem Indevida;Saída de leito carroçável;Com Vítimas Feridas;Plena Noite;Crescente;Céu Claro;Simples;Reta;-15,83939;-39,5274
08/06/2023;06:30:00;RECIFE;Afundamento ou ondulação no pavimento;Queda de ocupante de veículo;Com Vítimas Feridas;Pleno dia;Crescente;Chuva;Dupla;Declive;-8,05074296;-34,94580619
27/04/2023;19:00:00;PORTO VELHO;Velocidade Incompatível;Saída de leito carroçável;Com Vítimas Feridas;Plena Noite;Decrescente;Céu Claro;Dupla;Reta;-8,79733425;-63,69814797
08/06/2023;07:10:00;CONTAGEM;Velocidade Incompatível;Colisão traseira;Sem Vítimas;Pleno dia;Crescente;Sol;Dupla;Reta;-19,95889605;-44,069202
08/06/2023;09:20:00;CANOAS;Acumulo de óleo sobre o pavimento;Tombamento;Com Vítimas Feridas;Pleno dia;Decrescente;Céu Claro;Dupla;"Interseção de Vias;Reta";-29,96283555;-51,17601156
08/06/2023;05:25:00;LINHARES;Velocidade Incompatível;Colisão traseira;Com Vítimas Feridas;Amanhecer;Decrescente;Nublado;Dupla;Reta;-19,35188295;-40,0636685
08/06/2023;09:10:00;ENTRE-IJUIS;Velocidade Incompatível;Colisão lateral mesmo sentido;Com Vítimas Feridas;Pleno dia;Crescente;Sol;Simples;Reta;-28,396855;-54,351023
08/06/2023;12:00:00;SAO JOSE DOS CAMPOS;Condutor deixou de manter distância do veículo da frente;Queda de ocupante de veículo;Com Vítimas Feridas;Pleno dia;Decrescente;Céu Claro;Dupla;"Reta;Aclive";-23,24524337;-45,92772774
08/06/2023;10:15:00;BARREIRAS;Reação tardia ou ineficiente do condutor;Tombamento;Com Vítimas Feridas;Pleno dia;Decrescente;Céu Claro;Simples;Reta;-12,07944222;-44,96894002
08/06/2023;11:50:00;UBARANA;Avarias e/ou desgaste excessivo no pneu;Tombamento;Com Vítimas Feridas;Pleno dia;Crescente;Céu Claro;Simples;Aclive;-21,23566912;-49,74777875
08/06/2023;12:30:00;LUZIANIA;Manobra de mudança de faixa;Colisão traseira;Sem Vítimas;Pleno dia;Crescente;Céu Claro;Dupla;Reta;-16,1671;-47,930161
08/06/2023;09:50:00;TERRA DE AREIA;Reação tardia ou ineficiente do condutor;Tombamento;Com Vítimas Feridas;Pleno dia;Decrescente;Céu Claro;Dupla;Reta;-29,63086099;-50,10144414
08/06/2023;12:10:00;SAPUCAIA;Ultrapassagem Indevida;Colisão frontal;Com Vítimas Feridas;Pleno dia;Crescente;Céu Claro;Simples;Reta;-21,94095302;-42,71908498
08/06/2023;12:15:00;BOA VISTA;Acumulo de água sobre o pavimento;Saída de leito carroçável;Com Vítimas Feridas;Pleno dia;Decrescente;Chuva;Simples;Reta;3,140153;-60,832764
31/05/2023;23:55:00;COLOMBO;Neblina;Colisão com objeto;Com Vítimas Feridas;Pleno dia;Decrescente;Nevoeiro/Neblina;Simples;Reta;-25,3727;-49,1408
08/06/2023;15:30:00;MANHUACU;Reação tardia ou ineficiente do condutor;Tombamento;Com Vítimas Feridas;Pleno dia;Crescente;Céu Claro;Simples;Curva;-20,04682025;-42,17884094
08/06/2023;18:50:00;ITABAIANA;Demais falhas mecânicas ou elétricas;Tombamento;Com Vítimas Feridas;Plena Noite;Crescente;Céu Claro;Simples;Reta;-10,684707;-37,440544
08/06/2023;18:40:00;NOSSA SENHORA DO SOCORRO;Iluminação deficiente;Atropelamento de Pedestre;Com Vítimas Feridas;Plena Noite;Crescente;Nublado;Dupla;Reta;-10,9041;-37,1278
08/06/2023;18:20:00;CERRITO;Ultrapassagem Indevida;Colisão frontal;Com Vítimas Fatais;Plena Noite;Crescente;Céu Claro;Simples;"Reta;Declive";-31,7406211;-52,78669402
07/06/2023;12:00:00;INDAIAL;Velocidade Incompatível;Colisão traseira;Com Vítimas Feridas;Pleno dia;Crescente;Céu Claro;Simples;Reta;-26,933308;-49,287426
08/06/2023;17:40:00;VILHENA;Ausência de sinalização;Colisão transversal;Com Vítimas Feridas;Anoitecer;Decrescente;Céu Claro;Simples;Interseção de Vias;-12,75233355;-60,10613322
08/06/2023;20:00:00;DOMINGOS MARTINS;Velocidade Incompatível;Saída de leito carroçável;Com Vítimas Feridas;Plena Noite;Decrescente;Céu Claro;Simples;Curva;-20,3805123;-40,56830627
08/06/2023;19:56:00;CAMPO GRANDE;Ultrapassagem Indevida;Colisão traseira;Com Vítimas Feridas;Plena Noite;Decrescente;Céu Claro;Simples;Reta;-20,32607304;-54,51856683
08/06/2023;20:30:00;PIRAQUARA;Trafegar com motocicleta (ou similar) entre as faixas;Tombamento;Com Vítimas Feridas;Plena Noite;Crescente;Céu Claro;Dupla;Reta;-25,41529716;-49,0678198
08/06/2023;20:30:00;PATROCINIO;Velocidade Incompatível;Saída de leito carroçável;Com Vítimas Fatais;Plena Noite;Crescente;Céu Claro;Simples;"Reta;Declive";-18,90092118;-46,95520531
08/06/2023;16:20:00;XAXIM;Velocidade Incompatível;Saída de leito carroçável;Com Vítimas Feridas;Pleno dia;Crescente;Céu Claro;Simples;Curva;-26,939375;-52,500057
08/06/2023;21:40:00;GUARULHOS;Demais falhas mecânicas ou elétricas;Tombamento;Com Vítimas Feridas;Plena Noite;Crescente;Céu Claro;Múltipla;"Reta;Aclive";-23,4411054;-46,4412057
08/06/2023;21:25:00;DOIS IRMAOS;Velocidade Incompatível;Capotamento;Sem Vítimas;Plena Noite;Decrescente;Céu Claro;Simples;"Curva;Declive";-29,58975513;-51,10781795
08/06/2023;21:55:00;CASCAVEL;Velocidade Incompatível;Queda de ocupante de veículo;Com Vítimas Feridas;Plena Noite;Decrescente;Chuva;Dupla;Curva;-24,8947;-53,5355
08/06/2023;20:30:00;NOVA ESPERANCA;Velocidade Incompatível;Colisão com objeto;Com Vítimas Feridas;Plena Noite;Decrescente;Céu Claro;Dupla;Curva;-23,2314935;-52,17536125
08/06/2023;21:45:00;CUIABA;Iluminação deficiente;Colisão frontal;Com Vítimas Feridas;Plena Noite;Decrescente;Céu Claro;Simples;Rotatória;-15,67139089;-55,94815295
08/06/2023;22:00:00;RIO GRANDE;Iluminação deficiente;Colisão traseira;Com Vítimas Feridas;Plena Noite;Crescente;Céu Claro;Dupla;Reta;-32,088662;-52,18299
08/06/2023;21:00:00;RIO GRANDE;Demais falhas mecânicas ou elétricas;Tombamento;Sem Vítimas;Plena Noite;Decrescente;Céu Claro;Múltipla;Reta;-31,85621898;-52,32534987
08/06/2023;23:35:00;SENHOR DO BONFIM;Chuva;Colisão traseira;Com Vítimas Fatais;Plena Noite;Crescente;Chuva;Simples;Reta;-10,4558193;-40,18119143
09/06/2023;03:00:00;MARABA;Curva acentuada;Tombamento;Com Vítimas Feridas;Plena Noite;Crescente;Céu Claro;Simples;Curva;-5,65160594;-49,11019532
09/06/2023;07:00:00;BRASILIA;Manobra de mudança de faixa;Colisão traseira;Com Vítimas Feridas;Pleno dia;Decrescente;Céu Claro;Dupla;Reta;-15,797312;-48,176056
09/06/2023;08:56:00;JOAO NEIVA;Ultrapassagem Indevida;Colisão frontal;Com Vítimas Fatais;Pleno dia;Crescente;Céu Claro;Simples;"Reta;Declive";-19,65378613;-40,46226743
09/06/2023;06:30:00;TEIXEIRA DE FREITAS;Manobra de mudança de faixa;Colisão frontal;Com Vítimas Feridas;Amanhecer;Crescente;Céu Claro;Simples;Curva;-17,3617517;-39,64155316
09/06/2023;08:16:00;CAMPO GRANDE;Ausência de reação do condutor;Tombamento;Com Vítimas Feridas;Pleno dia;Decrescente;Céu Claro;Simples;Reta;-20,61187111;-54,57639346
08/06/2023;22:00:00;RECIFE;Velocidade Incompatível;Saída de leito carroçável;Com Vítimas Feridas;Plena Noite;Crescente;Ignorado;Dupla;Reta;-8,02478597;-34,94276635
08/06/2023;23:10:00;SAO DESIDERIO;Acostamento em desnível;Capotamento;Sem Vítimas;Plena Noite;Crescente;Céu Claro;Simples;"Reta;Em Obras";-12,64514693;-45,92102051
27/01/2023;17:20:00;CASEIROS;Ultrapassagem Indevida;Colisão frontal;Com Vítimas Feridas;Pleno dia;Crescente;Céu Claro;Simples;"Aclive;Reta";-28,25403379;-51,86066955
09/06/2023;08:30:00;CURITIBA;Reação tardia ou ineficiente do condutor;Tombamento;Com Vítimas Feridas;Pleno dia;Decrescente;Céu Claro;Dupla;Reta;-25,54456009;-49,30146002
09/06/2023;10:50:00;GOIANA;Pista Escorregadia;Tombamento;Com Vítimas Feridas;Pleno dia;Crescente;Chuva;Dupla;Curva;-7,53264499;-34,99145786
09/06/2023;12:40:00;BRASILIA;Velocidade Incompatível;Colisão traseira;Sem Vítimas;Pleno dia;Crescente;Céu Claro;Dupla;Reta;-15,792243;-48,158543
28/05/2023;08:20:00;CONTAGEM;Acessar a via sem observar a presença dos outros veículos;Tombamento;Com Vítimas Feridas;Pleno dia;Decrescente;Ignorado;Dupla;"Interseção de Vias;Curva";-19,96495908;-44,04556274
09/06/2023;14:50:00;SEROPEDICA;Acumulo de areia ou detritos sobre o pavimento;Queda de ocupante de veículo;Com Vítimas Feridas;Pleno dia;Decrescente;Céu Claro;Simples;Curva;-22,71844298;-43,700897
09/06/2023;16:20:00;BETIM;Manobra de mudança de faixa;Colisão lateral mesmo sentido;Com Vítimas Feridas;Pleno dia;Crescente;Céu Claro;Dupla;"Reta;Aclive";-19,97018187;-44,18210416
09/06/2023;17:12:00;NOVA IGUACU;Manobra de mudança de faixa;Colisão lateral mesmo sentido;Com Vítimas Feridas;Anoitecer;Decrescente;Céu Claro;Múltipla;Reta;-22,74151051;-43,45351823
09/06/2023;16:40:00;CRUZ ALTA;Ingestão de álcool pelo condutor;Tombamento;Com Vítimas Feridas;Pleno dia;Crescente;Céu Claro;Simples;Curva;-28,60422611;-53,57645675
09/06/2023;17:30:00;SAO JOSE DO RIO PRETO;Reação tardia ou ineficiente do condutor;Tombamento;Com Vítimas Feridas;Anoitecer;Crescente;Céu Claro;Dupla;Declive;-20,82919401;-49,36046325
09/06/2023;18:30:00;BRASILIA;Velocidade Incompatível;Saída de leito carroçável;Com Vítimas Feridas;Plena Noite;Crescente;Céu Claro;Dupla;Reta;-15,88903736;-48,08418632
09/06/2023;19:05:00;NOVA SERRANA;Avarias e/ou desgaste excessivo no pneu;Tombamento;Com Vítimas Feridas;Plena Noite;Crescente;Vento;Dupla;"Reta;Aclive";-19,89266739;-44,84258586
09/06/2023;18:15:00;PAU DOS FERROS;Velocidade Incompatível;Colisão transversal;Com Vítimas Feridas;Plena Noite;Decrescente;Nublado;Simples;Reta;-6,106825;-38,205585
09/06/2023;17:15:00;BIGUACU;Iluminação deficiente;Queda de ocupante de veículo;Com Vítimas Feridas;Plena Noite;Decrescente;Céu Claro;Dupla;Reta;-27,47730273;-48,64127329
09/06/2023;18:42:00;PORTO VELHO;Acessar a via sem observar a presença dos outros veículos;Tombamento;Com Vítimas Feridas;Plena Noite;Decrescente;Nublado;Dupla;Interseção de Vias;-8,8004626;-63,82126451
09/06/2023;19:20:00;SORRISO;Ausência de reação do condutor;Tombamento;Com Vítimas Feridas;Plena Noite;Decrescente;Céu Claro;Simples;"Reta;Declive";-12,965763;-55,873287
09/06/2023;14:20:00;SANTA LUZIA DO PARUA;Ultrapassagem Indevida;Colisão frontal;Sem Vítimas;Pleno dia;Crescente;Céu Claro;Simples;Reta;-2,512794;-45,783772
09/06/2023;18:40:00;CURRAIS NOVOS;Manobra de mudança de faixa;Colisão transversal;Com Vítimas Feridas;Plena Noite;Crescente;Céu Claro;Simples;"Interseção de Vias;Reta";-6,20267738;-36,39839172
09/06/2023;21:00:00;SAO JOSE DOS PINHAIS;Velocidade Incompatível;Saída de leito carroçável;Sem Vítimas;Plena Noite;Decrescente;Nublado;Dupla;"Reta;Aclive";-25,57181748;-49,20620799
09/06/2023;22:10:00;ARAUCARIA;Falta de acostamento;Atropelamento de Pedestre;Com Vítimas Fatais;Plena Noite;Crescente;Céu Claro;Simples;"Declive;Reta";-25,627626;-49,454449
09/06/2023;19:00:00;ENGENHEIRO CALDAS;Velocidade Incompatível;Colisão frontal;Com Vítimas Feridas;Plena Noite;Decrescente;Céu Claro;Simples;Reta;-19,19312208;-42,04308987
09/06/2023;23:35:00;SANTA RITA;Reação tardia ou ineficiente do condutor;Tombamento;Com Vítimas Feridas;Plena Noite;Crescente;Chuva;Dupla;Reta;-7,1293;-34,9536
09/06/2023;19:05:00;SAO GABRIEL;Ultrapassagem Indevida;Colisão lateral sentido oposto;Sem Vítimas;Plena Noite;Crescente;Céu Claro;Simples;Reta;-29,95316552;-54,43478691
09/06/2023;17:50:00;IBIRAPITANGA;Chuva;Colisão lateral mesmo sentido;Com Vítimas Fatais;Plena Noite;Crescente;Chuva;Simples;"Declive;Curva";-14,04661596;-39,38897495
10/06/2023;06:15:00;JABOATAO DOS GUARARAPES;Manobra de mudança de faixa;Queda de ocupante de veículo;Com Vítimas Feridas;Pleno dia;Crescente;Céu Claro;Dupla;Reta;-8,14366112;-34,94723453
10/06/2023;06:10:00;NOVO HAMBURGO;Ultrapassagem Indevida;Colisão lateral mesmo sentido;Com Vítimas Feridas;Amanhecer;Decrescente;Nublado;Simples;"Reta;Aclive";-29,65121313;-51,1444433
10/06/2023;06:00:00;ITAGIMIRIM;Demais falhas na via;Atropelamento de Pedestre;Com Vítimas Fatais;Amanhecer;Crescente;Ignorado;Simples;"Reta;Aclive";-16,084977;-39,651608
10/06/2023;04:49:00;PROPRIA;Chuva;Saída de leito carroçável;Sem Vítimas;Amanhecer;Crescente;Nublado;Dupla;Reta;-10,21497574;-36,82283067
10/06/2023;07:03:00;BRASILIA;Demais Fenômenos da natureza;Colisão traseira;Com Vítimas Feridas;Amanhecer;Crescente;Sol;Dupla;"Viaduto;Reta";-15,665888;-47,808308
09/06/2023;23:33:00;SOORETAMA;Reação tardia ou ineficiente do condutor;Tombamento;Com Vítimas Feridas;Plena Noite;Crescente;Céu Claro;Simples;Reta;-19,12750105;-40,06705989
10/06/2023;05:50:00;GOVERNADOR VALADARES;Ultrapassagem Indevida;Colisão frontal;Com Vítimas Feridas;Amanhecer;Crescente;Céu Claro;Simples;Reta;-19,02403311;-42,14619668
10/06/2023;07:30:00;NOVA IGUACU;Manobra de mudança de faixa;Colisão traseira;Com Vítimas Feridas;Pleno dia;Decrescente;Céu Claro;Dupla;Reta;-22,73883756;-43,47245197
10/06/2023;07:00:00;MARIBONDO;Velocidade Incompatível;Colisão com objeto;Com Vítimas Feridas;Pleno dia;Crescente;Céu Claro;Simples;Curva;-9,50959089;-36,22084314
10/06/2023;07:50:00;ALEM PARAIBA;Velocidade Incompatível;Saída de leito carroçável;Com Vítimas Feridas;Amanhecer;Decrescente;Céu Claro;Simples;"Declive;Curva";-21,8327779;-42,67715755
13/05/2023;18:27:00;MARINGA;Manobra de mudança de faixa;Colisão traseira;Com Vítimas Feridas;Plena Noite;Crescente;Céu Claro;Múltipla;Interseção de Vias;-23,4192146;-51,91293985
10/06/2023;10:40:00;CAMPO GRANDE;Pista esburacada;Tombamento;Com Vítimas Feridas;Pleno dia;Decrescente;Céu Claro;Simples;"Declive;Reta";-20,39716314;-54,68631875
10/06/2023;11:10:00;TRES LAGOAS;Manobra de mudança de faixa;Colisão lateral mesmo sentido;Com Vítimas Feridas;Pleno dia;Decrescente;Céu Claro;Dupla;Reta;-20,7974923;-51,68223023
10/06/2023;11:50:00;SAO DOMINGOS DO PRATA;Pista esburacada;Tombamento;Com Vítimas Feridas;Pleno dia;Crescente;Sol;Simples;Reta;-19,88708216;-43,04226823
10/06/2023;13:00:00;SANTA CECILIA;Velocidade Incompatível;Colisão com objeto;Com Vítimas Feridas;Pleno dia;Decrescente;Céu Claro;Simples;Curva;-26,80262399;-50,33936901
10/06/2023;12:30:00;NOVA ERA;Curva acentuada;Colisão com objeto;Sem Vítimas;Pleno dia;Decrescente;Céu Claro;Simples;Curva;-19,69896406;-42,99486928
10/06/2023;13:00:00;CABEDELO;Ultrapassagem Indevida;Colisão lateral mesmo sentido;Com Vítimas Feridas;Pleno dia;Decrescente;Sol;Simples;"Interseção de Vias;Reta";-6,97473604;-34,83203238
10/06/2023;14:15:00;SABARA;Pista Escorregadia;Queda de ocupante de veículo;Com Vítimas Feridas;Pleno dia;Decrescente;Céu Claro;Simples;"Reta;Aclive";-19,79269213;-43,74585386
10/06/2023;15:00:00;MORRETES;Afundamento ou ondulação no pavimento;Capotamento;Com Vítimas Feridas;Pleno dia;Decrescente;Céu Claro;Dupla;Curva;-25,57361239;-48,84469597
10/06/2023;15:00:00;MANDAGUARI;Velocidade Incompatível;Colisão traseira;Com Vítimas Feridas;Pleno dia;Decrescente;Chuva;Simples;Reta;-23,547966;-51,671265
10/06/2023;13:40:00;PONTA PORA;Avarias e/ou desgaste excessivo no pneu;Tombamento;Com Vítimas Feridas;Pleno dia;Crescente;Céu Claro;Simples;Reta;-22,3717363;-55,24899781