data_inversa;horario;municipio;causa_acidente;tipo_acidente;classificacao_acidente;fase_dia;sentido_via;condicao_metereologica;tipo_pista;tracado_via;latitude;longitude
10/06/2023;15:15:00;ABADIANIA;Ultrapassagem Indevida;Colisão lateral sentido oposto;Com Vítimas Feridas;Pleno dia;Crescente;Céu Claro;Simples;Reta;-16,16566871;-48,89446933
10/06/2023;15:15:00;DIVINO;Velocidade Incompatível;Colisão com objeto;Com Vítimas Feridas;Pleno dia;Crescente;Céu Claro;Simples;"Declive;Curva";-20,616056;-42,224064
27/05/2023;09:11:00;SEABRA;Ultrapassagem Indevida;Saída de leito carroçável;Com Vítimas Feridas;Pleno dia;Decrescente;Céu Claro;Simples;Reta;-12,46846793;-41,66578412
10/06/2023;14:50:00;JUIZ DE FORA;Curva acentuada;Tombamento;Sem Vítimas;Pleno dia;Crescente;Céu Claro;Dupla;Curva;-21,79449311;-43,41425031
10/06/2023;10:00:00;EPITACIOLANDIA;Manobra de mudança de faixa;Colisão lateral mesmo sentido;Com Vítimas Feridas;Pleno dia;Decrescente;Céu Claro;Simples;Reta;-10,91714092;-68,57247009
10/06/2023;17:40:00;ITAPECERICA DA SERRA;Manobra de mudança de faixa;Queda de ocupante de veículo;Com Vítimas Feridas;Anoitecer;Crescente;Céu Claro;Dupla;Reta;-23,70407794;-46,87249709
10/06/2023;15:50:00;NOVA ANDRADINA;Demais falhas na via;Colisão lateral sentido oposto;Com Vítimas Feridas;Pleno dia;Crescente;Céu Claro;Simples;Reta;-22,32412833;-53,44868191
10/06/2023;18:30:00;IPUIUNA;Velocidade Incompatível;Saída de leito carroçável;Com Vítimas Fatais;Plena Noite;Decrescente;Céu Claro;Simples;"Curva;Declive";-22,1069444;-46,1788983
10/06/2023;19:23:00;ANAPOLIS;Ausência de sinalização;Tombamento;Com Vítimas Feridas;Plena Noite;Crescente;Ignorado;Simples;Rotatória;-16,31609287;-48,92112136
10/06/2023;19:20:00;ABADIA DE GOIAS;Velocidade Incompatível;Tombamento;Com Vítimas Feridas;Plena Noite;Crescente;Céu Claro;Dupla;Reta;-16,75354031;-49,43448544
10/06/2023;17:30:00;PIRIPIRI;Manobra de mudança de faixa;Colisão frontal;Com Vítimas Fatais;Anoitecer;Decrescente;Céu Claro;Simples;Reta;-4,22541522;-41,89356917
10/06/2023;18:50:00;SERRA TALHADA;Acumulo de areia ou detritos sobre o pavimento;Queda de ocupante de veículo;Com Vítimas Feridas;Plena Noite;Crescente;Céu Claro;Simples;"Interseção de Vias;Reta";-7,98371447;-38,28047709
10/06/2023;19:54:00;EMBU DAS ARTES;Velocidade Incompatível;Colisão traseira;Com Vítimas Feridas;Plena Noite;Decrescente;Céu Claro;Dupla;Reta;-23,68570216;-46,85970975
10/06/2023;21:22:00;SAPUCAIA;Acumulo de areia ou detritos sobre o pavimento;Colisão com objeto;Com Vítimas Feridas;Plena Noite;Crescente;Céu Claro;Simples;Curva;-22,13428563;-42,7798605
10/06/2023;21:40:00;INGA;Demais falhas na via;Tombamento;Com Vítimas Feridas;Pleno dia;Crescente;Céu Claro;Dupla;"Em Obras;Reta";-7,2296;-35,5998
10/06/2023;21:50:00;MARACAJU;Velocidade Incompatível;Colisão frontal;Com Vítimas Fatais;Plena Noite;Crescente;Nublado;Simples;Reta;-21,66118261;-55,24197511
10/06/2023;19:30:00;VILA PROPICIO;Ausência de sinalização;Colisão com objeto;Com Vítimas Feridas;Plena Noite;Crescente;Céu Claro;Dupla;"Interseção de Vias;Rotatória";-15,208875;-48,697312
10/06/2023;22:50:00;NOVA IGUACU;Demais Fenômenos da natureza;Capotamento;Com Vítimas Feridas;Plena Noite;Decrescente;Céu Claro;Múltipla;Reta;-22,7516014;-43,43849831
10/06/2023;19:00:00;CODO;Manobra de mudança de faixa;Colisão frontal;Com Vítimas Fatais;Plena Noite;Crescente;Céu Claro;Simples;Reta;-4,624132;-43,887089
10/06/2023;22:50:00;ORIZANIA;Velocidade Incompatível;Colisão com objeto;Com Vítimas Feridas;Plena Noite;Crescente;Céu Claro;Simples;Reta;-20,557372;-42,209069
11/06/2023;00:25:00;MORRETES;Velocidade Incompatível;Colisão com objeto;Sem Vítimas;Plena Noite;Decrescente;Nublado;Dupla;Curva;-25,591266;-48,893574
11/06/2023;01:15:00;LUZIANIA;Velocidade Incompatível;Colisão traseira;Com Vítimas Feridas;Plena Noite;Decrescente;Céu Claro;Dupla;Reta;-16,1671;-47,930161
10/06/2023;21:30:00;PELOTAS;Chuva;Saída de leito carroçável;Com Vítimas Feridas;Plena Noite;Crescente;Chuva;Dupla;Reta;-31,57478208;-52,26587692
11/06/2023;01:40:00;MEDIANEIRA;Ausência de reação do condutor;Tombamento;Com Vítimas Feridas;Plena Noite;Crescente;Vento;Dupla;Declive;-25,3032461;-54,13195494
11/06/2023;03:30:00;PARAOPEBA;Velocidade Incompatível;Saída de leito carroçável;Com Vítimas Fatais;Plena Noite;Crescente;Céu Claro;Dupla;Reta;-19,20302941;-44,47243131
11/06/2023;04:30:00;SANTOS DUMONT;Velocidade Incompatível;Colisão com objeto;Com Vítimas Feridas;Plena Noite;Decrescente;Nublado;Simples;"Ponte;Curva";-21,39953901;-43,56507286
11/06/2023;04:15:00;MANGARATIBA;Velocidade Incompatível;Saída de leito carroçável;Com Vítimas Feridas;Plena Noite;Crescente;Céu Claro;Simples;"Reta;Aclive";-22,91293797;-43,89732384
11/06/2023;05:11:00;PARNAMIRIM;Velocidade Incompatível;Colisão com objeto;Sem Vítimas;Amanhecer;Crescente;Céu Claro;Múltipla;Reta;-5,894063;-35,257697
11/06/2023;06:30:00;UBERLANDIA;Velocidade Incompatível;Saída de leito carroçável;Sem Vítimas;Amanhecer;Crescente;Céu Claro;Dupla;Reta;-18,82501599;-48,24975071
11/06/2023;07:15:00;FLORIANOPOLIS;Velocidade Incompatível;Colisão traseira;Sem Vítimas;Pleno dia;Decrescente;Céu Claro;Múltipla;Reta;-27,59845;-48,571995
11/06/2023;08:13:00;IGARAPE-ACU;Avarias e/ou desgaste excessivo no pneu;Tombamento;Com Vítimas Feridas;Pleno dia;Crescente;Céu Claro;Simples;Reta;-1,32723691;-47,64789581
10/06/2023;23:40:00;CAMACAN;Demais Fenômenos da natureza;Colisão transversal;Com Vítimas Feridas;Plena Noite;Crescente;Nevoeiro/Neblina;Simples;Reta;-15,57185184;-39,40626224
12/02/2023;03:15:00;MARTINS SOARES;Ingestão de álcool pelo condutor;Tombamento;Com Vítimas Feridas;Plena Noite;Crescente;Nublado;Simples;Rotatória;-20,26054008;-41,87631604
11/06/2023;09:20:00;VARGEM BONITA;Chuva;Saída de leito carroçável;Com Vítimas Feridas;Pleno dia;Decrescente;Chuva;Simples;"Curva;Declive";-27,014505;-51,736427
11/06/2023;09:50:00;PETROPOLIS;Acumulo de água sobre o pavimento;Colisão transversal;Com Vítimas Feridas;Pleno dia;Decrescente;Céu Claro;Simples;Curva;-22,48485874;-43,22843406
11/06/2023;10:15:00;BRAGANCA PAULISTA;Ausência de reação do condutor;Tombamento;Com Vítimas Feridas;Pleno dia;Decrescente;Céu Claro;Dupla;"Reta;Declive";-23,02018004;-46,52966596
11/06/2023;10:38:00;VARGEAO;Chuva;Capotamento;Com Vítimas Feridas;Pleno dia;Decrescente;Chuva;Simples;"Curva;Aclive";-26,871765;-52,146477
11/06/2023;06:45:00;ALTOS;Manobra de mudança de faixa;Atropelamento de Pedestre;Com Vítimas Feridas;Amanhecer;Crescente;Céu Claro;Simples;"Interseção de Vias;Reta";-5,038669;-42,468166
11/06/2023;10:14:00;CARMOPOLIS DE MINAS;Velocidade Incompatível;Saída de leito carroçável;Com Vítimas Feridas;Pleno dia;Crescente;Céu Claro;Dupla;Reta;-20,52516037;-44,63089389
11/06/2023;11:10:00;SAO LEOPOLDO;Acumulo de óleo sobre o pavimento;Saída de leito carroçável;Sem Vítimas;Pleno dia;Crescente;Garoa/Chuvisco;Múltipla;Curva;-29,758751;-51,15186806
11/06/2023;12:05:00;SAO GONCALO DO AMARANTE;Manobra de mudança de faixa;Colisão transversal;Com Vítimas Feridas;Pleno dia;Crescente;Chuva;Dupla;"Reta;Retorno Regulamentado";-5,75779234;-35,30183494
11/06/2023;11:30:00;CASCAVEL;Velocidade Incompatível;Colisão com objeto;Com Vítimas Feridas;Pleno dia;Decrescente;Garoa/Chuvisco;Dupla;"Curva;Viaduto";-25,02619515;-53,54976654
11/06/2023;09:35:00;GUARUJA DO SUL;Acumulo de água sobre o pavimento;Saída de leito carroçável;Com Vítimas Feridas;Pleno dia;Crescente;Chuva;Simples;Reta;-26,42911689;-53,52001976
11/06/2023;11:30:00;POUSO NOVO;Velocidade Incompatível;Saída de leito carroçável;Com Vítimas Feridas;Pleno dia;Decrescente;Garoa/Chuvisco;Simples;Curva;-29,206642;-52,18221
11/06/2023;13:30:00;SALVADOR;Pista Escorregadia;Queda de ocupante de veículo;Com Vítimas Feridas;Pleno dia;Crescente;Vento;Dupla;Interseção de Vias;-12,87206398;-38,42746403
11/06/2023;11:40:00;BATAGUASSU;Manobra de mudança de faixa;Tombamento;Com Vítimas Feridas;Pleno dia;Crescente;Céu Claro;Simples;Reta;-21,72709844;-52,36480206
11/06/2023;13:38:00;CONSELHEIRO LAFAIETE;Velocidade Incompatível;Colisão traseira;Com Vítimas Feridas;Pleno dia;Crescente;Sol;Simples;Reta;-20,713665;-43,795599
11/06/2023;14:10:00;FOZ DO IGUACU;Chuva;Queda de ocupante de veículo;Com Vítimas Feridas;Pleno dia;Crescente;Chuva;Dupla;Reta;-25,5469;-54,5882
11/06/2023;13:20:00;GENERAL CARNEIRO;Acumulo de óleo sobre o pavimento;Tombamento;Com Vítimas Feridas;Pleno dia;Decrescente;Chuva;Simples;Curva;-26,438222;-51,31902695
11/06/2023;13:30:00;LORENA;Manobra de mudança de faixa;Colisão lateral mesmo sentido;Com Vítimas Feridas;Pleno dia;Crescente;Céu Claro;Dupla;Reta;-22,75803895;-45,11508003
11/06/2023;13:15:00;EWBANK DA CAMARA;Ausência de reação do condutor;Tombamento;Com Vítimas Feridas;Pleno dia;Crescente;Céu Claro;Simples;Curva;-21,51149748;-43,5259874
11/06/2023;15:00:00;LINHARES;Manobra de mudança de faixa;Colisão lateral mesmo sentido;Com Vítimas Feridas;Pleno dia;Decrescente;Céu Claro;Dupla;Reta;-19,36089598;-40,06464018
11/06/2023;16:15:00;CURITIBA;Manobra de mudança de faixa;Colisão lateral mesmo sentido;Com Vítimas Feridas;Pleno dia;Crescente;Nublado;Dupla;"Reta;Aclive";-25,5599323;-49,30743945
11/06/2023;17:25:00;TIJUCAS DO SUL;Manobra de mudança de faixa;Colisão lateral mesmo sentido;Com Vítimas Feridas;Anoitecer;Decrescente;Chuva;Dupla;Reta;-25,83292397;-49,11120797
11/06/2023;17:00:00;TUBARAO;Acumulo de água sobre o pavimento;Saída de leito carroçável;Com Vítimas Feridas;Anoitecer;Decrescente;Chuva;Múltipla;"Declive;Curva";-28,485725;-49,03726
11/06/2023;12:30:00;GENERAL CARNEIRO;Chuva;Capotamento;Com Vítimas Feridas;Pleno dia;Crescente;Chuva;Simples;Curva;-26,57931635;-51,44760132
11/06/2023;17:50:00;CAETE;Velocidade Incompatível;Tombamento;Com Vítimas Feridas;Anoitecer;Crescente;Céu Claro;Dupla;Curva;-19,75701046;-43,63323212
11/06/2023;14:40:00;COMENDADOR LEVY GASPARIAN;Velocidade Incompatível;Saída de leito carroçável;Com Vítimas Feridas;Pleno dia;Crescente;Céu Claro;Dupla;"Ponte;Curva";-22,011084;-43,26723
11/06/2023;18:05:00;GUARAPARI;Demais falhas mecânicas ou elétricas;Tombamento;Com Vítimas Feridas;Anoitecer;Decrescente;Céu Claro;Dupla;Reta;-20,63575379;-40,54199324
11/06/2023;17:30:00;APARECIDA;Demais falhas mecânicas ou elétricas;Tombamento;Com Vítimas Feridas;Anoitecer;Decrescente;Céu Claro;Dupla;Reta;-22,83354783;-45,21713313
11/06/2023;18:00:00;UBATUBA;Ultrapassagem Indevida;Colisão lateral mesmo sentido;Sem Vítimas;Plena Noite;Crescente;Céu Claro;Simples;Rotatória;-23,45018939;-45,07743735
11/06/2023;17:45:00;ARAPONGAS;Manobra de mudança de faixa;Colisão traseira;Com Vítimas Feridas;Anoitecer;Crescente;Céu Claro;Dupla;Reta;-23,3726714;-51,41180992
11/06/2023;19:20:00;RIBEIRAO DAS NEVES;Manobra de mudança de faixa;Colisão lateral mesmo sentido;Com Vítimas Feridas;Plena Noite;Crescente;Céu Claro;Dupla;Reta;-19,761808;-44,133566
11/06/2023;15:50:00;APUCARANA;Velocidade Incompatível;Queda de ocupante de veículo;Com Vítimas Feridas;Pleno dia;Decrescente;Céu Claro;Dupla;Curva;-23,51861227;-51,42886877
11/06/2023;20:30:00;BETIM;Velocidade Incompatível;Saída de leito carroçável;Sem Vítimas;Plena Noite;Decrescente;Céu Claro;Múltipla;Reta;-19,95644414;-44,13611598
11/06/2023;20:30:00;IGARATINGA;Velocidade Incompatível;Colisão com objeto;Com Vítimas Feridas;Plena Noite;Decrescente;Céu Claro;Dupla;Curva;-19,90748652;-44,67151073
11/06/2023;20:00:00;BALNEARIO CAMBORIU;Ultrapassagem Indevida;Colisão frontal;Com Vítimas Feridas;Plena Noite;Decrescente;Garoa/Chuvisco;Dupla;Reta;-26,99654133;-48,65564711
11/06/2023;21:30:00;PORTO REAL;Manobra de mudança de faixa;Colisão lateral mesmo sentido;Com Vítimas Feridas;Plena Noite;Decrescente;Nublado;Dupla;Reta;-22,44990235;-44,32774407
11/06/2023;22:20:00;INDAIAL;Chuva;Saída de leito carroçável;Com Vítimas Feridas;Plena Noite;Crescente;Chuva;Simples;"Em Obras;Reta";-26,889374;-49,254478
11/06/2023;22:50:00;POUSO ALEGRE;Ausência de reação do condutor;Tombamento;Com Vítimas Fatais;Plena Noite;Crescente;Céu Claro;Dupla;Reta;-22,411919;-45,96177005
11/06/2023;22:26:00;PALMEIRA DAS MISSOES;Velocidade Incompatível;Saída de leito carroçável;Sem Vítimas;Plena Noite;Decrescente;Garoa/Chuvisco;Simples;Interseção de Vias;-27,86645911;-53,33279192
11/06/2023;23:00:00;VARZEA GRANDE;Deficiência do Sistema de Iluminação/Sinalização;Colisão traseira;Sem Vítimas;Plena Noite;Crescente;Ignorado;Simples;Reta;-15,69212086;-56,16830394
12/06/2023;00:30:00;IBIPORA;Velocidade Incompatível;Tombamento;Com Vítimas Feridas;Plena Noite;Decrescente;Céu Claro;Simples;Reta;-23,29255654;-51,09174192
11/06/2023;20:00:00;CAMPOS DE JULIO;Velocidade Incompatível;Capotamento;Com Vítimas Feridas;Plena Noite;Decrescente;Céu Claro;Simples;"Reta;Rotatória";-13,74801267;-59,2712197
12/06/2023;05:50:00;SAO FRANCISCO DO SUL;Chuva;Colisão com objeto;Com Vítimas Feridas;Amanhecer;Crescente;Chuva;Simples;Reta;-26,27127101;-48,64129599
12/06/2023;07:30:00;BIGUACU;Chuva;Colisão com objeto;Sem Vítimas;Pleno dia;Crescente;Chuva;Dupla;Curva;-27,4341098;-48,62567129
12/06/2023;07:45:00;SAO LEOPOLDO;Trafegar com motocicleta (ou similar) entre as faixas;Tombamento;Com Vítimas Feridas;Pleno dia;Decrescente;Céu Claro;Dupla;Reta;-29,74980902;-51,15125361
12/06/2023;08:00:00;SAO JOSE;Chuva;Queda de ocupante de veículo;Com Vítimas Feridas;Pleno dia;Decrescente;Chuva;Dupla;Reta;-27,60001226;-48,6226467
12/06/2023;07:50:00;MANDAGUARI;Chuva;Saída de leito carroçável;Com Vítimas Feridas;Amanhecer;Decrescente;Chuva;Dupla;Curva;-23,561135;-51,661563
12/06/2023;04:30:00;PRATA;Ultrapassagem Indevida;Colisão lateral sentido oposto;Com Vítimas Feridas;Plena Noite;Crescente;Céu Claro;Simples;"Reta;Declive";-19,26347485;-48,92260343
12/06/2023;08:00:00;ARAQUARI;Chuva;Saída de leito carroçável;Com Vítimas Feridas;Pleno dia;Crescente;Chuva;Dupla;Curva;-26,44651734;-48,79426826
12/06/2023;08:00:00;BALSA NOVA;Ausência de reação do condutor;Tombamento;Com Vítimas Feridas;Pleno dia;Decrescente;Chuva;Dupla;"Declive;Curva";-25,478127;-49,647233
12/06/2023;07:28:00;CAMPO GRANDE;Manobra de mudança de faixa;Colisão lateral sentido oposto;Com Vítimas Feridas;Pleno dia;Crescente;Garoa/Chuvisco;Simples;Reta;-20,49629699;-54,55916871
12/06/2023;09:15:00;PALHOCA;Trafegar com motocicleta (ou similar) entre as faixas;Tombamento;Com Vítimas Feridas;Pleno dia;Decrescente;Chuva;Múltipla;Reta;-27,64443;-48,67057
12/06/2023;09:40:00;CAMPINA GRANDE DO SUL;Chuva;Saída de leito carroçável;Com Vítimas Feridas;Pleno dia;Crescente;Chuva;Dupla;Curva;-25,24249703;-48,90292205
09/06/2023;08:00:00;ITAGUAI;Ultrapassagem Indevida;Colisão lateral mesmo sentido;Com Vítimas Feridas;Pleno dia;Crescente;Céu Claro;Simples;Reta;-22,86342703;-43,79642098
12/06/2023;10:20:00;BALNEARIO CAMBORIU;Velocidade Incompatível;Colisão com objeto;Com Vítimas Feridas;Pleno dia;Decrescente;Chuva;Múltipla;Curva;-27,02397426;-48,60761649
12/06/2023;15:30:00;JACAREI;Objeto estático sobre o leito carroçável;Tombamento;Com Vítimas Feridas;Pleno dia;Decrescente;Céu Claro;Dupla;"Reta;Aclive";-23,25558031;-45,9437828
12/06/2023;13:00:00;ORTIGUEIRA;Chuva;Atropelamento de Pedestre;Com Vítimas Feridas;Pleno dia;Decrescente;Chuva;Dupla;Curva;-24,16423688;-50,96922472
12/06/2023;17:35:00;AGUAS LINDAS DE GOIAS;Manobra de mudança de faixa;Queda de ocupante de veículo;Com Vítimas Feridas;Anoitecer;Decrescente;Céu Claro;Dupla;Curva;-15,767021;-48,229945
12/06/2023;18:30:00;SAO JOSE;Manobra de mudança de faixa;Colisão traseira;Com Vítimas Feridas;Anoitecer;Decrescente;Nublado;Dupla;Reta;-27,60327979;-48,63201818
12/06/2023;17:00:00;ITIQUIRA;Velocidade Incompatível;Tombamento;Com Vítimas Feridas;Pleno dia;Decrescente;Nevoeiro/Neblina;Dupla;Reta;-17,09066736;-54,76018494
12/06/2023;18:45:00;UBATUBA;Avarias e/ou desgaste excessivo no pneu;Tombamento;Com Vítimas Feridas;Plena Noite;Decrescente;Céu Claro;Dupla;Reta;-23,35410133;-44,84918112
12/06/2023;19:05:00;BALSA NOVA;Chuva;Colisão com objeto;Com Vítimas Feridas;Plena Noite;Decrescente;Chuva;Dupla;"Declive;Curva";-25,478866;-49,644784
12/06/2023;18:40:00;BRASILIA;Manobra de mudança de faixa;Colisão lateral mesmo sentido;Sem Vítimas;Plena Noite;Crescente;Céu Claro;Dupla;"Reta;Em Obras";-15,658386;-47,791534
12/06/2023;20:30:00;RANCHO QUEIMADO;Velocidade Incompatível;Saída de leito carroçável;Com Vítimas Feridas;Plena Noite;Crescente;Chuva;Simples;"Curva;Declive";-27,690931;-49,129143
12/06/2023;18:45:00;RIO DE JANEIRO;Iluminação deficiente;Colisão lateral mesmo sentido;Com Vítimas Fatais;Plena Noite;Crescente;Céu Claro;Dupla;Reta;-22,8060415;-43,34289573
12/06/2023;08:30:00;IMBITUVA;Acumulo de água sobre o pavimento;Colisão frontal;Com Vítimas Feridas;Pleno dia;Crescente;Chuva;Simples;Curva;-25,33084698;-50,63491213
12/06/2023;11:00:00;PALMEIRA;Acumulo de água sobre o pavimento;Colisão frontal;Com Vítimas Feridas;Pleno dia;Decrescente;Céu Claro;Simples;"Curva;Declive";-25,43433202;-50,05479455
13/06/2023;06:10:00;GOVERNADOR VALADARES;Velocidade Incompatível;Saída de leito carroçável;Com Vítimas Feridas;Amanhecer;Decrescente;Céu Claro;Simples;Curva;-18,88666107;-42,00230199
13/06/2023;07:20:00;CANOAS;Manobra de mudança de faixa;Queda de ocupante de veículo;Com Vítimas Feridas;Pleno dia;Decrescente;Céu Claro;Simples;Curva;-29,89208911;-51,1756146
13/06/2023;07:00:00;NOVA GRANADA;Ausência de reação do condutor;Tombamento;Com Vítimas Feridas;Amanhecer;Crescente;Nublado;Simples;Curva;-20,5009771;-49,32004582
13/06/2023;07:40:00;ITAPORANGA DAJUDA;Sinalização mal posicionada;Colisão com objeto;Com Vítimas Feridas;Pleno dia;Decrescente;Céu Claro;Dupla;Reta;-11,01146389;-37,31286103
13/06/2023;07:10:00;INGA;Manobra de mudança de faixa;Colisão lateral mesmo sentido;Com Vítimas Feridas;Pleno dia;Crescente;Céu Claro;Dupla;"Curva;Em Obras";-7,216414;-35,594662
13/06/2023;07:00:00;TERESOPOLIS;Velocidade Incompatível;Colisão com objeto;Com Vítimas Feridas;Pleno dia;Crescente;Nublado;Simples;Curva;-22,36917806;-42,94876879
13/06/2023;09:00:00;NOVA IGUACU;Velocidade Incompatível;Capotamento;Com Vítimas Feridas;Pleno dia;Decrescente;Céu Claro;Múltipla;Reta;-22,7380709;-43,48213999
13/06/2023;08:50:00;JABOATAO DOS GUARARAPES;Ultrapassagem Indevida;Colisão lateral mesmo sentido;Com Vítimas Feridas;Pleno dia;Crescente;Céu Claro;Dupla;Reta;-8,168383;-34,9376
13/06/2023;08:50:00;JUQUITIBA;Chuva;Colisão com objeto;Com Vítimas Feridas;Pleno dia;Decrescente;Chuva;Dupla;Curva;-23,93901304;-47,06241203
13/06/2023;09:00:00;GUARANTA DO NORTE;Manobra de mudança de faixa;Colisão lateral mesmo sentido;Com Vítimas Feridas;Pleno dia;Decrescente;Céu Claro;Dupla;"Reta;Retorno Regulamentado";-9,96201065;-54,90495985
08/05/2023;17:55:00;ARAQUARI;Ultrapassagem Indevida;Colisão frontal;Com Vítimas Feridas;Anoitecer;Crescente;Céu Claro;Simples;Ponte;-26,38328707;-48,72650027
13/06/2023;11:30:00;TIBAGI;Velocidade Incompatível;Colisão com objeto;Com Vítimas Feridas;Pleno dia;Crescente;Chuva;Dupla;"Declive;Curva";-24,78938102;-50,50455272
13/06/2023;14:00:00;NATAL;Manobra de mudança de faixa;Colisão lateral mesmo sentido;Com Vítimas Feridas;Pleno dia;Decrescente;Céu Claro;Múltipla;Viaduto;-5,83176615;-35,21191342
13/06/2023;13:00:00;GUARUJA DO SUL;Avarias e/ou desgaste excessivo no pneu;Tombamento;Com Vítimas Feridas;Pleno dia;Decrescente;Garoa/Chuvisco;Simples;"Em Obras;Declive;Reta";-26,426309;-53,52212906
13/06/2023;14:00:00;RIBEIRAO DAS NEVES;Velocidade Incompatível;Colisão traseira;Com Vítimas Feridas;Pleno dia;Decrescente;Céu Claro;Dupla;Reta;-19,74716686;-44,14731173
13/06/2023;15:00:00;AGUAS LINDAS DE GOIAS;Manobra de mudança de faixa;Colisão traseira;Com Vítimas Feridas;Pleno dia;Crescente;Céu Claro;Múltipla;Reta;-15,73733681;-48,27407468
13/06/2023;14:40:00;CASCAVEL;Chuva;Saída de leito carroçável;Com Vítimas Feridas;Pleno dia;Decrescente;Garoa/Chuvisco;Dupla;Curva;-24,8599;-53,5868
13/06/2023;15:15:00;FEIRA DE SANTANA;Velocidade Incompatível;Colisão traseira;Com Vítimas Feridas;Pleno dia;Decrescente;Nublado;Dupla;Reta;-12,2784;-38,9407
13/06/2023;17:00:00;CARUARU;Manobra de mudança de faixa;Colisão traseira;Sem Vítimas;Pleno dia;Decrescente;Céu Claro;Simples;Viaduto;-8,2698;-35,9803
13/06/2023;18:10:00;BETIM;Velocidade Incompatível;Colisão traseira;Com Vítimas Feridas;Plena Noite;Decrescente;Céu Claro;Dupla;"Aclive;Reta";-20,02513493;-44,23112709
13/06/2023;15:00:00;RIO BRANCO;Afundamento ou ondulação no pavimento;Queda de ocupante de veículo;Com Vítimas Feridas;Pleno dia;Decrescente;Garoa/Chuvisco;Simples;Rotatória;-10,01318296;-67,7171964
13/06/2023;19:00:00;ANAPOLIS;Objeto estático sobre o leito carroçável;Tombamento;Com Vítimas Feridas;Plena Noite;Crescente;Céu Claro;Dupla;Reta;-16,3979;-48,9664
13/06/2023;18:50:00;TIBAGI;Velocidade Incompatível;Colisão com objeto;Com Vítimas Feridas;Plena Noite;Crescente;Chuva;Dupla;Reta;-24,97801069;-50,37532564
13/06/2023;18:45:00;CAPIVARI DE BAIXO;Pista Escorregadia;Queda de ocupante de veículo;Com Vítimas Feridas;Anoitecer;Decrescente;Garoa/Chuvisco;Dupla;Reta;-28,43048;-48,952272
13/06/2023;17:30:00;ARACI;Ultrapassagem Indevida;Atropelamento de Pedestre;Com Vítimas Feridas;Anoitecer;Crescente;Céu Claro;Simples;Reta;-11,31489323;-38,9451956
13/06/2023;18:50:00;BALNEARIO CAMBORIU;Manobra de mudança de faixa;Colisão lateral mesmo sentido;Com Vítimas Feridas;Plena Noite;Crescente;Chuva;Dupla;Reta;-26,97284292;-48,68299451
13/03/2023;21:25:00;NOSSA SENHORA DO SOCORRO;Pista em desnível;Tombamento;Sem Vítimas;Plena Noite;Não Informado;Céu Claro;Simples;"Em Obras;Aclive";-10,88934461;-37,1321851
13/06/2023;16:00:00;AMAJARI;Afundamento ou ondulação no pavimento;Saída de leito carroçável;Com Vítimas Feridas;Pleno dia;Decrescente;Céu Claro;Simples;"Ponte;Reta";3,731552;-60,996948
13/06/2023;18:30:00;CURITIBANOS;Velocidade Incompatível;Tombamento;Com Vítimas Feridas;Plena Noite;Decrescente;Chuva;Simples;Curva;-27,303122;-50,661118
14/06/2023;01:15:00;TEOFILANDIA;Deficiência do Sistema de Iluminação/Sinalização;Saída de leito carroçável;Com Vítimas Feridas;Plena Noite;Crescente;Nublado;Simples;Declive;-11,5037151;-38,9958275
14/06/2023;03:35:00;FLEXEIRAS;Velocidade Incompatível;Colisão com objeto;Com Vítimas Feridas;Plena Noite;Decrescente;Chuva;Dupla;Curva;-9,24953102;-35,75740814
14/06/2023;06:50:00;DUQUE DE CAXIAS;Manobra de mudança de faixa;Colisão lateral mesmo sentido;Com Vítimas Feridas;Pleno dia;Decrescente;Céu Claro;Múltipla;Reta;-22,62897902;-43,28579508
14/06/2023;07:10:00;FOZ DO IGUACU;Acumulo de água sobre o pavimento;Saída de leito carroçável;Com Vítimas Feridas;Amanhecer;Decrescente;Chuva;Dupla;Curva;-25,5106015;-54,55481999
14/06/2023;07:10:00;PARNAMIRIM;Demais falhas mecânicas ou elétricas;Tombamento;Com Vítimas Feridas;Pleno dia;Decrescente;Céu Claro;Múltipla;"Curva;Declive";-5,88128;-35,225435
14/06/2023;06:20:00;GUARULHOS;Acumulo de água sobre o pavimento;Colisão com objeto;Sem Vítimas;Pleno dia;Decrescente;Chuva;Múltipla;Reta;-23,47469314;-46,56112919
14/06/2023;06:50:00;ABREU E LIMA;Velocidade Incompatível;Colisão traseira;Com Vítimas Fatais;Pleno dia;Decrescente;Chuva;Múltipla;Reta;-7,890382;-34,903458
14/06/2023;07:50:00;SANTOS DUMONT;Curva acentuada;Saída de leito carroçável;Com Vítimas Fatais;Pleno dia;Crescente;Céu Claro;Simples;Curva;-21,41562494;-43,56352376
14/06/2023;06:40:00;GUAPIMIRIM;Ultrapassagem Indevida;Queda de ocupante de veículo;Com Vítimas Feridas;Pleno dia;Decrescente;Nublado;Simples;Reta;-22,71330892;-42,95334574
14/06/2023;09:15:00;SAO GONCALO DOS CAMPOS;Ultrapassagem Indevida;Colisão lateral mesmo sentido;Com Vítimas Feridas;Pleno dia;Decrescente;Nublado;Simples;"Reta;Interseção de Vias";-12,43070619;-38,91282504
14/06/2023;09:20:00;SEROPEDICA;Demais falhas na via;Queda de ocupante de veículo;Com Vítimas Feridas;Pleno dia;Decrescente;Céu Claro;Simples;"Reta;Em Obras";-22,804979;-43,638828
14/06/2023;10:40:00;NOVA IGUACU;Avarias e/ou desgaste excessivo no pneu;Tombamento;Com Vítimas Feridas;Pleno dia;Decrescente;Sol;Múltipla;Reta;-22,7651616;-43,4154728