data_inversa;horario;municipio;causa_acidente;tipo_acidente;classificacao_acidente;fase_dia;sentido_via;condicao_metereologica;tipo_pista;tracado_via;latitude;longitude
14/06/2023;10:30:00;BIGUACU;Chuva;Saída de leito carroçável;Com Vítimas Feridas;Pleno dia;Crescente;Chuva;Dupla;Curva;-27,4341098;-48,62567129
14/06/2023;09:15:00;SATUBA;Obstrução na via;Colisão lateral mesmo sentido;Sem Vítimas;Pleno dia;Decrescente;Garoa/Chuvisco;Simples;Curva;-9,58021969;-35,83876014
14/06/2023;09:30:00;ENTRE RIOS;Velocidade Incompatível;Saída de leito carroçável;Com Vítimas Feridas;Pleno dia;Crescente;Chuva;Dupla;Reta;-11,96028886;-38,09467336
14/06/2023;14:15:00;BETIM;Manobra de mudança de faixa;Colisão lateral mesmo sentido;Com Vítimas Feridas;Pleno dia;Decrescente;Sol;Dupla;Reta;-19,9572714;-44,1520004
14/06/2023;14:50:00;SAO SEBASTIAO;Acumulo de água sobre o pavimento;Colisão traseira;Sem Vítimas;Pleno dia;Crescente;Chuva;Dupla;"Reta;Aclive";-9,93913527;-36,53374672
14/06/2023;15:00:00;NOVA IGUACU;Velocidade Incompatível;Colisão traseira;Com Vítimas Feridas;Pleno dia;Crescente;Céu Claro;Dupla;Reta;-22,74647215;-43,44594311
14/06/2023;14:45:00;MAUA DA SERRA;Chuva;Colisão com objeto;Com Vítimas Feridas;Pleno dia;Decrescente;Chuva;Dupla;"Aclive;Curva";-23,95005733;-51,11487865
14/06/2023;15:15:00;GOIANA;Acumulo de água sobre o pavimento;Capotamento;Com Vítimas Feridas;Pleno dia;Decrescente;Chuva;Dupla;Reta;-7,61832786;-34,97100773
14/06/2023;15:15:00;CAAPORA;Chuva;Saída de leito carroçável;Com Vítimas Feridas;Pleno dia;Decrescente;Chuva;Dupla;"Declive;Curva";-7,46746892;-34,9772648
14/06/2023;15:50:00;CABEDELO;Manobra de mudança de faixa;Colisão lateral mesmo sentido;Com Vítimas Feridas;Pleno dia;Decrescente;Chuva;Dupla;Reta;-7,068;-34,85
14/06/2023;16:10:00;SAO PAULO;Velocidade Incompatível;Capotamento;Com Vítimas Feridas;Pleno dia;Decrescente;Chuva;Múltipla;"Aclive;Curva";-23,37208014;-46,55700294
14/06/2023;17:00:00;PEDRA;Velocidade Incompatível;Colisão transversal;Com Vítimas Feridas;Pleno dia;Crescente;Chuva;Simples;Aclive;-8,49698318;-37,010177
14/06/2023;17:30:00;UBERLANDIA;Velocidade Incompatível;Colisão traseira;Com Vítimas Feridas;Anoitecer;Decrescente;Céu Claro;Dupla;Reta;-18,92793854;-48,19198317
14/06/2023;10:45:00;RIO DO SUL;Chuva;Colisão frontal;Com Vítimas Feridas;Pleno dia;Decrescente;Chuva;Dupla;Curva;-27,226065;-49,666161
14/06/2023;17:00:00;PORTO VELHO;Manobra de mudança de faixa;Colisão lateral mesmo sentido;Com Vítimas Feridas;Pleno dia;Decrescente;Nublado;Dupla;Reta;-8,80030539;-63,823428
14/06/2023;16:00:00;CACHOEIRA;Ultrapassagem Indevida;Colisão frontal;Sem Vítimas;Pleno dia;Crescente;Céu Claro;Simples;"Reta;Aclive";-12,58343471;-38,98281596
14/06/2023;12:30:00;ITABUNA;Chuva;Saída de leito carroçável;Com Vítimas Feridas;Pleno dia;Decrescente;Chuva;Simples;Curva;-14,84984776;-39,36828309
14/06/2023;18:30:00;RIO NOVO DO SUL;Manobra de mudança de faixa;Colisão lateral sentido oposto;Com Vítimas Feridas;Plena Noite;Crescente;Céu Claro;Simples;Reta;-20,86594262;-40,93257592
14/06/2023;18:50:00;TERESINA;Demais falhas mecânicas ou elétricas;Tombamento;Com Vítimas Feridas;Plena Noite;Crescente;Céu Claro;Dupla;Reta;-5,14169858;-42,78157276
14/06/2023;21:15:00;CAMPO MOURAO;Iluminação deficiente;Atropelamento de Pedestre;Com Vítimas Feridas;Plena Noite;Decrescente;Chuva;Dupla;Reta;-24,054125;-52,409742
14/06/2023;19:00:00;JARU;Velocidade Incompatível;Saída de leito carroçável;Com Vítimas Feridas;Plena Noite;Decrescente;Nublado;Simples;"Reta;Aclive";-10,36530904;-62,56654003
14/06/2023;21:50:00;SALVADOR;Pista Escorregadia;Queda de ocupante de veículo;Com Vítimas Feridas;Plena Noite;Decrescente;Chuva;Dupla;Reta;-12,90482172;-38,45556535
14/06/2023;19:40:00;MANGARATIBA;Velocidade Incompatível;Colisão frontal;Com Vítimas Fatais;Plena Noite;Crescente;Chuva;Simples;Declive;-22,91293797;-43,89732384
14/06/2023;18:30:00;UBIRATA;Chuva;Colisão com objeto;Sem Vítimas;Plena Noite;Crescente;Chuva;Simples;"Interseção de Vias;Reta";-24,5074;-52,9186
15/06/2023;03:43:00;ITAJA;Chuva;Colisão com objeto;Com Vítimas Feridas;Plena Noite;Crescente;Chuva;Simples;Ponte;-5,6259351;-36,87237305
15/06/2023;02:40:00;REGISTRO;Velocidade Incompatível;Saída de leito carroçável;Sem Vítimas;Plena Noite;Decrescente;Céu Claro;Dupla;Reta;-24,46159507;-47,81713991
15/06/2023;05:55:00;QUATRO BARRAS;Acumulo de água sobre o pavimento;Capotamento;Com Vítimas Feridas;Amanhecer;Decrescente;Chuva;Dupla;Reta;-25,3653;-49,0906
15/06/2023;07:10:00;PONTA GROSSA;Velocidade Incompatível;Colisão transversal;Com Vítimas Feridas;Pleno dia;Crescente;Nublado;Múltipla;"Curva;Retorno Regulamentado";-25,073933;-50,21081
15/06/2023;06:45:00;PAULO LOPES;Chuva;Saída de leito carroçável;Com Vítimas Feridas;Amanhecer;Decrescente;Chuva;Dupla;Curva;-28,012535;-48,695009
15/06/2023;08:00:00;JUQUIA;Pista Escorregadia;Queda de ocupante de veículo;Com Vítimas Feridas;Pleno dia;Decrescente;Chuva;Dupla;Reta;-24,3736589;-47,70692922
15/06/2023;08:55:00;EXTREMA;Velocidade Incompatível;Saída de leito carroçável;Com Vítimas Feridas;Pleno dia;Decrescente;Chuva;Dupla;Curva;-22,86605937;-46,34940386
11/05/2023;05:59:00;SAO FRANCISCO DO SUL;Ultrapassagem Indevida;Colisão frontal;Com Vítimas Fatais;Amanhecer;Crescente;Nublado;Simples;Reta;-26,34729908;-48,65797872
15/06/2023;10:30:00;CARUARU;Acumulo de água sobre o pavimento;Saída de leito carroçável;Com Vítimas Feridas;Pleno dia;Decrescente;Chuva;Dupla;"Curva;Aclive";-8,30807114;-35,94580097
15/06/2023;11:00:00;TRIUNFO;Velocidade Incompatível;Saída de leito carroçável;Com Vítimas Feridas;Pleno dia;Crescente;Chuva;Simples;Rotatória;-29,800684;-51,518406
15/06/2023;09:20:00;QUEIMADAS;Manobra de mudança de faixa;Colisão transversal;Com Vítimas Feridas;Pleno dia;Crescente;Nublado;Simples;Reta;-7,39577502;-35,89744631
15/06/2023;12:30:00;TRIUNFO;Velocidade Incompatível;Saída de leito carroçável;Com Vítimas Fatais;Pleno dia;Crescente;Chuva;Simples;Rotatória;-29,800684;-51,518406
15/06/2023;10:42:00;MAIRIPORA;Pista Escorregadia;Queda de ocupante de veículo;Com Vítimas Feridas;Pleno dia;Decrescente;Chuva;Múltipla;"Curva;Declive";-23,35047979;-46,55267274
15/06/2023;09:50:00;VASSOURAS;Ultrapassagem Indevida;Saída de leito carroçável;Com Vítimas Feridas;Pleno dia;Crescente;Nublado;Simples;Curva;-22,25360263;-43,44130266
15/06/2023;11:30:00;SAO PAULO;Pista Escorregadia;Colisão frontal;Com Vítimas Feridas;Pleno dia;Crescente;Chuva;Múltipla;"Curva;Declive";-23,38372401;-46,56502116
15/06/2023;15:55:00;BALNEARIO CAMBORIU;Velocidade Incompatível;Colisão com objeto;Com Vítimas Feridas;Pleno dia;Decrescente;Chuva;Múltipla;Curva;-27,02397426;-48,60761649
15/06/2023;16:50:00;SANTA RITA;Acumulo de água sobre o pavimento;Queda de ocupante de veículo;Com Vítimas Feridas;Pleno dia;Crescente;Chuva;Dupla;Reta;-7,1432;-34,9869
15/06/2023;16:50:00;CAPELA;Acumulo de água sobre o pavimento;Capotamento;Com Vítimas Feridas;Pleno dia;Crescente;Céu Claro;Dupla;Curva;-10,50122699;-36,94528014
15/06/2023;20:30:00;SAO PAULO;Pista Escorregadia;Tombamento;Com Vítimas Feridas;Plena Noite;Decrescente;Garoa/Chuvisco;Múltipla;Reta;-23,49659264;-46,55648754
15/06/2023;16:30:00;SOUSA;Acumulo de areia ou detritos sobre o pavimento;Saída de leito carroçável;Com Vítimas Feridas;Pleno dia;Decrescente;Céu Claro;Simples;Reta;-6,81054;-38,308722
15/06/2023;19:40:00;BEZERROS;Ausência de sinalização;Saída de leito carroçável;Com Vítimas Feridas;Plena Noite;Crescente;Chuva;Dupla;Retorno Regulamentado;-8,28036785;-35,81085313
15/06/2023;18:10:00;TIANGUA;Iluminação deficiente;Colisão traseira;Com Vítimas Fatais;Plena Noite;Decrescente;Céu Claro;Simples;Reta;-3,7236142;-40,99670064
15/06/2023;23:10:00;ESTRELA;Velocidade Incompatível;Saída de leito carroçável;Sem Vítimas;Plena Noite;Crescente;Chuva;Dupla;"Retorno Regulamentado;Curva";-29,54776245;-51,90832436
15/06/2023;23:00:00;IMPERATRIZ;Manobra de mudança de faixa;Colisão transversal;Com Vítimas Feridas;Plena Noite;Crescente;Nublado;Múltipla;Reta;-5,490634;-47,471973
15/06/2023;22:20:00;VARZEA GRANDE;Manobra de mudança de faixa;Colisão transversal;Com Vítimas Feridas;Plena Noite;Decrescente;Ignorado;Simples;Reta;-15,65279213;-56,19300842
16/06/2023;04:40:00;GUARULHOS;Pista esburacada;Queda de ocupante de veículo;Com Vítimas Feridas;Plena Noite;Crescente;Chuva;Dupla;Reta;-23,449343;-46,56983501
15/06/2023;23:15:00;MONTE ALEGRE DE MINAS;Velocidade Incompatível;Capotamento;Com Vítimas Feridas;Plena Noite;Decrescente;Ignorado;Dupla;Curva;-18,8789182;-49,05482003
16/06/2023;05:45:00;VITORIA DA CONQUISTA;Velocidade Incompatível;Atropelamento de Animal;Com Vítimas Feridas;Amanhecer;Crescente;Nublado;Simples;Reta;-14,82272254;-40,81686974
16/06/2023;07:07:00;SAO JOSE;Manobra de mudança de faixa;Queda de ocupante de veículo;Com Vítimas Feridas;Pleno dia;Crescente;Céu Claro;Dupla;Reta;-27,54836599;-48,61977975
16/06/2023;07:30:00;PALHOCA;Manobra de mudança de faixa;Colisão traseira;Com Vítimas Feridas;Pleno dia;Decrescente;Céu Claro;Múltipla;Reta;-27,64443;-48,67057
15/06/2023;06:15:00;MAGE;Reação tardia ou ineficiente do condutor;Tombamento;Com Vítimas Feridas;Pleno dia;Crescente;Céu Claro;Simples;Reta;-22,66151289;-43,04480692
16/06/2023;06:00:00;CHOPINZINHO;Ultrapassagem Indevida;Colisão frontal;Com Vítimas Fatais;Amanhecer;Decrescente;Nevoeiro/Neblina;Simples;Curva;-25,88272;-52,350645
16/06/2023;08:46:00;LORENA;Trafegar com motocicleta (ou similar) entre as faixas;Tombamento;Com Vítimas Feridas;Pleno dia;Crescente;Nublado;Dupla;Reta;-22,75255433;-45,10741076
16/06/2023;08:30:00;PARAISO DO TOCANTINS;Velocidade Incompatível;Colisão traseira;Com Vítimas Feridas;Pleno dia;Decrescente;Céu Claro;Simples;Reta;-10,09345995;-48,86587107
16/06/2023;09:00:00;BETIM;Manobra de mudança de faixa;Colisão traseira;Com Vítimas Feridas;Pleno dia;Decrescente;Céu Claro;Dupla;"Aclive;Reta";-19,95531717;-44,11722196
12/06/2023;10:40:00;SAO GONCALO;Manobra de mudança de faixa;Colisão lateral mesmo sentido;Com Vítimas Feridas;Pleno dia;Crescente;Céu Claro;Dupla;Reta;-22,81049093;-43,06983304
16/06/2023;06:00:00;CEZARINA;Pista Escorregadia;Colisão com objeto;Com Vítimas Feridas;Plena Noite;Decrescente;Ignorado;Dupla;Reta;-17,0231;-49,7776
16/06/2023;09:00:00;OURO PRETO;Manobra de mudança de faixa;Colisão traseira;Com Vítimas Feridas;Pleno dia;Crescente;Sol;Simples;"Declive;Reta";-20,422551;-43,878744
16/06/2023;07:00:00;FRUTAL;Velocidade Incompatível;Saída de leito carroçável;Com Vítimas Feridas;Amanhecer;Crescente;Nevoeiro/Neblina;Simples;Interseção de Vias;-20,01997239;-49,04727779
16/06/2023;08:30:00;PARACATU;Ultrapassagem Indevida;Colisão frontal;Com Vítimas Feridas;Pleno dia;Crescente;Céu Claro;Simples;Reta;-17,10863014;-46,99994802
16/06/2023;06:30:00;FEIRA DE SANTANA;Ultrapassagem Indevida;Colisão lateral mesmo sentido;Com Vítimas Feridas;Pleno dia;Crescente;Céu Claro;Dupla;Reta;-12,2417119;-38,93768485
16/06/2023;11:50:00;CAMPANHA;Velocidade Incompatível;Saída de leito carroçável;Com Vítimas Feridas;Pleno dia;Crescente;Nublado;Dupla;Curva;-21,83280868;-45,50064606
16/06/2023;11:15:00;BRASILIA;Velocidade Incompatível;Colisão traseira;Com Vítimas Feridas;Pleno dia;Crescente;Céu Claro;Dupla;Retorno Regulamentado;-15,665888;-47,808308
16/06/2023;11:30:00;TRIUNFO;Acumulo de água sobre o pavimento;Saída de leito carroçável;Sem Vítimas;Pleno dia;Decrescente;Chuva;Dupla;Rotatória;-29,800684;-51,518406
21/05/2023;11:00:00;SENADOR GUIOMARD;Pista Escorregadia;Saída de leito carroçável;Com Vítimas Feridas;Pleno dia;Decrescente;Chuva;Simples;Curva;-10,07470067;-67,57485174
16/06/2023;16:00:00;CARIACICA;Ausência de reação do condutor;Tombamento;Com Vítimas Feridas;Pleno dia;Decrescente;Céu Claro;Dupla;Reta;-20,31526144;-40,39567044
16/06/2023;16:00:00;BRASILIA;Velocidade Incompatível;Colisão lateral mesmo sentido;Sem Vítimas;Pleno dia;Decrescente;Nublado;Dupla;"Reta;Declive";-15,650243;-47,773872
16/06/2023;16:40:00;PARNAMIRIM;Pista Escorregadia;Queda de ocupante de veículo;Com Vítimas Feridas;Pleno dia;Decrescente;Nublado;Dupla;Declive;-5,92825102;-35,26465683
16/06/2023;16:40:00;FLORIANOPOLIS;Manobra de mudança de faixa;Colisão lateral mesmo sentido;Com Vítimas Feridas;Pleno dia;Crescente;Céu Claro;Múltipla;Reta;-27,603289;-48,590416
16/06/2023;17:10:00;BRASILIA;Manobra de mudança de faixa;Colisão lateral mesmo sentido;Com Vítimas Feridas;Pleno dia;Crescente;Céu Claro;Dupla;Reta;-15,789762;-48,148727
16/06/2023;16:00:00;PALHOCA;Velocidade Incompatível;Queda de ocupante de veículo;Com Vítimas Feridas;Pleno dia;Crescente;Nublado;Simples;Reta;-27,683958;-48,71006
16/06/2023;17:00:00;OURICURI;Acumulo de areia ou detritos sobre o pavimento;Queda de ocupante de veículo;Com Vítimas Feridas;Anoitecer;Crescente;Sol;Simples;Reta;-7,87468608;-40,08532003
16/06/2023;17:15:00;PARANAGUA;Avarias e/ou desgaste excessivo no pneu;Tombamento;Com Vítimas Feridas;Anoitecer;Crescente;Nublado;Dupla;Reta;-25,56380488;-48,63457397
16/06/2023;17:30:00;ANTONIO DIAS;Ultrapassagem Indevida;Colisão lateral sentido oposto;Com Vítimas Feridas;Plena Noite;Crescente;Céu Claro;Simples;"Reta;Desvio Temporário;Em Obras";-19,63111883;-42,88728112
16/06/2023;17:40:00;SAO JOSE DOS CAMPOS;Ausência de reação do condutor;Tombamento;Com Vítimas Feridas;Anoitecer;Decrescente;Nublado;Simples;Reta;-23,25558031;-45,9437828
25/04/2023;17:13:00;TEOFILO OTONI;Obras na pista;Tombamento;Com Vítimas Feridas;Anoitecer;Decrescente;Ignorado;Simples;Reta;-17,84235093;-41,51410418
16/06/2023;15:20:00;CORREGO DANTA;Velocidade Incompatível;Saída de leito carroçável;Com Vítimas Feridas;Pleno dia;Crescente;Nublado;Simples;Curva;-19,72961031;-46,0185403
16/06/2023;18:30:00;VILHENA;Velocidade Incompatível;Colisão transversal;Com Vítimas Feridas;Anoitecer;Crescente;Céu Claro;Simples;Interseção de Vias;-12,74370233;-60,12147609
16/06/2023;18:25:00;JUATUBA;Manobra de mudança de faixa;Colisão lateral mesmo sentido;Com Vítimas Feridas;Plena Noite;Decrescente;Céu Claro;Dupla;Reta;-19,97391261;-44,27096197
16/06/2023;18:35:00;GOVERNADOR VALADARES;Ausência de reação do condutor;Tombamento;Com Vítimas Feridas;Plena Noite;Decrescente;Céu Claro;Simples;Curva;-18,80262715;-41,98589615
16/06/2023;19:40:00;PORTO VELHO;Afundamento ou ondulação no pavimento;Tombamento;Com Vítimas Feridas;Plena Noite;Crescente;Céu Claro;Dupla;Reta;-8,77410753;-63,87789845
16/06/2023;18:30:00;BALNEARIO CAMBORIU;Avarias e/ou desgaste excessivo no pneu;Tombamento;Com Vítimas Feridas;Plena Noite;Crescente;Céu Claro;Simples;"Aclive;Reta";-27,03881189;-48,60025148
16/06/2023;16:50:00;REDUTO;Reação tardia ou ineficiente do condutor;Tombamento;Com Vítimas Feridas;Pleno dia;Decrescente;Nublado;Simples;Curva;-20,24814827;-41,94094189
16/06/2023;21:30:00;FELIXLANDIA;Reação tardia ou ineficiente do condutor;Tombamento;Com Vítimas Feridas;Plena Noite;Crescente;Céu Claro;Simples;Reta;-18,72886757;-44,91107898
16/06/2023;20:40:00;CALDAS;Velocidade Incompatível;Saída de leito carroçável;Com Vítimas Feridas;Plena Noite;Crescente;Céu Claro;Simples;"Curva;Declive";-21,81478846;-46,46900481
16/06/2023;21:10:00;MIRACATU;Reação tardia ou ineficiente do condutor;Tombamento;Com Vítimas Feridas;Plena Noite;Crescente;Nublado;Dupla;Reta;-24,31697929;-47,52798687
16/06/2023;22:40:00;BARBACENA;Acumulo de água sobre o pavimento;Saída de leito carroçável;Com Vítimas Feridas;Plena Noite;Crescente;Chuva;Dupla;Curva;-21,26034802;-43,66189055
16/06/2023;23:00:00;CARIACICA;Velocidade Incompatível;Colisão com objeto;Com Vítimas Feridas;Plena Noite;Crescente;Céu Claro;Dupla;Reta;-20,25902175;-40,37753412
16/06/2023;22:15:00;SAO MIGUEL DO IGUACU;Velocidade Incompatível;Saída de leito carroçável;Sem Vítimas;Plena Noite;Crescente;Céu Claro;Dupla;"Curva;Declive";-25,33864563;-54,19917133
16/06/2023;22:00:00;SANTANA DO PARAISO;Afundamento ou ondulação no pavimento;Atropelamento de Pedestre;Com Vítimas Fatais;Plena Noite;Crescente;Céu Claro;Simples;Curva;-19,42441326;-42,49683189
17/06/2023;01:30:00;GURUPI;Ultrapassagem Indevida;Colisão lateral sentido oposto;Sem Vítimas;Plena Noite;Crescente;Céu Claro;Simples;Reta;-11,78176489;-49,11301313
17/06/2023;03:30:00;CABEDELO;Ausência de reação do condutor;Tombamento;Com Vítimas Feridas;Plena Noite;Decrescente;Céu Claro;Dupla;Reta;-7,068;-34,85
17/06/2023;06:58:00;JUIZ DE FORA;Velocidade Incompatível;Colisão com objeto;Com Vítimas Feridas;Pleno dia;Decrescente;Nublado;Dupla;"Declive;Curva";-21,70406297;-43,45067808
17/06/2023;00:15:00;CONTAGEM;Chuva;Tombamento;Com Vítimas Feridas;Plena Noite;Decrescente;Chuva;Dupla;Curva;-19,86122066;-44,07041073
16/06/2023;21:44:00;CONCEICAO DAS ALAGOAS;Velocidade Incompatível;Saída de leito carroçável;Sem Vítimas;Plena Noite;Crescente;Garoa/Chuvisco;Simples;Declive;-19,75599413;-48,33588893
17/06/2023;06:00:00;RONDONOPOLIS;Ausência de reação do condutor;Tombamento;Com Vítimas Feridas;Amanhecer;Crescente;Nublado;Dupla;Reta;-16,467325;-54,657196
16/06/2023;23:40:00;PONTA GROSSA;Velocidade Incompatível;Saída de leito carroçável;Sem Vítimas;Plena Noite;Decrescente;Nevoeiro/Neblina;Dupla;Reta;-25,20894789;-50,06444688
17/06/2023;06:20:00;CORBELIA;Velocidade Incompatível;Saída de leito carroçável;Com Vítimas Feridas;Amanhecer;Decrescente;Garoa/Chuvisco;Simples;Curva;-24,67490299;-53,22180748
17/06/2023;06:20:00;RIBEIRA DO POMBAL;Ultrapassagem Indevida;Colisão lateral mesmo sentido;Sem Vítimas;Amanhecer;Decrescente;Nublado;Simples;"Aclive;Reta";-10,82458399;-38,54504201
17/06/2023;07:00:00;PIMENTA BUENO;Velocidade Incompatível;Colisão traseira;Com Vítimas Feridas;Pleno dia;Decrescente;Céu Claro;Simples;Reta;-11,683809;-61,185397
17/06/2023;08:00:00;TERESINA;Acumulo de óleo sobre o pavimento;Colisão traseira;Sem Vítimas;Pleno dia;Crescente;Céu Claro;Dupla;Reta;-5,076981;-42,741789
17/06/2023;05:40:00;SAO GONCALO;Chuva;Capotamento;Com Vítimas Feridas;Amanhecer;Decrescente;Chuva;Simples;Reta;-22,81049093;-43,06983304
01/06/2023;16:35:00;PORTO VELHO;Pista Escorregadia;Colisão com objeto;Com Vítimas Feridas;Pleno dia;Crescente;Chuva;Dupla;Declive;-8,82760142;-63,93509388
17/06/2023;10:00:00;PIRAI;Pista Escorregadia;Queda de ocupante de veículo;Com Vítimas Feridas;Pleno dia;Decrescente;Chuva;Simples;Curva;-22,66882828;-43,83853912
17/06/2023;09:10:00;SAO GONCALO DO ABAETE;Pista Escorregadia;Saída de leito carroçável;Com Vítimas Feridas;Pleno dia;Crescente;Nublado;Simples;Curva;-18,02167408;-45,54020403
15/06/2023;20:10:00;CARUARU;Afundamento ou ondulação no pavimento;Queda de ocupante de veículo;Com Vítimas Feridas;Plena Noite;Crescente;Céu Claro;Dupla;Curva;-8,2098;-35,9712
17/06/2023;12:10:00;ITAPERUNA;Afundamento ou ondulação no pavimento;Tombamento;Com Vítimas Feridas;Pleno dia;Decrescente;Nublado;Simples;"Curva;Declive";-21,21755178;-41,82535005
16/06/2023;19:30:00;MEDICILANDIA;Afundamento ou ondulação no pavimento;Capotamento;Com Vítimas Feridas;Plena Noite;Decrescente;Céu Claro;Simples;"Aclive;Reta";-3,5028369;-53,08017198
17/06/2023;15:30:00;JOAO MONLEVADE;Chuva;Queda de ocupante de veículo;Com Vítimas Feridas;Pleno dia;Crescente;Garoa/Chuvisco;Simples;"Reta;Declive";-19,84112398;-43,199388
17/06/2023;15:38:00;SAO JOSE DOS CAMPOS;Reação tardia ou ineficiente do condutor;Tombamento;Com Vítimas Feridas;Pleno dia;Decrescente;Céu Claro;Dupla;Reta;-23,20700047;-45,88626861
17/06/2023;16:30:00;FREDERICO WESTPHALEN;Ultrapassagem Indevida;Colisão frontal;Com Vítimas Feridas;Pleno dia;Crescente;Nublado;Simples;Curva;-27,327456;-53,376171
17/06/2023;15:55:00;JAGUARIBE;Declive acentuado;Saída de leito carroçável;Com Vítimas Feridas;Pleno dia;Decrescente;Céu Claro;Simples;Reta;-5,894664;-38,61972
17/06/2023;16:40:00;SERRA;Velocidade Incompatível;Colisão traseira;Com Vítimas Feridas;Pleno dia;Crescente;Nublado;Dupla;"Reta;Declive";-20,15727027;-40,27690887
17/06/2023;08:50:00;PALMEIRA;Velocidade Incompatível;Saída de leito carroçável;Sem Vítimas;Pleno dia;Decrescente;Céu Claro;Simples;Curva;-25,4498143;-50,19419485
17/06/2023;15:00:00;POXOREO;Falta de acostamento;Saída de leito carroçável;Sem Vítimas;Pleno dia;Crescente;Céu Claro;Simples;Reta;-15,57490523;-54,51450102
17/06/2023;18:00:00;DUQUE DE CAXIAS;Afundamento ou ondulação no pavimento;Queda de ocupante de veículo;Com Vítimas Feridas;Anoitecer;Crescente;Céu Claro;Dupla;Reta;-22,78185499;-43,28571273
17/06/2023;15:00:00;PADRE BERNARDO;Velocidade Incompatível;Colisão frontal;Com Vítimas Feridas;Pleno dia;Crescente;Céu Claro;Simples;Reta;-15,18501;-48,284472
17/06/2023;18:15:00;ORTIGUEIRA;Velocidade Incompatível;Saída de leito carroçável;Com Vítimas Fatais;Anoitecer;Decrescente;Céu Claro;Simples;Reta;-24,25636787;-50,89764987
17/06/2023;18:00:00;TABOAO DA SERRA;Manobra de mudança de faixa;Colisão lateral mesmo sentido;Com Vítimas Feridas;Plena Noite;Decrescente;Ignorado;Múltipla;Reta;-23,621691;-46,813288
17/06/2023;15:30:00;CATANDUVAS;Velocidade Incompatível;Saída de leito carroçável;Com Vítimas Feridas;Pleno dia;Crescente;Céu Claro;Simples;Curva;-27,083236;-51,662223
17/06/2023;09:05:00;SAO FRANCISCO DO PARA;Ultrapassagem Indevida;Colisão lateral mesmo sentido;Com Vítimas Feridas;Pleno dia;Crescente;Céu Claro;Simples;Reta;-1,29446511;-47,82243505
17/06/2023;16:30:00;ITAPEBI;Ultrapassagem Indevida;Colisão lateral sentido oposto;Com Vítimas Feridas;Anoitecer;Crescente;Céu Claro;Simples;Reta;-15,90709468;-39,56078053
17/06/2023;18:30:00;CEU AZUL;Ultrapassagem Indevida;Saída de leito carroçável;Com Vítimas Feridas;Plena Noite;Crescente;Nublado;Simples;Curva;-25,17125351;-53,90519408
17/06/2023;20:15:00;VENDA NOVA DO IMIGRANTE;Velocidade Incompatível;Colisão lateral sentido oposto;Com Vítimas Feridas;Plena Noite;Crescente;Chuva;Simples;Reta;-20,32624656;-41,13598921
17/06/2023;19:30:00;GOIATUBA;Pista esburacada;Queda de ocupante de veículo;Com Vítimas Feridas;Plena Noite;Decrescente;Céu Claro;Dupla;"Reta;Declive";-18,1241;-49,283
17/06/2023;18:00:00;CAMPO GRANDE;Falta de elemento de contenção que evite a saída do leito carroçável;Saída de leito carroçável;Com Vítimas Feridas;Anoitecer;Decrescente;Céu Claro;Simples;Reta;-20,49629699;-54,55916871
17/06/2023;21:00:00;ITAUBA;Ultrapassagem Indevida;Colisão frontal;Com Vítimas Fatais;Plena Noite;Decrescente;Céu Claro;Simples;Declive;-11,199003;-55,306964
17/06/2023;20:20:00;JUNQUEIRO;Velocidade Incompatível;Saída de leito carroçável;Sem Vítimas;Plena Noite;Crescente;Nublado;Dupla;Reta;-9,89720602;-36,456439
17/06/2023;21:30:00;NOVA IGUACU;Afundamento ou ondulação no pavimento;Colisão frontal;Com Vítimas Feridas;Plena Noite;Crescente;Céu Claro;Simples;Reta;-22,846828;-43,605339
17/06/2023;21:20:00;GUARAPUAVA;Reação tardia ou ineficiente do condutor;Tombamento;Com Vítimas Feridas;Plena Noite;Decrescente;Céu Claro;Simples;Reta;-25,37318876;-51,50081635
18/06/2023;00:05:00;PETROLINA;Velocidade Incompatível;Tombamento;Com Vítimas Feridas;Plena Noite;Decrescente;Céu Claro;Dupla;Reta;-9,37776558;-40,53581715
17/06/2023;22:45:00;FAXINAL DOS GUEDES;Manobra de mudança de faixa;Colisão lateral sentido oposto;Sem Vítimas;Plena Noite;Decrescente;Nublado;Simples;Curva;-26,872433;-52,291599
18/06/2023;01:30:00;LINHARES;Pista Escorregadia;Saída de leito carroçável;Com Vítimas Feridas;Plena Noite;Crescente;Garoa/Chuvisco;Simples;Reta;-19,34286596;-40,0638568
18/06/2023;01:00:00;IMBITUBA;Deficiência do Sistema de Iluminação/Sinalização;Atropelamento de Pedestre;Com Vítimas Feridas;Plena Noite;Decrescente;Céu Claro;Dupla;Reta;-28,129852;-48,69322
18/06/2023;01:40:00;LINHARES;Pista Escorregadia;Tombamento;Com Vítimas Feridas;Plena Noite;Decrescente;Garoa/Chuvisco;Simples;Reta;-19,202898;-40,095524
18/06/2023;02:21:00;BELFORD ROXO;Manobra de mudança de faixa;Queda de ocupante de veículo;Com Vítimas Feridas;Plena Noite;Crescente;Céu Claro;Dupla;Reta;-22,78055198;-43,39208599