data_inversa;horario;municipio;causa_acidente;tipo_acidente;classificacao_acidente;fase_dia;sentido_via;condicao_metereologica;tipo_pista;tracado_via;latitude;longitude
15/06/2023;02:30:00;SANTA IZABEL DO PARA;Falta de elemento de contenção que evite a saída do leito carroçável;Saída de leito carroçável;Com Vítimas Fatais;Plena Noite;Decrescente;Céu Claro;Dupla;Retorno Regulamentado;-1,29146197;-48,164561
02/05/2023;07:00:00;SAO FRANCISCO DO PARA;Manobra de mudança de faixa;Colisão lateral sentido oposto;Com Vítimas Feridas;Pleno dia;Crescente;Sol;Simples;"Aclive;Reta";-1,326459;-47,652377
16/06/2023;16:30:00;FEIRA DE SANTANA;Manobra de mudança de faixa;Colisão lateral mesmo sentido;Com Vítimas Feridas;Pleno dia;Decrescente;Nublado;Dupla;"Interseção de Vias;Reta";-12,24846611;-38,9876461
22/06/2023;13:00:00;NOVA SERRANA;Avarias e/ou desgaste excessivo no pneu;Tombamento;Com Vítimas Feridas;Pleno dia;Crescente;Sol;Dupla;Reta;-19,89622194;-44,86972815
21/06/2023;17:00:00;DOM ELISEU;Velocidade Incompatível;Saída de leito carroçável;Com Vítimas Fatais;Pleno dia;Decrescente;Céu Claro;Simples;Curva;-4,468364;-47,812374
22/06/2023;13:44:00;DOMINGOS MARTINS;Acumulo de óleo sobre o pavimento;Tombamento;Com Vítimas Feridas;Pleno dia;Crescente;Céu Claro;Simples;Curva;-20,38524458;-40,65385185
22/06/2023;14:15:00;CAMPO REDONDO;Velocidade Incompatível;Queda de ocupante de veículo;Com Vítimas Fatais;Pleno dia;Decrescente;Céu Claro;Simples;"Reta;Declive";-6,19456511;-36,14644192
22/06/2023;15:00:00;SANTA RITA;Avarias e/ou desgaste excessivo no pneu;Tombamento;Com Vítimas Feridas;Pleno dia;Decrescente;Céu Claro;Dupla;Reta;-7,1479;-35,0029
22/06/2023;16:50:00;PORTO ALEGRE;Manobra de mudança de faixa;Saída de leito carroçável;Com Vítimas Feridas;Pleno dia;Crescente;Céu Claro;Dupla;Curva;-29,971916;-51,176838
22/06/2023;14:00:00;SAO MIGUEL DO OESTE;Manobra de mudança de faixa;Colisão transversal;Com Vítimas Feridas;Pleno dia;Decrescente;Céu Claro;Dupla;"Interseção de Vias;Reta";-26,71908804;-53,5157791
22/06/2023;18:00:00;BREJO SANTO;Velocidade Incompatível;Tombamento;Com Vítimas Fatais;Plena Noite;Decrescente;Céu Claro;Simples;Reta;-7,48840721;-38,98392298
22/06/2023;16:10:00;DIAMANTINO;Velocidade Incompatível;Saída de leito carroçável;Com Vítimas Feridas;Pleno dia;Decrescente;Céu Claro;Dupla;"Declive;Curva";-14,543;-56,233
02/03/2023;19:20:00;LIBERDADE;Chuva;Tombamento;Com Vítimas Fatais;Plena Noite;Decrescente;Chuva;Dupla;Reta;-21,96489;-44,39502
22/06/2023;19:10:00;APARECIDA DE GOIANIA;Velocidade Incompatível;Colisão traseira;Com Vítimas Feridas;Anoitecer;Crescente;Céu Claro;Dupla;Reta;-16,7537;-49,2411
22/06/2023;19:24:00;JOAO PESSOA;Reação tardia ou ineficiente do condutor;Tombamento;Com Vítimas Feridas;Plena Noite;Decrescente;Garoa/Chuvisco;Dupla;Curva;-7,1677;-34,8855
22/06/2023;20:00:00;PETROPOLIS;Velocidade Incompatível;Queda de ocupante de veículo;Com Vítimas Feridas;Pleno dia;Decrescente;Céu Claro;Dupla;Curva;-22,41253613;-43,14249516
22/06/2023;21:48:00;PALMARES;Acumulo de água sobre o pavimento;Saída de leito carroçável;Com Vítimas Feridas;Plena Noite;Crescente;Chuva;Dupla;"Aclive;Reta";-8,66602702;-35,57292197
22/06/2023;23:47:00;SANTA CECILIA;Acumulo de água sobre o pavimento;Colisão com objeto;Com Vítimas Feridas;Plena Noite;Crescente;Chuva;Simples;Reta;-26,89105589;-50,43451019
23/06/2023;00:20:00;BARAO DE COTEGIPE;Chuva;Saída de leito carroçável;Sem Vítimas;Plena Noite;Crescente;Chuva;Dupla;Curva;-27,63591639;-52,35183318
23/06/2023;00:40:00;CURITIBA;Velocidade Incompatível;Colisão com objeto;Sem Vítimas;Plena Noite;Decrescente;Chuva;Simples;"Curva;Viaduto";-25,444399;-49,232944
23/06/2023;02:20:00;ITUMBIARA;Velocidade Incompatível;Saída de leito carroçável;Com Vítimas Fatais;Plena Noite;Crescente;Céu Claro;Simples;Reta;-18,23293831;-49,72824097
23/06/2023;02:00:00;JOAO PESSOA;Velocidade Incompatível;Colisão frontal;Com Vítimas Feridas;Plena Noite;Decrescente;Chuva;Dupla;Reta;-7,1121;-34,8426
23/06/2023;05:50:00;SOBRADO;Demais falhas na via;Tombamento;Com Vítimas Feridas;Pleno dia;Crescente;Nublado;Dupla;Reta;-7,19196613;-35,22508088
23/06/2023;05:45:00;CAMANDUCAIA;Velocidade Incompatível;Eventos atípicos;Sem Vítimas;Amanhecer;Crescente;Céu Claro;Dupla;"Aclive;Curva";-22,75195636;-46,1424862
23/06/2023;06:10:00;SAO PAULO;Manobra de mudança de faixa;Colisão lateral mesmo sentido;Sem Vítimas;Amanhecer;Crescente;Céu Claro;Dupla;Reta;-23,40682;-46,58032
23/06/2023;06:20:00;CAMPINA GRANDE;Pista Escorregadia;Saída de leito carroçável;Com Vítimas Feridas;Pleno dia;Crescente;Chuva;Simples;Curva;-7,165;-36,067
23/06/2023;07:09:00;SANTA BARBARA;Velocidade Incompatível;Colisão traseira;Com Vítimas Feridas;Pleno dia;Crescente;Céu Claro;Dupla;Reta;-11,93899506;-38,97937231
23/06/2023;07:40:00;PORTO SEGURO;Acumulo de areia ou detritos sobre o pavimento;Colisão frontal;Com Vítimas Feridas;Pleno dia;Crescente;Céu Claro;Simples;Reta;-16,43071712;-39,09561713
22/06/2023;20:40:00;NOVA IGUACU;Manobra de mudança de faixa;Engavetamento;Com Vítimas Feridas;Plena Noite;Crescente;Céu Claro;Múltipla;Reta;-22,7567755;-43,43107234
23/06/2023;08:50:00;NOVA SERRANA;Velocidade Incompatível;Saída de leito carroçável;Sem Vítimas;Pleno dia;Decrescente;Céu Claro;Dupla;Curva;-19,88177811;-44,93021596
23/06/2023;09:51:00;BRASILIA;Reação tardia ou ineficiente do condutor;Tombamento;Com Vítimas Feridas;Pleno dia;Decrescente;Céu Claro;Simples;"Aclive;Reta";-15,935152;-47,812679
23/06/2023;11:30:00;BIGUACU;Chuva;Saída de leito carroçável;Com Vítimas Feridas;Pleno dia;Crescente;Chuva;Dupla;Curva;-27,459393;-48,638914
23/06/2023;11:45:00;BIGUACU;Manobra de mudança de faixa;Colisão traseira;Com Vítimas Feridas;Pleno dia;Crescente;Chuva;Dupla;"Aclive;Retorno Regulamentado;Reta";-27,33081601;-48,62697562
10/05/2023;20:10:00;SANTA MARIANA;Manobra de mudança de faixa;Colisão lateral mesmo sentido;Com Vítimas Feridas;Plena Noite;Crescente;Céu Claro;Simples;Reta;-23,14792488;-50,5942867
23/06/2023;13:00:00;CAMPINA GRANDE;Chuva;Saída de leito carroçável;Com Vítimas Feridas;Pleno dia;Decrescente;Chuva;Dupla;Curva;-7,2767;-35,7464
23/06/2023;10:50:00;MUITOS CAPOES;Ultrapassagem Indevida;Saída de leito carroçável;Com Vítimas Feridas;Pleno dia;Crescente;Chuva;Simples;"Reta;Declive";-28,365547;-51,101295
23/06/2023;13:50:00;BELO HORIZONTE;Manobra de mudança de faixa;Colisão lateral mesmo sentido;Com Vítimas Feridas;Pleno dia;Decrescente;Céu Claro;Dupla;Reta;-19,90883179;-44,04436577
23/06/2023;06:49:00;TERESINA;Demais Fenômenos da natureza;Colisão lateral mesmo sentido;Com Vítimas Feridas;Pleno dia;Decrescente;Sol;Dupla;Em Obras;-5,07822393;-42,74864143
23/06/2023;15:00:00;EUNAPOLIS;Velocidade Incompatível;Colisão transversal;Com Vítimas Fatais;Pleno dia;Decrescente;Sol;Simples;Reta;-16,382989;-39,493946
23/06/2023;13:30:00;MAFRA;Velocidade Incompatível;Colisão com objeto;Com Vítimas Feridas;Pleno dia;Crescente;Chuva;Simples;Rotatória;-26,1186062;-49,78823662
23/06/2023;15:40:00;ESCADA;Chuva;Saída de leito carroçável;Com Vítimas Feridas;Pleno dia;Crescente;Chuva;Dupla;Reta;-8,35963442;-35,20419694
01/04/2023;05:15:00;VIANA;Velocidade Incompatível;Atropelamento de Pedestre;Com Vítimas Fatais;Amanhecer;Crescente;Céu Claro;Múltipla;Curva;-20,35860628;-40,42327504
23/06/2023;16:30:00;ARAGUARI;Velocidade Incompatível;Colisão com objeto;Com Vítimas Feridas;Pleno dia;Crescente;Céu Claro;Dupla;"Reta;Viaduto";-18,66338362;-48,16718167
23/06/2023;10:00:00;JARDIM;Curva acentuada;Saída de leito carroçável;Sem Vítimas;Pleno dia;Não Informado;Céu Claro;Simples;Curva;-21,49029756;-56,43751316
23/06/2023;17:10:00;GUARULHOS;Manobra de mudança de faixa;Colisão lateral mesmo sentido;Com Vítimas Feridas;Anoitecer;Crescente;Céu Claro;Múltipla;Reta;-23,46143954;-46,48885316
18/06/2023;09:00:00;TOLEDO;Acostamento em desnível;Saída de leito carroçável;Com Vítimas Feridas;Pleno dia;Decrescente;Céu Claro;Dupla;Reta;-24,643958;-53,852194
10/01/2023;18:30:00;CAMPINA GRANDE DO SUL;Chuva;Colisão com objeto;Com Vítimas Feridas;Plena Noite;Crescente;Garoa/Chuvisco;Dupla;Curva;-25,08123277;-48,62449108
23/06/2023;18:00:00;NOVA LIMA;Manobra de mudança de faixa;Colisão traseira;Com Vítimas Feridas;Plena Noite;Crescente;Céu Claro;Simples;"Curva;Aclive";-20,19432468;-43,9732933
23/06/2023;17:59:00;NATAL;Manobra de mudança de faixa;Colisão lateral mesmo sentido;Com Vítimas Feridas;Anoitecer;Crescente;Chuva;Dupla;"Curva;Túnel;Viaduto";-5,836222;-35,211492
23/06/2023;19:30:00;MASSARANDUBA;Chuva;Saída de leito carroçável;Sem Vítimas;Plena Noite;Crescente;Chuva;Dupla;Curva;-7,27256786;-35,75174332
23/06/2023;19:15:00;SABARA;Velocidade Incompatível;Saída de leito carroçável;Com Vítimas Feridas;Plena Noite;Crescente;Nublado;Simples;"Reta;Declive";-19,788399;-43,703858
23/06/2023;19:00:00;SAO MATEUS;Chuva;Queda de ocupante de veículo;Com Vítimas Feridas;Plena Noite;Decrescente;Chuva;Simples;Reta;-18,73556097;-39,86069526
23/06/2023;07:40:00;CONTAGEM;Manobra de mudança de faixa;Colisão lateral mesmo sentido;Com Vítimas Feridas;Pleno dia;Crescente;Céu Claro;Dupla;Reta;-19,86874894;-44,05962197
23/06/2023;19:15:00;XANXERE;Ultrapassagem Indevida;Colisão lateral sentido oposto;Sem Vítimas;Plena Noite;Crescente;Garoa/Chuvisco;Simples;"Declive;Curva";-26,87149;-52,318768
23/06/2023;21:15:00;SAO PAULO;Pista esburacada;Queda de ocupante de veículo;Com Vítimas Feridas;Plena Noite;Decrescente;Céu Claro;Dupla;Reta;-23,49102507;-46,54878195
23/06/2023;21:15:00;BARRA VELHA;Reação tardia ou ineficiente do condutor;Tombamento;Com Vítimas Feridas;Plena Noite;Crescente;Nublado;Dupla;Reta;-26,63277317;-48,70232513
23/06/2023;15:32:00;BREJOES;Velocidade Incompatível;Saída de leito carroçável;Com Vítimas Feridas;Pleno dia;Decrescente;Céu Claro;Simples;Curva;-13,08915503;-39,9629037
23/06/2023;19:18:00;OIAPOQUE;Iluminação deficiente;Colisão transversal;Com Vítimas Feridas;Plena Noite;Decrescente;Céu Claro;Simples;"Reta;Interseção de Vias;Em Obras";3,83552896;-51,80935802
23/06/2023;21:15:00;GOVERNADOR VALADARES;Ultrapassagem Indevida;Colisão lateral sentido oposto;Com Vítimas Feridas;Plena Noite;Decrescente;Céu Claro;Simples;"Curva;Interseção de Vias;Declive";-18,873907;-41,966366
23/06/2023;23:45:00;SANTA LUZIA;Velocidade Incompatível;Saída de leito carroçável;Com Vítimas Feridas;Plena Noite;Crescente;Nublado;Simples;Curva;-19,81540242;-43,80978584
23/06/2023;13:30:00;VITORIA DE SANTO ANTAO;Demais falhas na via;Eventos atípicos;Sem Vítimas;Pleno dia;Crescente;Nublado;Dupla;Reta;-8,14168181;-35,30561909
24/06/2023;01:50:00;SAPUCAIA;Velocidade Incompatível;Colisão com objeto;Com Vítimas Feridas;Plena Noite;Crescente;Céu Claro;Simples;Curva;-22,04634998;-42,7844458
24/06/2023;02:20:00;FAZENDA RIO GRANDE;Velocidade Incompatível;Colisão com objeto;Sem Vítimas;Plena Noite;Crescente;Nublado;Dupla;Reta;-25,638399;-49,313117
23/06/2023;19:45:00;CRISTINAPOLIS;Pista esburacada;Colisão com objeto;Com Vítimas Feridas;Plena Noite;Crescente;Nublado;Simples;Reta;-11,51023;-37,790653
24/06/2023;06:15:00;SAO PAULO;Reação tardia ou ineficiente do condutor;Tombamento;Com Vítimas Feridas;Amanhecer;Decrescente;Céu Claro;Múltipla;Reta;-23,51291902;-46,57604698
24/06/2023;06:15:00;PALHOCA;Velocidade Incompatível;Tombamento;Com Vítimas Feridas;Pleno dia;Crescente;Céu Claro;Múltipla;Reta;-27,65184843;-48,67604941
24/06/2023;05:48:00;SIDROLANDIA;Reação tardia ou ineficiente do condutor;Tombamento;Com Vítimas Feridas;Amanhecer;Decrescente;Céu Claro;Simples;Reta;-20,90053615;-54,92368799
24/06/2023;07:00:00;PALHOCA;Reação tardia ou ineficiente do condutor;Tombamento;Com Vítimas Feridas;Amanhecer;Crescente;Céu Claro;Dupla;"Retorno Regulamentado;Rotatória";-27,65981409;-48,67747798
24/06/2023;05:30:00;SINOP;Ultrapassagem Indevida;Saída de leito carroçável;Sem Vítimas;Amanhecer;Crescente;Céu Claro;Simples;Reta;-12,12492855;-55,51597595
24/06/2023;07:45:00;JOAO NEIVA;Chuva;Colisão frontal;Com Vítimas Fatais;Pleno dia;Crescente;Chuva;Simples;"Curva;Declive";-19,68073376;-40,39141693
24/06/2023;08:45:00;AGUAS LINDAS DE GOIAS;Manobra de mudança de faixa;Colisão traseira;Com Vítimas Feridas;Pleno dia;Decrescente;Céu Claro;Múltipla;Reta;-15,77579351;-48,23259001
24/06/2023;08:00:00;RIO GRANDE;Demais falhas mecânicas ou elétricas;Tombamento;Com Vítimas Feridas;Pleno dia;Decrescente;Nublado;Dupla;Reta;-32,08573295;-52,19690099
24/06/2023;10:05:00;IBIRACU;Manobra de mudança de faixa;Colisão lateral mesmo sentido;Com Vítimas Feridas;Pleno dia;Crescente;Sol;Dupla;Reta;-19,86460092;-40,38336629
24/06/2023;10:15:00;ANAPOLIS;Manobra de mudança de faixa;Colisão com objeto;Com Vítimas Feridas;Pleno dia;Crescente;Céu Claro;Dupla;Curva;-16,3162;-48,8552
24/06/2023;10:30:00;SAO JOAO DE MERITI;Manobra de mudança de faixa;Colisão lateral mesmo sentido;Com Vítimas Feridas;Pleno dia;Crescente;Céu Claro;Múltipla;Reta;-22,79810324;-43,35726614
24/06/2023;07:10:00;MASSARANDUBA;Velocidade Incompatível;Saída de leito carroçável;Com Vítimas Feridas;Pleno dia;Decrescente;Nublado;Dupla;"Curva;Declive";-7,277477;-35,731064
24/06/2023;10:50:00;SAO JOSE DOS PINHAIS;Velocidade Incompatível;Colisão traseira;Com Vítimas Feridas;Pleno dia;Crescente;Céu Claro;Dupla;Curva;-25,69781526;-49,14439917
24/06/2023;11:55:00;TRES CACHOEIRAS;Velocidade Incompatível;Colisão traseira;Sem Vítimas;Pleno dia;Crescente;Sol;Múltipla;Reta;-29,49813327;-49,97797541
12/05/2023;06:40:00;UBERLANDIA;Reação tardia ou ineficiente do condutor;Tombamento;Com Vítimas Feridas;Pleno dia;Decrescente;Céu Claro;Dupla;Curva;-18,90814394;-48,30144525
24/06/2023;12:45:00;NOVA IGUACU;Ultrapassagem Indevida;Colisão lateral mesmo sentido;Com Vítimas Feridas;Pleno dia;Decrescente;Céu Claro;Simples;Reta;-22,854782;-43,601933
24/06/2023;10:50:00;SAO MATEUS DO MARANHAO;Manobra de mudança de faixa;Colisão frontal;Com Vítimas Fatais;Pleno dia;Decrescente;Céu Claro;Simples;Reta;-4,00301408;-44,47055677
24/06/2023;15:25:00;SAO JOSE DOS PINHAIS;Velocidade Incompatível;Colisão traseira;Com Vítimas Feridas;Pleno dia;Crescente;Céu Claro;Dupla;Reta;-25,48834957;-49,18007255
24/06/2023;16:00:00;PIRIPIRI;Demais falhas na via;Saída de leito carroçável;Com Vítimas Feridas;Pleno dia;Crescente;Céu Claro;Simples;Reta;-4,202044;-41,781467
09/06/2023;01:30:00;BARRA MANSA;Manobra de mudança de faixa;Colisão traseira;Com Vítimas Feridas;Plena Noite;Decrescente;Nublado;Dupla;Aclive;-22,55271018;-44,17778004
24/06/2023;14:00:00;PARANAIBA;Reação tardia ou ineficiente do condutor;Tombamento;Com Vítimas Feridas;Pleno dia;Crescente;Céu Claro;Dupla;Reta;-19,69627676;-51,17701292
24/06/2023;15:00:00;CURITIBA;Manobra de mudança de faixa;Colisão lateral mesmo sentido;Com Vítimas Feridas;Pleno dia;Decrescente;Céu Claro;Dupla;Reta;-25,47954198;-49,20124054
24/06/2023;17:08:00;NOVA ITABERABA;Afundamento ou ondulação no pavimento;Saída de leito carroçável;Com Vítimas Feridas;Pleno dia;Crescente;Céu Claro;Simples;Reta;-26,932125;-52,829117
24/06/2023;19:00:00;RIBEIRAO DAS NEVES;Ausência de reação do condutor;Tombamento;Com Vítimas Feridas;Plena Noite;Decrescente;Céu Claro;Dupla;Reta;-19,81628624;-44,08960124
24/06/2023;19:20:00;BRASILIA;Manobra de mudança de faixa;Colisão com objeto;Sem Vítimas;Plena Noite;Decrescente;Céu Claro;Dupla;"Ponte;Reta";-15,670546;-47,816044
24/06/2023;20:18:00;GUARULHOS;Reação tardia ou ineficiente do condutor;Tombamento;Com Vítimas Feridas;Plena Noite;Decrescente;Vento;Múltipla;Declive;-23,50343484;-46,56638712
24/06/2023;19:45:00;MIRACATU;Velocidade Incompatível;Saída de leito carroçável;Com Vítimas Feridas;Plena Noite;Crescente;Nublado;Dupla;Reta;-24,30570028;-47,49159381
24/06/2023;15:00:00;DUQUE DE CAXIAS;Demais Fenômenos da natureza;Colisão traseira;Com Vítimas Feridas;Pleno dia;Decrescente;Céu Claro;Múltipla;Reta;-22,745676;-43,2881
24/06/2023;21:23:00;PARNAMIRIM;Manobra de mudança de faixa;Queda de ocupante de veículo;Com Vítimas Feridas;Plena Noite;Crescente;Céu Claro;Múltipla;Reta;-5,89034022;-35,24894996
24/06/2023;19:15:00;GUAXUPE;Velocidade Incompatível;Saída de leito carroçável;Com Vítimas Feridas;Plena Noite;Decrescente;Céu Claro;Simples;Reta;-21,296448;-46,677403
24/06/2023;20:05:00;JABOATAO DOS GUARARAPES;Deficiência do Sistema de Iluminação/Sinalização;Colisão traseira;Com Vítimas Feridas;Plena Noite;Decrescente;Céu Claro;Dupla;Reta;-8,18470013;-34,96816895
24/06/2023;19:30:00;MURIAE;Manobra de mudança de faixa;Colisão lateral mesmo sentido;Com Vítimas Feridas;Plena Noite;Decrescente;Céu Claro;Dupla;"Interseção de Vias;Rotatória";-21,11938311;-42,38006362
24/06/2023;22:15:00;MAGE;Velocidade Incompatível;Colisão traseira;Com Vítimas Feridas;Plena Noite;Decrescente;Céu Claro;Simples;"Reta;Em Obras";-22,657955;-43,079067
24/06/2023;18:30:00;CRISTINO CASTRO;Ultrapassagem Indevida;Colisão frontal;Sem Vítimas;Plena Noite;Decrescente;Céu Claro;Simples;"Aclive;Reta";-8,629974;-44,020626
24/06/2023;22:35:00;RIO GRANDE;Reação tardia ou ineficiente do condutor;Tombamento;Com Vítimas Feridas;Plena Noite;Crescente;Céu Claro;Dupla;Reta;-31,86521207;-52,32379036
24/06/2023;21:30:00;GOIANINHA;Manobra de mudança de faixa;Colisão frontal;Com Vítimas Feridas;Plena Noite;Decrescente;Céu Claro;Dupla;Reta;-6,26255354;-35,21147156
24/06/2023;23:15:00;UBARANA;Avarias e/ou desgaste excessivo no pneu;Tombamento;Com Vítimas Feridas;Plena Noite;Crescente;Céu Claro;Simples;Reta;-21,1375408;-49,69894942
24/06/2023;22:30:00;MIRANORTE;Reação tardia ou ineficiente do condutor;Tombamento;Com Vítimas Fatais;Plena Noite;Crescente;Céu Claro;Dupla;Rotatória;-9,494875;-48,586047
25/06/2023;00:05:00;CORNELIO PROCOPIO;Velocidade Incompatível;Colisão lateral mesmo sentido;Com Vítimas Feridas;Plena Noite;Crescente;Céu Claro;Simples;Reta;-23,15283652;-50,6009084
25/06/2023;02:05:00;LEOPOLDINA;Trafegar com motocicleta (ou similar) entre as faixas;Tombamento;Com Vítimas Fatais;Plena Noite;Decrescente;Nublado;Simples;Curva;-21,54856423;-42,66481498
25/06/2023;03:10:00;SAO LEOPOLDO;Velocidade Incompatível;Saída de leito carroçável;Sem Vítimas;Plena Noite;Crescente;Céu Claro;Múltipla;Reta;-29,76733091;-51,1535296
25/06/2023;03:01:00;TIANGUA;Iluminação deficiente;Colisão com objeto;Sem Vítimas;Plena Noite;Crescente;Céu Claro;Dupla;Reta;-3,71699311;-40,9914242
25/06/2023;02:35:00;SAO PAULO;Afundamento ou ondulação no pavimento;Queda de ocupante de veículo;Com Vítimas Feridas;Plena Noite;Crescente;Céu Claro;Múltipla;Reta;-23,41704481;-46,58022057
25/06/2023;05:25:00;MURIAE;Condutor Dormindo;Tombamento;Com Vítimas Feridas;Plena Noite;Crescente;Céu Claro;Simples;"Aclive;Curva";-21,24367944;-42,39417141
25/06/2023;02:00:00;CASCAVEL;Velocidade Incompatível;Saída de leito carroçável;Sem Vítimas;Plena Noite;Crescente;Céu Claro;Dupla;Curva;-24,7961;-53,6747
25/06/2023;07:15:00;CAUCAIA;Frear bruscamente;Tombamento;Com Vítimas Feridas;Pleno dia;Decrescente;Céu Claro;Simples;"Aclive;Reta";-3,8038424;-38,72308168
25/06/2023;08:00:00;ABADIA DE GOIAS;Velocidade Incompatível;Saída de leito carroçável;Com Vítimas Fatais;Pleno dia;Crescente;Céu Claro;Dupla;Reta;-16,7423;-49,415
25/06/2023;08:50:00;JOINVILLE;Ingestão de álcool pelo condutor;Tombamento;Com Vítimas Feridas;Pleno dia;Crescente;Céu Claro;Dupla;Curva;-26,35345909;-48,85867862
25/06/2023;09:15:00;JOINVILLE;Manobra de mudança de faixa;Colisão traseira;Com Vítimas Feridas;Pleno dia;Crescente;Céu Claro;Dupla;Curva;-26,38506771;-48,84917582
25/06/2023;04:10:00;MASCOTE;Velocidade Incompatível;Colisão frontal;Com Vítimas Fatais;Amanhecer;Decrescente;Céu Claro;Simples;Reta;-15,59181;-39,42702
25/06/2023;09:00:00;DOM ELISEU;Manobra de mudança de faixa;Saída de leito carroçável;Com Vítimas Feridas;Pleno dia;Crescente;Céu Claro;Simples;"Aclive;Reta";-4,37565398;-47,53718808
25/06/2023;11:15:00;SANTANA DO LIVRAMENTO;Demais falhas na via;Saída de leito carroçável;Com Vítimas Feridas;Pleno dia;Crescente;Nublado;Simples;Reta;-30,79718171;-55,16897483
09/03/2023;20:40:00;MANHUACU;Reação tardia ou ineficiente do condutor;Tombamento;Com Vítimas Feridas;Plena Noite;Crescente;Ignorado;Simples;Curva;-20,2471967;-42,15663498
25/06/2023;13:30:00;JEQUIE;Ultrapassagem Indevida;Saída de leito carroçável;Com Vítimas Feridas;Pleno dia;Crescente;Céu Claro;Simples;Reta;-13,97873088;-39,94814985
25/06/2023;14:00:00;LAGES;Manobra de mudança de faixa;Colisão transversal;Com Vítimas Feridas;Pleno dia;Decrescente;Céu Claro;Simples;Reta;-27,785299;-50,261921
25/06/2023;07:00:00;MUZAMBINHO;Velocidade Incompatível;Colisão lateral sentido oposto;Com Vítimas Fatais;Pleno dia;Decrescente;Céu Claro;Simples;Curva;-21,31899155;-46,58999205
25/06/2023;12:15:00;VARGEM;Velocidade Incompatível;Saída de leito carroçável;Com Vítimas Feridas;Pleno dia;Decrescente;Céu Claro;Simples;Reta;-27,505852;-50,926998
25/06/2023;14:47:00;BLUMENAU;Ultrapassagem Indevida;Colisão lateral mesmo sentido;Com Vítimas Feridas;Pleno dia;Decrescente;Céu Claro;Simples;"Reta;Desvio Temporário;Em Obras";-26,88193308;-49,13864851
25/06/2023;13:30:00;TARTARUGALZINHO;Chuva;Saída de leito carroçável;Com Vítimas Feridas;Pleno dia;Decrescente;Chuva;Simples;Curva;1,23734485;-50,99006475
25/06/2023;14:20:00;UBAPORANGA;Velocidade Incompatível;Colisão traseira;Com Vítimas Feridas;Pleno dia;Crescente;Nublado;Simples;"Reta;Declive";-19,62776197;-42,10624519
25/06/2023;16:20:00;RIO TINTO;Demais falhas na via;Colisão com objeto;Com Vítimas Feridas;Pleno dia;Crescente;Chuva;Dupla;Reta;-6,70802006;-35,11772953
25/06/2023;14:20:00;DUQUE DE CAXIAS;Acumulo de óleo sobre o pavimento;Queda de ocupante de veículo;Com Vítimas Feridas;Pleno dia;Decrescente;Céu Claro;Dupla;Curva;-22,57773682;-43,27329036
25/06/2023;17:40:00;CAPANEMA;Ultrapassagem Indevida;Colisão lateral mesmo sentido;Com Vítimas Feridas;Anoitecer;Crescente;Céu Claro;Simples;"Declive;Reta";-25,62088424;-53,64551766
25/06/2023;17:00:00;NOBRES;Avarias e/ou desgaste excessivo no pneu;Tombamento;Com Vítimas Feridas;Anoitecer;Crescente;Ignorado;Dupla;Interseção de Vias;-14,66298789;-56,29936934
25/06/2023;18:30:00;MAGE;Manobra de mudança de faixa;Colisão lateral mesmo sentido;Com Vítimas Feridas;Plena Noite;Crescente;Céu Claro;Dupla;Reta;-22,58714871;-43,0184269
25/06/2023;19:00:00;JUAZEIRO;Manobra de mudança de faixa;Saída de leito carroçável;Com Vítimas Fatais;Plena Noite;Decrescente;Nublado;Simples;Reta;-9,52800622;-40,06919802
25/06/2023;14:40:00;PORANGATU;Avarias e/ou desgaste excessivo no pneu;Tombamento;Com Vítimas Feridas;Pleno dia;Crescente;Céu Claro;Simples;Reta;-13,070325;-49,185505
25/06/2023;18:50:00;CAMPO MAIOR;Manobra de mudança de faixa;Colisão com objeto;Com Vítimas Feridas;Plena Noite;Decrescente;Nublado;Simples;"Ponte;Reta";-4,81223;-42,153191
25/06/2023;18:40:00;JAGUARARI;Ultrapassagem Indevida;Colisão frontal;Com Vítimas Feridas;Plena Noite;Decrescente;Céu Claro;Simples;Reta;-10,26491494;-40,18277092
25/06/2023;22:00:00;SAO JOAO DE MERITI;Falta de acostamento;Colisão traseira;Sem Vítimas;Plena Noite;Crescente;Céu Claro;Dupla;Reta;-22,79810324;-43,35726614
26/06/2023;02:40:00;EUNAPOLIS;Deficiência do Sistema de Iluminação/Sinalização;Colisão frontal;Com Vítimas Feridas;Plena Noite;Crescente;Chuva;Simples;Reta;-16,353437;-39,579656
26/06/2023;03:00:00;CAAPORA;Acumulo de água sobre o pavimento;Saída de leito carroçável;Sem Vítimas;Amanhecer;Crescente;Chuva;Dupla;Reta;-7,49352627;-34,98332893
26/06/2023;08:18:00;SERRA;Manobra de mudança de faixa;Colisão lateral mesmo sentido;Com Vítimas Feridas;Pleno dia;Crescente;Nublado;Múltipla;Reta;-20,21740496;-40,26990578
26/06/2023;07:30:00;MAFRA;Restrição de visibilidade em curvas verticais;Colisão frontal;Com Vítimas Feridas;Pleno dia;Decrescente;Céu Claro;Simples;"Curva;Aclive";-26,17627262;-49,8580203
26/06/2023;07:56:00;PALMAS;Manobra de mudança de faixa;Colisão traseira;Com Vítimas Feridas;Pleno dia;Crescente;Céu Claro;Dupla;Reta;-10,23489576;-48,3116824
26/06/2023;08:40:00;PALHOCA;Velocidade Incompatível;Queda de ocupante de veículo;Com Vítimas Feridas;Pleno dia;Decrescente;Céu Claro;Dupla;Reta;-27,62996929;-48,65903871