data_inversa;horario;municipio;causa_acidente;tipo_acidente;classificacao_acidente;fase_dia;sentido_via;condicao_metereologica;tipo_pista;tracado_via;latitude;longitude
30/06/2023;14:00:00;DOM ELISEU;Ausência de sinalização;Colisão traseira;Sem Vítimas;Pleno dia;Decrescente;Céu Claro;Simples;Reta;-4,126907;-47,548706
30/06/2023;17:00:00;MAIRIPORA;Manobra de mudança de faixa;Colisão lateral mesmo sentido;Com Vítimas Feridas;Anoitecer;Crescente;Céu Claro;Dupla;Aclive;-23,27438497;-46,58530615
30/06/2023;17:15:00;JUIZ DE FORA;Acumulo de óleo sobre o pavimento;Tombamento;Com Vítimas Feridas;Anoitecer;Crescente;Garoa/Chuvisco;Dupla;"Curva;Retorno Regulamentado;Declive";-21,65915396;-43,43351652
30/06/2023;17:30:00;SAO JOSE DO RIO PRETO;Avarias e/ou desgaste excessivo no pneu;Tombamento;Com Vítimas Feridas;Anoitecer;Decrescente;Céu Claro;Dupla;Reta;-20,77850477;-49,35287118
30/06/2023;18:00:00;LUZIANIA;Acessar a via sem observar a presença dos outros veículos;Tombamento;Com Vítimas Feridas;Plena Noite;Crescente;Céu Claro;Dupla;Retorno Regulamentado;-16,1671;-47,930161
30/06/2023;17:10:00;SAPEACU;Manobra de mudança de faixa;Colisão lateral mesmo sentido;Com Vítimas Feridas;Pleno dia;Crescente;Céu Claro;Simples;Reta;-12,81758597;-39,20011274
30/06/2023;18:10:00;VACARIA;Ultrapassagem Indevida;Colisão frontal;Com Vítimas Feridas;Plena Noite;Crescente;Céu Claro;Simples;Reta;-28,468346;-50,970272
30/06/2023;20:00:00;CAMPO LARGO;Manobra de mudança de faixa;Colisão lateral mesmo sentido;Com Vítimas Feridas;Plena Noite;Crescente;Nublado;Dupla;Reta;-25,432;-49,429
30/06/2023;18:10:00;CAMPO DO TENENTE;Restrição de visibilidade em curvas verticais;Colisão frontal;Com Vítimas Feridas;Anoitecer;Crescente;Nublado;Simples;Curva;-25,94704813;-49,64358785
30/06/2023;21:25:00;UBERABA;Ausência de reação do condutor;Tombamento;Com Vítimas Feridas;Plena Noite;Decrescente;Céu Claro;Dupla;"Curva;Viaduto";-19,76994155;-47,97314823
30/06/2023;18:40:00;GUAJARA-MIRIM;Deficiência do Sistema de Iluminação/Sinalização;Colisão lateral mesmo sentido;Com Vítimas Feridas;Plena Noite;Crescente;Céu Claro;Simples;Reta;-10,703863;-65,273033
30/06/2023;22:00:00;CAPIM BRANCO;Manobra de mudança de faixa;Colisão lateral mesmo sentido;Com Vítimas Feridas;Plena Noite;Crescente;Céu Claro;Dupla;Reta;-19,59896404;-44,22303708
30/06/2023;23:15:00;TIANGUA;Ausência de sinalização;Colisão traseira;Com Vítimas Feridas;Plena Noite;Decrescente;Céu Claro;Múltipla;Reta;-3,711973;-40,984356
01/07/2023;00:50:00;JOAO PESSOA;Acumulo de areia ou detritos sobre o pavimento;Tombamento;Com Vítimas Feridas;Pleno dia;Crescente;Nublado;Múltipla;"Curva;Viaduto";-7,1651;-34,8941
30/06/2023;23:02:00;PORTO VELHO;Desvio temporário;Saída de leito carroçável;Com Vítimas Fatais;Plena Noite;Decrescente;Céu Claro;Dupla;"Reta;Desvio Temporário;Em Obras";-8,80047696;-63,78616691
01/07/2023;04:30:00;SAO JOSE;Ausência de reação do condutor;Tombamento;Com Vítimas Feridas;Plena Noite;Crescente;Céu Claro;Dupla;Reta;-27,6167305;-48,6457265
01/07/2023;04:30:00;MEDIANEIRA;Manobra de mudança de faixa;Colisão lateral mesmo sentido;Com Vítimas Feridas;Plena Noite;Crescente;Céu Claro;Dupla;"Aclive;Reta";-25,298081;-54,121778
01/07/2023;04:00:00;LAGOA VERMELHA;Velocidade Incompatível;Saída de leito carroçável;Com Vítimas Fatais;Plena Noite;Crescente;Nevoeiro/Neblina;Simples;"Interseção de Vias;Reta";-28,2269273;-51,60633644
01/07/2023;05:10:00;SANTA RITA;Pista esburacada;Tombamento;Com Vítimas Feridas;Amanhecer;Decrescente;Céu Claro;Dupla;Reta;-7,1147526;-34,95793891
01/07/2023;04:50:00;CURITIBANOS;Neblina;Tombamento;Com Vítimas Feridas;Plena Noite;Decrescente;Nevoeiro/Neblina;Simples;Reta;-27,309313;-50,63063
01/07/2023;00:15:00;TABOAO DA SERRA;Velocidade Incompatível;Colisão com objeto;Com Vítimas Feridas;Plena Noite;Decrescente;Céu Claro;Dupla;Reta;-23,61799728;-46,79677694
01/07/2023;08:15:00;VITORIA DA CONQUISTA;Semáforo com defeito;Colisão transversal;Com Vítimas Feridas;Pleno dia;Crescente;Sol;Dupla;Interseção de Vias;-14,84943865;-40,84850907
01/07/2023;07:00:00;PARATY;Condutor Dormindo;Tombamento;Com Vítimas Feridas;Pleno dia;Decrescente;Céu Claro;Simples;Curva;-23,34025796;-44,74508227
01/07/2023;11:50:00;PORTO ALEGRE;Trafegar com motocicleta (ou similar) entre as faixas;Tombamento;Com Vítimas Feridas;Pleno dia;Decrescente;Nublado;Dupla;Reta;-29,99458846;-51,18781865
01/07/2023;12:40:00;PALHOCA;Velocidade Incompatível;Colisão lateral mesmo sentido;Com Vítimas Feridas;Pleno dia;Crescente;Céu Claro;Múltipla;Reta;-27,65981409;-48,67747798
01/07/2023;10:20:00;NOVA OLINDA DO MARANHAO;Reação tardia ou ineficiente do condutor;Tombamento;Com Vítimas Feridas;Pleno dia;Decrescente;Céu Claro;Simples;Reta;-2,930496;-45,671005
01/07/2023;14:30:00;RIO LARGO;Acumulo de água sobre o pavimento;Saída de leito carroçável;Com Vítimas Feridas;Pleno dia;Crescente;Chuva;Dupla;Curva;-9,48015866;-35,88544047
01/07/2023;16:00:00;SERRA;Acesso irregular;Tombamento;Com Vítimas Feridas;Pleno dia;Decrescente;Céu Claro;Simples;Curva;-20,07371936;-40,35345531
01/07/2023;14:30:00;CARMOPOLIS DE MINAS;Velocidade Incompatível;Saída de leito carroçável;Com Vítimas Feridas;Pleno dia;Decrescente;Céu Claro;Dupla;"Declive;Curva";-20,49228188;-44,60322315
01/07/2023;18:12:00;GUARAPUAVA;Manobra de mudança de faixa;Colisão lateral mesmo sentido;Com Vítimas Feridas;Anoitecer;Crescente;Ignorado;Dupla;Reta;-25,362995;-51,473149
01/07/2023;18:58:00;ITAQUIRAI;Iluminação deficiente;Colisão traseira;Com Vítimas Feridas;Plena Noite;Crescente;Céu Claro;Simples;Curva;-23,46580118;-54,1909603
01/07/2023;18:30:00;FATIMA DO SUL;Manobra de mudança de faixa;Colisão frontal;Com Vítimas Feridas;Plena Noite;Crescente;Céu Claro;Simples;Reta;-22,38920803;-54,48517701
01/07/2023;20:00:00;BAEPENDI;Velocidade Incompatível;Colisão transversal;Com Vítimas Feridas;Plena Noite;Crescente;Céu Claro;Simples;"Curva;Declive";-21,92741023;-44,76962309
19/05/2023;06:34:00;CAMPO GRANDE;Reação tardia ou ineficiente do condutor;Tombamento;Com Vítimas Feridas;Pleno dia;Crescente;Céu Claro;Simples;Reta;-20,374;-54,659
01/07/2023;19:50:00;PRESIDENTE KENNEDY;Falta de elemento de contenção que evite a saída do leito carroçável;Saída de leito carroçável;Com Vítimas Feridas;Plena Noite;Crescente;Céu Claro;Simples;"Reta;Ponte";-8,59672901;-48,48314149
01/07/2023;21:20:00;ANAPOLIS;Reação tardia ou ineficiente do condutor;Tombamento;Com Vítimas Feridas;Plena Noite;Crescente;Céu Claro;Dupla;Reta;-16,306765;-48,923847
01/07/2023;18:45:00;PEIXE;Deficiência do Sistema de Iluminação/Sinalização;Colisão traseira;Com Vítimas Feridas;Anoitecer;Decrescente;Céu Claro;Simples;Reta;-12,095837;-48,52978693
01/07/2023;21:50:00;LUZIANIA;Falta de elemento de contenção que evite a saída do leito carroçável;Colisão com objeto;Com Vítimas Feridas;Plena Noite;Decrescente;Céu Claro;Dupla;Reta;-16,108482;-47,972524
01/07/2023;21:15:00;PETROPOLIS;Pista Escorregadia;Saída de leito carroçável;Com Vítimas Feridas;Plena Noite;Decrescente;Nevoeiro/Neblina;Simples;"Curva;Declive";-22,48005592;-43,23543994
01/07/2023;18:30:00;GUANAMBI;Ultrapassagem Indevida;Colisão frontal;Com Vítimas Fatais;Plena Noite;Crescente;Céu Claro;Simples;Reta;-14,21731381;-42,84919304
01/07/2023;23:10:00;MOSSORO;Acumulo de areia ou detritos sobre o pavimento;Eventos atípicos;Com Vítimas Feridas;Plena Noite;Decrescente;Céu Claro;Dupla;Reta;-5,22579384;-37,340046
01/07/2023;21:55:00;LIMA DUARTE;Velocidade Incompatível;Saída de leito carroçável;Com Vítimas Feridas;Pleno dia;Crescente;Nublado;Simples;Curva;-21,8462762;-43,79762289
01/07/2023;23:00:00;FOZ DO IGUACU;Velocidade Incompatível;Colisão traseira;Com Vítimas Feridas;Plena Noite;Decrescente;Céu Claro;Simples;"Reta;Em Obras;Declive";-25,5754;-54,5489
01/07/2023;23:10:00;AREAL;Ausência de reação do condutor;Tombamento;Com Vítimas Feridas;Plena Noite;Crescente;Céu Claro;Simples;Curva;-22,265139;-43,108506
01/07/2023;23:20:00;ITAITUBA;Reação tardia ou ineficiente do condutor;Tombamento;Com Vítimas Feridas;Plena Noite;Crescente;Céu Claro;Simples;Reta;-4,39393493;-55,89491498
02/07/2023;04:00:00;BALNEARIO CAMBORIU;Ausência de reação do condutor;Tombamento;Com Vítimas Feridas;Plena Noite;Decrescente;Céu Claro;Múltipla;Reta;-27,0157238;-48,61192763
02/07/2023;03:33:00;PADRE BERNARDO;Velocidade Incompatível;Saída de leito carroçável;Com Vítimas Feridas;Plena Noite;Crescente;Céu Claro;Dupla;Interseção de Vias;-15,502505;-48,21132
02/07/2023;04:50:00;APUCARANA;Velocidade Incompatível;Capotamento;Sem Vítimas;Pleno dia;Crescente;Céu Claro;Simples;Curva;-23,5686528;-51,5099255
02/07/2023;07:30:00;BRASILIA;Velocidade Incompatível;Colisão com objeto;Com Vítimas Feridas;Pleno dia;Crescente;Céu Claro;Dupla;"Declive;Reta";-15,612175;-47,700928
02/07/2023;03:00:00;PETROPOLIS;Velocidade Incompatível;Colisão com objeto;Sem Vítimas;Plena Noite;Crescente;Céu Claro;Simples;"Curva;Declive";-22,48328593;-43,23127627
02/07/2023;06:00:00;ALTO GARCAS;Falta de elemento de contenção que evite a saída do leito carroçável;Saída de leito carroçável;Sem Vítimas;Amanhecer;Decrescente;Céu Claro;Simples;"Aclive;Reta";-16,979064;-53,511354
02/07/2023;06:00:00;MARAVILHA;Velocidade Incompatível;Saída de leito carroçável;Com Vítimas Feridas;Plena Noite;Crescente;Céu Claro;Simples;Curva;-26,765053;-53,255871
02/07/2023;08:15:00;SAO JOSE DA LAJE;Chuva;Saída de leito carroçável;Com Vítimas Feridas;Pleno dia;Decrescente;Chuva;Simples;Reta;-8,98214501;-36,02842324
02/07/2023;09:50:00;BOM JESUS DO AMPARO;Afundamento ou ondulação no pavimento;Tombamento;Com Vítimas Feridas;Pleno dia;Decrescente;Sol;Dupla;"Declive;Reta";-19,7453818;-43,495446
02/07/2023;10:00:00;JOAO NEIVA;Manobra de mudança de faixa;Colisão lateral mesmo sentido;Com Vítimas Feridas;Pleno dia;Crescente;Céu Claro;Simples;Reta;-19,746645;-40,376907
29/06/2023;06:50:00;DUQUE DE CAXIAS;Reação tardia ou ineficiente do condutor;Tombamento;Com Vítimas Feridas;Pleno dia;Decrescente;Nublado;Dupla;Curva;-22,67374628;-43,28638368
02/07/2023;09:45:00;JARAGUARI;Ausência de reação do condutor;Tombamento;Com Vítimas Feridas;Pleno dia;Crescente;Céu Claro;Dupla;"Declive;Reta";-20,16993505;-54,4490649
30/06/2023;16:00:00;RIO DE JANEIRO;Ausência de sinalização;Colisão com objeto;Sem Vítimas;Pleno dia;Crescente;Céu Claro;Múltipla;Reta;-22,81985372;-43,32781434
02/07/2023;12:22:00;TERESINA;Manobra de mudança de faixa;Colisão traseira;Com Vítimas Feridas;Pleno dia;Crescente;Céu Claro;Dupla;Reta;-5,077812;-42,744255
02/07/2023;11:30:00;JOINVILLE;Avarias e/ou desgaste excessivo no pneu;Tombamento;Com Vítimas Feridas;Pleno dia;Decrescente;Sol;Dupla;Reta;-26,14793022;-48,90894562
02/07/2023;12:50:00;CANOAS;Velocidade Incompatível;Colisão traseira;Com Vítimas Feridas;Pleno dia;Crescente;Céu Claro;Dupla;"Reta;Interseção de Vias";-29,914435;-51,17754495
02/07/2023;12:25:00;MORRETES;Demais falhas mecânicas ou elétricas;Tombamento;Com Vítimas Feridas;Pleno dia;Decrescente;Sol;Dupla;Reta;-25,5297679;-48,72251183
02/07/2023;10:30:00;ESPLANADA;Velocidade Incompatível;Tombamento;Com Vítimas Feridas;Pleno dia;Decrescente;Céu Claro;Dupla;Curva;-11,87664777;-38,00216008
02/07/2023;13:42:00;JUNQUEIRO;Manobra de mudança de faixa;Capotamento;Com Vítimas Feridas;Pleno dia;Crescente;Chuva;Dupla;Reta;-9,89837586;-36,43841999
02/07/2023;12:00:00;IBIA;Ultrapassagem Indevida;Colisão lateral sentido oposto;Com Vítimas Feridas;Pleno dia;Crescente;Céu Claro;Simples;"Aclive;Reta";-19,5757;-46,68826
02/07/2023;14:35:00;NOVA ITABERABA;Reação tardia ou ineficiente do condutor;Tombamento;Com Vítimas Feridas;Pleno dia;Crescente;Céu Claro;Simples;Reta;-26,930767;-52,822725
02/07/2023;16:00:00;PALHOCA;Manobra de mudança de faixa;Saída de leito carroçável;Com Vítimas Feridas;Pleno dia;Crescente;Céu Claro;Dupla;Reta;-27,83490593;-48,63077716
02/07/2023;16:30:00;PESCARIA BRAVA;Velocidade Incompatível;Queda de ocupante de veículo;Com Vítimas Feridas;Pleno dia;Decrescente;Céu Claro;Múltipla;Curva;-28,42708421;-48,85211624
02/07/2023;16:30:00;RIO DE JANEIRO;Velocidade Incompatível;Colisão com objeto;Com Vítimas Feridas;Pleno dia;Crescente;Nublado;Dupla;Reta;-22,87911609;-43,62323999
02/07/2023;16:45:00;SAO MARCOS;Demais falhas mecânicas ou elétricas;Tombamento;Com Vítimas Feridas;Pleno dia;Crescente;Nublado;Simples;Reta;-28,96397179;-51,0753428
02/07/2023;15:50:00;DUQUE DE CAXIAS;Manobra de mudança de faixa;Colisão com objeto;Com Vítimas Feridas;Pleno dia;Decrescente;Céu Claro;Múltipla;"Reta;Aclive;Viaduto";-22,6723488;-43,28215398
02/07/2023;19:10:00;BALNEARIO CAMBORIU;Velocidade Incompatível;Colisão traseira;Com Vítimas Feridas;Plena Noite;Crescente;Nublado;Dupla;Reta;-26,99936;-48,64609
02/07/2023;17:38:00;ARAPONGAS;Ultrapassagem Indevida;Colisão lateral mesmo sentido;Sem Vítimas;Anoitecer;Decrescente;Céu Claro;Simples;Reta;-23,4227;-51,42375
02/07/2023;18:45:00;DUQUE DE CAXIAS;Chuva;Engavetamento;Com Vítimas Feridas;Plena Noite;Crescente;Garoa/Chuvisco;Múltipla;Aclive;-22,6723488;-43,28215398
02/07/2023;20:15:00;AQUIRAZ;Manobra de mudança de faixa;Colisão traseira;Com Vítimas Feridas;Plena Noite;Decrescente;Céu Claro;Múltipla;Reta;-4,0322868;-38,51056695
02/07/2023;18:05:00;PICOS;Ultrapassagem Indevida;Tombamento;Com Vítimas Feridas;Anoitecer;Crescente;Céu Claro;Simples;Reta;-7,04184237;-41,54636128
02/07/2023;19:50:00;RIO NEGRINHO;Ultrapassagem Indevida;Saída de leito carroçável;Com Vítimas Feridas;Plena Noite;Crescente;Céu Claro;Simples;Reta;-26,268433;-49,555073
02/07/2023;22:20:00;DUQUE DE CAXIAS;Chuva;Eventos atípicos;Sem Vítimas;Plena Noite;Crescente;Chuva;Múltipla;Aclive;-22,691868;-43,287453
02/07/2023;21:15:00;CARAZINHO;Manobra de mudança de faixa;Colisão lateral sentido oposto;Sem Vítimas;Plena Noite;Crescente;Nevoeiro/Neblina;Simples;Reta;-28,33477;-52,886402
02/07/2023;18:20:00;DOM PEDRITO;Animais na Pista;Tombamento;Com Vítimas Feridas;Anoitecer;Decrescente;Céu Claro;Simples;Reta;-30,964394;-54,66957
02/07/2023;22:45:00;JUCATI;Falta de elemento de contenção que evite a saída do leito carroçável;Saída de leito carroçável;Com Vítimas Feridas;Plena Noite;Crescente;Nublado;Simples;"Curva;Declive";-8,72813571;-36,43177986
02/07/2023;23:30:00;IBEMA;Velocidade Incompatível;Saída de leito carroçável;Com Vítimas Feridas;Plena Noite;Crescente;Céu Claro;Simples;Curva;-25,097112;-52,967998
03/07/2023;01:00:00;SOBRADO;Deficiência do Sistema de Iluminação/Sinalização;Tombamento;Com Vítimas Feridas;Plena Noite;Decrescente;Nublado;Dupla;"Reta;Em Obras";-7,1894;-35,2596
02/07/2023;17:20:00;ANAPOLIS;Velocidade Incompatível;Colisão lateral mesmo sentido;Sem Vítimas;Pleno dia;Crescente;Céu Claro;Simples;Reta;-16,25482505;-48,9361188
03/07/2023;02:10:00;CASCAVEL;Velocidade Incompatível;Colisão lateral mesmo sentido;Sem Vítimas;Plena Noite;Decrescente;Céu Claro;Simples;Reta;-24,96941255;-53,42959722
03/07/2023;06:05:00;NOVA IGUACU;Pista Escorregadia;Queda de ocupante de veículo;Com Vítimas Feridas;Pleno dia;Decrescente;Céu Claro;Simples;Reta;-22,846828;-43,605339
02/07/2023;11:24:00;SEROPEDICA;Acessar a via sem observar a presença dos outros veículos;Tombamento;Com Vítimas Feridas;Pleno dia;Crescente;Céu Claro;Simples;Curva;-22,719835;-43,725739
03/07/2023;07:00:00;JARDIM DO SERIDO;Demais falhas mecânicas ou elétricas;Tombamento;Com Vítimas Feridas;Pleno dia;Decrescente;Céu Claro;Simples;"Aclive;Reta";-6,58859785;-36,80432612
03/07/2023;07:50:00;DUQUE DE CAXIAS;Ausência de reação do condutor;Tombamento;Com Vítimas Feridas;Pleno dia;Crescente;Céu Claro;Múltipla;Reta;-22,75470802;-43,28737838
03/07/2023;08:25:00;ITAJAI;Ausência de reação do condutor;Tombamento;Com Vítimas Feridas;Pleno dia;Crescente;Garoa/Chuvisco;Dupla;"Interseção de Vias;Reta";-26,895859;-48,71903
03/07/2023;08:00:00;JEQUIE;Ultrapassagem Indevida;Colisão frontal;Com Vítimas Feridas;Pleno dia;Crescente;Céu Claro;Simples;Curva;-13,9122441;-40,01406707
03/07/2023;10:05:00;CACAPAVA;Avarias e/ou desgaste excessivo no pneu;Tombamento;Com Vítimas Feridas;Pleno dia;Decrescente;Céu Claro;Dupla;Reta;-23,093116;-45,677904
03/07/2023;09:40:00;CAMPOS DOS GOYTACAZES;Avarias e/ou desgaste excessivo no pneu;Tombamento;Com Vítimas Feridas;Pleno dia;Decrescente;Céu Claro;Simples;"Reta;Declive";-21,64273198;-41,31170082
03/07/2023;12:00:00;CAJATI;Chuva;Capotamento;Com Vítimas Feridas;Pleno dia;Decrescente;Chuva;Simples;Curva;-24,79028098;-48,21075278
03/07/2023;10:45:00;GUARAMIRIM;Ultrapassagem Indevida;Colisão traseira;Com Vítimas Feridas;Pleno dia;Decrescente;Nublado;Dupla;"Aclive;Em Obras;Reta";-26,453851;-48,92273
03/07/2023;12:00:00;PETROPOLIS;Pista Escorregadia;Saída de leito carroçável;Com Vítimas Feridas;Pleno dia;Decrescente;Nublado;Dupla;Curva;-22,48005592;-43,23543994
28/06/2023;08:40:00;TRES DE MAIO;Manobra de mudança de faixa;Colisão transversal;Com Vítimas Feridas;Pleno dia;Decrescente;Céu Claro;Simples;Reta;-27,75319152;-54,24720526
03/07/2023;12:50:00;FLORIANOPOLIS;Manobra de mudança de faixa;Colisão lateral mesmo sentido;Com Vítimas Feridas;Pleno dia;Crescente;Céu Claro;Dupla;Reta;-27,603289;-48,590416
03/07/2023;16:10:00;RIBEIRA DO POMBAL;Manobra de mudança de faixa;Colisão frontal;Com Vítimas Feridas;Pleno dia;Crescente;Céu Claro;Simples;Reta;-10,92316105;-38,51972332
03/07/2023;18:10:00;BETIM;Demais falhas mecânicas ou elétricas;Tombamento;Com Vítimas Feridas;Plena Noite;Decrescente;Céu Claro;Dupla;"Declive;Reta";-19,97670801;-44,19962698
03/07/2023;17:35:00;BRASILIA;Manobra de mudança de faixa;Colisão lateral mesmo sentido;Sem Vítimas;Pleno dia;Crescente;Céu Claro;Dupla;Reta;-16,0172091;-47,98135042
03/07/2023;18:25:00;NOVA LIMA;Manobra de mudança de faixa;Colisão lateral mesmo sentido;Com Vítimas Feridas;Plena Noite;Decrescente;Céu Claro;Dupla;"Ponte;Reta";-20,00670404;-43,96418668
03/07/2023;17:40:00;CAMPO GRANDE;Demais falhas na via;Tombamento;Com Vítimas Feridas;Anoitecer;Decrescente;Céu Claro;Simples;Reta;-20,56889;-54,690249
03/07/2023;10:00:00;EPITACIOLANDIA;Velocidade Incompatível;Colisão transversal;Com Vítimas Fatais;Pleno dia;Crescente;Céu Claro;Simples;Reta;-11,02022636;-68,67503001
03/07/2023;21:10:00;GOVERNADOR VALADARES;Ausência de reação do condutor;Tombamento;Com Vítimas Feridas;Plena Noite;Crescente;Ignorado;Simples;Reta;-18,90575568;-41,94257325
03/07/2023;19:00:00;XAXIM;Ultrapassagem Indevida;Colisão frontal;Com Vítimas Fatais;Plena Noite;Decrescente;Céu Claro;Simples;Reta;-26,9703092;-52,578052
03/07/2023;21:30:00;VITORIA DA CONQUISTA;Ultrapassagem Indevida;Colisão frontal;Com Vítimas Feridas;Plena Noite;Decrescente;Nublado;Simples;Reta;-14,9308819;-40,88735915
03/07/2023;21:25:00;BACABEIRA;Ausência de sinalização;Capotamento;Com Vítimas Feridas;Plena Noite;Crescente;Nublado;Dupla;"Reta;Retorno Regulamentado;Declive";-2,96378009;-44,32065224
04/07/2023;05:20:00;PORTO BELO;Reação tardia ou ineficiente do condutor;Tombamento;Com Vítimas Feridas;Plena Noite;Crescente;Nublado;Dupla;Reta;-27,16292;-48,61129
04/07/2023;06:10:00;GUARULHOS;Velocidade Incompatível;Engavetamento;Com Vítimas Feridas;Amanhecer;Crescente;Chuva;Múltipla;Reta;-23,41611572;-46,37153149
04/07/2023;06:50:00;BARRA DO PIRAI;Velocidade Incompatível;Capotamento;Com Vítimas Feridas;Pleno dia;Crescente;Nevoeiro/Neblina;Simples;Curva;-22,48062523;-43,89336791
04/07/2023;07:20:00;BALNEARIO CAMBORIU;Demais falhas mecânicas ou elétricas;Tombamento;Com Vítimas Feridas;Pleno dia;Decrescente;Nublado;Dupla;Reta;-26,98407618;-48,66977107
04/07/2023;07:15:00;MAIRIPORA;Velocidade Incompatível;Tombamento;Com Vítimas Feridas;Amanhecer;Decrescente;Céu Claro;Múltipla;Reta;-23,2595431;-46,58892453
04/07/2023;08:00:00;JUCATI;Pista esburacada;Tombamento;Com Vítimas Feridas;Pleno dia;Decrescente;Céu Claro;Simples;Aclive;-8,731839014;-36,43146015
30/06/2023;05:28:00;PALHOCA;Velocidade Incompatível;Atropelamento de Pedestre;Com Vítimas Feridas;Amanhecer;Crescente;Céu Claro;Dupla;Interseção de Vias;-27,62329313;-48,65245588
04/07/2023;08:30:00;AREIA BRANCA;Velocidade Incompatível;Colisão frontal;Sem Vítimas;Pleno dia;Decrescente;Nublado;Simples;Curva;-10,79339;-37,278835
04/07/2023;09:50:00;NOSSA SENHORA DO SOCORRO;Velocidade Incompatível;Saída de leito carroçável;Com Vítimas Feridas;Pleno dia;Decrescente;Chuva;Simples;Curva;-10,852552;-37,192886
04/07/2023;10:20:00;BRASILIA;Manobra de mudança de faixa;Colisão lateral mesmo sentido;Com Vítimas Feridas;Pleno dia;Decrescente;Sol;Múltipla;Reta;-15,784615;-48,132023
04/07/2023;11:45:00;PASSO FUNDO;Velocidade Incompatível;Saída de leito carroçável;Com Vítimas Feridas;Pleno dia;Crescente;Sol;Simples;Curva;-28,268545;-52,669102
04/07/2023;12:45:00;PALHOCA;Manobra de mudança de faixa;Colisão transversal;Com Vítimas Feridas;Pleno dia;Decrescente;Sol;Múltipla;Reta;-27,64443;-48,67057
27/04/2023;12:15:00;BICAS;Ausência de reação do condutor;Tombamento;Com Vítimas Feridas;Pleno dia;Decrescente;Nublado;Simples;Curva;-21,72573003;-43,05888101
08/06/2023;20:30:00;UBERLANDIA;Ausência de reação do condutor;Tombamento;Com Vítimas Feridas;Plena Noite;Crescente;Céu Claro;Simples;Reta;-18,89350714;-48,13697219
04/07/2023;13:25:00;CARMOPOLIS DE MINAS;Velocidade Incompatível;Colisão com objeto;Com Vítimas Feridas;Pleno dia;Decrescente;Céu Claro;Simples;Curva;-20,56679681;-44,67309615
04/07/2023;16:40:00;NOVA LIMA;Manobra de mudança de faixa;Colisão lateral mesmo sentido;Com Vítimas Feridas;Pleno dia;Decrescente;Céu Claro;Dupla;Reta;-20,07715896;-43,98213593
04/07/2023;18:50:00;SAO JOSE DOS PINHAIS;Manobra de mudança de faixa;Colisão lateral mesmo sentido;Com Vítimas Feridas;Plena Noite;Decrescente;Céu Claro;Dupla;Reta;-25,568939;-49,181978
04/07/2023;19:30:00;GUAPIMIRIM;Velocidade Incompatível;Tombamento;Com Vítimas Feridas;Plena Noite;Decrescente;Céu Claro;Simples;Reta;-22,521951;-43,00070097
04/07/2023;19:00:00;RIO DE JANEIRO;Manobra de mudança de faixa;Colisão lateral mesmo sentido;Com Vítimas Feridas;Plena Noite;Crescente;Céu Claro;Dupla;Reta;-22,79423806;-43,36403759
04/07/2023;18:15:00;ENGENHEIRO CALDAS;Afundamento ou ondulação no pavimento;Queda de ocupante de veículo;Com Vítimas Feridas;Plena Noite;Crescente;Céu Claro;Simples;"Reta;Em Obras";-19,08450198;-41,99845794
04/07/2023;19:20:00;ALTAMIRA;Reação tardia ou ineficiente do condutor;Tombamento;Com Vítimas Feridas;Plena Noite;Crescente;Céu Claro;Simples;Reta;-3,203721;-52,206787
04/07/2023;21:30:00;BLUMENAU;Pista esburacada;Tombamento;Com Vítimas Feridas;Plena Noite;Decrescente;Céu Claro;Simples;"Reta;Desvio Temporário;Em Obras";-26,864044;-49,046516
04/07/2023;18:00:00;TAUA;Pista esburacada;Capotamento;Com Vítimas Feridas;Anoitecer;Decrescente;Céu Claro;Simples;Reta;-5,71061795;-40,13388625
04/07/2023;23:50:00;JABOATAO DOS GUARARAPES;Manobra de mudança de faixa;Colisão lateral mesmo sentido;Com Vítimas Feridas;Plena Noite;Crescente;Chuva;Dupla;Reta;-8,18470013;-34,96816895
05/07/2023;08:40:00;GUARULHOS;Reação tardia ou ineficiente do condutor;Tombamento;Com Vítimas Feridas;Pleno dia;Crescente;Céu Claro;Múltipla;Reta;-23,45056589;-46,46258105
05/07/2023;06:30:00;SAO JOAO DE MERITI;Manobra de mudança de faixa;Queda de ocupante de veículo;Com Vítimas Feridas;Pleno dia;Decrescente;Céu Claro;Múltipla;Reta;-22,79810324;-43,35726614
06/05/2023;19:00:00;CANOAS;Manobra de mudança de faixa;Colisão lateral mesmo sentido;Com Vítimas Feridas;Plena Noite;Decrescente;Garoa/Chuvisco;Múltipla;Reta;-29,90628224;-51,17681623
05/07/2023;10:45:00;SABARA;Manobra de mudança de faixa;Colisão lateral mesmo sentido;Sem Vítimas;Pleno dia;Crescente;Sol;Simples;Reta;-19,81160206;-43,79604396
05/07/2023;10:40:00;GENERAL CARNEIRO;Velocidade Incompatível;Saída de leito carroçável;Com Vítimas Feridas;Pleno dia;Decrescente;Sol;Simples;"Curva;Declive";-15,66981683;-52,80132294
18/05/2023;09:30:00;FLEXEIRAS;Acumulo de água sobre o pavimento;Saída de leito carroçável;Com Vítimas Feridas;Pleno dia;Crescente;Chuva;Dupla;"Curva;Declive";-9,26780247;-35,78483784