data_inversa;horario;municipio;causa_acidente;tipo_acidente;classificacao_acidente;fase_dia;sentido_via;condicao_metereologica;tipo_pista;tracado_via;latitude;longitude
05/07/2023;11:45:00;SAO JOSE;Velocidade Incompatível;Engavetamento;Com Vítimas Feridas;Pleno dia;Crescente;Céu Claro;Dupla;Reta;-27,54018513;-48,62287714
05/07/2023;10:10:00;LAJEADO;Demais falhas na via;Colisão com objeto;Sem Vítimas;Pleno dia;Crescente;Nublado;Simples;"Reta;Em Obras";-29,44026752;-51,99063599
05/07/2023;11:30:00;UBERABA;Reação tardia ou ineficiente do condutor;Tombamento;Com Vítimas Feridas;Pleno dia;Decrescente;Céu Claro;Dupla;Reta;-19,76527861;-48,11638905
05/07/2023;09:28:00;VARZEA GRANDE;Reação tardia ou ineficiente do condutor;Tombamento;Com Vítimas Feridas;Pleno dia;Crescente;Céu Claro;Múltipla;Rotatória;-15,64922792;-56,19570136
05/07/2023;13:30:00;SAO JOSE;Manobra de mudança de faixa;Colisão lateral mesmo sentido;Com Vítimas Feridas;Pleno dia;Crescente;Sol;Múltipla;Reta;-27,54018513;-48,62287714
05/07/2023;13:30:00;GUARULHOS;Manobra de mudança de faixa;Colisão lateral mesmo sentido;Com Vítimas Feridas;Pleno dia;Decrescente;Nublado;Simples;Curva;-23,49659264;-46,55648754
11/01/2023;05:49:00;JOAO PESSOA;Acumulo de areia ou detritos sobre o pavimento;Tombamento;Com Vítimas Feridas;Pleno dia;Crescente;Chuva;Dupla;Curva;-7,093;-34,8482
05/07/2023;15:30:00;BETIM;Manobra de mudança de faixa;Colisão lateral mesmo sentido;Sem Vítimas;Pleno dia;Crescente;Céu Claro;Dupla;Reta;-19,9956953;-44,20887285
05/07/2023;10:00:00;MARA ROSA;Velocidade Incompatível;Saída de leito carroçável;Com Vítimas Fatais;Pleno dia;Crescente;Céu Claro;Simples;"Declive;Reta";-13,976104;-49,090424
05/07/2023;17:00:00;PARAOPEBA;Demais Fenômenos da natureza;Saída de leito carroçável;Com Vítimas Feridas;Anoitecer;Decrescente;Céu Claro;Dupla;"Reta;Aclive";-19,28815;-44,392
05/07/2023;17:15:00;SAO JOSE DO RIO PRETO;Acumulo de areia ou detritos sobre o pavimento;Saída de leito carroçável;Com Vítimas Feridas;Pleno dia;Decrescente;Céu Claro;Dupla;"Curva;Retorno Regulamentado";-20,73603199;-49,33803779
05/07/2023;17:30:00;APIUNA;Manobra de mudança de faixa;Colisão frontal;Com Vítimas Feridas;Anoitecer;Decrescente;Céu Claro;Simples;Reta;-27,020767;-49,371342
05/07/2023;18:40:00;PORTO ALEGRE;Manobra de mudança de faixa;Colisão lateral mesmo sentido;Com Vítimas Feridas;Plena Noite;Decrescente;Céu Claro;Dupla;Reta;-29,967838;-51,127197
05/07/2023;18:45:00;PORTO ALEGRE;Manobra de mudança de faixa;Colisão lateral mesmo sentido;Com Vítimas Feridas;Plena Noite;Crescente;Céu Claro;Dupla;Curva;-29,988646;-51,236553
05/07/2023;19:00:00;SAO JOSE DO RIO PRETO;Pista Escorregadia;Tombamento;Com Vítimas Feridas;Plena Noite;Crescente;Céu Claro;Dupla;Reta;-20,82149698;-49,35764818
05/07/2023;19:01:00;ITAPEMA;Manobra de mudança de faixa;Colisão lateral mesmo sentido;Sem Vítimas;Anoitecer;Crescente;Nublado;Múltipla;Reta;-27,10123686;-48,61807962
05/07/2023;20:20:00;DUQUE DE CAXIAS;Manobra de mudança de faixa;Colisão lateral mesmo sentido;Com Vítimas Feridas;Plena Noite;Crescente;Nublado;Dupla;Reta;-22,672089;-43,285053
05/07/2023;19:00:00;LAJEDINHO;Velocidade Incompatível;Tombamento;Com Vítimas Fatais;Plena Noite;Crescente;Chuva;Simples;Curva;-12,445658;-40,85776
05/07/2023;21:30:00;ACAILANDIA;Ausência de reação do condutor;Tombamento;Com Vítimas Feridas;Plena Noite;Decrescente;Céu Claro;Simples;Reta;-4,88920755;-47,37657969
05/07/2023;22:40:00;REGISTRO;Avarias e/ou desgaste excessivo no pneu;Tombamento;Com Vítimas Feridas;Plena Noite;Crescente;Céu Claro;Dupla;Reta;-24,56168114;-47,86752174
06/07/2023;01:30:00;JUQUITIBA;Velocidade Incompatível;Colisão com objeto;Sem Vítimas;Plena Noite;Decrescente;Céu Claro;Simples;"Curva;Retorno Regulamentado";-23,95597045;-47,1100868
06/07/2023;06:00:00;CONTAGEM;Manobra de mudança de faixa;Colisão lateral mesmo sentido;Com Vítimas Feridas;Pleno dia;Crescente;Céu Claro;Dupla;Reta;-19,86874894;-44,05962197
06/07/2023;06:20:00;MONTES CLAROS;Manobra de mudança de faixa;Saída de leito carroçável;Sem Vítimas;Pleno dia;Crescente;Céu Claro;Simples;"Curva;Aclive";-16,74574399;-43,88392402
06/07/2023;06:42:00;ALTAMIRA;Ingestão de álcool pelo condutor;Tombamento;Com Vítimas Feridas;Pleno dia;Decrescente;Céu Claro;Simples;Interseção de Vias;-3,17418565;-52,17729092
06/07/2023;07:40:00;BENTO GONCALVES;Ausência de reação do condutor;Tombamento;Com Vítimas Feridas;Amanhecer;Crescente;Céu Claro;Dupla;Curva;-29,17909489;-51,51855675
06/07/2023;08:35:00;SAO JOSE DO RIO PRETO;Manobra de mudança de faixa;Colisão lateral mesmo sentido;Com Vítimas Feridas;Pleno dia;Crescente;Céu Claro;Dupla;Reta;-20,80502876;-49,35574909
06/07/2023;08:50:00;MARINGA;Trafegar com motocicleta (ou similar) entre as faixas;Tombamento;Com Vítimas Feridas;Pleno dia;Decrescente;Céu Claro;Dupla;"Interseção de Vias;Reta";-23,41430102;-51,94984299
06/07/2023;10:25:00;SAO JOSE DOS PINHAIS;Manobra de mudança de faixa;Queda de ocupante de veículo;Com Vítimas Feridas;Pleno dia;Crescente;Sol;Dupla;Reta;-25,5469829;-49,1506112
06/07/2023;09:40:00;BAIA FORMOSA;Chuva;Saída de leito carroçável;Com Vítimas Feridas;Pleno dia;Decrescente;Chuva;Dupla;Reta;-6,50166475;-35,11200246
06/07/2023;11:15:00;ARAGUANA;Velocidade Incompatível;Atropelamento de Pedestre;Com Vítimas Feridas;Pleno dia;Crescente;Céu Claro;Simples;Aclive;-3,026421;-45,644554
06/07/2023;12:50:00;PARAOPEBA;Pista Escorregadia;Tombamento;Com Vítimas Feridas;Pleno dia;Decrescente;Céu Claro;Simples;"Curva;Viaduto";-19,28914995;-44,39017296
06/07/2023;12:50:00;INGA;Pista Escorregadia;Colisão com objeto;Sem Vítimas;Pleno dia;Crescente;Chuva;Dupla;Curva;-7,2117;-35,5822
06/07/2023;14:00:00;FOZ DO IGUACU;Manobra de mudança de faixa;Colisão lateral mesmo sentido;Com Vítimas Feridas;Pleno dia;Decrescente;Céu Claro;Simples;"Reta;Ponte;Declive";-25,50953213;-54,59895834
06/07/2023;15:35:00;FRANCISCO SA;Acumulo de óleo sobre o pavimento;Queda de ocupante de veículo;Com Vítimas Feridas;Pleno dia;Decrescente;Céu Claro;Simples;Curva;-16,6553239;-43,71906108
06/07/2023;16:12:00;TERESINA;Demais falhas mecânicas ou elétricas;Tombamento;Com Vítimas Feridas;Pleno dia;Decrescente;Céu Claro;Simples;Curva;-5,069462;-42,617474
06/07/2023;15:59:00;ANAPOLIS;Velocidade Incompatível;Colisão traseira;Com Vítimas Fatais;Pleno dia;Decrescente;Céu Claro;Dupla;Reta;-16,258045;-48,988403
06/07/2023;16:00:00;DOURADOS;Frear bruscamente;Tombamento;Com Vítimas Feridas;Pleno dia;Crescente;Céu Claro;Dupla;Reta;-22,23864271;-54,76552912
24/05/2023;06:30:00;SANTOS DUMONT;Curva acentuada;Saída de leito carroçável;Com Vítimas Feridas;Pleno dia;Decrescente;Céu Claro;Simples;Curva;-21,39953901;-43,56507286
06/07/2023;18:45:00;MINEIROS;Ultrapassagem Indevida;Colisão lateral sentido oposto;Sem Vítimas;Anoitecer;Crescente;Céu Claro;Simples;Reta;-17,56674;-52,530952
06/07/2023;18:50:00;PALMEIRA DAS MISSOES;Manobra de mudança de faixa;Colisão lateral sentido oposto;Com Vítimas Feridas;Anoitecer;Decrescente;Céu Claro;Simples;Curva;-27,77154306;-53,32414889
06/07/2023;19:10:00;PORTO VELHO;Acumulo de areia ou detritos sobre o pavimento;Queda de ocupante de veículo;Com Vítimas Feridas;Plena Noite;Crescente;Céu Claro;Dupla;"Curva;Retorno Regulamentado";-8,78360503;-63,86182471
06/07/2023;21:20:00;PAU DOS FERROS;Chuva;Colisão frontal;Com Vítimas Feridas;Plena Noite;Crescente;Céu Claro;Simples;Reta;-6,19000007;-38,22449832
06/07/2023;20:00:00;SEROPEDICA;Deficiência do Sistema de Iluminação/Sinalização;Colisão frontal;Com Vítimas Feridas;Plena Noite;Decrescente;Céu Claro;Simples;Reta;-22,747673;-43,699196
06/07/2023;11:00:00;CAPIXABA;Pista esburacada;Capotamento;Com Vítimas Feridas;Pleno dia;Decrescente;Céu Claro;Simples;Reta;-10,59443423;-67,94303098
06/07/2023;22:05:00;PASSO FUNDO;Velocidade Incompatível;Saída de leito carroçável;Sem Vítimas;Plena Noite;Decrescente;Céu Claro;Dupla;Rotatória;-28,239017;-52,365276
07/07/2023;00:10:00;SAO JOSE;Velocidade Incompatível;Colisão com objeto;Com Vítimas Feridas;Plena Noite;Decrescente;Céu Claro;Dupla;"Interseção de Vias;Reta";-27,61126106;-48,63977909
07/07/2023;01:00:00;MATIAS BARBOSA;Velocidade Incompatível;Saída de leito carroçável;Com Vítimas Feridas;Plena Noite;Crescente;Céu Claro;Dupla;"Reta;Declive";-21,84672919;-43,37899486
06/07/2023;23:51:00;ACAILANDIA;Manobra de mudança de faixa;Colisão transversal;Com Vítimas Feridas;Plena Noite;Crescente;Céu Claro;Múltipla;"Declive;Reta";-4,93859094;-47,46131504
07/07/2023;06:00:00;BRASILIA;Manobra de mudança de faixa;Colisão traseira;Com Vítimas Feridas;Amanhecer;Crescente;Céu Claro;Dupla;"Reta;Aclive";-15,791093;-48,21096
07/07/2023;06:20:00;TRIUNFO;Velocidade Incompatível;Colisão com objeto;Sem Vítimas;Amanhecer;Decrescente;Garoa/Chuvisco;Dupla;Rotatória;-29,758536;-51,592883
07/07/2023;07:40:00;SAO LEOPOLDO;Manobra de mudança de faixa;Colisão lateral mesmo sentido;Com Vítimas Feridas;Pleno dia;Decrescente;Nublado;Dupla;Reta;-29,75048482;-51,15132147
07/07/2023;07:55:00;BRASILIA;Reação tardia ou ineficiente do condutor;Tombamento;Com Vítimas Feridas;Pleno dia;Decrescente;Sol;Dupla;Reta;-15,650243;-47,773872
07/07/2023;09:00:00;TANQUINHO;Velocidade Incompatível;Saída de leito carroçável;Com Vítimas Feridas;Pleno dia;Crescente;Nublado;Simples;Curva;-11,978092;-39,10112
07/07/2023;08:00:00;JABOATAO DOS GUARARAPES;Acumulo de água sobre o pavimento;Capotamento;Com Vítimas Feridas;Pleno dia;Decrescente;Chuva;Dupla;"Reta;Declive";-8,08831567;-35,01203806
07/07/2023;07:30:00;VILHENA;Problema com o freio;Tombamento;Com Vítimas Feridas;Pleno dia;Crescente;Céu Claro;Simples;"Interseção de Vias;Rotatória";-12,74140004;-60,13026401
07/07/2023;10:50:00;UBERLANDIA;Velocidade Incompatível;Colisão traseira;Com Vítimas Feridas;Pleno dia;Crescente;Sol;Dupla;Reta;-18,85140204;-48,25345932
07/07/2023;11:45:00;MAIRIPORA;Velocidade Incompatível;Tombamento;Com Vítimas Feridas;Pleno dia;Decrescente;Céu Claro;Dupla;Curva;-23,34553108;-46,56787903
07/07/2023;11:35:00;GUARULHOS;Manobra de mudança de faixa;Colisão lateral mesmo sentido;Com Vítimas Feridas;Pleno dia;Crescente;Céu Claro;Múltipla;Reta;-23,46472809;-46,49793962
07/07/2023;11:40:00;CAJATI;Manobra de mudança de faixa;Colisão transversal;Com Vítimas Feridas;Pleno dia;Crescente;Céu Claro;Simples;Reta;-24,79974708;-48,2132864
07/07/2023;12:40:00;GUARULHOS;Manobra de mudança de faixa;Colisão traseira;Com Vítimas Feridas;Pleno dia;Crescente;Céu Claro;Múltipla;Reta;-23,457972;-46,479927
24/03/2023;07:11:00;TERESINA;Velocidade Incompatível;Colisão com objeto;Com Vítimas Fatais;Pleno dia;Crescente;Nublado;Dupla;Reta;-5,061626;-42,696655
07/07/2023;12:50:00;PAULO LOPES;Manobra de mudança de faixa;Colisão lateral mesmo sentido;Com Vítimas Feridas;Pleno dia;Crescente;Nublado;Dupla;Reta;-28,06001385;-48,71690948
07/07/2023;13:00:00;SAO PAULO;Demais falhas na via;Saída de leito carroçável;Com Vítimas Feridas;Pleno dia;Decrescente;Céu Claro;Múltipla;Reta;-23,4309671;-46,56998022
07/07/2023;07:00:00;MAGE;Manobra de mudança de faixa;Queda de ocupante de veículo;Com Vítimas Feridas;Pleno dia;Crescente;Céu Claro;Dupla;Reta;-22,64655224;-43,20138601
07/07/2023;11:25:00;CARUARU;Manobra de mudança de faixa;Colisão lateral mesmo sentido;Com Vítimas Feridas;Pleno dia;Decrescente;Chuva;Simples;Reta;-8,358562;-35,985699
17/02/2023;08:00:00;MARINGA;Manobra de mudança de faixa;Queda de ocupante de veículo;Com Vítimas Feridas;Pleno dia;Crescente;Ignorado;Dupla;Reta;-23,41864679;-51,9731956
07/07/2023;14:00:00;AQUIRAZ;Sinalização mal posicionada;Atropelamento de Pedestre;Com Vítimas Feridas;Pleno dia;Crescente;Céu Claro;Múltipla;Aclive;-3,97781108;-38,49602509
07/07/2023;08:00:00;WANDERLANDIA;Pista Escorregadia;Saída de leito carroçável;Com Vítimas Feridas;Pleno dia;Crescente;Céu Claro;Simples;"Reta;Em Obras";-6,797544;-48,120688
07/07/2023;15:40:00;CABO DE SANTO AGOSTINHO;Acumulo de água sobre o pavimento;Saída de leito carroçável;Com Vítimas Feridas;Anoitecer;Decrescente;Chuva;Múltipla;Curva;-8,30807754;-35,07573296
07/07/2023;17:10:00;JABOATAO DOS GUARARAPES;Pista esburacada;Queda de ocupante de veículo;Com Vítimas Feridas;Plena Noite;Crescente;Chuva;Dupla;Reta;-8,08577691;-35,00345603
07/07/2023;18:10:00;CANOAS;Manobra de mudança de faixa;Colisão com objeto;Com Vítimas Feridas;Plena Noite;Decrescente;Chuva;Múltipla;Reta;-29,95942501;-51,17608515
07/07/2023;17:45:00;EMBU DAS ARTES;Manobra de mudança de faixa;Colisão traseira;Com Vítimas Feridas;Anoitecer;Crescente;Céu Claro;Dupla;Reta;-23,65508497;-46,84918605
06/05/2023;22:30:00;CAXIAS DO SUL;Velocidade Incompatível;Colisão com objeto;Com Vítimas Feridas;Plena Noite;Decrescente;Nublado;Dupla;Curva;-29,1201739;-51,12260651
07/07/2023;18:10:00;PARNAMIRIM;Manobra de mudança de faixa;Colisão lateral mesmo sentido;Com Vítimas Feridas;Plena Noite;Crescente;Garoa/Chuvisco;Múltipla;Interseção de Vias;-5,88106901;-35,22542396
07/07/2023;17:15:00;LEOPOLDINA;Ultrapassagem Indevida;Colisão lateral sentido oposto;Com Vítimas Feridas;Anoitecer;Crescente;Céu Claro;Simples;Reta;-21,56565429;-42,67887208
07/07/2023;19:00:00;BIGUACU;Manobra de mudança de faixa;Colisão lateral mesmo sentido;Com Vítimas Feridas;Plena Noite;Crescente;Nublado;Dupla;Reta;-27,5047092;-48,65010819
07/07/2023;18:30:00;RIO DE JANEIRO;Manobra de mudança de faixa;Colisão lateral mesmo sentido;Com Vítimas Feridas;Plena Noite;Decrescente;Céu Claro;Dupla;Reta;-22,86939305;-43,175642
07/07/2023;18:10:00;DUQUE DE CAXIAS;Manobra de mudança de faixa;Colisão lateral mesmo sentido;Com Vítimas Feridas;Plena Noite;Crescente;Céu Claro;Dupla;Reta;-22,79083113;-43,28611569
05/07/2023;06:45:00;AGUA CLARA;Velocidade Incompatível;Saída de leito carroçável;Com Vítimas Feridas;Pleno dia;Decrescente;Céu Claro;Simples;Reta;-20,49058321;-52,75785404
07/07/2023;20:20:00;SAO JOSE DOS PINHAIS;Iluminação deficiente;Colisão traseira;Com Vítimas Feridas;Plena Noite;Decrescente;Céu Claro;Dupla;Reta;-25,551238;-49,14959
07/07/2023;21:20:00;MUNDO NOVO;Reação tardia ou ineficiente do condutor;Tombamento;Com Vítimas Feridas;Plena Noite;Crescente;Nublado;Simples;Reta;-23,98707101;-54,33136162
07/07/2023;22:40:00;SAO GABRIEL;Acumulo de água sobre o pavimento;Saída de leito carroçável;Com Vítimas Feridas;Plena Noite;Crescente;Chuva;Simples;Curva;-30,227652;-54,675674
07/07/2023;23:00:00;BLUMENAU;Ingestão de álcool pelo condutor;Tombamento;Com Vítimas Feridas;Plena Noite;Decrescente;Nublado;Simples;"Reta;Em Obras";-26,86224553;-49,04234916
08/07/2023;00:13:00;SOORETAMA;Reação tardia ou ineficiente do condutor;Tombamento;Com Vítimas Feridas;Plena Noite;Crescente;Céu Claro;Simples;Reta;-19,22093104;-40,0936152
08/07/2023;05:15:00;CASCAVEL;Velocidade Incompatível;Capotamento;Sem Vítimas;Plena Noite;Crescente;Céu Claro;Dupla;Interseção de Vias;-24,96684176;-53,40258186
08/07/2023;06:15:00;GUARULHOS;Manobra de mudança de faixa;Colisão lateral mesmo sentido;Com Vítimas Feridas;Pleno dia;Crescente;Céu Claro;Múltipla;Reta;-23,41475243;-46,36600788
08/07/2023;06:00:00;BETIM;Ausência de reação do condutor;Tombamento;Com Vítimas Feridas;Pleno dia;Decrescente;Céu Claro;Múltipla;Reta;-20,05039397;-44,27962502
08/07/2023;02:40:00;CARATINGA;Reação tardia ou ineficiente do condutor;Tombamento;Com Vítimas Feridas;Plena Noite;Crescente;Céu Claro;Simples;Curva;-19,82774609;-42,13965431
07/07/2023;19:30:00;ANTONIO DIAS;Velocidade Incompatível;Colisão com objeto;Com Vítimas Feridas;Plena Noite;Crescente;Céu Claro;Dupla;"Em Obras;Desvio Temporário";-19,63049511;-42,87799502
08/07/2023;08:00:00;JOINVILLE;Ausência de reação do condutor;Tombamento;Com Vítimas Feridas;Pleno dia;Crescente;Nublado;Dupla;Reta;-26,2628107;-48,90192257
08/07/2023;08:45:00;BALNEARIO CAMBORIU;Velocidade Incompatível;Colisão com objeto;Sem Vítimas;Pleno dia;Decrescente;Chuva;Múltipla;Curva;-27,02397426;-48,60761649
08/07/2023;09:00:00;SAO PAULO;Reação tardia ou ineficiente do condutor;Tombamento;Com Vítimas Feridas;Pleno dia;Decrescente;Céu Claro;Múltipla;Curva;-23,36553404;-46,55253934
08/07/2023;11:20:00;SOBRAL;Reação tardia ou ineficiente do condutor;Tombamento;Com Vítimas Feridas;Pleno dia;Crescente;Sol;Simples;Rotatória;-3,71599789;-40,33582694
08/07/2023;11:00:00;BRASILIA;Manobra de mudança de faixa;Colisão lateral mesmo sentido;Com Vítimas Feridas;Pleno dia;Crescente;Céu Claro;Dupla;"Curva;Rotatória";-15,999959;-47,557232
08/07/2023;13:30:00;SAO JOAO DE MERITI;Ausência de reação do condutor;Tombamento;Com Vítimas Feridas;Pleno dia;Decrescente;Sol;Múltipla;Reta;-22,79810324;-43,35726614
08/07/2023;13:45:00;JACAREI;Demais falhas mecânicas ou elétricas;Tombamento;Com Vítimas Feridas;Pleno dia;Crescente;Céu Claro;Dupla;Reta;-23,26072137;-45,95179176
08/07/2023;13:15:00;CONCEICAO DO ALMEIDA;Ultrapassagem Indevida;Colisão frontal;Com Vítimas Feridas;Pleno dia;Crescente;Céu Claro;Simples;Reta;-12,984957;-39,291156
08/07/2023;13:35:00;LARANJAL;Velocidade Incompatível;Queda de ocupante de veículo;Com Vítimas Feridas;Pleno dia;Decrescente;Céu Claro;Simples;Reta;-21,31616787;-42,44296238
08/07/2023;13:50:00;RIACHAO DO BACAMARTE;Velocidade Incompatível;Saída de leito carroçável;Com Vítimas Fatais;Pleno dia;Decrescente;Nublado;Dupla;Curva;-7,25017;-35,657558
08/07/2023;15:00:00;LUZIANIA;Velocidade Incompatível;Saída de leito carroçável;Com Vítimas Fatais;Pleno dia;Crescente;Céu Claro;Dupla;Reta;-16,158753;-47,933136
08/07/2023;15:51:00;PARNAIBA;Manobra de mudança de faixa;Colisão transversal;Com Vítimas Feridas;Pleno dia;Decrescente;Céu Claro;Simples;"Interseção de Vias;Curva";-2,90246366;-41,6841352
08/07/2023;15:00:00;CONTAGEM;Reação tardia ou ineficiente do condutor;Tombamento;Com Vítimas Feridas;Pleno dia;Crescente;Céu Claro;Dupla;"Aclive;Reta";-19,95931561;-44,08825597
08/07/2023;13:16:00;MINADOR DO NEGRAO;Acumulo de água sobre o pavimento;Capotamento;Com Vítimas Feridas;Pleno dia;Decrescente;Chuva;Simples;Reta;-9,390516;-36,8305
08/07/2023;17:00:00;MAIRIPORA;Reação tardia ou ineficiente do condutor;Tombamento;Com Vítimas Feridas;Pleno dia;Decrescente;Céu Claro;Dupla;Reta;-23,351055;-46,552062
08/07/2023;17:05:00;TEREZOPOLIS DE GOIAS;Frear bruscamente;Tombamento;Com Vítimas Feridas;Pleno dia;Decrescente;Sol;Dupla;Reta;-16,4732;-49,0789
08/07/2023;16:40:00;BRASILIA;Manobra de mudança de faixa;Colisão lateral mesmo sentido;Sem Vítimas;Pleno dia;Crescente;Céu Claro;Dupla;"Aclive;Reta";-15,583345;-47,449738
08/07/2023;18:05:00;TEIXEIRA DE FREITAS;Ausência de reação do condutor;Tombamento;Com Vítimas Feridas;Plena Noite;Crescente;Céu Claro;Simples;Reta;-17,532358;-39,711084
08/07/2023;15:20:00;SANTA RITA;Velocidade Incompatível;Colisão com objeto;Com Vítimas Feridas;Pleno dia;Crescente;Nublado;Dupla;"Reta;Declive";-7,000975;-35,065051
08/07/2023;17:20:00;PATOS;Ultrapassagem Indevida;Colisão frontal;Com Vítimas Feridas;Pleno dia;Crescente;Céu Claro;Simples;Reta;-7,03208047;-37,29365088
08/07/2023;18:18:00;JABOATAO DOS GUARARAPES;Chuva;Tombamento;Com Vítimas Feridas;Plena Noite;Crescente;Chuva;Dupla;"Reta;Aclive";-8,08831567;-35,01203806
08/07/2023;17:05:00;JUQUITIBA;Curva acentuada;Queda de ocupante de veículo;Com Vítimas Feridas;Pleno dia;Crescente;Céu Claro;Dupla;Curva;-23,93100968;-46,9996511
08/07/2023;16:05:00;MURIAE;Ultrapassagem Indevida;Queda de ocupante de veículo;Com Vítimas Feridas;Pleno dia;Decrescente;Céu Claro;Simples;"Declive;Reta";-21,12690881;-42,34244401
08/07/2023;18:20:00;ITAGUAI;Manobra de mudança de faixa;Colisão lateral mesmo sentido;Com Vítimas Feridas;Plena Noite;Decrescente;Céu Claro;Dupla;Reta;-22,86342703;-43,79642098
23/06/2023;03:15:00;PATOS;Ausência de sinalização;Atropelamento de Pedestre;Com Vítimas Feridas;Plena Noite;Crescente;Nublado;Simples;Reta;-6,9946;-37,3159
08/07/2023;20:51:00;PATOS;Manobra de mudança de faixa;Colisão frontal;Sem Vítimas;Plena Noite;Crescente;Céu Claro;Simples;Reta;-7,04180696;-37,35443701
08/07/2023;21:10:00;IMBAU;Chuva;Tombamento;Com Vítimas Feridas;Plena Noite;Decrescente;Chuva;Dupla;Reta;-24,38436194;-50,78917265
08/07/2023;21:00:00;GOVERNADOR VALADARES;Manobra de mudança de faixa;Colisão transversal;Com Vítimas Feridas;Plena Noite;Decrescente;Nublado;Múltipla;Reta;-18,873907;-41,966366
08/07/2023;21:20:00;POUSO REDONDO;Manobra de mudança de faixa;Colisão lateral mesmo sentido;Com Vítimas Feridas;Plena Noite;Crescente;Chuva;Simples;Reta;-27,254238;-49,948658
08/07/2023;23:30:00;SANTA CECILIA;Velocidade Incompatível;Colisão com objeto;Sem Vítimas;Plena Noite;Decrescente;Nublado;Múltipla;Reta;-26,76856222;-50,35053362
08/07/2023;18:00:00;ITABELA;Ultrapassagem Indevida;Colisão frontal;Com Vítimas Fatais;Anoitecer;Crescente;Céu Claro;Simples;"Aclive;Reta";-16,65979108;-39,51564825
09/07/2023;00:30:00;PALHOCA;Ausência de sinalização;Colisão lateral mesmo sentido;Com Vítimas Feridas;Plena Noite;Decrescente;Céu Claro;Múltipla;Reta;-27,63697369;-48,66514142
08/07/2023;23:30:00;SAO PEDRO DA CIPA;Acumulo de areia ou detritos sobre o pavimento;Colisão com objeto;Com Vítimas Feridas;Plena Noite;Decrescente;Céu Claro;Dupla;Reta;-16,01062972;-54,91355181
09/07/2023;03:30:00;SAO JOSE DOS PINHAIS;Ausência de reação do condutor;Tombamento;Com Vítimas Feridas;Plena Noite;Crescente;Garoa/Chuvisco;Dupla;Reta;-25,567838;-49,234178
09/07/2023;03:59:00;TANGUA;Velocidade Incompatível;Saída de leito carroçável;Com Vítimas Feridas;Plena Noite;Decrescente;Céu Claro;Dupla;Reta;-22,73929823;-42,76383162
09/07/2023;04:30:00;SAO BORJA;Ausência de reação do condutor;Tombamento;Sem Vítimas;Plena Noite;Crescente;Céu Claro;Simples;Reta;-28,68567433;-55,93888311
09/07/2023;05:40:00;CATALAO;Iluminação deficiente;Capotamento;Com Vítimas Feridas;Amanhecer;Crescente;Céu Claro;Dupla;Interseção de Vias;-18,0611;-47,8637
09/07/2023;02:10:00;BALNEARIO CAMBORIU;Reação tardia ou ineficiente do condutor;Tombamento;Com Vítimas Feridas;Plena Noite;Crescente;Nublado;Múltipla;Curva;-27,03881189;-48,60025148
09/07/2023;06:14:00;BARREIRAS;Ultrapassagem Indevida;Colisão frontal;Com Vítimas Fatais;Amanhecer;Decrescente;Céu Claro;Simples;Reta;-12,13323966;-45,10546813
09/07/2023;07:00:00;EXTREMA;Chuva;Colisão com objeto;Com Vítimas Feridas;Pleno dia;Crescente;Chuva;Dupla;Curva;-22,85421396;-46,33740277
09/07/2023;09:20:00;SANTA TEREZINHA DE ITAIPU;Manobra de mudança de faixa;Saída de leito carroçável;Com Vítimas Feridas;Pleno dia;Crescente;Céu Claro;Dupla;Reta;-25,46882758;-54,45810922
09/07/2023;11:30:00;CANAPOLIS;Velocidade Incompatível;Saída de leito carroçável;Com Vítimas Feridas;Pleno dia;Decrescente;Céu Claro;Dupla;"Curva;Declive";-18,79456776;-49,08383879
09/07/2023;12:55:00;SERRA;Reação tardia ou ineficiente do condutor;Tombamento;Com Vítimas Feridas;Pleno dia;Decrescente;Céu Claro;Simples;Curva;-20,138397;-40,292213
09/07/2023;07:30:00;MAIRIPORA;Manobra de mudança de faixa;Colisão lateral mesmo sentido;Sem Vítimas;Amanhecer;Decrescente;Nevoeiro/Neblina;Dupla;Reta;-23,2449074;-46,59562343
09/07/2023;13:00:00;MANDAGUACU;Velocidade Incompatível;Saída de leito carroçável;Com Vítimas Feridas;Pleno dia;Decrescente;Nublado;Dupla;"Curva;Declive";-23,36498136;-52,07632098
09/07/2023;15:00:00;LINHARES;Ultrapassagem Indevida;Capotamento;Com Vítimas Feridas;Pleno dia;Decrescente;Céu Claro;Simples;Reta;-19,51360307;-40,1399459
09/07/2023;13:00:00;ABRE CAMPO;Velocidade Incompatível;Queda de ocupante de veículo;Com Vítimas Feridas;Pleno dia;Não Informado;Céu Claro;Simples;Curva;-20,33346861;-42,47422479
09/07/2023;14:40:00;GOVERNADOR VALADARES;Velocidade Incompatível;Colisão com objeto;Com Vítimas Feridas;Pleno dia;Decrescente;Céu Claro;Simples;Curva;-18,88401297;-41,94924399
09/07/2023;11:30:00;PERITORO;Velocidade Incompatível;Saída de leito carroçável;Com Vítimas Fatais;Pleno dia;Decrescente;Céu Claro;Simples;Reta;-4,52133893;-44,35332257
09/07/2023;16:00:00;UBERLANDIA;Velocidade Incompatível;Colisão lateral mesmo sentido;Com Vítimas Feridas;Pleno dia;Crescente;Céu Claro;Dupla;Reta;-18,90659356;-48,33469405