data_inversa;horario;municipio;causa_acidente;tipo_acidente;classificacao_acidente;fase_dia;sentido_via;condicao_metereologica;tipo_pista;tracado_via;latitude;longitude
01/07/2023;09:00:00;BETIM;Ultrapassagem Indevida;Colisão lateral mesmo sentido;Com Vítimas Feridas;Pleno dia;Decrescente;Céu Claro;Múltipla;Reta;-19,96245618;-44,16455495
13/07/2023;10:39:00;PALHOCA;Manobra de mudança de faixa;Colisão traseira;Com Vítimas Feridas;Pleno dia;Decrescente;Céu Claro;Simples;Reta;-27,64443;-48,67057
13/07/2023;09:05:00;BIGUACU;Demais Fenômenos da natureza;Eventos atípicos;Sem Vítimas;Pleno dia;Decrescente;Vento;Dupla;Reta;-27,468056;-48,641712
27/06/2023;17:20:00;DUQUE DE CAXIAS;Manobra de mudança de faixa;Queda de ocupante de veículo;Com Vítimas Feridas;Anoitecer;Decrescente;Nublado;Múltipla;Reta;-22,70948502;-43,29040354
13/07/2023;17:30:00;SETE LAGOAS;Falta de elemento de contenção que evite a saída do leito carroçável;Saída de leito carroçável;Sem Vítimas;Anoitecer;Crescente;Céu Claro;Dupla;"Curva;Aclive";-19,55911383;-44,24017469
13/07/2023;15:16:00;CORRENTINA;Velocidade Incompatível;Saída de leito carroçável;Com Vítimas Feridas;Pleno dia;Crescente;Céu Claro;Simples;Reta;-13,46809454;-44,91004944
13/07/2023;18:10:00;SAO JOSE;Manobra de mudança de faixa;Engavetamento;Com Vítimas Feridas;Anoitecer;Decrescente;Nublado;Múltipla;Reta;-27,5650044;-48,61460082
13/07/2023;18:00:00;SAO MIGUEL DO OESTE;Manobra de mudança de faixa;Colisão transversal;Com Vítimas Feridas;Plena Noite;Crescente;Chuva;Dupla;"Declive;Reta";-26,73461723;-53,50680015
13/07/2023;11:50:00;PELOTAS;Acumulo de água sobre o pavimento;Saída de leito carroçável;Sem Vítimas;Pleno dia;Decrescente;Chuva;Dupla;Curva;-31,77948;-52,359173
13/07/2023;19:10:00;ITABORAI;Ausência de reação do condutor;Tombamento;Com Vítimas Feridas;Plena Noite;Decrescente;Vento;Dupla;Reta;-22,73124198;-42,95145305
13/07/2023;19:06:00;MADALENA;Pista esburacada;Queda de ocupante de veículo;Com Vítimas Feridas;Plena Noite;Crescente;Céu Claro;Simples;Reta;-4,94100772;-39,63368743
13/07/2023;17:00:00;TRES RIOS;Manobra de mudança de faixa;Colisão transversal;Com Vítimas Fatais;Pleno dia;Crescente;Céu Claro;Dupla;Reta;-22,13812601;-43,1592825
13/07/2023;08:15:00;BAGE;Afundamento ou ondulação no pavimento;Saída de leito carroçável;Com Vítimas Feridas;Pleno dia;Crescente;Nublado;Simples;Reta;-31,19196212;-54,32552211
13/07/2023;20:02:00;PALMAS;Manobra de mudança de faixa;Colisão lateral mesmo sentido;Com Vítimas Feridas;Plena Noite;Decrescente;Céu Claro;Múltipla;Reta;-10,3148401;-48,2973254
13/07/2023;21:10:00;TIJUCAS;Reação tardia ou ineficiente do condutor;Tombamento;Com Vítimas Feridas;Plena Noite;Decrescente;Nublado;Dupla;Reta;-27,29669601;-48,63147594
13/07/2023;21:30:00;TABOAO DA SERRA;Velocidade Incompatível;Colisão lateral mesmo sentido;Com Vítimas Feridas;Plena Noite;Decrescente;Céu Claro;Dupla;Reta;-23,621691;-46,813288
13/07/2023;22:03:00;TABOAO DA SERRA;Velocidade Incompatível;Colisão traseira;Sem Vítimas;Plena Noite;Decrescente;Céu Claro;Dupla;Reta;-23,621691;-46,813288
13/07/2023;22:15:00;PILAR;Deficiência do Sistema de Iluminação/Sinalização;Colisão traseira;Com Vítimas Feridas;Plena Noite;Decrescente;Céu Claro;Dupla;Reta;-9,56918202;-35,96777916
13/07/2023;23:28:00;SAO MATEUS;Velocidade Incompatível;Colisão com objeto;Com Vítimas Feridas;Plena Noite;Crescente;Céu Claro;Múltipla;"Curva;Interseção de Vias;Retorno Regulamentado";-18,7165195;-39,87436378
13/07/2023;23:40:00;NOSSA SENHORA DO SOCORRO;Acostamento em desnível;Queda de ocupante de veículo;Com Vítimas Feridas;Plena Noite;Crescente;Céu Claro;Simples;"Aclive;Curva;Viaduto";-10,88051024;-37,13355535
14/07/2023;05:50:00;SAO GONCALO;Trafegar com motocicleta (ou similar) entre as faixas;Tombamento;Com Vítimas Feridas;Amanhecer;Crescente;Garoa/Chuvisco;Dupla;Reta;-22,79309326;-43,02479595
14/07/2023;06:30:00;ITATIAIUCU;Velocidade Incompatível;Saída de leito carroçável;Com Vítimas Feridas;Amanhecer;Crescente;Chuva;Dupla;Curva;-20,1904316;-44,38268793
14/07/2023;07:00:00;SAPUCAIA DO SUL;Acumulo de água sobre o pavimento;Colisão frontal;Com Vítimas Feridas;Pleno dia;Crescente;Nublado;Dupla;Reta;-29,83522986;-51,17484349
14/07/2023;07:30:00;ANGRA DOS REIS;Ultrapassagem Indevida;Colisão lateral mesmo sentido;Com Vítimas Feridas;Pleno dia;Decrescente;Céu Claro;Simples;Reta;-23,00098271;-44,44227202
14/07/2023;06:25:00;PONTA PORA;Sinalização mal posicionada;Saída de leito carroçável;Com Vítimas Feridas;Pleno dia;Crescente;Nublado;Simples;"Em Obras;Reta";-22,30778321;-55,13299896
14/07/2023;07:55:00;CAXIAS DO SUL;Reação tardia ou ineficiente do condutor;Tombamento;Com Vítimas Feridas;Pleno dia;Decrescente;Garoa/Chuvisco;Dupla;Curva;-29,12248283;-51,12278581
14/07/2023;08:00:00;ANAPOLIS;Manobra de mudança de faixa;Colisão transversal;Com Vítimas Feridas;Pleno dia;Crescente;Céu Claro;Dupla;"Reta;Retorno Regulamentado";-16,377987;-48,949195
13/07/2023;19:00:00;RIBEIRAO CASCALHEIRA;Ultrapassagem Indevida;Colisão frontal;Com Vítimas Feridas;Anoitecer;Crescente;Céu Claro;Simples;Reta;-12,73989109;-51,78445131
14/07/2023;09:00:00;MONTES CLAROS;Acumulo de óleo sobre o pavimento;Queda de ocupante de veículo;Com Vítimas Feridas;Pleno dia;Crescente;Céu Claro;Simples;Reta;-16,66257909;-43,76892799
13/07/2023;22:30:00;PARAOPEBA;Velocidade Incompatível;Saída de leito carroçável;Sem Vítimas;Plena Noite;Crescente;Céu Claro;Dupla;Reta;-19,28815;-44,392
14/07/2023;10:15:00;RECIFE;Acumulo de óleo sobre o pavimento;Tombamento;Com Vítimas Feridas;Pleno dia;Crescente;Céu Claro;Dupla;Curva;-8,05074296;-34,94580619
14/07/2023;10:15:00;RECIFE;Acumulo de óleo sobre o pavimento;Tombamento;Com Vítimas Feridas;Pleno dia;Crescente;Céu Claro;Dupla;Curva;-8,042334;-34,943096
14/07/2023;10:25:00;SIMOES FILHO;Reação tardia ou ineficiente do condutor;Tombamento;Com Vítimas Feridas;Pleno dia;Decrescente;Céu Claro;Dupla;"Reta;Viaduto";-12,77978866;-38,41589628
14/07/2023;09:30:00;CABO DE SANTO AGOSTINHO;Velocidade Incompatível;Tombamento;Com Vítimas Feridas;Pleno dia;Crescente;Céu Claro;Dupla;Curva;-8,317046;-35,107258
09/07/2023;16:40:00;CATANDUVAS;Velocidade Incompatível;Eventos atípicos;Sem Vítimas;Pleno dia;Decrescente;Céu Claro;Simples;Reta;-27,074812;-51,663269
12/06/2023;09:20:00;TABOAO DA SERRA;Ultrapassagem Indevida;Colisão frontal;Com Vítimas Feridas;Pleno dia;Decrescente;Céu Claro;Simples;Curva;-23,62809795;-46,81870306
14/07/2023;13:00:00;ITAJAI;Ausência de reação do condutor;Tombamento;Com Vítimas Feridas;Pleno dia;Decrescente;Céu Claro;Dupla;Reta;-26,92103178;-48,70856446
14/07/2023;13:15:00;MAFRA;Manobra de mudança de faixa;Capotamento;Com Vítimas Feridas;Pleno dia;Crescente;Céu Claro;Simples;Reta;-26,24513497;-49,64589702
14/07/2023;15:15:00;REMIGIO;Manobra de mudança de faixa;Colisão lateral sentido oposto;Com Vítimas Feridas;Pleno dia;Crescente;Sol;Simples;Curva;-6,9732572;-35,80905795
14/07/2023;14:05:00;SEROPEDICA;Velocidade Incompatível;Saída de leito carroçável;Com Vítimas Feridas;Pleno dia;Crescente;Céu Claro;Dupla;Reta;-22,74878218;-43,72550011
14/07/2023;15:00:00;PICOS;Ausência de reação do condutor;Tombamento;Com Vítimas Feridas;Pleno dia;Decrescente;Céu Claro;Dupla;Reta;-7,02245207;-41,56280109
14/07/2023;15:31:00;SOBRADO;Demais falhas mecânicas ou elétricas;Tombamento;Com Vítimas Feridas;Pleno dia;Crescente;Céu Claro;Dupla;Reta;-7,1894;-35,2596
14/07/2023;15:40:00;TAUBATE;Reação tardia ou ineficiente do condutor;Tombamento;Com Vítimas Feridas;Pleno dia;Crescente;Céu Claro;Dupla;Reta;-23,01250593;-45,52256005
14/07/2023;16:30:00;PRESIDENTE TANCREDO NEVES;Velocidade Incompatível;Colisão traseira;Com Vítimas Feridas;Pleno dia;Crescente;Sol;Simples;Reta;-13,4704317;-39,41825867
14/07/2023;14:20:00;PEDRA PRETA;Velocidade Incompatível;Saída de leito carroçável;Com Vítimas Feridas;Pleno dia;Decrescente;Céu Claro;Simples;Curva;-16,823941;-54,064741
14/07/2023;17:30:00;SAO JOSE;Falta de acostamento;Colisão lateral mesmo sentido;Com Vítimas Feridas;Anoitecer;Decrescente;Céu Claro;Simples;Reta;-27,53413705;-48,63003205
14/07/2023;14:00:00;INHAMBUPE;Velocidade Incompatível;Queda de ocupante de veículo;Com Vítimas Feridas;Pleno dia;Crescente;Sol;Simples;Reta;-11,9772411;-38,37700766
14/07/2023;16:00:00;JACIARA;Ultrapassagem Indevida;Colisão lateral mesmo sentido;Com Vítimas Fatais;Pleno dia;Decrescente;Sol;Dupla;"Aclive;Reta;Retorno Regulamentado";-15,9882532;-54,92679723
14/07/2023;18:00:00;JOAO PESSOA;Manobra de mudança de faixa;Colisão lateral mesmo sentido;Com Vítimas Feridas;Plena Noite;Decrescente;Céu Claro;Dupla;Reta;-7,15886802;-34,90628504
14/07/2023;19:10:00;SERRA;Manobra de mudança de faixa;Colisão lateral mesmo sentido;Com Vítimas Feridas;Plena Noite;Decrescente;Nublado;Múltipla;Reta;-20,19930999;-40,26884609
14/07/2023;06:00:00;SAO JOAO DE MERITI;Manobra de mudança de faixa;Colisão lateral mesmo sentido;Com Vítimas Feridas;Amanhecer;Decrescente;Chuva;Dupla;Reta;-22,78055198;-43,39208599
14/07/2023;18:10:00;CARIACICA;Manobra de mudança de faixa;Colisão transversal;Com Vítimas Feridas;Plena Noite;Decrescente;Céu Claro;Dupla;Retorno Regulamentado;-20,29755744;-40,39445616
19/06/2023;13:50:00;GENTIL;Velocidade Incompatível;Saída de leito carroçável;Com Vítimas Feridas;Pleno dia;Decrescente;Céu Claro;Simples;Reta;-28,306917;-52,030369
14/07/2023;19:55:00;UBERLANDIA;Desvio temporário;Colisão com objeto;Com Vítimas Feridas;Plena Noite;Crescente;Nublado;Dupla;"Desvio Temporário;Reta";-18,9247991;-48,18740845
14/07/2023;19:40:00;CONTAGEM;Manobra de mudança de faixa;Colisão lateral mesmo sentido;Com Vítimas Feridas;Plena Noite;Decrescente;Céu Claro;Dupla;Interseção de Vias;-19,89255399;-44,04985478
14/07/2023;20:00:00;MARINGA;Trafegar com motocicleta (ou similar) entre as faixas;Tombamento;Com Vítimas Feridas;Plena Noite;Crescente;Céu Claro;Dupla;Reta;-23,41269173;-51,93158327
14/07/2023;21:00:00;ARAQUARI;Ultrapassagem Indevida;Colisão frontal;Com Vítimas Feridas;Plena Noite;Crescente;Céu Claro;Simples;Reta;-26,45000366;-48,85790902
14/07/2023;19:35:00;CURITIBANOS;Ultrapassagem Indevida;Colisão frontal;Com Vítimas Feridas;Plena Noite;Decrescente;Céu Claro;Simples;"Declive;Reta";-27,305662;-50,721737
14/07/2023;21:45:00;PARNAIBA;Ultrapassagem Indevida;Colisão lateral mesmo sentido;Com Vítimas Feridas;Plena Noite;Decrescente;Céu Claro;Dupla;Interseção de Vias;-2,910035;-41,753662
14/07/2023;22:40:00;ESMERALDAS;Acumulo de areia ou detritos sobre o pavimento;Tombamento;Com Vítimas Feridas;Plena Noite;Crescente;Céu Claro;Dupla;Retorno Regulamentado;-19,61998768;-44,20673771
14/07/2023;07:40:00;CONTAGEM;Chuva;Tombamento;Com Vítimas Feridas;Pleno dia;Decrescente;Chuva;Múltipla;"Declive;Reta";-19,90883179;-44,04436577
14/07/2023;18:50:00;GLORIA DOESTE;Ultrapassagem Indevida;Colisão frontal;Com Vítimas Feridas;Plena Noite;Decrescente;Céu Claro;Simples;Reta;-15,811;-58,404
14/07/2023;20:00:00;SANTA LUZIA;Ultrapassagem Indevida;Colisão frontal;Com Vítimas Fatais;Plena Noite;Crescente;Céu Claro;Simples;"Declive;Curva";-6,9203;-36,8532
14/07/2023;22:40:00;JOINVILLE;Manobra de mudança de faixa;Colisão lateral mesmo sentido;Com Vítimas Feridas;Plena Noite;Decrescente;Céu Claro;Dupla;Reta;-26,30357106;-48,88225609
15/07/2023;05:30:00;ARAQUARI;Velocidade Incompatível;Saída de leito carroçável;Sem Vítimas;Plena Noite;Crescente;Céu Claro;Simples;Curva;-26,43447549;-48,80453914
14/07/2023;23:15:00;SAO JOAO DO MANHUACU;Reação tardia ou ineficiente do condutor;Tombamento;Com Vítimas Feridas;Plena Noite;Decrescente;Céu Claro;Simples;Reta;-20,41975203;-42,15528759
15/07/2023;07:40:00;SERRA;Manobra de mudança de faixa;Colisão traseira;Com Vítimas Feridas;Pleno dia;Decrescente;Céu Claro;Dupla;Reta;-20,23267;-40,27658
15/07/2023;09:19:00;OLIVEIRA;Velocidade Incompatível;Saída de leito carroçável;Com Vítimas Feridas;Pleno dia;Decrescente;Sol;Dupla;Curva;-20,87602422;-44,84695195
15/07/2023;07:40:00;IBIRAPITANGA;Pista esburacada;Saída de leito carroçável;Com Vítimas Feridas;Pleno dia;Crescente;Céu Claro;Simples;Curva;-14,22645747;-39,46281577
15/07/2023;08:00:00;NOVA IGUACU;Manobra de mudança de faixa;Colisão lateral mesmo sentido;Com Vítimas Feridas;Pleno dia;Decrescente;Céu Claro;Dupla;Reta;-22,73962339;-43,46276495
15/07/2023;09:00:00;ABREU E LIMA;Manobra de mudança de faixa;Colisão lateral mesmo sentido;Com Vítimas Feridas;Pleno dia;Decrescente;Céu Claro;Múltipla;Reta;-7,9169968;-34,89689272
15/07/2023;11:50:00;SANTO AMARO DA IMPERATRIZ;Ultrapassagem Indevida;Colisão lateral mesmo sentido;Com Vítimas Feridas;Pleno dia;Crescente;Céu Claro;Simples;Rotatória;-27,67478;-48,778904
15/07/2023;08:50:00;VITORIA DO MEARIM;Ultrapassagem Indevida;Colisão frontal;Com Vítimas Feridas;Amanhecer;Crescente;Céu Claro;Simples;Reta;-3,54716917;-44,90510491
15/07/2023;12:15:00;SONORA;Pista Escorregadia;Saída de leito carroçável;Com Vítimas Feridas;Pleno dia;Crescente;Céu Claro;Simples;Reta;-17,591269;-54,74493
15/07/2023;14:50:00;BRASILIA;Manobra de mudança de faixa;Colisão traseira;Com Vítimas Feridas;Pleno dia;Decrescente;Céu Claro;Dupla;Reta;-15,787601;-48,114429
15/07/2023;14:00:00;PRADO;Pista Escorregadia;Tombamento;Com Vítimas Feridas;Pleno dia;Crescente;Chuva;Simples;"Declive;Curva";-17,16076626;-39,57199001
15/07/2023;15:15:00;ITAJAI;Demais falhas mecânicas ou elétricas;Tombamento;Com Vítimas Feridas;Pleno dia;Decrescente;Céu Claro;Dupla;Interseção de Vias;-26,85311393;-48,72689927
15/07/2023;14:00:00;TAUA;Manobra de mudança de faixa;Colisão frontal;Com Vítimas Fatais;Pleno dia;Decrescente;Céu Claro;Simples;"Ponte;Reta";-5,821421;-40,17636207
15/07/2023;16:30:00;DEMERVAL LOBAO;Ultrapassagem Indevida;Colisão lateral mesmo sentido;Sem Vítimas;Pleno dia;Crescente;Céu Claro;Simples;"Reta;Em Obras";-5,33958796;-42,69400899
15/07/2023;17:30:00;SAO PAULO;Manobra de mudança de faixa;Colisão lateral mesmo sentido;Com Vítimas Feridas;Anoitecer;Decrescente;Céu Claro;Múltipla;Reta;-23,51291902;-46,57604698
15/07/2023;12:20:00;CAMPANHA;Velocidade Incompatível;Colisão frontal;Com Vítimas Feridas;Pleno dia;Crescente;Céu Claro;Dupla;Reta;-21,78133999;-45,43274701
15/07/2023;12:35:00;CAMPANHA;Manobra de mudança de faixa;Colisão lateral mesmo sentido;Com Vítimas Feridas;Pleno dia;Decrescente;Céu Claro;Dupla;"Declive;Curva";-21,81543894;-45,49238809
15/07/2023;17:20:00;SOMBRIO;Manobra de mudança de faixa;Colisão traseira;Com Vítimas Feridas;Pleno dia;Crescente;Céu Claro;Múltipla;"Aclive;Reta";-29,10817487;-49,63739835
15/07/2023;18:30:00;QUITANDINHA;Ultrapassagem Indevida;Colisão lateral mesmo sentido;Com Vítimas Feridas;Plena Noite;Decrescente;Céu Claro;Simples;Reta;-25,89489049;-49,52560893
15/07/2023;21:40:00;MARINGA;Manobra de mudança de faixa;Colisão lateral mesmo sentido;Com Vítimas Feridas;Plena Noite;Decrescente;Nublado;Múltipla;Interseção de Vias;-23,4113569;-51,9407767
14/07/2023;23:00:00;JOAO MONLEVADE;Afundamento ou ondulação no pavimento;Saída de leito carroçável;Com Vítimas Feridas;Plena Noite;Crescente;Nublado;Simples;"Reta;Desvio Temporário;Em Obras";-19,86089185;-43,09769902
15/07/2023;17:20:00;PALMEIRAS;Velocidade Incompatível;Saída de leito carroçável;Com Vítimas Feridas;Anoitecer;Crescente;Céu Claro;Simples;Reta;-12,46767097;-41,43877801
15/07/2023;23:13:00;OURO BRANCO;Velocidade Incompatível;Atropelamento de Animal;Sem Vítimas;Plena Noite;Decrescente;Céu Claro;Simples;Reta;-9,15982903;-37,41136499
16/07/2023;01:30:00;TIANGUA;Ingestão de álcool pelo condutor;Tombamento;Com Vítimas Feridas;Plena Noite;Decrescente;Céu Claro;Simples;"Declive;Curva";-3,6626771;-40,94453216
16/07/2023;01:18:00;GUARULHOS;Velocidade Incompatível;Tombamento;Sem Vítimas;Plena Noite;Decrescente;Céu Claro;Múltipla;Reta;-23,48469299;-46,55983288
16/07/2023;04:06:00;JOAO PESSOA;Velocidade Incompatível;Colisão com objeto;Com Vítimas Feridas;Amanhecer;Decrescente;Nublado;Dupla;"Curva;Viaduto";-7,16632544;-34,89473104
16/07/2023;06:30:00;ANAPOLIS;Ingestão de álcool pelo condutor;Tombamento;Com Vítimas Feridas;Pleno dia;Crescente;Céu Claro;Dupla;Retorno Regulamentado;-16,4022;-48,9745
16/07/2023;06:40:00;TANGARA;Avarias e/ou desgaste excessivo no pneu;Tombamento;Com Vítimas Feridas;Pleno dia;Decrescente;Céu Claro;Simples;Reta;-6,20320982;-35,80533536
16/07/2023;05:40:00;SAO GONCALO;Deficiência do Sistema de Iluminação/Sinalização;Colisão traseira;Com Vítimas Feridas;Amanhecer;Decrescente;Céu Claro;Dupla;Viaduto;-22,79115777;-43,01514205
25/06/2023;05:10:00;UBATUBA;Ingestão de álcool pelo condutor;Tombamento;Sem Vítimas;Amanhecer;Decrescente;Céu Claro;Simples;Curva;-23,41971433;-45,0428663
16/07/2023;08:40:00;PETROPOLIS;Velocidade Incompatível;Saída de leito carroçável;Com Vítimas Feridas;Pleno dia;Crescente;Céu Claro;Dupla;Reta;-22,39450315;-43,13468983
16/07/2023;09:10:00;GENERAL CARNEIRO;Velocidade Incompatível;Saída de leito carroçável;Com Vítimas Feridas;Pleno dia;Crescente;Céu Claro;Simples;Declive;-15,67421693;-52,81408803
11/07/2023;09:30:00;CRISTINO CASTRO;Ultrapassagem Indevida;Colisão lateral mesmo sentido;Com Vítimas Feridas;Pleno dia;Decrescente;Céu Claro;Simples;Reta;-8,84295612;-44,23126977
16/07/2023;10:35:00;ITATIM;Objeto estático sobre o leito carroçável;Tombamento;Com Vítimas Feridas;Pleno dia;Decrescente;Sol;Simples;Curva;-12,71200819;-39,73679991
16/07/2023;12:15:00;CAMPINA GRANDE;Reação tardia ou ineficiente do condutor;Tombamento;Com Vítimas Feridas;Pleno dia;Crescente;Nublado;Simples;"Curva;Em Obras";-7,2763;-35,8887
16/07/2023;12:00:00;MANGARATIBA;Velocidade Incompatível;Saída de leito carroçável;Com Vítimas Fatais;Pleno dia;Crescente;Céu Claro;Simples;Aclive;-22,9178274;-43,90471593
16/07/2023;14:20:00;CANDEIAS;Manobra de mudança de faixa;Saída de leito carroçável;Com Vítimas Feridas;Pleno dia;Decrescente;Sol;Dupla;Reta;-12,64084033;-38,47628637
16/07/2023;12:20:00;CAETE;Curva acentuada;Saída de leito carroçável;Com Vítimas Feridas;Pleno dia;Crescente;Céu Claro;Dupla;"Curva;Aclive";-19,78854826;-43,69815304
16/07/2023;16:25:00;PELOTAS;Ausência de reação do condutor;Tombamento;Com Vítimas Feridas;Pleno dia;Decrescente;Céu Claro;Simples;Reta;-31,70266721;-52,41222613
15/07/2023;16:30:00;POUSO ALEGRE;Velocidade Incompatível;Saída de leito carroçável;Sem Vítimas;Pleno dia;Crescente;Céu Claro;Simples;"Curva;Aclive";-22,173647;-46,001644
16/07/2023;15:40:00;PARA DE MINAS;Velocidade Incompatível;Saída de leito carroçável;Com Vítimas Feridas;Pleno dia;Crescente;Sol;Dupla;Curva;-19,90018759;-44,55287088
16/07/2023;16:15:00;DOM PEDRITO;Manobra de mudança de faixa;Saída de leito carroçável;Com Vítimas Feridas;Pleno dia;Decrescente;Céu Claro;Simples;Reta;-31,17888619;-54,34040016
16/07/2023;17:15:00;CURITIBA;Demais falhas mecânicas ou elétricas;Tombamento;Com Vítimas Feridas;Pleno dia;Crescente;Nublado;Dupla;Reta;-25,45999605;-49,35895013
16/07/2023;11:40:00;PRESIDENTE FIGUEIREDO;Velocidade Incompatível;Queda de ocupante de veículo;Com Vítimas Feridas;Pleno dia;Crescente;Sol;Simples;"Curva;Ponte";-2,12045208;-59,99420138
16/07/2023;15:40:00;ESTRELA;Manobra de mudança de faixa;Colisão lateral mesmo sentido;Com Vítimas Feridas;Pleno dia;Crescente;Céu Claro;Dupla;"Reta;Retorno Regulamentado";-29,557457;-51,891541
16/07/2023;17:45:00;SALTO GRANDE;Ultrapassagem Indevida;Saída de leito carroçável;Com Vítimas Feridas;Pleno dia;Crescente;Céu Claro;Simples;Aclive;-22,853448;-49,88959919
16/07/2023;18:15:00;PESCARIA BRAVA;Manobra de mudança de faixa;Colisão lateral mesmo sentido;Sem Vítimas;Plena Noite;Decrescente;Céu Claro;Dupla;Reta;-28,42532339;-48,8919091
16/07/2023;18:15:00;ITAARA;Velocidade Incompatível;Tombamento;Com Vítimas Feridas;Plena Noite;Crescente;Céu Claro;Simples;"Declive;Curva";-29,6581481;-53,77318382
16/07/2023;18:35:00;BRASILIA;Ultrapassagem Indevida;Colisão frontal;Com Vítimas Feridas;Plena Noite;Decrescente;Céu Claro;Simples;Reta;-15,731198;-48,148598
16/07/2023;16:30:00;CAXIAS;Velocidade Incompatível;Capotamento;Com Vítimas Fatais;Pleno dia;Decrescente;Céu Claro;Simples;Reta;-5,224909;-43,451706
16/07/2023;18:50:00;EMBU DAS ARTES;Manobra de mudança de faixa;Colisão lateral mesmo sentido;Com Vítimas Feridas;Plena Noite;Decrescente;Céu Claro;Múltipla;Reta;-23,68570216;-46,85970975
16/07/2023;18:15:00;CAMBARA;Restrição de visibilidade em curvas horizontais;Saída de leito carroçável;Com Vítimas Feridas;Anoitecer;Crescente;Céu Claro;Simples;Reta;-23,01440215;-50,01537323
16/07/2023;19:20:00;LAGES;Ausência de sinalização;Colisão traseira;Com Vítimas Feridas;Plena Noite;Crescente;Céu Claro;Simples;"Reta;Aclive";-27,797739;-50,353409
16/07/2023;20:20:00;FORMOSA;Acostamento em desnível;Colisão transversal;Com Vítimas Feridas;Plena Noite;Decrescente;Céu Claro;Simples;Reta;-15,520933;-47,124645
16/07/2023;20:20:00;MANGARATIBA;Velocidade Incompatível;Colisão com objeto;Sem Vítimas;Plena Noite;Decrescente;Céu Claro;Simples;"Aclive;Curva";-22,94335387;-44,06046308
16/07/2023;21:45:00;BELO JARDIM;Ultrapassagem Indevida;Colisão frontal;Com Vítimas Fatais;Plena Noite;Crescente;Céu Claro;Simples;Reta;-8,35206156;-36,47352905
16/07/2023;21:30:00;CAMBE;Velocidade Incompatível;Colisão traseira;Com Vítimas Feridas;Plena Noite;Decrescente;Céu Claro;Dupla;Reta;-23,29225365;-51,2663828
16/07/2023;21:50:00;JEQUIA DA PRAIA;Velocidade Incompatível;Capotamento;Com Vítimas Feridas;Plena Noite;Decrescente;Nublado;Dupla;Curva;-9,8893907;-36,17676799
16/07/2023;22:15:00;MAGE;Velocidade Incompatível;Saída de leito carroçável;Com Vítimas Fatais;Plena Noite;Crescente;Céu Claro;Dupla;Curva;-22,65476954;-43,08641553
17/07/2023;04:30:00;CANDEAL;Ultrapassagem Indevida;Colisão frontal;Com Vítimas Fatais;Plena Noite;Decrescente;Nevoeiro/Neblina;Simples;Reta;-11,922076;-39,244893
16/07/2023;16:35:00;ITAPEBI;Velocidade Incompatível;Saída de leito carroçável;Com Vítimas Feridas;Pleno dia;Crescente;Chuva;Simples;Curva;-15,97541315;-39,56308365
17/07/2023;04:50:00;MARINGA;Demais falhas mecânicas ou elétricas;Tombamento;Com Vítimas Feridas;Plena Noite;Crescente;Céu Claro;Dupla;Reta;-23,36609246;-52,07193375
17/07/2023;06:32:00;CARIACICA;Desrespeitar a preferência no cruzamento;Tombamento;Com Vítimas Feridas;Amanhecer;Decrescente;Céu Claro;Dupla;Em Obras;-20,3210184;-40,39580702
17/07/2023;07:20:00;SERRA;Manobra de mudança de faixa;Colisão lateral mesmo sentido;Com Vítimas Feridas;Pleno dia;Decrescente;Céu Claro;Dupla;Reta;-20,21740496;-40,26990578
17/07/2023;08:00:00;CONSELHEIRO LAFAIETE;Falta de elemento de contenção que evite a saída do leito carroçável;Colisão com objeto;Com Vítimas Feridas;Pleno dia;Decrescente;Céu Claro;Dupla;Reta;-20,67679;-43,794679
17/07/2023;08:10:00;RECIFE;Acumulo de areia ou detritos sobre o pavimento;Tombamento;Com Vítimas Feridas;Pleno dia;Decrescente;Céu Claro;Dupla;Reta;-8,075793;-34,942697
17/07/2023;09:00:00;RECIFE;Manobra de mudança de faixa;Colisão lateral mesmo sentido;Com Vítimas Feridas;Pleno dia;Decrescente;Céu Claro;Dupla;Reta;-8,07663102;-34,94277871
17/07/2023;08:45:00;GUARULHOS;Manobra de mudança de faixa;Colisão lateral mesmo sentido;Com Vítimas Feridas;Pleno dia;Crescente;Céu Claro;Múltipla;Reta;-23,47559815;-46,5246609
17/07/2023;08:15:00;RIO NOVO DO SUL;Velocidade Incompatível;Queda de ocupante de veículo;Com Vítimas Feridas;Pleno dia;Crescente;Céu Claro;Simples;Curva;-20,86208093;-40,88062015
17/07/2023;07:45:00;PETROPOLIS;Velocidade Incompatível;Queda de ocupante de veículo;Com Vítimas Feridas;Pleno dia;Decrescente;Céu Claro;Dupla;Curva;-22,49798597;-43,22878703
06/07/2023;05:55:00;AGUAS MORNAS;Velocidade Incompatível;Colisão frontal;Com Vítimas Feridas;Plena Noite;Crescente;Céu Claro;Simples;"Aclive;Curva";-27,703712;-48,959267
17/07/2023;10:30:00;CAJATI;Pista Escorregadia;Colisão com objeto;Sem Vítimas;Pleno dia;Decrescente;Chuva;Simples;"Declive;Curva";-24,854498;-48,211967
17/07/2023;08:20:00;CANDOI;Velocidade Incompatível;Saída de leito carroçável;Com Vítimas Feridas;Pleno dia;Decrescente;Nublado;Simples;Curva;-25,43184986;-52,00714351