data_inversa;horario;municipio;causa_acidente;tipo_acidente;classificacao_acidente;fase_dia;sentido_via;condicao_metereologica;tipo_pista;tracado_via;latitude;longitude
22/07/2023;12:40:00;JABOATAO DOS GUARARAPES;Manobra de mudança de faixa;Colisão lateral mesmo sentido;Com Vítimas Feridas;Pleno dia;Decrescente;Céu Claro;Múltipla;"Curva;Interseção de Vias";-8,175172;-34,942642
22/07/2023;10:00:00;SAO CRISTOVAO DO SUL;Demais falhas na via;Queda de ocupante de veículo;Com Vítimas Feridas;Pleno dia;Decrescente;Nublado;Simples;Reta;-27,30307;-50,447491
22/07/2023;14:10:00;TERESINA;Manobra de mudança de faixa;Colisão traseira;Com Vítimas Feridas;Pleno dia;Decrescente;Sol;Múltipla;Reta;-5,114822;-42,778355
22/07/2023;14:40:00;CACAPAVA;Demais falhas mecânicas ou elétricas;Tombamento;Com Vítimas Feridas;Pleno dia;Decrescente;Céu Claro;Dupla;Reta;-23,15300766;-45,78709317
11/07/2023;01:00:00;MANAUS;Carga excessiva e/ou mal acondicionada;Derramamento de carga;Com Vítimas Feridas;Plena Noite;Decrescente;Garoa/Chuvisco;Simples;Reta;-2,788977;-60,036613
08/04/2023;05:38:00;PORTO ALEGRE;Deficiência do Sistema de Iluminação/Sinalização;Colisão lateral mesmo sentido;Com Vítimas Feridas;Plena Noite;Crescente;Céu Claro;Múltipla;"Reta;Aclive";-29,96942543;-51,17439151
22/07/2023;15:40:00;TERESOPOLIS;Velocidade Incompatível;Colisão frontal;Com Vítimas Feridas;Pleno dia;Decrescente;Céu Claro;Simples;Curva;-22,48851488;-42,99935184
22/07/2023;15:10:00;ITAIOPOLIS;Ultrapassagem Indevida;Colisão frontal;Com Vítimas Feridas;Pleno dia;Decrescente;Céu Claro;Simples;Reta;-26,32181178;-49,97952713
22/07/2023;17:10:00;TOLEDO;Velocidade Incompatível;Saída de leito carroçável;Com Vítimas Feridas;Pleno dia;Crescente;Céu Claro;Dupla;Reta;-24,7652;-53,6899
22/07/2023;19:08:00;CRISTALINA;Iluminação deficiente;Saída de leito carroçável;Sem Vítimas;Plena Noite;Crescente;Céu Claro;Simples;"Reta;Em Obras";-16,9309;-47,7117
22/07/2023;18:00:00;TERESOPOLIS;Velocidade Incompatível;Queda de ocupante de veículo;Com Vítimas Feridas;Plena Noite;Crescente;Céu Claro;Simples;Reta;-22,26893308;-42,92498182
22/07/2023;19:13:00;COLINAS DO TOCANTINS;Ultrapassagem Indevida;Colisão lateral sentido oposto;Com Vítimas Feridas;Plena Noite;Crescente;Céu Claro;Simples;Reta;-8,08927099;-48,46752743
22/07/2023;18:00:00;ITATIRA;Demais falhas na via;Colisão com objeto;Com Vítimas Feridas;Plena Noite;Decrescente;Céu Claro;Simples;Reta;-4,71986089;-39,46525431
22/07/2023;08:30:00;ALTAMIRA;Manobra de mudança de faixa;Colisão frontal;Com Vítimas Feridas;Plena Noite;Crescente;Céu Claro;Simples;Declive;-3,203721;-52,206787
22/07/2023;18:15:00;TRES BARRAS;Velocidade Incompatível;Saída de leito carroçável;Com Vítimas Feridas;Pleno dia;Decrescente;Nublado;Simples;Reta;-26,17859527;-50,18749694
22/07/2023;19:00:00;ITABORAI;Reação tardia ou ineficiente do condutor;Tombamento;Com Vítimas Feridas;Plena Noite;Crescente;Céu Claro;Dupla;Reta;-22,76398788;-42,92731895
22/07/2023;22:20:00;UBERABA;Manobra de mudança de faixa;Colisão lateral mesmo sentido;Com Vítimas Feridas;Plena Noite;Crescente;Céu Claro;Dupla;Reta;-19,77919981;-47,960032
22/07/2023;23:10:00;VIANA;Acumulo de água sobre o pavimento;Saída de leito carroçável;Com Vítimas Fatais;Plena Noite;Crescente;Chuva;Dupla;Curva;-20,36958283;-40,44384551
22/07/2023;22:50:00;IGARASSU;Afundamento ou ondulação no pavimento;Queda de ocupante de veículo;Com Vítimas Feridas;Plena Noite;Crescente;Céu Claro;Dupla;Reta;-7,74443874;-34,93872764
22/07/2023;23:20:00;EMBU DAS ARTES;Ultrapassagem Indevida;Colisão traseira;Sem Vítimas;Plena Noite;Crescente;Céu Claro;Dupla;Reta;-23,63638826;-46,83251584
22/07/2023;23:10:00;FOZ DO IGUACU;Velocidade Incompatível;Saída de leito carroçável;Sem Vítimas;Plena Noite;Decrescente;Céu Claro;Dupla;Reta;-25,5106015;-54,55481999
23/07/2023;01:45:00;PALHOCA;Reação tardia ou ineficiente do condutor;Tombamento;Com Vítimas Feridas;Plena Noite;Decrescente;Céu Claro;Múltipla;Viaduto;-27,63697369;-48,66514142
23/07/2023;02:25:00;SAO SEBASTIAO DO PASSE;Velocidade Incompatível;Colisão traseira;Com Vítimas Feridas;Plena Noite;Crescente;Céu Claro;Dupla;Reta;-12,58364429;-38,53073221
22/07/2023;19:50:00;MONSENHOR GIL;Restrição de visibilidade em curvas horizontais;Saída de leito carroçável;Com Vítimas Feridas;Plena Noite;Crescente;Céu Claro;Simples;Curva;-5,67458801;-42,59603009
23/07/2023;01:40:00;ANGRA DOS REIS;Velocidade Incompatível;Tombamento;Com Vítimas Feridas;Plena Noite;Crescente;Nublado;Simples;Curva;-22,986109;-44,297889
23/07/2023;03:10:00;COLONIA DO GURGUEIA;Ausência de reação do condutor;Tombamento;Com Vítimas Fatais;Plena Noite;Crescente;Céu Claro;Simples;"Interseção de Vias;Reta";-8,17035828;-43,78972476
23/07/2023;03:45:00;SAO JOSE DOS PINHAIS;Velocidade Incompatível;Colisão com objeto;Sem Vítimas;Pleno dia;Crescente;Céu Claro;Dupla;Reta;-25,52682231;-49,14038767
23/07/2023;05:10:00;CURVELO;Ultrapassagem Indevida;Saída de leito carroçável;Com Vítimas Feridas;Plena Noite;Crescente;Céu Claro;Simples;"Declive;Curva";-19,158582;-44,588448
15/07/2023;06:50:00;PONTA PORA;Velocidade Incompatível;Saída de leito carroçável;Sem Vítimas;Pleno dia;Decrescente;Céu Claro;Simples;Rotatória;-22,302108;-55,101335
23/07/2023;03:00:00;JAGUARIBE;Manobra de mudança de faixa;Tombamento;Com Vítimas Feridas;Plena Noite;Decrescente;Céu Claro;Simples;"Reta;Declive";-5,95498996;-38,63091758
23/07/2023;06:30:00;SALINAS;Pista Escorregadia;Saída de leito carroçável;Com Vítimas Feridas;Amanhecer;Crescente;Chuva;Simples;Curva;-16,13244697;-42,23230362
23/07/2023;08:00:00;SAPUCAIA;Chuva;Colisão frontal;Com Vítimas Feridas;Amanhecer;Crescente;Chuva;Simples;Curva;-21,87764485;-42,67025797
23/07/2023;08:30:00;SAO GONCALO DO RIO ABAIXO;Deficiência do Sistema de Iluminação/Sinalização;Colisão frontal;Com Vítimas Feridas;Pleno dia;Decrescente;Nublado;Simples;Curva;-19,84955579;-43,25424839
23/07/2023;10:00:00;EMBU DAS ARTES;Ultrapassagem Indevida;Colisão traseira;Com Vítimas Feridas;Pleno dia;Decrescente;Céu Claro;Dupla;Reta;-23,64262417;-46,83811382
23/07/2023;10:22:00;VALPARAISO DE GOIAS;Frear bruscamente;Tombamento;Com Vítimas Feridas;Pleno dia;Crescente;Céu Claro;Dupla;Reta;-16,093134;-47,982236
23/07/2023;11:20:00;SAO JOAQUIM DE BICAS;Manobra de mudança de faixa;Colisão lateral mesmo sentido;Com Vítimas Feridas;Pleno dia;Decrescente;Céu Claro;Dupla;Reta;-20,05643192;-44,28663308
23/07/2023;14:30:00;IGARAPE;Velocidade Incompatível;Tombamento;Com Vítimas Feridas;Pleno dia;Crescente;Céu Claro;Dupla;Reta;-20,10866993;-44,31488799
23/07/2023;15:30:00;UBERLANDIA;Avarias e/ou desgaste excessivo no pneu;Tombamento;Com Vítimas Feridas;Pleno dia;Crescente;Sol;Dupla;"Declive;Reta";-18,78608604;-48,23160008
23/07/2023;13:10:00;FLOR DA SERRA DO SUL;Velocidade Incompatível;Saída de leito carroçável;Com Vítimas Feridas;Pleno dia;Decrescente;Céu Claro;Simples;Curva;-26,23825617;-53,18925192
23/07/2023;16:06:00;IGARASSU;Ultrapassagem Indevida;Colisão lateral sentido oposto;Com Vítimas Feridas;Pleno dia;Crescente;Céu Claro;Dupla;Reta;-7,85637001;-34,90842109
23/07/2023;15:40:00;GUAPIMIRIM;Velocidade Incompatível;Colisão com objeto;Com Vítimas Fatais;Pleno dia;Decrescente;Céu Claro;Múltipla;Curva;-22,5031646;-42,99910415
23/07/2023;16:15:00;GOIANAPOLIS;Ausência de reação do condutor;Tombamento;Com Vítimas Feridas;Pleno dia;Decrescente;Sol;Dupla;"Declive;Curva";-16,451;-49,0409
23/07/2023;14:45:00;ANGRA DOS REIS;Declive acentuado;Queda de ocupante de veículo;Com Vítimas Feridas;Pleno dia;Crescente;Céu Claro;Simples;"Curva;Declive";-23,00889514;-44,29246545
23/07/2023;17:00:00;PARA DE MINAS;Velocidade Incompatível;Tombamento;Com Vítimas Feridas;Anoitecer;Crescente;Céu Claro;Dupla;Reta;-19,90311456;-44,534
23/07/2023;16:05:00;LONTRAS;Problema com o freio;Tombamento;Com Vítimas Feridas;Pleno dia;Crescente;Céu Claro;Simples;Reta;-27,129;-49,538277
23/07/2023;17:20:00;ABADIANIA;Manobra de mudança de faixa;Colisão traseira;Com Vítimas Feridas;Pleno dia;Crescente;Céu Claro;Dupla;Retorno Regulamentado;-16,1865;-48,6872
23/07/2023;17:00:00;CAMPO GRANDE;Demais falhas mecânicas ou elétricas;Tombamento;Com Vítimas Feridas;Pleno dia;Decrescente;Céu Claro;Simples;Reta;-20,47159896;-54,43906
23/07/2023;17:00:00;DUQUE DE CAXIAS;Curva acentuada;Colisão lateral mesmo sentido;Sem Vítimas;Pleno dia;Decrescente;Céu Claro;Dupla;Curva;-22,67086766;-43,28451276
21/07/2023;21:20:00;NITEROI;Manobra de mudança de faixa;Colisão lateral mesmo sentido;Com Vítimas Feridas;Plena Noite;Decrescente;Céu Claro;Dupla;"Reta;Ponte";-22,878923;-43,110676
23/07/2023;16:30:00;CALUMBI;Ultrapassagem Indevida;Saída de leito carroçável;Sem Vítimas;Anoitecer;Crescente;Céu Claro;Simples;"Declive;Ponte";-8,04140142;-38,06782307
23/07/2023;20:05:00;JARAGUA DO SUL;Ultrapassagem Indevida;Colisão frontal;Com Vítimas Feridas;Plena Noite;Decrescente;Nublado;Simples;Reta;-26,46151693;-49,13480597
23/07/2023;20:25:00;MAIRIPORA;Velocidade Incompatível;Tombamento;Com Vítimas Feridas;Plena Noite;Decrescente;Céu Claro;Dupla;Reta;-23,35047979;-46,55267274
23/07/2023;19:10:00;ITABORAI;Afundamento ou ondulação no pavimento;Queda de ocupante de veículo;Com Vítimas Feridas;Plena Noite;Decrescente;Céu Claro;Simples;Reta;-22,73124198;-42,95145305
23/07/2023;18:40:00;PEDRA;Reação tardia ou ineficiente do condutor;Tombamento;Com Vítimas Feridas;Pleno dia;Crescente;Céu Claro;Simples;"Declive;Reta";-8,49967931;-36,95655101
23/07/2023;21:40:00;BRASILIA;Velocidade Incompatível;Colisão traseira;Com Vítimas Feridas;Plena Noite;Crescente;Céu Claro;Dupla;Reta;-15,603384;-47,684692
23/07/2023;20:04:00;IMBITUBA;Manobra de mudança de faixa;Colisão traseira;Sem Vítimas;Plena Noite;Decrescente;Céu Claro;Dupla;Reta;-28,22947996;-48,70163526
23/07/2023;21:30:00;CASCAVEL;Reação tardia ou ineficiente do condutor;Tombamento;Com Vítimas Feridas;Plena Noite;Decrescente;Céu Claro;Simples;Reta;-24,98082053;-53,48254989
23/07/2023;20:00:00;SABARA;Demais falhas na via;Eventos atípicos;Com Vítimas Feridas;Plena Noite;Crescente;Nublado;Simples;"Aclive;Reta";-19,80008239;-43,76190792
23/07/2023;20:08:00;IMBITUBA;Ultrapassagem Indevida;Colisão transversal;Sem Vítimas;Plena Noite;Decrescente;Nublado;Dupla;Reta;-28,22116606;-48,70063047
23/07/2023;23:30:00;CURITIBA;Ausência de reação do condutor;Tombamento;Sem Vítimas;Plena Noite;Decrescente;Céu Claro;Múltipla;Reta;-25,55468195;-49,27402397
23/07/2023;19:10:00;MAE DO RIO;Deficiência do Sistema de Iluminação/Sinalização;Colisão traseira;Com Vítimas Feridas;Plena Noite;Decrescente;Ignorado;Simples;"Reta;Declive";-1,91433503;-47,52113775
23/07/2023;21:00:00;SEROPEDICA;Iluminação deficiente;Saída de leito carroçável;Com Vítimas Feridas;Plena Noite;Crescente;Céu Claro;Dupla;Reta;-22,74105859;-43,72221708
23/07/2023;19:50:00;NOVA LONDRINA;Velocidade Incompatível;Capotamento;Com Vítimas Feridas;Plena Noite;Crescente;Céu Claro;Simples;Rotatória;-22,81170983;-53,01976204
24/07/2023;01:20:00;MONTES CLAROS;Pista Escorregadia;Saída de leito carroçável;Com Vítimas Feridas;Plena Noite;Crescente;Chuva;Simples;"Aclive;Reta";-16,85619511;-44,11701088
24/07/2023;04:00:00;MILAGRES;Pista Escorregadia;Colisão frontal;Com Vítimas Feridas;Plena Noite;Decrescente;Garoa/Chuvisco;Simples;"Declive;Reta";-12,91216828;-39,86580772
24/07/2023;06:42:00;IBIRACU;Manobra de mudança de faixa;Colisão lateral sentido oposto;Com Vítimas Feridas;Pleno dia;Crescente;Nublado;Simples;Curva;-19,82999127;-40,37211181
24/07/2023;07:03:00;JACAREI;Manobra de mudança de faixa;Colisão traseira;Com Vítimas Feridas;Pleno dia;Crescente;Céu Claro;Dupla;Reta;-23,27101606;-45,96787896
24/07/2023;07:30:00;OLIVEIRA;Velocidade Incompatível;Capotamento;Com Vítimas Feridas;Pleno dia;Crescente;Céu Claro;Dupla;Curva;-20,64973798;-44,73551891
24/07/2023;07:30:00;ARAUCARIA;Manobra de mudança de faixa;Colisão lateral mesmo sentido;Com Vítimas Feridas;Pleno dia;Decrescente;Sol;Simples;"Curva;Aclive";-25,6338503;-49,4603591
24/07/2023;08:15:00;RECIFE;Acostamento em desnível;Queda de ocupante de veículo;Com Vítimas Feridas;Pleno dia;Decrescente;Sol;Dupla;Reta;-8,078292;-34,942923
24/07/2023;07:30:00;SALVADOR;Demais falhas mecânicas ou elétricas;Tombamento;Com Vítimas Feridas;Pleno dia;Crescente;Chuva;Múltipla;Reta;-12,94194706;-38,47081224
24/07/2023;08:40:00;ITAPEMA;Manobra de mudança de faixa;Colisão com objeto;Com Vítimas Feridas;Pleno dia;Decrescente;Sol;Múltipla;Declive;-27,10123686;-48,61807962
24/07/2023;08:30:00;BALSA NOVA;Manobra de mudança de faixa;Colisão lateral mesmo sentido;Com Vítimas Feridas;Pleno dia;Decrescente;Céu Claro;Dupla;Reta;-25,468894;-49,596738
24/07/2023;08:30:00;COXIM;Ausência de reação do condutor;Tombamento;Com Vítimas Feridas;Pleno dia;Crescente;Céu Claro;Simples;Reta;-18,3654;-54,6649078
24/07/2023;08:57:00;JUATUBA;Velocidade Incompatível;Saída de leito carroçável;Sem Vítimas;Pleno dia;Decrescente;Chuva;Dupla;Curva;-19,947864;-44,381226
24/07/2023;09:49:00;CACHOEIRA ALTA;Manobra de mudança de faixa;Capotamento;Sem Vítimas;Pleno dia;Crescente;Céu Claro;Simples;Reta;-18,567274;-51,047333
24/07/2023;10:33:00;TERESINA;Manobra de mudança de faixa;Colisão transversal;Com Vítimas Feridas;Pleno dia;Crescente;Céu Claro;Simples;Rotatória;-5,087362;-42,757851
24/07/2023;11:05:00;SOBRADO;Condutor deixou de manter distância do veículo da frente;Saída de leito carroçável;Com Vítimas Feridas;Pleno dia;Decrescente;Sol;Dupla;"Aclive;Reta;Desvio Temporário";-7,1907;-35,2418
24/07/2023;11:00:00;BRASILIA;Acumulo de óleo sobre o pavimento;Tombamento;Com Vítimas Feridas;Pleno dia;Crescente;Céu Claro;Dupla;"Curva;Declive";-15,581853;-47,512711
24/07/2023;10:00:00;IRATI;Ultrapassagem Indevida;Colisão lateral mesmo sentido;Com Vítimas Feridas;Pleno dia;Decrescente;Céu Claro;Simples;Reta;-25,481234;-50,640733
24/07/2023;07:20:00;SENHOR DO BONFIM;Ultrapassagem Indevida;Capotamento;Com Vítimas Feridas;Pleno dia;Crescente;Sol;Simples;Reta;-10,42999697;-40,18666127
24/07/2023;08:49:00;OLIVEIRA;Chuva;Saída de leito carroçável;Com Vítimas Feridas;Pleno dia;Crescente;Garoa/Chuvisco;Dupla;"Declive;Curva";-20,84702065;-44,83281432
24/07/2023;13:00:00;GUAPIMIRIM;Reação tardia ou ineficiente do condutor;Tombamento;Com Vítimas Feridas;Pleno dia;Decrescente;Céu Claro;Dupla;Retorno Regulamentado;-22,535843;-42,99125
16/07/2023;08:20:00;ELDORADO;Manobra de mudança de faixa;Saída de leito carroçável;Com Vítimas Feridas;Pleno dia;Crescente;Céu Claro;Simples;"Declive;Reta";-23,696052;-54,26791402
24/07/2023;12:40:00;ITATIAIUCU;Chuva;Saída de leito carroçável;Com Vítimas Feridas;Pleno dia;Decrescente;Chuva;Dupla;Curva;-20,19896036;-44,38641307
24/07/2023;12:10:00;OLIVEIRA;Velocidade Incompatível;Saída de leito carroçável;Com Vítimas Feridas;Pleno dia;Crescente;Chuva;Dupla;"Declive;Curva";-20,84106606;-44,82613492
24/07/2023;13:18:00;SANTO ANTONIO DO AMPARO;Velocidade Incompatível;Colisão com objeto;Sem Vítimas;Pleno dia;Crescente;Chuva;Dupla;Curva;-20,88278809;-44,85183046
24/07/2023;15:10:00;ARACATI;Velocidade Incompatível;Colisão traseira;Com Vítimas Feridas;Pleno dia;Decrescente;Céu Claro;Simples;Reta;-4,58076924;-37,88751901
24/07/2023;17:20:00;SAO CRISTOVAO;Condutor deixou de manter distância do veículo da frente;Tombamento;Com Vítimas Feridas;Anoitecer;Decrescente;Nublado;Dupla;"Retorno Regulamentado;Reta";-10,92496615;-37,17722476
24/07/2023;14:55:00;CASCAVEL;Manobra de mudança de faixa;Colisão lateral mesmo sentido;Com Vítimas Feridas;Pleno dia;Decrescente;Sol;Dupla;"Reta;Retorno Regulamentado";-24,8289;-53,6431
24/07/2023;15:15:00;CACHOEIRA PAULISTA;Acumulo de óleo sobre o pavimento;Tombamento;Com Vítimas Feridas;Pleno dia;Crescente;Céu Claro;Dupla;"Curva;Rotatória";-22,67026579;-44,99183604
24/07/2023;18:10:00;NOVA IGUACU;Manobra de mudança de faixa;Colisão transversal;Com Vítimas Feridas;Plena Noite;Decrescente;Céu Claro;Múltipla;Reta;-22,761312;-43,423492
24/07/2023;18:15:00;CANOAS;Ausência de reação do condutor;Tombamento;Com Vítimas Feridas;Anoitecer;Decrescente;Garoa/Chuvisco;Múltipla;Reta;-29,9021557;-51,1763487
24/07/2023;19:05:00;CANOAS;Acumulo de óleo sobre o pavimento;Tombamento;Com Vítimas Feridas;Plena Noite;Decrescente;Garoa/Chuvisco;Múltipla;Curva;-29,96245509;-51,17600571
24/07/2023;19:40:00;MACAPA;Manobra de mudança de faixa;Colisão lateral mesmo sentido;Com Vítimas Feridas;Plena Noite;Crescente;Nublado;Dupla;"Declive;Reta";0,08810517;-51,09352827
24/07/2023;18:15:00;PARANAIBA;Reação tardia ou ineficiente do condutor;Tombamento;Com Vítimas Feridas;Anoitecer;Decrescente;Céu Claro;Simples;Reta;-19,63861994;-51,20871078
24/07/2023;20:15:00;SAO MATEUS;Reação tardia ou ineficiente do condutor;Tombamento;Com Vítimas Feridas;Plena Noite;Decrescente;Nublado;Simples;Reta;-18,68153217;-39,86364755
24/07/2023;19:45:00;UBATUBA;Avarias e/ou desgaste excessivo no pneu;Tombamento;Com Vítimas Feridas;Plena Noite;Decrescente;Céu Claro;Simples;Reta;-23,34811618;-44,94553789
24/07/2023;20:45:00;RECIFE;Pista Escorregadia;Tombamento;Com Vítimas Feridas;Plena Noite;Decrescente;Céu Claro;Dupla;Curva;-8,15112589;-34,9428866
24/07/2023;20:00:00;PARANAGUA;Iluminação deficiente;Tombamento;Com Vítimas Feridas;Plena Noite;Decrescente;Nublado;Dupla;Reta;-25,55787847;-48,65324572
24/07/2023;11:40:00;CARMOPOLIS DE MINAS;Velocidade Incompatível;Saída de leito carroçável;Com Vítimas Feridas;Pleno dia;Decrescente;Chuva;Dupla;Curva;-20,52949002;-44,63874994
24/07/2023;20:10:00;PARACATU;Ultrapassagem Indevida;Colisão frontal;Com Vítimas Fatais;Plena Noite;Crescente;Céu Claro;Simples;Curva;-17,5174009;-46,55481388
25/07/2023;02:50:00;CARIACICA;Velocidade Incompatível;Colisão com objeto;Com Vítimas Feridas;Plena Noite;Decrescente;Nublado;Dupla;Reta;-20,23438373;-40,3693577
25/07/2023;06:40:00;ABREU E LIMA;Afundamento ou ondulação no pavimento;Colisão lateral mesmo sentido;Sem Vítimas;Pleno dia;Crescente;Sol;Múltipla;Reta;-7,9169968;-34,89689272
25/07/2023;07:40:00;PORTO BELO;Demais falhas mecânicas ou elétricas;Tombamento;Com Vítimas Feridas;Pleno dia;Decrescente;Nublado;Múltipla;Reta;-27,16292;-48,61129
25/07/2023;06:40:00;NATAL;Manobra de mudança de faixa;Colisão transversal;Com Vítimas Feridas;Pleno dia;Crescente;Céu Claro;Dupla;Reta;-5,87359183;-35,22063023
19/03/2023;12:30:00;SABARA;Ultrapassagem Indevida;Colisão frontal;Com Vítimas Feridas;Pleno dia;Decrescente;Céu Claro;Simples;Reta;-19,8094973;-43,7736749
09/04/2023;22:00:00;CONSELHEIRO LAFAIETE;Chuva;Saída de leito carroçável;Com Vítimas Feridas;Plena Noite;Decrescente;Chuva;Simples;Curva;-20,60236514;-43,80699874
25/07/2023;09:30:00;UBERLANDIA;Manobra de mudança de faixa;Colisão lateral mesmo sentido;Com Vítimas Feridas;Pleno dia;Crescente;Céu Claro;Dupla;Reta;-18,85140204;-48,25345932
25/07/2023;09:30:00;PICOS;Ausência de sinalização;Tombamento;Com Vítimas Feridas;Pleno dia;Decrescente;Céu Claro;Dupla;Reta;-7,08092534;-41,4582602
25/07/2023;11:17:00;GUARULHOS;Manobra de mudança de faixa;Colisão traseira;Com Vítimas Feridas;Pleno dia;Crescente;Céu Claro;Múltipla;Reta;-23,46472809;-46,49793962
25/07/2023;11:15:00;UBAPORANGA;Velocidade Incompatível;Colisão traseira;Com Vítimas Feridas;Pleno dia;Crescente;Céu Claro;Simples;Aclive;-19,66981698;-42,11727987
25/07/2023;12:00:00;ESMERALDAS;Manobra de mudança de faixa;Colisão traseira;Com Vítimas Feridas;Pleno dia;Decrescente;Céu Claro;Dupla;"Declive;Reta";-19,70735708;-44,16736508
24/06/2023;15:30:00;BALNEARIO CAMBORIU;Acessar a via sem observar a presença dos outros veículos;Tombamento;Com Vítimas Feridas;Pleno dia;Decrescente;Céu Claro;Dupla;"Interseção de Vias;Reta";-26,99064209;-48,66310912
25/07/2023;14:30:00;ITAPECERICA DA SERRA;Acumulo de areia ou detritos sobre o pavimento;Queda de ocupante de veículo;Com Vítimas Feridas;Pleno dia;Crescente;Céu Claro;Dupla;Curva;-23,70407794;-46,87249709
26/06/2023;17:40:00;NITEROI;Manobra de mudança de faixa;Colisão lateral mesmo sentido;Com Vítimas Feridas;Anoitecer;Decrescente;Céu Claro;Dupla;Reta;-22,85411774;-43,1018014
25/07/2023;12:45:00;ALAGOINHAS;Reação tardia ou ineficiente do condutor;Tombamento;Com Vítimas Feridas;Pleno dia;Decrescente;Céu Claro;Simples;Reta;-12,1046008;-38,37723015
25/07/2023;15:45:00;GUARAPUAVA;Acumulo de areia ou detritos sobre o pavimento;Eventos atípicos;Sem Vítimas;Pleno dia;Crescente;Céu Claro;Simples;Reta;-25,37353503;-51,308405
25/07/2023;16:30:00;BRASILIA;Acumulo de óleo sobre o pavimento;Eventos atípicos;Com Vítimas Feridas;Pleno dia;Decrescente;Céu Claro;Dupla;Reta;-16,02964538;-47,97901154
25/07/2023;17:00:00;BETIM;Manobra de mudança de faixa;Colisão lateral mesmo sentido;Com Vítimas Feridas;Pleno dia;Crescente;Céu Claro;Múltipla;Reta;-19,955532;-44,097209
25/07/2023;16:40:00;DUQUE DE CAXIAS;Manobra de mudança de faixa;Colisão lateral mesmo sentido;Com Vítimas Feridas;Pleno dia;Decrescente;Céu Claro;Dupla;Reta;-22,78185499;-43,28571273
25/07/2023;17:35:00;JOAO PESSOA;Ausência de reação do condutor;Tombamento;Com Vítimas Feridas;Plena Noite;Crescente;Céu Claro;Dupla;"Aclive;Reta";-7,1281;-34,8466
25/07/2023;18:26:00;SANTA RITA DE MINAS;Ausência de reação do condutor;Tombamento;Com Vítimas Feridas;Plena Noite;Crescente;Nublado;Simples;"Reta;Declive";-19,86620285;-42,1352356
25/07/2023;17:20:00;PALHOCA;Reação tardia ou ineficiente do condutor;Tombamento;Com Vítimas Feridas;Anoitecer;Crescente;Céu Claro;Múltipla;Reta;-27,63697369;-48,66514142
25/07/2023;19:10:00;INHAPIM;Iluminação deficiente;Colisão frontal;Com Vítimas Feridas;Plena Noite;Crescente;Garoa/Chuvisco;Simples;Reta;-19,594446;-42,11241304
25/07/2023;18:55:00;RIO BRILHANTE;Manobra de mudança de faixa;Colisão frontal;Com Vítimas Fatais;Plena Noite;Crescente;Céu Claro;Simples;Curva;-21,66727715;-54,4553759
25/07/2023;16:40:00;NITEROI;Velocidade Incompatível;Colisão traseira;Com Vítimas Feridas;Pleno dia;Crescente;Céu Claro;Múltipla;Reta;-22,878923;-43,110676
25/07/2023;18:50:00;IMBITUVA;Ausência de reação do condutor;Tombamento;Com Vítimas Feridas;Plena Noite;Crescente;Céu Claro;Simples;Desvio Temporário;-25,156922;-50,541287
25/07/2023;18:40:00;PALHOCA;Velocidade Incompatível;Colisão com objeto;Com Vítimas Feridas;Plena Noite;Decrescente;Céu Claro;Dupla;Reta;-27,62996929;-48,65903871
25/07/2023;16:30:00;BRUMADO;Velocidade Incompatível;Capotamento;Com Vítimas Fatais;Pleno dia;Crescente;Céu Claro;Simples;Reta;-14,26082041;-41,79797695
25/07/2023;20:05:00;SANTA CRUZ DO SUL;Acumulo de areia ou detritos sobre o pavimento;Tombamento;Com Vítimas Feridas;Plena Noite;Crescente;Chuva;Simples;Reta;-29,78617497;-52,41093814
25/07/2023;18:55:00;APUCARANA;Manobra de mudança de faixa;Colisão lateral mesmo sentido;Com Vítimas Feridas;Plena Noite;Decrescente;Céu Claro;Simples;"Curva;Interseção de Vias";-23,55076929;-51,45000458
25/07/2023;18:30:00;ACRELANDIA;Pista esburacada;Colisão traseira;Sem Vítimas;Plena Noite;Crescente;Céu Claro;Simples;"Em Obras;Declive";-9,94570874;-67,0587711
25/07/2023;22:30:00;PALHOCA;Velocidade Incompatível;Saída de leito carroçável;Sem Vítimas;Plena Noite;Crescente;Nublado;Dupla;Curva;-27,70865409;-48,65586407
25/07/2023;22:30:00;SERRA;Chuva;Colisão com objeto;Sem Vítimas;Plena Noite;Crescente;Chuva;Dupla;Reta;-20,20842;-40,269405
25/07/2023;22:40:00;SAO JOSE;Velocidade Incompatível;Colisão traseira;Com Vítimas Feridas;Plena Noite;Decrescente;Céu Claro;Múltipla;"Reta;Em Obras";-27,60327979;-48,63201818
25/07/2023;19:20:00;SAO LUIS;Manobra de mudança de faixa;Queda de ocupante de veículo;Com Vítimas Feridas;Plena Noite;Decrescente;Céu Claro;Dupla;Reta;-2,61871232;-44,2557103
25/07/2023;22:40:00;UPANEMA;Pista esburacada;Saída de leito carroçável;Com Vítimas Feridas;Plena Noite;Crescente;Céu Claro;Simples;"Declive;Curva";-5,74412893;-37,28603411
25/07/2023;23:30:00;PETROPOLIS;Ausência de reação do condutor;Tombamento;Com Vítimas Feridas;Plena Noite;Decrescente;Nublado;Simples;"Curva;Aclive";-22,51183137;-43,23076171