data_inversa;horario;municipio;causa_acidente;tipo_acidente;classificacao_acidente;fase_dia;sentido_via;condicao_metereologica;tipo_pista;tracado_via;latitude;longitude
26/07/2023;08:10:00;GUARULHOS;Manobra de mudança de faixa;Colisão lateral mesmo sentido;Com Vítimas Feridas;Pleno dia;Crescente;Céu Claro;Múltipla;Reta;-23,47559815;-46,5246609
26/07/2023;08:00:00;TABOAO DA SERRA;Manobra de mudança de faixa;Colisão transversal;Com Vítimas Feridas;Pleno dia;Decrescente;Céu Claro;Dupla;Reta;-23,63445084;-46,82418514
26/07/2023;08:00:00;PARNAIBA;Ultrapassagem Indevida;Colisão lateral mesmo sentido;Com Vítimas Feridas;Pleno dia;Decrescente;Céu Claro;Simples;Reta;-2,902034;-41,741646
26/07/2023;08:30:00;BAYEUX;Avarias e/ou desgaste excessivo no pneu;Tombamento;Com Vítimas Feridas;Pleno dia;Crescente;Nublado;Dupla;Reta;-7,13957906;-34,92312806
26/07/2023;08:10:00;UBERLANDIA;Manobra de mudança de faixa;Colisão lateral mesmo sentido;Com Vítimas Feridas;Pleno dia;Decrescente;Céu Claro;Dupla;"Reta;Declive";-18,9062053;-48,32027435
26/07/2023;09:50:00;BARBACENA;Acumulo de óleo sobre o pavimento;Queda de ocupante de veículo;Com Vítimas Feridas;Pleno dia;Decrescente;Nublado;Dupla;Reta;-21,28684598;-43,64159531
26/07/2023;11:45:00;MURITIBA;Manobra de mudança de faixa;Colisão lateral mesmo sentido;Sem Vítimas;Pleno dia;Crescente;Céu Claro;Simples;Interseção de Vias;-12,63317306;-39,09398987
26/07/2023;10:50:00;PLANALTO;Ultrapassagem Indevida;Colisão frontal;Com Vítimas Feridas;Pleno dia;Crescente;Nublado;Simples;Reta;-14,67892178;-40,51517487
26/07/2023;11:20:00;CAMPOS DOS GOYTACAZES;Acumulo de areia ou detritos sobre o pavimento;Colisão com objeto;Sem Vítimas;Pleno dia;Decrescente;Garoa/Chuvisco;Simples;Curva;-21,75495328;-41,34684475
26/07/2023;13:00:00;DUQUE DE CAXIAS;Manobra de mudança de faixa;Colisão transversal;Com Vítimas Feridas;Pleno dia;Decrescente;Nublado;Múltipla;Curva;-22,67107262;-43,28491157
26/07/2023;14:12:00;CEARA-MIRIM;Ausência de sinalização;Colisão traseira;Sem Vítimas;Pleno dia;Crescente;Céu Claro;Simples;Reta;-5,71375666;-35,37210457
26/07/2023;16:50:00;SAO JOSE DOS PINHAIS;Demais Fenômenos da natureza;Capotamento;Sem Vítimas;Pleno dia;Crescente;Céu Claro;Dupla;Reta;-25,47691403;-49,09767498
26/07/2023;17:40:00;FOZ DO IGUACU;Manobra de mudança de faixa;Colisão traseira;Com Vítimas Feridas;Pleno dia;Decrescente;Garoa/Chuvisco;Dupla;Reta;-25,4911505;-54,51185421
26/07/2023;12:02:00;SINOP;Manobra de mudança de faixa;Colisão lateral mesmo sentido;Com Vítimas Feridas;Pleno dia;Decrescente;Céu Claro;Simples;Viaduto;-11,986895;-55,517033
26/07/2023;17:00:00;GANDU;Acumulo de areia ou detritos sobre o pavimento;Tombamento;Com Vítimas Feridas;Pleno dia;Crescente;Nublado;Simples;Curva;-13,856841;-39,49252598
26/07/2023;18:15:00;FEIRA DE SANTANA;Demais falhas na via;Tombamento;Com Vítimas Feridas;Plena Noite;Decrescente;Céu Claro;Dupla;"Aclive;Reta";-12,23736613;-38,97999588
26/07/2023;14:05:00;NITEROI;Ausência de reação do condutor;Tombamento;Com Vítimas Feridas;Pleno dia;Crescente;Céu Claro;Dupla;Reta;-22,87028692;-43,16579699
26/07/2023;17:15:00;NOVA SERRANA;Velocidade Incompatível;Queda de ocupante de veículo;Com Vítimas Feridas;Pleno dia;Decrescente;Sol;Múltipla;Reta;-19,87060302;-44,9821794
26/07/2023;19:02:00;SAO JOSE;Manobra de mudança de faixa;Colisão transversal;Com Vítimas Feridas;Plena Noite;Decrescente;Céu Claro;Múltipla;Reta;-27,54244714;-48,62092853
26/07/2023;18:20:00;RONDONOPOLIS;Manobra de mudança de faixa;Colisão lateral mesmo sentido;Com Vítimas Feridas;Plena Noite;Crescente;Céu Claro;Dupla;Rotatória;-16,491405;-54,646378
26/07/2023;19:00:00;RECIFE;Ausência de reação do condutor;Tombamento;Com Vítimas Feridas;Plena Noite;Decrescente;Nublado;Dupla;Reta;-8,0162921;-34,94045886
26/07/2023;19:50:00;SAO JOSE;Manobra de mudança de faixa;Tombamento;Com Vítimas Feridas;Plena Noite;Crescente;Céu Claro;Múltipla;Reta;-27,59193546;-48,61824557
01/07/2023;14:10:00;SAO JOAQUIM DE BICAS;Manobra de mudança de faixa;Tombamento;Sem Vítimas;Pleno dia;Crescente;Céu Claro;Dupla;Reta;-20,07738209;-44,30434488
26/07/2023;20:00:00;LUZ;Velocidade Incompatível;Saída de leito carroçável;Com Vítimas Feridas;Plena Noite;Crescente;Céu Claro;Simples;Reta;-19,78291077;-45,72383994
26/07/2023;18:36:00;CANDEIAS DO JAMARI;Demais falhas na via;Capotamento;Com Vítimas Feridas;Plena Noite;Crescente;Céu Claro;Simples;"Curva;Em Obras";-9,08013911;-63,3808981
26/07/2023;18:00:00;SAPUCAIA;Ultrapassagem Indevida;Colisão transversal;Com Vítimas Feridas;Anoitecer;Decrescente;Nublado;Simples;Reta;-22,03064831;-42,77714236
27/07/2023;05:10:00;SAO MATEUS;Ultrapassagem Indevida;Colisão frontal;Com Vítimas Feridas;Amanhecer;Crescente;Nublado;Simples;Reta;-18,83616999;-39,91775501
27/07/2023;03:20:00;RIO NEGRO;Manobra de mudança de faixa;Colisão lateral mesmo sentido;Sem Vítimas;Amanhecer;Decrescente;Nublado;Simples;"Aclive;Curva";-26,075;-49,746
26/07/2023;18:00:00;CACHOEIRO DE ITAPEMIRIM;Afundamento ou ondulação no pavimento;Colisão com objeto;Com Vítimas Feridas;Anoitecer;Decrescente;Nublado;Simples;Em Obras;-20,83723289;-41,16733095
26/07/2023;17:30:00;QUIJINGUE;Ultrapassagem Indevida;Colisão lateral sentido oposto;Com Vítimas Feridas;Anoitecer;Decrescente;Céu Claro;Simples;"Reta;Declive";-10,726714;-38,91756
27/07/2023;06:20:00;OURO PRETO DO OESTE;Ultrapassagem Indevida;Saída de leito carroçável;Com Vítimas Fatais;Amanhecer;Crescente;Céu Claro;Simples;"Declive;Reta";-10,75957332;-62,14538311
27/07/2023;08:00:00;PALMAS;Manobra de mudança de faixa;Colisão lateral mesmo sentido;Com Vítimas Feridas;Pleno dia;Crescente;Sol;Dupla;Reta;-10,258295;-48,310122
27/07/2023;08:00:00;PETROLANDIA;Manobra de mudança de faixa;Colisão lateral sentido oposto;Com Vítimas Feridas;Pleno dia;Crescente;Nublado;Simples;Reta;-9,018475;-38,234471
27/07/2023;09:30:00;CACHOEIRA;Afundamento ou ondulação no pavimento;Colisão com objeto;Sem Vítimas;Pleno dia;Decrescente;Chuva;Simples;Aclive;-12,5803324;-38,9823101
27/07/2023;08:55:00;ANGRA DOS REIS;Ultrapassagem Indevida;Colisão transversal;Com Vítimas Feridas;Pleno dia;Crescente;Céu Claro;Simples;"Em Obras;Reta";-22,94798046;-44,32904005
31/05/2023;06:00:00;ROLANDIA;Manobra de mudança de faixa;Colisão lateral mesmo sentido;Com Vítimas Feridas;Pleno dia;Decrescente;Céu Claro;Dupla;Reta;-23,36113541;-51,39921963
27/07/2023;12:15:00;PESCARIA BRAVA;Reação tardia ou ineficiente do condutor;Tombamento;Com Vítimas Feridas;Pleno dia;Decrescente;Nublado;Dupla;Reta;-28,42532339;-48,8919091
27/07/2023;12:45:00;NOVA SERRANA;Velocidade Incompatível;Saída de leito carroçável;Com Vítimas Feridas;Pleno dia;Crescente;Sol;Simples;Reta;-19,84401343;-45,04068778
27/07/2023;14:30:00;BLUMENAU;Reação tardia ou ineficiente do condutor;Tombamento;Com Vítimas Feridas;Pleno dia;Decrescente;Nevoeiro/Neblina;Simples;"Reta;Em Obras";-26,85935642;-49,06122923
27/07/2023;15:00:00;JOAO PESSOA;Manobra de mudança de faixa;Colisão traseira;Com Vítimas Feridas;Pleno dia;Decrescente;Sol;Dupla;Reta;-7,1039;-34,8458
27/07/2023;15:25:00;SERRA;Demais falhas na via;Colisão traseira;Com Vítimas Feridas;Pleno dia;Decrescente;Céu Claro;Dupla;Aclive;-20,1816849;-40,26536036
27/07/2023;16:00:00;TANQUINHO;Velocidade Incompatível;Saída de leito carroçável;Com Vítimas Feridas;Pleno dia;Decrescente;Nublado;Simples;Reta;-11,978092;-39,10112
27/07/2023;14:30:00;APARECIDA;Demais falhas mecânicas ou elétricas;Tombamento;Com Vítimas Feridas;Pleno dia;Decrescente;Nublado;Dupla;Reta;-22,8757106;-45,26636481
27/07/2023;18:30:00;ITATIAIUCU;Velocidade Incompatível;Tombamento;Com Vítimas Feridas;Plena Noite;Decrescente;Céu Claro;Dupla;"Curva;Retorno Regulamentado;Aclive";-20,22443302;-44,39530859
27/07/2023;18:35:00;ITAPEMA;Manobra de mudança de faixa;Colisão traseira;Com Vítimas Feridas;Plena Noite;Crescente;Nublado;Dupla;Curva;-27,08139206;-48,60130993
27/07/2023;18:41:00;PALMAS;Manobra de mudança de faixa;Colisão lateral mesmo sentido;Com Vítimas Feridas;Plena Noite;Decrescente;Céu Claro;Múltipla;Reta;-10,18165389;-48,17412734
27/07/2023;18:30:00;ABADIA DE GOIAS;Velocidade Incompatível;Saída de leito carroçável;Com Vítimas Feridas;Anoitecer;Crescente;Céu Claro;Dupla;Aclive;-16,7709;-49,4844
27/07/2023;18:10:00;ITAPEMA;Manobra de mudança de faixa;Colisão lateral mesmo sentido;Com Vítimas Feridas;Plena Noite;Decrescente;Nublado;Múltipla;Reta;-27,13563503;-48,61004665
27/07/2023;18:50:00;SAO JOSE;Manobra de mudança de faixa;Colisão lateral mesmo sentido;Com Vítimas Feridas;Plena Noite;Decrescente;Céu Claro;Múltipla;Reta;-27,6167305;-48,6457265
27/07/2023;17:15:00;CURITIBA;Pista esburacada;Queda de ocupante de veículo;Com Vítimas Feridas;Anoitecer;Crescente;Nublado;Dupla;Reta;-25,547749;-49,32095
27/07/2023;15:40:00;MONTE ALEGRE DO PIAUI;Acostamento em desnível;Saída de leito carroçável;Com Vítimas Feridas;Pleno dia;Crescente;Sol;Simples;Reta;-9,56471834;-44,93332194
27/07/2023;20:20:00;TAUBATE;Acumulo de areia ou detritos sobre o pavimento;Tombamento;Com Vítimas Feridas;Plena Noite;Decrescente;Céu Claro;Dupla;Reta;-23,01791287;-45,53009409
27/07/2023;20:55:00;LUZIANIA;Manobra de mudança de faixa;Colisão lateral mesmo sentido;Sem Vítimas;Plena Noite;Decrescente;Céu Claro;Dupla;Reta;-16,19349;-47,925575
05/03/2023;07:00:00;IRUPI;Velocidade Incompatível;Colisão com objeto;Com Vítimas Feridas;Pleno dia;Crescente;Céu Claro;Simples;"Curva;Declive";-20,30807369;-41,74445499
27/07/2023;22:10:00;BETIM;Ausência de reação do condutor;Tombamento;Com Vítimas Feridas;Plena Noite;Crescente;Céu Claro;Dupla;Reta;-20,04164508;-44,26386697
27/07/2023;22:00:00;CASCAVEL;Acessar a via sem observar a presença dos outros veículos;Tombamento;Com Vítimas Feridas;Plena Noite;Decrescente;Céu Claro;Dupla;Reta;-24,97675228;-53,38623215
27/07/2023;22:30:00;CANOAS;Avarias e/ou desgaste excessivo no pneu;Tombamento;Com Vítimas Feridas;Plena Noite;Decrescente;Chuva;Simples;Reta;-29,924847;-51,225426
27/07/2023;23:30:00;CURITIBA;Manobra de mudança de faixa;Colisão lateral mesmo sentido;Sem Vítimas;Plena Noite;Crescente;Chuva;Múltipla;Reta;-25,57012941;-49,21736805
28/07/2023;00:00:00;BALNEARIO CAMBORIU;Velocidade Incompatível;Colisão com objeto;Com Vítimas Feridas;Plena Noite;Crescente;Garoa/Chuvisco;Múltipla;Curva;-27,02982303;-48,60115006
28/07/2023;06:15:00;PORTO BELO;Velocidade Incompatível;Tombamento;Com Vítimas Feridas;Amanhecer;Crescente;Nublado;Simples;"Declive;Viaduto";-27,16292;-48,61129
28/07/2023;07:00:00;UBERLANDIA;Velocidade Incompatível;Saída de leito carroçável;Com Vítimas Feridas;Pleno dia;Crescente;Céu Claro;Dupla;"Curva;Viaduto;Aclive";-18,91389883;-48,17228079
28/07/2023;06:40:00;PALMAS;Velocidade Incompatível;Saída de leito carroçável;Com Vítimas Fatais;Pleno dia;Decrescente;Céu Claro;Dupla;Curva;-10,18953902;-48,17153202
28/07/2023;07:08:00;RIO DE JANEIRO;Manobra de mudança de faixa;Colisão lateral mesmo sentido;Com Vítimas Feridas;Pleno dia;Decrescente;Céu Claro;Múltipla;Reta;-22,8060415;-43,34289573
28/07/2023;07:30:00;CANOAS;Manobra de mudança de faixa;Colisão com objeto;Sem Vítimas;Pleno dia;Decrescente;Chuva;Dupla;Reta;-29,94142398;-51,17697062
28/07/2023;08:19:00;BRASILIA;Manobra de mudança de faixa;Colisão traseira;Com Vítimas Feridas;Pleno dia;Decrescente;Céu Claro;Dupla;Reta;-15,985532;-47,987747
25/05/2023;15:44:00;ARAPONGAS;Entrada inopinada do pedestre;Tombamento;Com Vítimas Feridas;Pleno dia;Crescente;Céu Claro;Simples;Reta;-23,4094671;-51,42773688
28/07/2023;10:10:00;NOVA LIMA;Manobra de mudança de faixa;Saída de leito carroçável;Com Vítimas Feridas;Pleno dia;Decrescente;Céu Claro;Dupla;"Declive;Curva";-20,01444685;-43,96893823
17/05/2023;17:15:00;MARINGA;Reação tardia ou ineficiente do condutor;Tombamento;Com Vítimas Feridas;Pleno dia;Decrescente;Ignorado;Múltipla;Interseção de Vias;-23,41595855;-51,92226484
28/07/2023;11:00:00;SALVADOR;Frear bruscamente;Tombamento;Com Vítimas Feridas;Pleno dia;Crescente;Chuva;Múltipla;Reta;-12,94194706;-38,47081224
28/07/2023;11:50:00;BLUMENAU;Demais falhas na via;Eventos atípicos;Com Vítimas Feridas;Pleno dia;Decrescente;Chuva;Simples;Reta;-26,8610984;-49,05271053
28/07/2023;07:00:00;MONTE ALEGRE DO PIAUI;Acostamento em desnível;Saída de leito carroçável;Com Vítimas Feridas;Pleno dia;Crescente;Céu Claro;Simples;"Reta;Aclive;Em Obras";-9,56133074;-44,91542105
05/05/2023;12:45:00;SAO PEDRO DO SUL;Velocidade Incompatível;Saída de leito carroçável;Com Vítimas Feridas;Pleno dia;Crescente;Chuva;Simples;"Curva;Declive";-29,65564942;-54,44038868
28/07/2023;10:45:00;IRANI;Velocidade Incompatível;Saída de leito carroçável;Com Vítimas Feridas;Pleno dia;Decrescente;Garoa/Chuvisco;Simples;Curva;-27,05587723;-51,8894577
28/07/2023;11:00:00;CAMPO GRANDE;Ultrapassagem Indevida;Colisão frontal;Com Vítimas Fatais;Pleno dia;Crescente;Céu Claro;Simples;"Curva;Aclive";-20,48390019;-54,33577621
24/07/2023;06:10:00;CANDEIAS DO JAMARI;Falta de elemento de contenção que evite a saída do leito carroçável;Saída de leito carroçável;Com Vítimas Feridas;Pleno dia;Crescente;Céu Claro;Simples;Reta;-8,775691;-63,479378
28/07/2023;13:20:00;TUBARAO;Acumulo de água sobre o pavimento;Colisão com objeto;Com Vítimas Feridas;Pleno dia;Decrescente;Chuva;Dupla;Reta;-28,501444;-49,04690399
28/07/2023;14:30:00;VALPARAISO DE GOIAS;Ultrapassagem Indevida;Queda de ocupante de veículo;Com Vítimas Feridas;Pleno dia;Crescente;Céu Claro;Dupla;Reta;-16,058273;-47,982655
20/06/2023;21:00:00;SAPUCAIA;Velocidade Incompatível;Capotamento;Com Vítimas Feridas;Plena Noite;Crescente;Céu Claro;Simples;Curva;-22,06135938;-42,79369533
13/06/2023;11:40:00;SAO LUIZ GONZAGA;Manobra de mudança de faixa;Colisão transversal;Com Vítimas Fatais;Pleno dia;Crescente;Nublado;Simples;"Aclive;Reta";-28,418188;-54,906029
21/05/2023;18:00:00;ALTO GARCAS;Ultrapassagem Indevida;Saída de leito carroçável;Com Vítimas Feridas;Plena Noite;Decrescente;Céu Claro;Simples;Reta;-16,84632348;-53,831075
28/07/2023;16:20:00;APARECIDA;Velocidade Incompatível;Capotamento;Com Vítimas Feridas;Pleno dia;Decrescente;Nublado;Dupla;"Aclive;Curva;Viaduto;Retorno Regulamentado;Rotatória";-22,87353809;-45,25320023
22/07/2023;19:00:00;MUNDO NOVO;Ausência de sinalização;Colisão traseira;Com Vítimas Feridas;Plena Noite;Crescente;Céu Claro;Simples;"Reta;Declive";-23,91127109;-54,29550011
28/07/2023;11:17:00;PRATA;Velocidade Incompatível;Colisão traseira;Sem Vítimas;Pleno dia;Decrescente;Céu Claro;Simples;"Declive;Reta";-19,51436207;-48,84030206
28/07/2023;17:15:00;MARINGA;Pista Escorregadia;Queda de ocupante de veículo;Com Vítimas Feridas;Anoitecer;Crescente;Garoa/Chuvisco;Dupla;Curva;-23,4273;-51,9375
28/07/2023;17:20:00;TAUA;Pista esburacada;Colisão com objeto;Com Vítimas Feridas;Anoitecer;Decrescente;Céu Claro;Simples;Reta;-5,71061795;-40,13388625
28/07/2023;14:30:00;SAO JOAO DO RIO DO PEIXE;Ultrapassagem Indevida;Colisão frontal;Com Vítimas Feridas;Pleno dia;Crescente;Sol;Simples;Aclive;-6,8702;-38,3949
28/07/2023;18:45:00;TRES DE MAIO;Ultrapassagem Indevida;Colisão lateral mesmo sentido;Com Vítimas Feridas;Plena Noite;Crescente;Céu Claro;Simples;Reta;-27,7759762;-54,32625532
24/07/2023;13:00:00;REGISTRO;Velocidade Incompatível;Colisão traseira;Com Vítimas Feridas;Pleno dia;Decrescente;Céu Claro;Dupla;Reta;-24,52913591;-47,85619324
28/07/2023;19:15:00;GOIANIA;Manobra de mudança de faixa;Colisão lateral mesmo sentido;Com Vítimas Feridas;Plena Noite;Decrescente;Céu Claro;Dupla;Aclive;-16,6461;-49,2114
28/07/2023;19:49:00;CARIACICA;Manobra de mudança de faixa;Colisão lateral mesmo sentido;Com Vítimas Feridas;Plena Noite;Decrescente;Céu Claro;Múltipla;Reta;-20,30650512;-40,39488717
28/07/2023;19:28:00;VALPARAISO DE GOIAS;Ultrapassagem Indevida;Colisão frontal;Com Vítimas Feridas;Plena Noite;Crescente;Céu Claro;Dupla;Reta;-16,138336;-47,951644
28/07/2023;19:20:00;UBIRATA;Neblina;Colisão frontal;Com Vítimas Feridas;Plena Noite;Decrescente;Nevoeiro/Neblina;Simples;Reta;-24,5309;-52,9477
28/07/2023;20:15:00;DOMINGOS MARTINS;Velocidade Incompatível;Saída de leito carroçável;Com Vítimas Feridas;Plena Noite;Crescente;Céu Claro;Simples;Reta;-20,35623595;-41,08499497
28/07/2023;21:00:00;FOZ DO IGUACU;Deficiência do Sistema de Iluminação/Sinalização;Colisão lateral mesmo sentido;Com Vítimas Feridas;Plena Noite;Decrescente;Chuva;Dupla;Reta;-25,49878215;-54,52985294
28/07/2023;21:00:00;MANGARATIBA;Velocidade Incompatível;Colisão com objeto;Com Vítimas Feridas;Plena Noite;Decrescente;Chuva;Dupla;Curva;-22,93391858;-43,9899979
28/07/2023;21:57:00;RIO LARGO;Demais falhas na via;Tombamento;Com Vítimas Feridas;Plena Noite;Decrescente;Céu Claro;Dupla;Reta;-9,50059087;-35,81127569
29/07/2023;00:10:00;NOVA IGUACU;Velocidade Incompatível;Colisão lateral mesmo sentido;Sem Vítimas;Plena Noite;Decrescente;Céu Claro;Dupla;Reta;-22,761312;-43,423492
28/07/2023;23:43:00;UBIRATA;Neblina;Colisão traseira;Com Vítimas Feridas;Plena Noite;Crescente;Nevoeiro/Neblina;Simples;Reta;-24,5181;-52,9326
29/07/2023;03:10:00;POUSO REDONDO;Curva acentuada;Saída de leito carroçável;Com Vítimas Feridas;Plena Noite;Decrescente;Nevoeiro/Neblina;Dupla;"Declive;Curva";-27,260828;-49,900455
29/07/2023;06:30:00;ANASTACIO;Acostamento em desnível;Tombamento;Com Vítimas Feridas;Amanhecer;Decrescente;Céu Claro;Simples;Reta;-20,49896967;-55,78739397
27/07/2023;22:20:00;FLORIANO;Pista Escorregadia;Colisão lateral mesmo sentido;Com Vítimas Feridas;Plena Noite;Não Informado;Céu Claro;Simples;Reta;-6,77115346;-43,0388779
05/07/2023;12:00:00;MONTE CASTELO;Ultrapassagem Indevida;Colisão frontal;Com Vítimas Feridas;Pleno dia;Decrescente;Céu Claro;Simples;Reta;-26,65724415;-50,27454781
29/07/2023;11:00:00;JOAO PESSOA;Velocidade Incompatível;Colisão traseira;Com Vítimas Feridas;Pleno dia;Crescente;Céu Claro;Dupla;"Aclive;Reta";-7,1562;-34,8574
29/07/2023;13:10:00;SAO JOSE;Velocidade Incompatível;Colisão traseira;Com Vítimas Feridas;Pleno dia;Crescente;Céu Claro;Múltipla;Reta;-27,60001226;-48,6226467
29/07/2023;12:00:00;PARATY;Pista Escorregadia;Colisão com objeto;Com Vítimas Feridas;Pleno dia;Crescente;Chuva;Simples;Curva;-23,08433215;-44,69666524
29/07/2023;12:00:00;SAO JOSE DOS PINHAIS;Velocidade Incompatível;Colisão traseira;Com Vítimas Fatais;Pleno dia;Decrescente;Céu Claro;Dupla;Reta;-25,55703867;-49,02612685
29/07/2023;13:20:00;SERRA;Manobra de mudança de faixa;Colisão lateral mesmo sentido;Com Vítimas Feridas;Pleno dia;Crescente;Sol;Dupla;Reta;-20,17292791;-40,26736384
19/06/2023;14:00:00;PADRE PARAISO;Reação tardia ou ineficiente do condutor;Tombamento;Com Vítimas Feridas;Pleno dia;Crescente;Sol;Simples;Reta;-16,93419597;-41,46276268
17/07/2023;18:30:00;SERRA;Reação tardia ou ineficiente do condutor;Tombamento;Com Vítimas Feridas;Pleno dia;Crescente;Céu Claro;Simples;"Interseção de Vias;Reta";-19,993072;-40,4141669
29/07/2023;08:12:00;CANDEIAS;Acostamento em desnível;Colisão lateral mesmo sentido;Com Vítimas Feridas;Pleno dia;Decrescente;Céu Claro;Dupla;Reta;-12,69890302;-38,46419428
29/07/2023;11:05:00;VILHENA;Manobra de mudança de faixa;Colisão lateral mesmo sentido;Com Vítimas Feridas;Pleno dia;Decrescente;Céu Claro;Dupla;Interseção de Vias;-12,73898138;-60,13911417
29/07/2023;16:20:00;ARUJA;Manobra de mudança de faixa;Colisão lateral mesmo sentido;Com Vítimas Feridas;Pleno dia;Decrescente;Nublado;Múltipla;Reta;-23,41236123;-46,35692496
29/07/2023;16:00:00;BRASILIA;Velocidade Incompatível;Capotamento;Com Vítimas Fatais;Pleno dia;Crescente;Céu Claro;Dupla;"Reta;Viaduto";-15,90803361;-48,14608097
29/07/2023;16:30:00;BREJETUBA;Demais falhas na via;Capotamento;Com Vítimas Feridas;Pleno dia;Crescente;Nublado;Simples;Reta;-20,23406291;-41,35253988
29/07/2023;16:35:00;JURANDA;Manobra de mudança de faixa;Saída de leito carroçável;Com Vítimas Feridas;Pleno dia;Decrescente;Céu Claro;Simples;"Declive;Reta";-24,3392;-52,7076
29/07/2023;15:50:00;GUAPIMIRIM;Acumulo de areia ou detritos sobre o pavimento;Queda de ocupante de veículo;Com Vítimas Feridas;Pleno dia;Crescente;Chuva;Dupla;"Declive;Curva";-22,47811419;-42,99603471
29/07/2023;15:57:00;PAULISTA;Ultrapassagem Indevida;Colisão lateral mesmo sentido;Com Vítimas Feridas;Pleno dia;Decrescente;Céu Claro;Simples;Curva;-7,93124094;-34,90068606
29/07/2023;18:40:00;FORTALEZA;Manobra de mudança de faixa;Colisão lateral mesmo sentido;Com Vítimas Feridas;Anoitecer;Crescente;Céu Claro;Múltipla;Reta;-3,83603805;-38,5027281
29/07/2023;18:20:00;CASIMIRO DE ABREU;Chuva;Tombamento;Com Vítimas Feridas;Plena Noite;Decrescente;Chuva;Dupla;Curva;-22,48133694;-42,22930101
29/07/2023;17:25:00;FOZ DO IGUACU;Velocidade Incompatível;Colisão traseira;Com Vítimas Feridas;Pleno dia;Crescente;Céu Claro;Dupla;Reta;-25,5469;-54,5882
29/07/2023;18:40:00;BRUMADINHO;Chuva;Colisão com objeto;Com Vítimas Feridas;Plena Noite;Crescente;Chuva;Dupla;"Declive;Curva";-20,16175378;-44,34144636
29/07/2023;18:30:00;SERTANIA;Avarias e/ou desgaste excessivo no pneu;Tombamento;Com Vítimas Feridas;Plena Noite;Decrescente;Céu Claro;Simples;Reta;-8,39309433;-37,33296975
29/07/2023;23:00:00;ITABUNA;Velocidade Incompatível;Capotamento;Com Vítimas Feridas;Plena Noite;Decrescente;Céu Claro;Simples;Reta;-14,81562811;-39,29878235
29/07/2023;23:10:00;BRASILIA;Velocidade Incompatível;Capotamento;Com Vítimas Feridas;Plena Noite;Crescente;Céu Claro;Dupla;Reta;-15,789762;-48,148727
30/07/2023;00:20:00;UBIRATA;Demais Fenômenos da natureza;Incêndio;Sem Vítimas;Plena Noite;Crescente;Céu Claro;Simples;"Curva;Aclive";-24,553;-53,0579
11/05/2023;06:00:00;CONCEICAO DO ALMEIDA;Ultrapassagem Indevida;Saída de leito carroçável;Com Vítimas Feridas;Pleno dia;Crescente;Céu Claro;Simples;Curva;-12,87344597;-39,21561004
30/07/2023;02:30:00;APARECIDA DE GOIANIA;Manobra de mudança de faixa;Colisão lateral mesmo sentido;Sem Vítimas;Plena Noite;Decrescente;Céu Claro;Dupla;Reta;-16,7633;-49,24
30/07/2023;05:40:00;APARECIDA DE GOIANIA;Iluminação deficiente;Colisão traseira;Com Vítimas Feridas;Amanhecer;Decrescente;Céu Claro;Dupla;"Aclive;Reta";-16,7804;-49,2371
30/07/2023;05:30:00;INDIARA;Ausência de reação do condutor;Tombamento;Com Vítimas Fatais;Amanhecer;Crescente;Céu Claro;Dupla;Viaduto;-17,1383;-49,9938
30/07/2023;06:00:00;SAO PAULO;Pista Escorregadia;Saída de leito carroçável;Sem Vítimas;Amanhecer;Decrescente;Garoa/Chuvisco;Múltipla;"Curva;Aclive";-23,37660089;-46,56409613
30/07/2023;06:30:00;NATAL;Velocidade Incompatível;Saída de leito carroçável;Sem Vítimas;Pleno dia;Crescente;Chuva;Simples;Curva;-5,81958019;-35,25969486
30/07/2023;09:00:00;GUARULHOS;Avarias e/ou desgaste excessivo no pneu;Tombamento;Com Vítimas Feridas;Pleno dia;Decrescente;Nublado;Múltipla;"Declive;Reta";-23,49047559;-46,54792428
30/07/2023;09:00:00;TUCANO;Pista esburacada;Capotamento;Com Vítimas Feridas;Pleno dia;Crescente;Céu Claro;Simples;"Aclive;Reta";-10,91454807;-38,83368207
30/07/2023;07:30:00;JUIZ DE FORA;Curva acentuada;Saída de leito carroçável;Com Vítimas Feridas;Pleno dia;Crescente;Garoa/Chuvisco;Dupla;Curva;-21,84672919;-43,37899486
30/07/2023;11:00:00;ANGRA DOS REIS;Manobra de mudança de faixa;Colisão frontal;Com Vítimas Feridas;Pleno dia;Decrescente;Nublado;Simples;Reta;-22,95605138;-44,30404997
30/07/2023;12:00:00;RIBEIRAO DAS NEVES;Acumulo de areia ou detritos sobre o pavimento;Tombamento;Com Vítimas Feridas;Pleno dia;Decrescente;Céu Claro;Dupla;Reta;-19,81628624;-44,08960124
30/07/2023;11:30:00;RIO AZUL;Ultrapassagem Indevida;Colisão frontal;Com Vítimas Feridas;Pleno dia;Crescente;Céu Claro;Simples;Reta;-25,67503796;-50,75089805
30/07/2023;12:30:00;CAMPO ALEGRE DE GOIAS;Velocidade Incompatível;Tombamento;Com Vítimas Feridas;Pleno dia;Crescente;Sol;Dupla;Reta;-17,4105;-47,787
30/07/2023;12:55:00;JAGUARUNA;Velocidade Incompatível;Queda de ocupante de veículo;Com Vítimas Feridas;Pleno dia;Decrescente;Céu Claro;Múltipla;Curva;-28,57317505;-49,05292143