data_inversa;horario;municipio;causa_acidente;tipo_acidente;classificacao_acidente;fase_dia;sentido_via;condicao_metereologica;tipo_pista;tracado_via;latitude;longitude
30/07/2023;11:40:00;PATOS DE MINAS;Avarias e/ou desgaste excessivo no pneu;Tombamento;Com Vítimas Feridas;Pleno dia;Decrescente;Sol;Simples;Reta;-18,54618397;-46,20769606
30/07/2023;15:05:00;NOVA SERRANA;Velocidade Incompatível;Saída de leito carroçável;Com Vítimas Feridas;Pleno dia;Decrescente;Céu Claro;Dupla;Reta;-19,89266739;-44,84258586
30/07/2023;16:00:00;MAIRIPORA;Manobra de mudança de faixa;Colisão traseira;Com Vítimas Feridas;Pleno dia;Crescente;Céu Claro;Dupla;"Declive;Reta";-23,29437896;-46,57254696
30/07/2023;11:05:00;TALISMA;Ultrapassagem Indevida;Colisão traseira;Com Vítimas Feridas;Pleno dia;Crescente;Céu Claro;Simples;Reta;-12,72786792;-49,07881436
30/07/2023;14:45:00;FORQUILHA;Velocidade Incompatível;Saída de leito carroçável;Com Vítimas Feridas;Pleno dia;Crescente;Céu Claro;Simples;Curva;-3,78206203;-40,22309103
30/07/2023;17:30:00;VARGEM;Manobra de mudança de faixa;Saída de leito carroçável;Com Vítimas Feridas;Pleno dia;Crescente;Sol;Dupla;"Reta;Declive";-22,87841483;-46,39917107
30/07/2023;17:40:00;UBIRATA;Manobra de mudança de faixa;Colisão frontal;Com Vítimas Feridas;Pleno dia;Crescente;Céu Claro;Simples;"Aclive;Reta";-24,5509;-53,0138
30/07/2023;17:30:00;ITAPECURU MIRIM;Velocidade Incompatível;Colisão frontal;Com Vítimas Fatais;Plena Noite;Crescente;Céu Claro;Simples;Reta;-3,33416122;-44,44204715
30/07/2023;19:00:00;LAGES;Manobra de mudança de faixa;Colisão lateral mesmo sentido;Com Vítimas Feridas;Plena Noite;Crescente;Céu Claro;Simples;Reta;-27,797529;-50,291862
30/07/2023;18:20:00;ITAMARAJU;Ultrapassagem Indevida;Colisão frontal;Com Vítimas Fatais;Anoitecer;Crescente;Nublado;Simples;Reta;-16,954752;-39,555812
30/07/2023;19:30:00;RIBEIRAO DAS NEVES;Manobra de mudança de faixa;Colisão lateral mesmo sentido;Com Vítimas Feridas;Plena Noite;Crescente;Céu Claro;Dupla;Reta;-19,761032;-44,13459
30/07/2023;19:20:00;RIO DE JANEIRO;Manobra de mudança de faixa;Colisão lateral mesmo sentido;Com Vítimas Feridas;Plena Noite;Crescente;Céu Claro;Dupla;Reta;-22,88537839;-43,64965688
30/07/2023;20:00:00;SAO GONCALO;Manobra de mudança de faixa;Colisão lateral mesmo sentido;Com Vítimas Feridas;Plena Noite;Crescente;Céu Claro;Dupla;Reta;-22,80546555;-43,06156967
30/07/2023;18:20:00;GOVERNADOR VALADARES;Iluminação deficiente;Colisão traseira;Com Vítimas Feridas;Plena Noite;Crescente;Nublado;Simples;Curva;-18,904678;-41,943152
30/07/2023;19:30:00;COLOMBO;Ausência de sinalização;Capotamento;Sem Vítimas;Plena Noite;Crescente;Céu Claro;Simples;Curva;-25,34996;-49,16642
30/07/2023;19:55:00;DEMERVAL LOBAO;Velocidade Incompatível;Colisão com objeto;Com Vítimas Feridas;Plena Noite;Decrescente;Céu Claro;Dupla;"Em Obras;Aclive;Reta";-5,30236009;-42,70784522
30/07/2023;21:10:00;HIDROLANDIA;Ausência de reação do condutor;Tombamento;Com Vítimas Feridas;Plena Noite;Decrescente;Céu Claro;Dupla;Reta;-16,8937;-49,2557
30/07/2023;18:50:00;PESCARIA BRAVA;Demais falhas mecânicas ou elétricas;Tombamento;Com Vítimas Feridas;Plena Noite;Decrescente;Céu Claro;Dupla;Reta;-28,42800492;-48,88171497
06/07/2023;17:25:00;PATROCINIO;Ultrapassagem Indevida;Tombamento;Com Vítimas Feridas;Pleno dia;Decrescente;Céu Claro;Simples;Curva;-18,91652453;-47,20156973
30/07/2023;21:45:00;JOAO MONLEVADE;Velocidade Incompatível;Saída de leito carroçável;Sem Vítimas;Plena Noite;Crescente;Céu Claro;Simples;"Declive;Reta";-19,85972723;-43,11756134
30/07/2023;21:50:00;JACAREI;Manobra de mudança de faixa;Colisão com objeto;Com Vítimas Feridas;Plena Noite;Crescente;Céu Claro;Dupla;Reta;-23,307652;-46,045128
30/07/2023;18:20:00;IRITUIA;Velocidade Incompatível;Saída de leito carroçável;Com Vítimas Fatais;Anoitecer;Crescente;Céu Claro;Simples;"Curva;Declive";-1,753873;-47,503863
30/07/2023;18:20:00;DOMINGOS MARTINS;Velocidade Incompatível;Saída de leito carroçável;Com Vítimas Feridas;Plena Noite;Crescente;Chuva;Simples;Curva;-20,41115651;-40,92351223
30/07/2023;19:00:00;UBAIRA;Velocidade Incompatível;Saída de leito carroçável;Com Vítimas Fatais;Pleno dia;Decrescente;Céu Claro;Simples;"Curva;Declive";-13,25147185;-39,72661809
30/07/2023;23:50:00;JATOBA;Ausência de reação do condutor;Tombamento;Com Vítimas Fatais;Plena Noite;Crescente;Nublado;Simples;Reta;-9,148655;-38,28464499
31/07/2023;04:05:00;PINDAMONHANGABA;Ausência de reação do condutor;Tombamento;Com Vítimas Feridas;Plena Noite;Decrescente;Céu Claro;Dupla;Reta;-22,97375666;-45,44726115
31/07/2023;06:10:00;SAO PAULO;Manobra de mudança de faixa;Colisão lateral mesmo sentido;Com Vítimas Feridas;Pleno dia;Crescente;Céu Claro;Múltipla;Reta;-23,51291902;-46,57604698
31/07/2023;07:50:00;SAO JOSE;Manobra de mudança de faixa;Colisão lateral mesmo sentido;Com Vítimas Feridas;Pleno dia;Crescente;Céu Claro;Dupla;Reta;-27,54836599;-48,61977975
31/07/2023;07:30:00;MACAIBA;Manobra de mudança de faixa;Colisão transversal;Com Vítimas Feridas;Pleno dia;Crescente;Céu Claro;Dupla;Reta;-5,86484905;-35,34931012
31/07/2023;08:30:00;CURITIBA;Manobra de mudança de faixa;Colisão lateral mesmo sentido;Com Vítimas Feridas;Pleno dia;Crescente;Céu Claro;Dupla;Reta;-25,45567494;-49,22492981
17/07/2023;16:30:00;PICOS;Ultrapassagem Indevida;Colisão frontal;Com Vítimas Fatais;Pleno dia;Crescente;Sol;Simples;Curva;-7,07653;-41,509712
31/07/2023;11:45:00;SOMBRIO;Demais falhas mecânicas ou elétricas;Tombamento;Com Vítimas Feridas;Pleno dia;Decrescente;Céu Claro;Múltipla;Reta;-29,03606014;-49,608078
31/07/2023;13:18:00;BRASILIA;Ausência de reação do condutor;Tombamento;Com Vítimas Feridas;Pleno dia;Decrescente;Céu Claro;Dupla;"Aclive;Reta";-15,670546;-47,816044
31/07/2023;08:00:00;EUSEBIO;Trafegar com motocicleta (ou similar) entre as faixas;Tombamento;Com Vítimas Feridas;Pleno dia;Decrescente;Céu Claro;Dupla;Reta;-3,91384397;-38,50667231
31/07/2023;15:00:00;ESTRELA;Avarias e/ou desgaste excessivo no pneu;Tombamento;Com Vítimas Feridas;Pleno dia;Crescente;Céu Claro;Múltipla;"Declive;Reta";-29,483124;-51,954472
23/04/2023;04:00:00;UBERABA;Ausência de reação do condutor;Tombamento;Com Vítimas Feridas;Plena Noite;Decrescente;Céu Claro;Dupla;Reta;-19,77919981;-47,960032
31/07/2023;14:58:00;LUZIANIA;Velocidade Incompatível;Saída de leito carroçável;Sem Vítimas;Pleno dia;Crescente;Céu Claro;Dupla;Curva;-16,411082;-47,823527
31/07/2023;16:10:00;FORTALEZA;Manobra de mudança de faixa;Colisão lateral mesmo sentido;Com Vítimas Feridas;Pleno dia;Decrescente;Céu Claro;Múltipla;Reta;-3,802624;-38,50400499
31/07/2023;16:10:00;BARBACENA;Reação tardia ou ineficiente do condutor;Tombamento;Com Vítimas Feridas;Pleno dia;Decrescente;Ignorado;Dupla;"Curva;Interseção de Vias;Declive";-21,25161698;-43,67181701
31/07/2023;17:30:00;SAO JOSE DOS PINHAIS;Manobra de mudança de faixa;Saída de leito carroçável;Sem Vítimas;Anoitecer;Decrescente;Céu Claro;Dupla;"Reta;Declive";-25,74428841;-49,13006544
31/07/2023;17:30:00;SAO JOSE;Manobra de mudança de faixa;Colisão lateral mesmo sentido;Com Vítimas Feridas;Anoitecer;Crescente;Céu Claro;Múltipla;Reta;-27,5824512;-48,61508131
31/07/2023;17:00:00;MOSSORO;Ausência de reação do condutor;Tombamento;Com Vítimas Feridas;Pleno dia;Crescente;Sol;Dupla;Retorno Regulamentado;-5,22207556;-37,35974908
31/07/2023;19:30:00;NOVO HAMBURGO;Ausência de reação do condutor;Tombamento;Com Vítimas Feridas;Plena Noite;Crescente;Céu Claro;Dupla;"Declive;Reta";-29,70496497;-51,14676523
31/07/2023;18:50:00;CAXIAS DO SUL;Ultrapassagem Indevida;Colisão lateral mesmo sentido;Com Vítimas Feridas;Plena Noite;Crescente;Céu Claro;Dupla;Interseção de Vias;-29,15996905;-51,15645292
31/07/2023;18:45:00;LEOPOLDINA;Velocidade Incompatível;Colisão com objeto;Com Vítimas Feridas;Anoitecer;Crescente;Céu Claro;Simples;Reta;-21,58859293;-42,77745298
23/06/2023;09:15:00;BALNEARIO CAMBORIU;Ausência de reação do condutor;Tombamento;Com Vítimas Feridas;Pleno dia;Crescente;Céu Claro;Dupla;Reta;-26,99654133;-48,65564711
31/07/2023;21:20:00;RIO DE JANEIRO;Falta de acostamento;Colisão traseira;Com Vítimas Feridas;Plena Noite;Decrescente;Nublado;Dupla;Reta;-22,86939305;-43,175642
31/07/2023;18:20:00;CAMPO GRANDE DO PIAUI;Manobra de mudança de faixa;Colisão lateral mesmo sentido;Com Vítimas Feridas;Plena Noite;Decrescente;Céu Claro;Simples;Reta;-7,12148721;-41,13743702
31/07/2023;21:40:00;BETIM;Ultrapassagem Indevida;Colisão frontal;Com Vítimas Feridas;Plena Noite;Crescente;Céu Claro;Múltipla;Reta;-20,03146447;-44,2377893
31/07/2023;19:00:00;ITABUNA;Velocidade Incompatível;Saída de leito carroçável;Com Vítimas Feridas;Plena Noite;Decrescente;Nublado;Simples;Curva;-14,81574494;-39,29612388
31/07/2023;12:00:00;ITABUNA;Velocidade Incompatível;Saída de leito carroçável;Com Vítimas Fatais;Pleno dia;Decrescente;Chuva;Simples;Curva;-14,81574494;-39,29612388
31/07/2023;22:00:00;JAGUARAO;Animais na Pista;Tombamento;Com Vítimas Feridas;Plena Noite;Crescente;Céu Claro;Simples;Reta;-32,42400304;-53,24303896
01/08/2023;00:05:00;TIJUCAS;Velocidade Incompatível;Tombamento;Com Vítimas Feridas;Plena Noite;Crescente;Nevoeiro/Neblina;Dupla;"Reta;Interseção de Vias";-27,29669601;-48,63147594
31/07/2023;20:20:00;OLHO DAGUA DO PIAUI;Velocidade Incompatível;Saída de leito carroçável;Com Vítimas Feridas;Plena Noite;Crescente;Céu Claro;Simples;"Curva;Em Obras";-5,78420841;-42,57148938
01/08/2023;03:30:00;LAJEDO;Reação tardia ou ineficiente do condutor;Tombamento;Com Vítimas Fatais;Amanhecer;Crescente;Nevoeiro/Neblina;Simples;Reta;-8,64676387;-36,31558317
01/08/2023;06:00:00;SAO MIGUEL DO IGUACU;Deficiência do Sistema de Iluminação/Sinalização;Colisão traseira;Com Vítimas Fatais;Plena Noite;Crescente;Céu Claro;Dupla;Reta;-25,420338;-54,352974
01/08/2023;07:20:00;ITAJAI;Manobra de mudança de faixa;Colisão lateral mesmo sentido;Com Vítimas Feridas;Pleno dia;Decrescente;Nublado;Dupla;Reta;-26,92103178;-48,70856446
01/08/2023;08:20:00;BETIM;Frear bruscamente;Tombamento;Sem Vítimas;Pleno dia;Crescente;Céu Claro;Múltipla;"Declive;Reta";-19,9583392;-44,0758515
01/08/2023;07:55:00;SANTANA DO LIVRAMENTO;Ultrapassagem Indevida;Colisão frontal;Com Vítimas Feridas;Amanhecer;Decrescente;Nevoeiro/Neblina;Simples;Reta;-30,53848808;-55,07632269
01/08/2023;07:00:00;RONDONOPOLIS;Manobra de mudança de faixa;Colisão lateral mesmo sentido;Sem Vítimas;Pleno dia;Decrescente;Céu Claro;Dupla;"Aclive;Reta";-16,51077918;-54,65398908
01/08/2023;08:30:00;SAO MIGUEL DO IGUACU;Ausência de reação do condutor;Tombamento;Sem Vítimas;Pleno dia;Crescente;Céu Claro;Dupla;Reta;-25,3964712;-54,31179289
01/08/2023;07:40:00;VARZEA GRANDE;Manobra de mudança de faixa;Colisão lateral mesmo sentido;Sem Vítimas;Pleno dia;Decrescente;Céu Claro;Simples;"Interseção de Vias;Curva";-15,705798;-56,132564
01/08/2023;07:35:00;PONTE ALTA DO NORTE;Velocidade Incompatível;Saída de leito carroçável;Com Vítimas Feridas;Pleno dia;Crescente;Nevoeiro/Neblina;Simples;Reta;-27,149315;-50,460779
01/08/2023;09:10:00;RECIFE;Ausência de sinalização;Colisão com objeto;Sem Vítimas;Pleno dia;Decrescente;Céu Claro;Dupla;"Declive;Viaduto;Reta";-8,066639;-34,941751
01/08/2023;05:20:00;CHAPECO;Acumulo de areia ou detritos sobre o pavimento;Tombamento;Com Vítimas Feridas;Amanhecer;Decrescente;Céu Claro;Simples;"Interseção de Vias;Rotatória";-27,000677;-52,653439
29/07/2023;14:48:00;ITAITUBA;Avarias e/ou desgaste excessivo no pneu;Tombamento;Sem Vítimas;Pleno dia;Crescente;Céu Claro;Simples;Reta;-4,51394208;-55,86544792
01/08/2023;10:20:00;CAMPOS DOS GOYTACAZES;Acumulo de óleo sobre o pavimento;Tombamento;Com Vítimas Feridas;Pleno dia;Crescente;Céu Claro;Simples;Reta;-21,71366497;-41,30861915
01/08/2023;07:10:00;LAGUNA;Manobra de mudança de faixa;Colisão traseira;Com Vítimas Fatais;Pleno dia;Crescente;Céu Claro;Múltipla;Reta;-28,4266077;-48,8629527
01/08/2023;07:30:00;CRISTINO CASTRO;Afundamento ou ondulação no pavimento;Saída de leito carroçável;Com Vítimas Feridas;Pleno dia;Crescente;Sol;Simples;Declive;-8,73188748;-44,13144059
01/08/2023;14:20:00;JOAO PESSOA;Ausência de sinalização;Colisão traseira;Com Vítimas Feridas;Pleno dia;Crescente;Céu Claro;Múltipla;"Viaduto;Reta";-7,17034924;-34,87077355
01/08/2023;15:15:00;BIGUACU;Acumulo de óleo sobre o pavimento;Tombamento;Com Vítimas Feridas;Pleno dia;Decrescente;Céu Claro;Dupla;Reta;-27,489574;-48,655914
01/08/2023;15:13:00;NOVA IGUACU;Reação tardia ou ineficiente do condutor;Tombamento;Com Vítimas Feridas;Pleno dia;Crescente;Céu Claro;Dupla;Reta;-22,7516014;-43,43849831
08/04/2023;16:16:00;ANGRA DOS REIS;Chuva;Colisão lateral sentido oposto;Com Vítimas Feridas;Pleno dia;Crescente;Chuva;Simples;Reta;-23,00453;-44,29746
01/08/2023;17:45:00;BRASILIA;Acumulo de óleo sobre o pavimento;Tombamento;Com Vítimas Feridas;Anoitecer;Crescente;Céu Claro;Simples;Rotatória;-15,730719;-48,167587
01/08/2023;18:45:00;BRASILIA;Manobra de mudança de faixa;Colisão lateral mesmo sentido;Com Vítimas Feridas;Plena Noite;Crescente;Céu Claro;Dupla;Reta;-15,788868;-48,220242
01/08/2023;19:00:00;DUQUE DE CAXIAS;Pista Escorregadia;Tombamento;Com Vítimas Feridas;Plena Noite;Decrescente;Céu Claro;Simples;Curva;-22,66476979;-43,28495144
01/08/2023;07:30:00;OLHO DAGUA DO PIAUI;Acumulo de areia ou detritos sobre o pavimento;Saída de leito carroçável;Com Vítimas Feridas;Pleno dia;Crescente;Céu Claro;Simples;"Em Obras;Reta";-5,78742326;-42,55777299
01/08/2023;20:10:00;TIJUCAS;Curva acentuada;Colisão com objeto;Com Vítimas Feridas;Plena Noite;Decrescente;Céu Claro;Dupla;Curva;-27,243868;-48,6309
01/08/2023;21:40:00;ANAPOLIS;Velocidade Incompatível;Tombamento;Com Vítimas Feridas;Plena Noite;Crescente;Céu Claro;Dupla;Reta;-16,263361;-48,98392
28/07/2023;12:45:00;FEIRA DE SANTANA;Acumulo de água sobre o pavimento;Saída de leito carroçável;Sem Vítimas;Pleno dia;Crescente;Chuva;Dupla;Reta;-12,32272991;-38,86892893
01/08/2023;18:20:00;SAO GONCALO;Manobra de mudança de faixa;Colisão lateral mesmo sentido;Com Vítimas Feridas;Plena Noite;Decrescente;Céu Claro;Dupla;Reta;-22,85411774;-43,1018014
01/08/2023;21:30:00;ITANHANDU;Avarias e/ou desgaste excessivo no pneu;Tombamento;Com Vítimas Feridas;Plena Noite;Decrescente;Céu Claro;Simples;"Aclive;Curva;Em Obras";-22,26578926;-44,9042579
01/08/2023;15:00:00;OURO PRETO DO OESTE;Falta de elemento de contenção que evite a saída do leito carroçável;Saída de leito carroçável;Com Vítimas Feridas;Pleno dia;Decrescente;Céu Claro;Simples;"Declive;Reta";-10,68004689;-62,27979686
01/08/2023;23:45:00;ITAJAI;Ausência de reação do condutor;Tombamento;Com Vítimas Feridas;Plena Noite;Crescente;Nevoeiro/Neblina;Múltipla;Reta;-26,85311393;-48,72689927
01/08/2023;20:45:00;EXTREMA;Velocidade Incompatível;Atropelamento de Animal;Com Vítimas Feridas;Plena Noite;Decrescente;Nublado;Dupla;Curva;-22,845441;-46,3315508
20/04/2023;15:00:00;ENTRE RIOS;Velocidade Incompatível;Capotamento;Com Vítimas Feridas;Pleno dia;Crescente;Ignorado;Simples;Declive;-11,96618423;-38,14476501
02/08/2023;07:00:00;FORTALEZA;Manobra de mudança de faixa;Colisão traseira;Com Vítimas Feridas;Pleno dia;Decrescente;Sol;Dupla;Reta;-3,76159894;-38,51900662
02/08/2023;06:45:00;SAO JOSE;Manobra de mudança de faixa;Colisão traseira;Com Vítimas Feridas;Amanhecer;Decrescente;Céu Claro;Múltipla;Reta;-27,58313237;-48,61532885
02/08/2023;07:00:00;RECIFE;Manobra de mudança de faixa;Colisão transversal;Com Vítimas Feridas;Pleno dia;Decrescente;Céu Claro;Múltipla;"Em Obras;Reta";-8,075407;-34,967798
02/08/2023;07:40:00;SAO JOSE;Manobra de mudança de faixa;Colisão lateral mesmo sentido;Com Vítimas Feridas;Pleno dia;Crescente;Sol;Múltipla;Reta;-27,54018513;-48,62287714
02/08/2023;08:05:00;PORTO BELO;Frear bruscamente;Tombamento;Com Vítimas Feridas;Pleno dia;Crescente;Céu Claro;Dupla;Reta;-27,172272;-48,61170204
02/08/2023;09:30:00;APARECIDA DE GOIANIA;Manobra de mudança de faixa;Colisão traseira;Com Vítimas Feridas;Pleno dia;Crescente;Sol;Dupla;Reta;-16,7977;-49,2386
02/08/2023;07:05:00;FOZ DO IGUACU;Manobra de mudança de faixa;Colisão transversal;Com Vítimas Feridas;Pleno dia;Decrescente;Céu Claro;Dupla;Reta;-25,5469;-54,5882
20/07/2023;17:30:00;GOIANIA;Manobra de mudança de faixa;Colisão lateral mesmo sentido;Com Vítimas Feridas;Pleno dia;Crescente;Céu Claro;Dupla;Reta;-16,6537;-49,2172
01/07/2023;11:00:00;NAQUE;Acessar a via sem observar a presença dos outros veículos;Tombamento;Com Vítimas Feridas;Pleno dia;Decrescente;Céu Claro;Simples;"Interseção de Vias;Reta";-19,230751;-42,32869
02/08/2023;11:20:00;ITINGA DO MARANHAO;Ultrapassagem Indevida;Colisão frontal;Com Vítimas Feridas;Pleno dia;Decrescente;Céu Claro;Simples;Reta;-4,464304;-47,521744
02/08/2023;12:10:00;IBIPORA;Velocidade Incompatível;Atropelamento de Pedestre;Com Vítimas Feridas;Pleno dia;Decrescente;Céu Claro;Simples;Reta;-23,27216224;-51,04048067
02/08/2023;14:20:00;CURITIBA;Ausência de reação do condutor;Tombamento;Com Vítimas Feridas;Pleno dia;Decrescente;Sol;Dupla;Reta;-25,56857207;-49,31023179
28/04/2023;10:15:00;ALTOS;Avarias e/ou desgaste excessivo no pneu;Tombamento;Com Vítimas Feridas;Pleno dia;Decrescente;Céu Claro;Simples;Reta;-5,003034;-42,413452
02/08/2023;13:20:00;SERRA TALHADA;Manobra de mudança de faixa;Colisão lateral mesmo sentido;Com Vítimas Feridas;Pleno dia;Crescente;Céu Claro;Simples;Reta;-8,0002425;-38,370411
30/07/2023;19:30:00;TEOFILANDIA;Deficiência do Sistema de Iluminação/Sinalização;Colisão traseira;Com Vítimas Fatais;Plena Noite;Crescente;Céu Claro;Simples;Reta;-11,49337432;-38,99704935
02/08/2023;18:01:00;CABEDELO;Velocidade Incompatível;Colisão transversal;Com Vítimas Feridas;Plena Noite;Decrescente;Céu Claro;Dupla;Reta;-7,0596;-34,8506
02/08/2023;18:20:00;EUSEBIO;Pista Escorregadia;Queda de ocupante de veículo;Com Vítimas Feridas;Plena Noite;Decrescente;Céu Claro;Dupla;Retorno Regulamentado;-3,91384397;-38,50667231
02/08/2023;18:50:00;ARACATI;Deficiência do Sistema de Iluminação/Sinalização;Colisão lateral mesmo sentido;Com Vítimas Feridas;Plena Noite;Crescente;Céu Claro;Dupla;Reta;-4,61278199;-37,65698899
02/08/2023;17:29:00;JI-PARANA;Manobra de mudança de faixa;Colisão lateral mesmo sentido;Com Vítimas Feridas;Pleno dia;Decrescente;Céu Claro;Dupla;Reta;-10,8688113;-61,9601791
28/04/2023;22:20:00;PARNAMIRIM;Velocidade Incompatível;Colisão traseira;Com Vítimas Feridas;Plena Noite;Crescente;Nublado;Dupla;Reta;-5,91056401;-35,26130795
02/08/2023;17:40:00;ITABUNA;Pista Escorregadia;Queda de ocupante de veículo;Com Vítimas Feridas;Anoitecer;Decrescente;Céu Claro;Simples;Reta;-14,81593619;-39,2992348
02/08/2023;22:00:00;PINDAMONHANGABA;Avarias e/ou desgaste excessivo no pneu;Tombamento;Com Vítimas Feridas;Plena Noite;Decrescente;Nublado;Dupla;Reta;-22,97375666;-45,44726115
02/08/2023;20:45:00;ITAUBA;Ausência de reação do condutor;Tombamento;Com Vítimas Feridas;Plena Noite;Crescente;Céu Claro;Simples;"Reta;Aclive";-10,963698;-55,22303101
03/08/2023;03:00:00;GUARULHOS;Velocidade Incompatível;Colisão lateral mesmo sentido;Com Vítimas Feridas;Plena Noite;Decrescente;Céu Claro;Múltipla;Reta;-23,49102507;-46,54878195
03/08/2023;03:20:00;NITEROI;Reação tardia ou ineficiente do condutor;Tombamento;Com Vítimas Feridas;Plena Noite;Decrescente;Céu Claro;Múltipla;"Ponte;Reta";-22,87304162;-43,13525319
03/08/2023;07:10:00;GUARULHOS;Manobra de mudança de faixa;Colisão lateral mesmo sentido;Com Vítimas Feridas;Pleno dia;Crescente;Céu Claro;Dupla;"Declive;Reta";-23,44553987;-46,45142913
03/08/2023;07:53:00;MOSSORO;Afundamento ou ondulação no pavimento;Colisão com objeto;Com Vítimas Feridas;Pleno dia;Decrescente;Céu Claro;Dupla;Reta;-5,16149497;-37,35068212
03/08/2023;08:05:00;ARAUCARIA;Manobra de mudança de faixa;Colisão lateral mesmo sentido;Com Vítimas Feridas;Pleno dia;Decrescente;Céu Claro;Dupla;Reta;-25,570036;-49,384193
03/08/2023;07:30:00;TAUBATE;Reação tardia ou ineficiente do condutor;Tombamento;Com Vítimas Feridas;Amanhecer;Crescente;Céu Claro;Dupla;Reta;-23,03412614;-45,5526999
03/08/2023;09:20:00;NATAL;Chuva;Queda de ocupante de veículo;Com Vítimas Feridas;Pleno dia;Decrescente;Chuva;Múltipla;Viaduto;-5,85758898;-35,21271205
03/08/2023;10:00:00;CERRO LARGO;Velocidade Incompatível;Colisão transversal;Com Vítimas Feridas;Pleno dia;Decrescente;Sol;Simples;"Interseção de Vias;Reta";-28,12072256;-54,79278803
03/08/2023;10:30:00;MURIAE;Ausência de sinalização;Colisão transversal;Com Vítimas Feridas;Pleno dia;Crescente;Sol;Simples;"Reta;Em Obras;Interseção de Vias";-21,09470198;-42,37369904
03/08/2023;10:30:00;BETIM;Ausência de reação do condutor;Tombamento;Com Vítimas Feridas;Pleno dia;Crescente;Sol;Múltipla;Reta;-19,96902101;-44,18136835
10/07/2023;21:20:00;ANAPOLIS;Manobra de mudança de faixa;Colisão traseira;Com Vítimas Feridas;Plena Noite;Decrescente;Céu Claro;Dupla;Reta;-16,375704;-48,946975
03/08/2023;12:40:00;MAIRIPORA;Velocidade Incompatível;Saída de leito carroçável;Com Vítimas Feridas;Pleno dia;Crescente;Sol;Dupla;"Curva;Aclive";-23,34386149;-46,57241821
03/08/2023;11:20:00;NITEROI;Ausência de reação do condutor;Tombamento;Com Vítimas Feridas;Pleno dia;Decrescente;Céu Claro;Dupla;Curva;-22,86171098;-43,10714015
03/08/2023;14:20:00;GUARATINGUETA;Ausência de reação do condutor;Tombamento;Com Vítimas Feridas;Pleno dia;Decrescente;Sol;Dupla;Reta;-22,82270215;-45,20193286
03/08/2023;13:30:00;BETIM;Reação tardia ou ineficiente do condutor;Tombamento;Com Vítimas Feridas;Pleno dia;Crescente;Céu Claro;Dupla;"Interseção de Vias;Reta";-19,95659517;-44,13698541
03/08/2023;15:50:00;CAMAQUA;Reação tardia ou ineficiente do condutor;Tombamento;Com Vítimas Feridas;Pleno dia;Decrescente;Nublado;Simples;Reta;-30,86691995;-51,80039803
28/07/2023;22:00:00;MONTE NEGRO;Demais falhas na via;Saída de leito carroçável;Sem Vítimas;Plena Noite;Não Informado;Céu Claro;Simples;Curva;-10,298055;-63,236989
03/08/2023;16:50:00;GUARAPARI;Acumulo de óleo sobre o pavimento;Tombamento;Com Vítimas Feridas;Pleno dia;Decrescente;Céu Claro;Simples;Curva;-20,62718356;-40,52742029
03/08/2023;16:30:00;GENERAL CARNEIRO;Demais falhas na via;Capotamento;Com Vítimas Feridas;Pleno dia;Crescente;Céu Claro;Simples;Curva;-15,66514838;-52,7995795
03/08/2023;16:30:00;CORBELIA;Velocidade Incompatível;Colisão lateral mesmo sentido;Com Vítimas Feridas;Pleno dia;Decrescente;Céu Claro;Simples;Reta;-24,7566;-53,2895
31/05/2023;13:30:00;RAFAEL JAMBEIRO;Reação tardia ou ineficiente do condutor;Tombamento;Com Vítimas Feridas;Pleno dia;Decrescente;Céu Claro;Simples;Reta;-12,547949;-39,553899
03/08/2023;18:10:00;FORTALEZA;Trafegar com motocicleta (ou similar) entre as faixas;Tombamento;Com Vítimas Feridas;Plena Noite;Crescente;Céu Claro;Múltipla;Reta;-3,76159894;-38,51900662
03/08/2023;18:30:00;SAO LUIS;Manobra de mudança de faixa;Colisão lateral mesmo sentido;Com Vítimas Feridas;Plena Noite;Decrescente;Céu Claro;Dupla;Reta;-2,5804565;-44,241947
03/08/2023;17:20:00;CABROBO;Ultrapassagem Indevida;Colisão lateral mesmo sentido;Com Vítimas Feridas;Anoitecer;Decrescente;Céu Claro;Simples;Reta;-8,508235;-39,212662
03/08/2023;20:00:00;SAO JOSE;Manobra de mudança de faixa;Tombamento;Com Vítimas Feridas;Plena Noite;Crescente;Céu Claro;Dupla;Reta;-27,54836599;-48,61977975
03/08/2023;18:12:00;CRISTALINA;Velocidade Incompatível;Colisão transversal;Com Vítimas Feridas;Anoitecer;Crescente;Céu Claro;Simples;Interseção de Vias;-16,9309;-47,7117
03/08/2023;20:30:00;OURICURI;Ausência de reação do condutor;Tombamento;Com Vítimas Feridas;Plena Noite;Crescente;Céu Claro;Simples;Declive;-7,83384491;-40,14394393
03/08/2023;20:30:00;APARECIDA DO TABOADO;Manobra de mudança de faixa;Saída de leito carroçável;Com Vítimas Feridas;Plena Noite;Crescente;Céu Claro;Simples;Reta;-20,02596098;-51,11578938
03/08/2023;23:20:00;INDAIAL;Ausência de reação do condutor;Tombamento;Com Vítimas Feridas;Plena Noite;Decrescente;Céu Claro;Dupla;Reta;-26,895243;-49,262104
04/08/2023;00:05:00;ILHOTA;Velocidade Incompatível;Saída de leito carroçável;Com Vítimas Feridas;Plena Noite;Decrescente;Nublado;Dupla;Reta;-26,881754;-48,856251