data_inversa;horario;municipio;causa_acidente;tipo_acidente;classificacao_acidente;fase_dia;sentido_via;condicao_metereologica;tipo_pista;tracado_via;latitude;longitude
28/07/2023;04:15:00;SIMOES FILHO;Ausência de reação do condutor;Tombamento;Com Vítimas Feridas;Plena Noite;Crescente;Chuva;Dupla;Reta;-12,82931703;-38,41113193
04/08/2023;01:30:00;VITORIA DA CONQUISTA;Velocidade Incompatível;Colisão com objeto;Com Vítimas Feridas;Plena Noite;Crescente;Ignorado;Simples;Aclive;-14,832286;-40,886875
04/08/2023;06:45:00;SANTA ROSA DO SUL;Avarias e/ou desgaste excessivo no pneu;Tombamento;Com Vítimas Feridas;Amanhecer;Decrescente;Céu Claro;Múltipla;"Reta;Aclive";-29,1312336;-49,69232619
04/08/2023;08:05:00;VALPARAISO DE GOIAS;Manobra de mudança de faixa;Colisão traseira;Com Vítimas Feridas;Pleno dia;Decrescente;Céu Claro;Dupla;Reta;-16,093134;-47,982236
04/08/2023;08:30:00;UBERLANDIA;Manobra de mudança de faixa;Colisão lateral mesmo sentido;Com Vítimas Feridas;Pleno dia;Decrescente;Céu Claro;Dupla;Reta;-18,85140204;-48,25345932
04/08/2023;08:15:00;CAXIAS DO SUL;Manobra de mudança de faixa;Colisão lateral mesmo sentido;Com Vítimas Feridas;Pleno dia;Decrescente;Sol;Múltipla;"Aclive;Reta";-29,16266;-51,157345
04/08/2023;08:40:00;UBERABA;Avarias e/ou desgaste excessivo no pneu;Tombamento;Com Vítimas Feridas;Pleno dia;Decrescente;Céu Claro;Simples;Reta;-19,761934;-47,850093
04/08/2023;07:00:00;SAO JOAO DE MERITI;Manobra de mudança de faixa;Colisão lateral mesmo sentido;Com Vítimas Feridas;Amanhecer;Decrescente;Céu Claro;Múltipla;Reta;-22,79810324;-43,35726614
04/08/2023;08:45:00;SAO JOSE;Manobra de mudança de faixa;Colisão traseira;Com Vítimas Feridas;Pleno dia;Decrescente;Céu Claro;Dupla;Reta;-27,60327979;-48,63201818
04/08/2023;08:50:00;SAO JOAO DE MERITI;Manobra de mudança de faixa;Colisão traseira;Com Vítimas Feridas;Pleno dia;Decrescente;Céu Claro;Múltipla;Reta;-22,78055198;-43,39208599
04/08/2023;07:30:00;CAMPO GRANDE;Ausência de reação do condutor;Tombamento;Com Vítimas Feridas;Pleno dia;Decrescente;Céu Claro;Simples;"Declive;Reta";-20,46975411;-54,48689
04/08/2023;11:40:00;RECIFE;Acumulo de óleo sobre o pavimento;Queda de ocupante de veículo;Com Vítimas Feridas;Pleno dia;Decrescente;Céu Claro;Simples;Curva;-8,06776119;-34,94265074
04/08/2023;06:50:00;ENCRUZILHADA;Demais Fenômenos da natureza;Saída de leito carroçável;Com Vítimas Feridas;Amanhecer;Decrescente;Nevoeiro/Neblina;Simples;Reta;-15,61241;-41,289676
04/08/2023;12:00:00;ITAGUARA;Manobra de mudança de faixa;Colisão lateral sentido oposto;Com Vítimas Feridas;Pleno dia;Crescente;Sol;Dupla;Reta;-20,38230203;-44,48068397
04/08/2023;13:00:00;PALHOCA;Manobra de mudança de faixa;Colisão lateral mesmo sentido;Com Vítimas Feridas;Pleno dia;Crescente;Céu Claro;Múltipla;Rotatória;-27,658611;-48,681847
04/08/2023;13:20:00;CORUMBA DE GOIAS;Ultrapassagem Indevida;Colisão frontal;Com Vítimas Fatais;Pleno dia;Crescente;Céu Claro;Simples;"Reta;Aclive";-15,97556585;-48,82566142
04/08/2023;13:30:00;JOAO PESSOA;Acostamento em desnível;Colisão lateral mesmo sentido;Com Vítimas Feridas;Pleno dia;Crescente;Céu Claro;Dupla;Reta;-7,14199404;-34,85188723
29/06/2023;11:30:00;UBERLANDIA;Ausência de reação do condutor;Tombamento;Com Vítimas Feridas;Pleno dia;Crescente;Céu Claro;Dupla;Reta;-18,9057581;-48,2317338
04/08/2023;15:15:00;SAO LEOPOLDO;Manobra de mudança de faixa;Colisão lateral mesmo sentido;Com Vítimas Feridas;Pleno dia;Decrescente;Céu Claro;Múltipla;Reta;-29,77605895;-51,15508618
04/08/2023;15:40:00;FORTALEZA;Demais falhas mecânicas ou elétricas;Tombamento;Com Vítimas Feridas;Pleno dia;Decrescente;Céu Claro;Múltipla;Reta;-3,754584;-38,523407
24/05/2023;07:00:00;MURIAE;Manobra de mudança de faixa;Colisão lateral mesmo sentido;Com Vítimas Feridas;Pleno dia;Crescente;Nublado;Simples;"Interseção de Vias;Reta";-21,13416858;-42,38722798
04/08/2023;17:20:00;CARIACICA;Manobra de mudança de faixa;Colisão lateral mesmo sentido;Com Vítimas Feridas;Anoitecer;Decrescente;Céu Claro;Dupla;Reta;-20,30650512;-40,39488717
04/08/2023;17:15:00;DUQUE DE CAXIAS;Manobra de mudança de faixa;Colisão traseira;Com Vítimas Feridas;Anoitecer;Decrescente;Céu Claro;Múltipla;Reta;-22,76375592;-43,28683062
04/08/2023;17:30:00;RIBAS DO RIO PARDO;Velocidade Incompatível;Saída de leito carroçável;Com Vítimas Feridas;Pleno dia;Crescente;Céu Claro;Simples;Reta;-20,4563837;-53,72745692
04/08/2023;18:50:00;ARIQUEMES;Velocidade Incompatível;Saída de leito carroçável;Com Vítimas Feridas;Plena Noite;Crescente;Céu Claro;Simples;Reta;-9,88869603;-63,05672846
04/08/2023;19:35:00;CONTAGEM;Ausência de reação do condutor;Tombamento;Com Vítimas Feridas;Plena Noite;Crescente;Céu Claro;Dupla;Reta;-19,86874894;-44,05962197
04/08/2023;21:03:00;MARTINS SOARES;Ausência de reação do condutor;Tombamento;Com Vítimas Feridas;Plena Noite;Crescente;Céu Claro;Dupla;"Retorno Regulamentado;Rotatória";-20,26054008;-41,87631604
05/08/2023;00:30:00;SAO JOSE DOS PINHAIS;Neblina;Colisão com objeto;Com Vítimas Feridas;Plena Noite;Decrescente;Nublado;Múltipla;Reta;-25,552444;-49,036713
05/08/2023;00:07:00;PORTO VELHO;Acumulo de areia ou detritos sobre o pavimento;Queda de ocupante de veículo;Com Vítimas Feridas;Plena Noite;Decrescente;Céu Claro;Dupla;Curva;-8,77209975;-63,88240814
04/08/2023;22:45:00;ITAPERUNA;Reação tardia ou ineficiente do condutor;Tombamento;Com Vítimas Fatais;Plena Noite;Crescente;Nublado;Simples;"Interseção de Vias;Reta";-21,17557977;-42,01087805
04/08/2023;20:30:00;SAO MATEUS DO SUL;Manobra de mudança de faixa;Colisão lateral mesmo sentido;Com Vítimas Feridas;Plena Noite;Decrescente;Céu Claro;Simples;"Reta;Aclive";-25,88582;-50,38245
05/08/2023;01:40:00;PALHOCA;Pista Escorregadia;Tombamento;Com Vítimas Feridas;Plena Noite;Decrescente;Céu Claro;Múltipla;Viaduto;-27,65981409;-48,67747798
04/08/2023;20:40:00;VILHENA;Frear bruscamente;Tombamento;Com Vítimas Feridas;Plena Noite;Crescente;Céu Claro;Dupla;Reta;-12,73672751;-60,14804088
05/08/2023;01:15:00;FRUTAL;Ultrapassagem Indevida;Colisão frontal;Com Vítimas Feridas;Plena Noite;Decrescente;Nublado;Simples;Reta;-20,0696176;-48,79029878
05/08/2023;05:00:00;DOM EXPEDITO LOPES;Transitar no Acostamento;Tombamento;Com Vítimas Feridas;Amanhecer;Crescente;Céu Claro;Simples;Reta;-6,97750323;-41,63837027
05/08/2023;06:20:00;RESSAQUINHA;Velocidade Incompatível;Colisão frontal;Com Vítimas Fatais;Amanhecer;Decrescente;Céu Claro;Simples;Curva;-21,038769;-43,764743
05/08/2023;07:25:00;BALNEARIO CAMBORIU;Reação tardia ou ineficiente do condutor;Tombamento;Com Vítimas Feridas;Pleno dia;Crescente;Céu Claro;Dupla;Reta;-26,99064209;-48,66310912
05/08/2023;06:00:00;NOVA TIMBOTEUA;Ausência de reação do condutor;Tombamento;Com Vítimas Feridas;Pleno dia;Crescente;Céu Claro;Simples;Aclive;-1,29803243;-47,37596671
05/08/2023;08:27:00;LINHARES;Manobra de mudança de faixa;Colisão transversal;Com Vítimas Feridas;Pleno dia;Decrescente;Céu Claro;Múltipla;Retorno Regulamentado;-19,30186109;-40,08371726
05/08/2023;09:46:00;IGARASSU;Manobra de mudança de faixa;Colisão lateral mesmo sentido;Sem Vítimas;Pleno dia;Decrescente;Céu Claro;Dupla;Reta;-7,83038346;-34,91426785
05/08/2023;11:27:00;VARGEM;Demais falhas na via;Queda de ocupante de veículo;Com Vítimas Feridas;Pleno dia;Decrescente;Céu Claro;Dupla;"Declive;Reta";-22,8826217;-46,40779515
05/08/2023;12:21:00;PAULISTA;Manobra de mudança de faixa;Colisão traseira;Com Vítimas Feridas;Pleno dia;Decrescente;Céu Claro;Dupla;Reta;-7,92358799;-34,89607201
05/08/2023;13:03:00;GASPAR;Ultrapassagem Indevida;Colisão lateral mesmo sentido;Com Vítimas Feridas;Pleno dia;Crescente;Céu Claro;Simples;Reta;-26,9198697;-48,959198
21/07/2023;19:10:00;MANAUS;Ultrapassagem Indevida;Tombamento;Com Vítimas Feridas;Plena Noite;Crescente;Céu Claro;Simples;Reta;-2,61522997;-60,03946148
05/08/2023;14:00:00;SALVADOR;Manobra de mudança de faixa;Colisão lateral mesmo sentido;Com Vítimas Feridas;Pleno dia;Decrescente;Céu Claro;Dupla;Reta;-12,90482172;-38,45556535
01/08/2023;21:48:00;PRESIDENTE MEDICI;Iluminação deficiente;Queda de ocupante de veículo;Com Vítimas Feridas;Plena Noite;Crescente;Céu Claro;Simples;Reta;-11,12733004;-61,9012405
05/08/2023;15:50:00;SERRA;Demais falhas na via;Queda de ocupante de veículo;Com Vítimas Feridas;Pleno dia;Crescente;Sol;Múltipla;Reta;-20,1572331;-40,27678329
05/08/2023;12:45:00;CALCOENE;Pista Escorregadia;Saída de leito carroçável;Sem Vítimas;Pleno dia;Decrescente;Céu Claro;Simples;"Ponte;Declive";2,72252404;-51,36828789
02/07/2023;02:17:00;INDAIAL;Manobra de mudança de faixa;Capotamento;Com Vítimas Feridas;Plena Noite;Crescente;Ignorado;Simples;Reta;-26,901979;-49,268745
05/08/2023;17:40:00;APARECIDA DO TABOADO;Pista esburacada;Tombamento;Com Vítimas Feridas;Anoitecer;Decrescente;Céu Claro;Simples;Declive;-20,19426413;-51,23597292
05/08/2023;18:40:00;ARAUCARIA;Reação tardia ou ineficiente do condutor;Tombamento;Com Vítimas Feridas;Plena Noite;Decrescente;Céu Claro;Simples;"Retorno Regulamentado;Interseção de Vias;Reta";-25,60639;-49,421112
05/08/2023;18:15:00;PORTO VELHO;Retorno proibido;Tombamento;Com Vítimas Feridas;Anoitecer;Crescente;Céu Claro;Múltipla;Rotatória;-8,778264;-63,8718152
05/08/2023;18:50:00;RIBAS DO RIO PARDO;Ultrapassagem Indevida;Colisão lateral sentido oposto;Com Vítimas Feridas;Plena Noite;Decrescente;Céu Claro;Simples;Reta;-20,43929134;-53,82688725
05/08/2023;18:50:00;CARAZINHO;Sinalização mal posicionada;Saída de leito carroçável;Com Vítimas Feridas;Anoitecer;Decrescente;Céu Claro;Simples;Em Obras;-28,295189;-52,731426
05/08/2023;18:50:00;CARAZINHO;Sinalização mal posicionada;Saída de leito carroçável;Sem Vítimas;Plena Noite;Decrescente;Céu Claro;Simples;Em Obras;-28,295189;-52,731426
05/08/2023;18:39:00;BENEVIDES;Acostamento em desnível;Saída de leito carroçável;Com Vítimas Feridas;Plena Noite;Decrescente;Chuva;Dupla;Reta;-1,360971378;-48,26241527
05/08/2023;20:00:00;ARACATI;Manobra de mudança de faixa;Colisão frontal;Com Vítimas Fatais;Plena Noite;Decrescente;Céu Claro;Simples;Reta;-4,58052404;-37,878518
05/08/2023;20:15:00;VILA VELHA;Reação tardia ou ineficiente do condutor;Tombamento;Com Vítimas Feridas;Plena Noite;Crescente;Céu Claro;Simples;Reta;-20,35784325;-40,3328294
05/08/2023;10:30:00;BARRA MANSA;Curva acentuada;Tombamento;Com Vítimas Feridas;Pleno dia;Decrescente;Céu Claro;Dupla;"Aclive;Curva";-22,56163574;-44,14771584
05/08/2023;21:00:00;BETIM;Manobra de mudança de faixa;Colisão lateral mesmo sentido;Com Vítimas Feridas;Plena Noite;Crescente;Céu Claro;Dupla;Reta;-19,96250864;-44,16536093
05/08/2023;23:25:00;RANCHO QUEIMADO;Velocidade Incompatível;Saída de leito carroçável;Com Vítimas Feridas;Plena Noite;Decrescente;Céu Claro;Simples;Curva;-27,692406;-49,075939
06/08/2023;00:00:00;BALNEARIO PICARRAS;Condutor deixou de manter distância do veículo da frente;Capotamento;Com Vítimas Feridas;Plena Noite;Crescente;Nublado;Dupla;Curva;-26,7832381;-48,68314632
05/08/2023;23:50:00;IRATI;Curva acentuada;Saída de leito carroçável;Com Vítimas Feridas;Plena Noite;Decrescente;Céu Claro;Dupla;Curva;-25,46282105;-50,62272197
06/08/2023;04:35:00;ITAJAI;Velocidade Incompatível;Saída de leito carroçável;Com Vítimas Fatais;Plena Noite;Crescente;Nublado;Múltipla;Reta;-26,8607778;-48,7282423
05/08/2023;22:00:00;NOSSA SENHORA DO LIVRAMENTO;Velocidade Incompatível;Capotamento;Com Vítimas Feridas;Plena Noite;Decrescente;Céu Claro;Simples;"Em Obras;Reta";-15,68993081;-56,37014512
06/08/2023;04:30:00;BARREIRAS;Manobra de mudança de faixa;Colisão frontal;Com Vítimas Fatais;Plena Noite;Crescente;Céu Claro;Simples;Reta;-12,11858671;-45,19720999
06/08/2023;04:00:00;NOVA SERRANA;Velocidade Incompatível;Saída de leito carroçável;Sem Vítimas;Plena Noite;Decrescente;Céu Claro;Simples;Interseção de Vias;-19,8711072;-44,97973504
05/08/2023;20:15:00;RIACHAO;Manobra de mudança de faixa;Colisão frontal;Com Vítimas Fatais;Plena Noite;Decrescente;Céu Claro;Simples;Reta;-7,356557;-46,594363
06/08/2023;05:30:00;INDIANOPOLIS;Demais falhas na via;Queda de ocupante de veículo;Com Vítimas Feridas;Amanhecer;Decrescente;Céu Claro;Simples;"Declive;Reta";-18,86861187;-47,98372099
07/06/2023;01:15:00;BARRA DO GARCAS;Manobra de mudança de faixa;Colisão lateral mesmo sentido;Com Vítimas Feridas;Plena Noite;Decrescente;Céu Claro;Simples;Reta;-15,88252843;-52,27574027
06/08/2023;09:30:00;PEROLA DOESTE;Ultrapassagem Indevida;Saída de leito carroçável;Com Vítimas Feridas;Pleno dia;Decrescente;Céu Claro;Simples;"Declive;Reta";-25,84293388;-53,75150368
06/08/2023;09:50:00;ITATIAIA;Velocidade Incompatível;Colisão com objeto;Com Vítimas Feridas;Pleno dia;Decrescente;Céu Claro;Dupla;"Declive;Reta";-22,48093378;-44,53547807
06/08/2023;11:05:00;JUATUBA;Ausência de reação do condutor;Tombamento;Com Vítimas Feridas;Pleno dia;Decrescente;Céu Claro;Dupla;Curva;-19,970635;-44,293591
06/08/2023;09:30:00;CARDOSO MOREIRA;Demais falhas na via;Queda de ocupante de veículo;Com Vítimas Feridas;Pleno dia;Crescente;Céu Claro;Dupla;"Declive;Reta";-21,54984997;-41,46726055
06/08/2023;11:15:00;LINS;Reação tardia ou ineficiente do condutor;Tombamento;Com Vítimas Feridas;Pleno dia;Decrescente;Céu Claro;Simples;Aclive;-21,69169015;-49,79282465
06/08/2023;13:50:00;LONTRAS;Pista esburacada;Tombamento;Com Vítimas Feridas;Pleno dia;Crescente;Céu Claro;Simples;Reta;-27,113192;-49,529163
06/08/2023;15:00:00;CAMBARA;Manobra de mudança de faixa;Colisão com objeto;Sem Vítimas;Pleno dia;Decrescente;Céu Claro;Simples;"Declive;Reta";-23,03756;-50,16661
06/08/2023;16:20:00;DUQUE DE CAXIAS;Manobra de mudança de faixa;Colisão traseira;Com Vítimas Feridas;Pleno dia;Decrescente;Céu Claro;Múltipla;Curva;-22,67374628;-43,28638368
06/08/2023;17:10:00;PEDRO CANARIO;Reação tardia ou ineficiente do condutor;Tombamento;Com Vítimas Feridas;Pleno dia;Crescente;Nublado;Simples;Curva;-18,21950697;-39,94488285
06/08/2023;16:20:00;CACOAL;Demais falhas mecânicas ou elétricas;Tombamento;Com Vítimas Feridas;Pleno dia;Crescente;Céu Claro;Simples;Rotatória;-11,44070217;-61,4786063
06/08/2023;18:10:00;ESTRELA;Manobra de mudança de faixa;Colisão lateral mesmo sentido;Sem Vítimas;Anoitecer;Crescente;Céu Claro;Dupla;"Reta;Retorno Regulamentado";-29,557457;-51,891541
06/08/2023;16:00:00;SORRISO;Ultrapassagem Indevida;Colisão lateral mesmo sentido;Sem Vítimas;Anoitecer;Crescente;Céu Claro;Simples;Reta;-12,751436;-55,83316
06/08/2023;19:00:00;SERRA;Manobra de mudança de faixa;Colisão com objeto;Com Vítimas Fatais;Plena Noite;Crescente;Céu Claro;Dupla;"Aclive;Reta";-20,12455095;-40,30331881
06/08/2023;19:15:00;PALHOCA;Manobra de mudança de faixa;Colisão lateral mesmo sentido;Com Vítimas Feridas;Plena Noite;Decrescente;Céu Claro;Dupla;Reta;-27,70012652;-48,66021182
06/08/2023;17:30:00;DESCANSO;Velocidade Incompatível;Saída de leito carroçável;Com Vítimas Feridas;Pleno dia;Decrescente;Céu Claro;Simples;"Declive;Curva";-26,779949;-53,460857
06/08/2023;17:50:00;PARATY;Ausência de reação do condutor;Tombamento;Com Vítimas Feridas;Anoitecer;Decrescente;Céu Claro;Simples;Curva;-23,09154148;-44,6958992
06/08/2023;19:30:00;GRAVATAI;Manobra de mudança de faixa;Saída de leito carroçável;Com Vítimas Feridas;Plena Noite;Crescente;Céu Claro;Simples;Curva;-29,952908;-51,048054
06/08/2023;19:40:00;GUARULHOS;Manobra de mudança de faixa;Colisão traseira;Com Vítimas Feridas;Plena Noite;Crescente;Nublado;Múltipla;Reta;-23,4324306;-46,4194352
06/08/2023;21:00:00;RIBEIRAO DAS NEVES;Velocidade Incompatível;Colisão traseira;Com Vítimas Feridas;Plena Noite;Decrescente;Céu Claro;Dupla;Reta;-19,77463885;-44,12321882
06/08/2023;18:40:00;CANDOI;Ausência de sinalização;Colisão frontal;Com Vítimas Fatais;Plena Noite;Crescente;Céu Claro;Simples;"Em Obras;Reta";-25,612262;-52,05681
06/08/2023;22:40:00;ARARANGUA;Ausência de sinalização;Tombamento;Com Vítimas Feridas;Plena Noite;Decrescente;Céu Claro;Simples;Rotatória;-28,939333;-49,497513
06/08/2023;20:40:00;GUARAPUAVA;Ausência de sinalização;Colisão frontal;Com Vítimas Feridas;Plena Noite;Crescente;Céu Claro;Simples;"Reta;Em Obras";-25,3312311;-51,21833133
07/08/2023;07:35:00;JOAO PESSOA;Frear bruscamente;Tombamento;Com Vítimas Feridas;Pleno dia;Decrescente;Chuva;Dupla;Retorno Regulamentado;-7,17854577;-34,89976287
07/08/2023;06:40:00;VITORIA DA CONQUISTA;Manobra de mudança de faixa;Colisão frontal;Com Vítimas Feridas;Pleno dia;Decrescente;Céu Claro;Simples;Curva;-14,89649;-40,83242
07/08/2023;07:20:00;PARATY;Velocidade Incompatível;Capotamento;Com Vítimas Feridas;Pleno dia;Decrescente;Céu Claro;Simples;Reta;-23,34188139;-44,74117913
07/08/2023;07:50:00;CARIACICA;Manobra de mudança de faixa;Colisão lateral mesmo sentido;Com Vítimas Feridas;Pleno dia;Crescente;Céu Claro;Dupla;Reta;-20,28927747;-40,39181575
07/08/2023;08:25:00;FORTALEZA;Manobra de mudança de faixa;Colisão lateral mesmo sentido;Com Vítimas Feridas;Pleno dia;Decrescente;Céu Claro;Múltipla;"Reta;Aclive";-3,852077;-38,495525
07/08/2023;07:00:00;CONTAGEM;Manobra de mudança de faixa;Colisão lateral mesmo sentido;Com Vítimas Feridas;Pleno dia;Crescente;Céu Claro;Dupla;Reta;-19,83957589;-44,07684485
07/08/2023;08:40:00;BETIM;Ausência de reação do condutor;Tombamento;Com Vítimas Feridas;Pleno dia;Decrescente;Sol;Múltipla;Reta;-19,95659361;-44,12622893
07/08/2023;09:00:00;CABO DE SANTO AGOSTINHO;Manobra de mudança de faixa;Colisão lateral mesmo sentido;Com Vítimas Feridas;Pleno dia;Crescente;Céu Claro;Dupla;Reta;-8,21612792;-34,98772817
07/08/2023;11:25:00;GRAVATAI;Acumulo de água sobre o pavimento;Saída de leito carroçável;Com Vítimas Feridas;Pleno dia;Crescente;Chuva;Múltipla;Reta;-29,952908;-51,048054
07/08/2023;10:00:00;MUITOS CAPOES;Velocidade Incompatível;Saída de leito carroçável;Sem Vítimas;Pleno dia;Decrescente;Nublado;Simples;Curva;-28,32976879;-51,28881454
07/08/2023;07:40:00;NOVA LIMA;Velocidade Incompatível;Tombamento;Com Vítimas Feridas;Pleno dia;Crescente;Céu Claro;Dupla;Retorno Regulamentado;-20,16086012;-43,96464349
07/08/2023;11:40:00;SERRA;Reação tardia ou ineficiente do condutor;Tombamento;Com Vítimas Feridas;Pleno dia;Crescente;Céu Claro;Dupla;Interseção de Vias;-20,1816849;-40,26536036
07/08/2023;13:30:00;LUZIANIA;Velocidade Incompatível;Saída de leito carroçável;Com Vítimas Feridas;Pleno dia;Decrescente;Céu Claro;Dupla;Reta;-16,116158;-47,96761
07/08/2023;09:30:00;MONTE CASTELO;Velocidade Incompatível;Tombamento;Com Vítimas Feridas;Pleno dia;Crescente;Sol;Simples;"Curva;Aclive";-26,75604307;-50,31916109
07/08/2023;15:15:00;PORTO ALEGRE;Pista Escorregadia;Tombamento;Com Vítimas Feridas;Pleno dia;Decrescente;Chuva;Simples;Curva;-29,971916;-51,176838
07/08/2023;16:20:00;CAXIAS DO SUL;Manobra de mudança de faixa;Colisão lateral mesmo sentido;Com Vítimas Feridas;Pleno dia;Crescente;Chuva;Dupla;Reta;-29,14908014;-51,1429969
07/08/2023;13:50:00;SAPUCAIA;Demais Fenômenos da natureza;Saída de leito carroçável;Com Vítimas Feridas;Pleno dia;Decrescente;Sol;Simples;Curva;-21,90897631;-42,69105244
07/08/2023;17:00:00;EMBU DAS ARTES;Curva acentuada;Queda de ocupante de veículo;Com Vítimas Feridas;Plena Noite;Crescente;Céu Claro;Dupla;Reta;-23,69998;-46,867767
07/08/2023;17:20:00;SAO JOSE;Acumulo de óleo sobre o pavimento;Queda de ocupante de veículo;Com Vítimas Feridas;Plena Noite;Decrescente;Chuva;Múltipla;Interseção de Vias;-27,61000542;-48,63895057
07/08/2023;17:10:00;MAFRA;Pista Escorregadia;Saída de leito carroçável;Com Vítimas Feridas;Pleno dia;Crescente;Garoa/Chuvisco;Simples;"Declive;Curva";-26,23248274;-49,69867393
07/08/2023;18:15:00;ONDA VERDE;Ausência de reação do condutor;Tombamento;Com Vítimas Feridas;Anoitecer;Decrescente;Céu Claro;Simples;Reta;-20,64603812;-49,34057054
07/08/2023;10:30:00;BARRA MANSA;Manobra de mudança de faixa;Colisão lateral mesmo sentido;Com Vítimas Feridas;Pleno dia;Crescente;Céu Claro;Múltipla;"Reta;Retorno Regulamentado";-22,53010867;-44,11566496
07/08/2023;17:00:00;JOACABA;Chuva;Saída de leito carroçável;Com Vítimas Feridas;Anoitecer;Crescente;Chuva;Dupla;Curva;-27,185896;-51,518845
07/01/2023;14:00:00;AQUIRAZ;Velocidade Incompatível;Colisão traseira;Com Vítimas Feridas;Pleno dia;Crescente;Ignorado;Dupla;Reta;-3,98418708;-38,5151357
16/07/2023;22:00:00;CAMPO GRANDE;Desrespeitar a preferência no cruzamento;Tombamento;Com Vítimas Feridas;Plena Noite;Crescente;Céu Claro;Dupla;Reta;-20,46851582;-54,52514592
07/08/2023;17:50:00;UBERABA;Avarias e/ou desgaste excessivo no pneu;Tombamento;Com Vítimas Feridas;Plena Noite;Crescente;Céu Claro;Dupla;Reta;-19,76527861;-48,11638905
07/08/2023;19:50:00;GUARULHOS;Velocidade Incompatível;Colisão lateral mesmo sentido;Sem Vítimas;Plena Noite;Decrescente;Céu Claro;Múltipla;Reta;-23,44333014;-46,44531294
07/08/2023;18:15:00;PORTO VELHO;Acumulo de areia ou detritos sobre o pavimento;Capotamento;Com Vítimas Feridas;Anoitecer;Decrescente;Céu Claro;Simples;"Curva;Em Obras;Declive";-9,30611113;-64,60168978
07/08/2023;20:10:00;PORTO BELO;Chuva;Saída de leito carroçável;Com Vítimas Feridas;Pleno dia;Crescente;Chuva;Dupla;Reta;-27,1998778;-48,61534236
07/08/2023;16:20:00;DUQUE DE CAXIAS;Avarias e/ou desgaste excessivo no pneu;Tombamento;Com Vítimas Feridas;Pleno dia;Crescente;Sol;Múltipla;"Declive;Reta";-22,70948502;-43,29040354
07/08/2023;23:20:00;MARINGA;Manobra de mudança de faixa;Colisão lateral mesmo sentido;Com Vítimas Feridas;Plena Noite;Decrescente;Céu Claro;Dupla;"Interseção de Vias;Reta";-23,4192146;-51,91293985
19/05/2023;07:00:00;EUNAPOLIS;Reação tardia ou ineficiente do condutor;Tombamento;Com Vítimas Feridas;Pleno dia;Decrescente;Sol;Simples;Reta;-16,3773565;-39,58151018
08/08/2023;00:40:00;NOVA UNIAO;Afundamento ou ondulação no pavimento;Queda de ocupante de veículo;Com Vítimas Feridas;Plena Noite;Crescente;Céu Claro;Dupla;Reta;-19,72912426;-43,56119228
08/08/2023;00:30:00;APARECIDA DE GOIANIA;Velocidade Incompatível;Colisão com objeto;Sem Vítimas;Plena Noite;Decrescente;Céu Claro;Simples;Reta;-16,7451;-49,2408
08/08/2023;06:30:00;SAO MATEUS;Manobra de mudança de faixa;Colisão lateral mesmo sentido;Com Vítimas Feridas;Pleno dia;Crescente;Céu Claro;Dupla;"Retorno Regulamentado;Interseção de Vias;Reta";-18,70935945;-39,87762087
08/08/2023;07:20:00;FAZENDA RIO GRANDE;Manobra de mudança de faixa;Colisão lateral mesmo sentido;Com Vítimas Feridas;Pleno dia;Decrescente;Nublado;Múltipla;Reta;-25,64350517;-49,31273932
08/08/2023;07:25:00;JABOATAO DOS GUARARAPES;Acumulo de areia ou detritos sobre o pavimento;Queda de ocupante de veículo;Com Vítimas Feridas;Pleno dia;Decrescente;Chuva;Dupla;Reta;-8,09696393;-35,054484
08/08/2023;07:50:00;JOAO PESSOA;Manobra de mudança de faixa;Colisão lateral mesmo sentido;Com Vítimas Feridas;Pleno dia;Decrescente;Céu Claro;Dupla;Aclive;-7,1198;-34,8453
08/08/2023;08:05:00;PALMAS;Manobra de mudança de faixa;Colisão lateral mesmo sentido;Com Vítimas Feridas;Pleno dia;Crescente;Céu Claro;Dupla;Reta;-10,29836;-48,29799
06/08/2023;15:20:00;RIO DE JANEIRO;Avarias e/ou desgaste excessivo no pneu;Tombamento;Com Vítimas Feridas;Pleno dia;Decrescente;Céu Claro;Dupla;Reta;-22,867662;-43,195337
08/08/2023;09:00:00;SAO LOURENCO DA SERRA;Chuva;Colisão com objeto;Com Vítimas Feridas;Pleno dia;Crescente;Chuva;Dupla;Curva;-23,91054997;-46,99149375
08/08/2023;09:15:00;NATAL;Manobra de mudança de faixa;Colisão transversal;Com Vítimas Feridas;Pleno dia;Crescente;Garoa/Chuvisco;Dupla;"Curva;Rotatória";-5,75852229;-35,28806121
08/08/2023;08:38:00;MAUA DA SERRA;Velocidade Incompatível;Capotamento;Com Vítimas Feridas;Pleno dia;Decrescente;Chuva;Dupla;Curva;-23,9743171;-51,1035821
08/08/2023;09:30:00;PINDAMONHANGABA;Velocidade Incompatível;Tombamento;Com Vítimas Feridas;Pleno dia;Decrescente;Nublado;Dupla;Rotatória;-22,98236971;-45,46436617
08/08/2023;07:50:00;PRESIDENTE MEDICI;Avarias e/ou desgaste excessivo no pneu;Tombamento;Com Vítimas Feridas;Pleno dia;Crescente;Céu Claro;Simples;Reta;-11,29701584;-61,89403573