data_inversa;horario;municipio;causa_acidente;tipo_acidente;classificacao_acidente;fase_dia;sentido_via;condicao_metereologica;tipo_pista;tracado_via;latitude;longitude
12/08/2023;15:45:00;EWBANK DA CAMARA;Reação tardia ou ineficiente do condutor;Tombamento;Com Vítimas Feridas;Pleno dia;Crescente;Céu Claro;Dupla;"Curva;Declive";-21,47980333;-43,54250614
12/08/2023;17:02:00;ANAPOLIS;Velocidade Incompatível;Colisão lateral mesmo sentido;Com Vítimas Fatais;Pleno dia;Decrescente;Céu Claro;Dupla;Reta;-16,371;-48,9422
12/08/2023;15:30:00;SOMBRIO;Avarias e/ou desgaste excessivo no pneu;Tombamento;Com Vítimas Feridas;Pleno dia;Decrescente;Nublado;Múltipla;Reta;-29,07326609;-49,62717768
12/08/2023;17:00:00;GUARULHOS;Demais falhas na via;Colisão com objeto;Com Vítimas Feridas;Pleno dia;Decrescente;Nublado;Dupla;Reta;-23,42870023;-46,41085991
12/08/2023;16:10:00;CASCAVEL;Velocidade Incompatível;Saída de leito carroçável;Com Vítimas Fatais;Pleno dia;Crescente;Nublado;Simples;Curva;-24,8386;-53,3091
12/08/2023;07:51:00;SAO LUIS;Reação tardia ou ineficiente do condutor;Tombamento;Com Vítimas Feridas;Pleno dia;Decrescente;Sol;Dupla;Retorno Regulamentado;-2,62145385;-44,25797421
12/08/2023;18:20:00;SAO GONCALO DO AMARANTE;Manobra de mudança de faixa;Colisão lateral mesmo sentido;Com Vítimas Feridas;Plena Noite;Crescente;Céu Claro;Dupla;"Reta;Rotatória";-5,763451;-35,286983
12/08/2023;18:15:00;JAPARATUBA;Pista esburacada;Saída de leito carroçável;Com Vítimas Feridas;Anoitecer;Decrescente;Chuva;Dupla;Aclive;-10,57096002;-36,96427168
12/08/2023;12:50:00;CAJATI;Pista Escorregadia;Colisão com objeto;Com Vítimas Feridas;Pleno dia;Decrescente;Chuva;Simples;"Declive;Curva";-24,86704083;-48,21738184
12/08/2023;16:20:00;RIO LARGO;Velocidade Incompatível;Engavetamento;Com Vítimas Feridas;Pleno dia;Decrescente;Nublado;Dupla;Reta;-9,50898856;-35,80777135
12/08/2023;19:25:00;SANTO ANTONIO DA PLATINA;Velocidade Incompatível;Queda de ocupante de veículo;Com Vítimas Feridas;Plena Noite;Crescente;Céu Claro;Simples;"Rotatória;Reta";-23,29473728;-50,06523371
12/08/2023;19:00:00;AMELIA RODRIGUES;Acumulo de areia ou detritos sobre o pavimento;Tombamento;Com Vítimas Feridas;Plena Noite;Crescente;Céu Claro;Dupla;Reta;-12,44970237;-38,71122627
12/08/2023;20:30:00;IGARATINGA;Animais na Pista;Tombamento;Com Vítimas Fatais;Plena Noite;Decrescente;Céu Claro;Dupla;"Declive;Reta";-19,88411644;-44,73943306
12/08/2023;20:30:00;APARECIDA;Velocidade Incompatível;Saída de leito carroçável;Sem Vítimas;Plena Noite;Crescente;Chuva;Dupla;Declive;-22,8519746;-45,22805214
12/08/2023;21:20:00;SAO JOSE DOS PINHAIS;Velocidade Incompatível;Saída de leito carroçável;Com Vítimas Feridas;Plena Noite;Crescente;Nublado;Dupla;Reta;-25,570593;-49,19202
12/08/2023;21:00:00;SANTA BARBARA;Manobra de mudança de faixa;Saída de leito carroçável;Com Vítimas Feridas;Plena Noite;Crescente;Céu Claro;Simples;Aclive;-11,87658905;-38,97926356
12/08/2023;17:20:00;CIRIACO;Velocidade Incompatível;Saída de leito carroçável;Com Vítimas Feridas;Pleno dia;Decrescente;Céu Claro;Simples;Curva;-28,273693;-51,937973
12/08/2023;22:00:00;BALNEARIO CAMBORIU;Reação tardia ou ineficiente do condutor;Tombamento;Com Vítimas Feridas;Plena Noite;Crescente;Nublado;Múltipla;Curva;-27,02982303;-48,60115006
12/08/2023;21:20:00;ALAGOINHAS;Iluminação deficiente;Colisão com objeto;Com Vítimas Feridas;Plena Noite;Decrescente;Céu Claro;Simples;Reta;-12,132932;-38,39226983
12/08/2023;23:20:00;COCALZINHO DE GOIAS;Velocidade Incompatível;Colisão com objeto;Com Vítimas Fatais;Plena Noite;Decrescente;Céu Claro;Dupla;Curva;-15,76738476;-48,75944752
12/08/2023;23:00:00;MAGE;Pista Escorregadia;Tombamento;Com Vítimas Feridas;Plena Noite;Crescente;Nublado;Dupla;Reta;-22,64988985;-43,17250297
13/08/2023;02:40:00;ITAU;Afundamento ou ondulação no pavimento;Tombamento;Com Vítimas Fatais;Amanhecer;Decrescente;Céu Claro;Simples;"Em Obras;Reta";-5,822442;-37,969162
13/08/2023;03:30:00;SALINAS;Velocidade Incompatível;Colisão traseira;Com Vítimas Fatais;Plena Noite;Crescente;Céu Claro;Simples;Reta;-16,13437689;-42,29354318
13/08/2023;07:00:00;TIANGUA;Velocidade Incompatível;Tombamento;Com Vítimas Feridas;Amanhecer;Decrescente;Nublado;Simples;"Curva;Declive";-3,66552797;-40,95730864
13/08/2023;02:00:00;GUAPIMIRIM;Velocidade Incompatível;Tombamento;Com Vítimas Feridas;Plena Noite;Decrescente;Nublado;Dupla;Reta;-22,57214;-43,007291
13/08/2023;08:30:00;RECIFE;Pista Escorregadia;Tombamento;Com Vítimas Feridas;Pleno dia;Crescente;Chuva;Múltipla;Curva;-8,065647;-34,944342
04/08/2023;14:30:00;SAO JOSE;Acessar a via sem observar a presença dos outros veículos;Tombamento;Com Vítimas Feridas;Pleno dia;Decrescente;Céu Claro;Dupla;Rotatória;-27,56644472;-48,61339152
13/08/2023;11:00:00;RECIFE;Ultrapassagem Indevida;Colisão lateral mesmo sentido;Com Vítimas Feridas;Pleno dia;Crescente;Céu Claro;Dupla;Reta;-8,10146485;-34,94901577
13/08/2023;11:20:00;NOVO HAMBURGO;Manobra de mudança de faixa;Colisão transversal;Com Vítimas Feridas;Pleno dia;Decrescente;Céu Claro;Dupla;Rotatória;-29,66938502;-51,14304731
13/08/2023;12:25:00;CARIACICA;Ausência de reação do condutor;Tombamento;Com Vítimas Feridas;Pleno dia;Crescente;Nublado;Dupla;Reta;-20,34529844;-40,41026774
13/08/2023;12:35:00;SANTA RITA;Acumulo de água sobre o pavimento;Saída de leito carroçável;Com Vítimas Feridas;Pleno dia;Decrescente;Chuva;Dupla;"Ponte;Reta";-7,1147526;-34,95793891
13/08/2023;13:55:00;SAO JOAO DA BARRA;Velocidade Incompatível;Colisão com objeto;Com Vítimas Feridas;Pleno dia;Crescente;Céu Claro;Simples;Curva;-21,711906;-41,156598
13/08/2023;12:30:00;SAO GONCALO;Ultrapassagem Indevida;Colisão lateral mesmo sentido;Sem Vítimas;Pleno dia;Crescente;Nublado;Dupla;Reta;-22,79717023;-43,04404993
10/08/2023;01:45:00;VALPARAISO DE GOIAS;Velocidade Incompatível;Colisão traseira;Sem Vítimas;Plena Noite;Crescente;Céu Claro;Dupla;Reta;-16,108482;-47,972524
13/08/2023;16:35:00;SAO LEOPOLDO;Manobra de mudança de faixa;Colisão transversal;Com Vítimas Feridas;Pleno dia;Decrescente;Céu Claro;Dupla;Reta;-29,77605895;-51,15508618
13/08/2023;15:15:00;CABROBO;Ultrapassagem Indevida;Colisão lateral mesmo sentido;Com Vítimas Feridas;Pleno dia;Decrescente;Céu Claro;Simples;Reta;-8,49933524;-39,35206403
13/08/2023;15:40:00;GANDU;Velocidade Incompatível;Saída de leito carroçável;Com Vítimas Feridas;Pleno dia;Crescente;Céu Claro;Simples;Curva;-13,79639001;-39,49550629
13/08/2023;17:55:00;CABO VERDE;Demais falhas mecânicas ou elétricas;Tombamento;Com Vítimas Feridas;Anoitecer;Decrescente;Céu Claro;Simples;"Aclive;Reta";-21,5199216;-46,4038142
13/08/2023;15:00:00;DUQUE DE CAXIAS;Acumulo de areia ou detritos sobre o pavimento;Queda de ocupante de veículo;Com Vítimas Feridas;Pleno dia;Crescente;Céu Claro;Múltipla;Rotatória;-22,672089;-43,285053
01/08/2023;23:20:00;CURITIBA;Manobra de mudança de faixa;Colisão lateral mesmo sentido;Com Vítimas Feridas;Plena Noite;Crescente;Céu Claro;Dupla;Reta;-25,54385191;-49,30329859
13/08/2023;16:32:00;SANTO ANTONIO DO LEVERGER;Velocidade Incompatível;Capotamento;Com Vítimas Feridas;Amanhecer;Decrescente;Céu Claro;Dupla;Reta;-15,80356822;-55,5619812
13/08/2023;15:55:00;BRUMADINHO;Velocidade Incompatível;Saída de leito carroçável;Com Vítimas Feridas;Pleno dia;Crescente;Chuva;Dupla;"Curva;Declive";-20,153319;-44,326239
13/08/2023;18:00:00;ITATIAIUCU;Velocidade Incompatível;Colisão com objeto;Com Vítimas Feridas;Anoitecer;Decrescente;Chuva;Dupla;Curva;-20,18182886;-44,37895835
13/08/2023;19:30:00;POMBAL;Ultrapassagem Indevida;Colisão frontal;Com Vítimas Feridas;Plena Noite;Crescente;Céu Claro;Simples;Curva;-6,7733;-37,798
13/08/2023;19:00:00;POUSO ALTO;Ausência de sinalização;Saída de leito carroçável;Com Vítimas Feridas;Plena Noite;Decrescente;Nublado;Simples;"Curva;Aclive;Em Obras";-22,17502858;-44,97005105
13/08/2023;21:00:00;JANDAIA DO SUL;Ausência de reação do condutor;Tombamento;Com Vítimas Feridas;Plena Noite;Crescente;Céu Claro;Simples;Reta;-23,59055277;-51,64528415
13/08/2023;19:50:00;CARMOPOLIS DE MINAS;Reação tardia ou ineficiente do condutor;Tombamento;Com Vítimas Feridas;Plena Noite;Crescente;Ignorado;Simples;Curva;-20,55378184;-44,66117041
13/08/2023;21:10:00;ABREU E LIMA;Manobra de mudança de faixa;Colisão lateral mesmo sentido;Com Vítimas Feridas;Plena Noite;Decrescente;Nublado;Múltipla;Reta;-7,888595;-34,90375
13/08/2023;19:30:00;RIO BRILHANTE;Manobra de mudança de faixa;Colisão lateral mesmo sentido;Com Vítimas Feridas;Plena Noite;Crescente;Céu Claro;Simples;Reta;-21,66727715;-54,4553759
13/08/2023;20:40:00;SINOP;Deficiência do Sistema de Iluminação/Sinalização;Queda de ocupante de veículo;Com Vítimas Feridas;Plena Noite;Crescente;Céu Claro;Simples;Reta;-11,86617496;-55,49662113
13/08/2023;22:15:00;CARIRA;Neblina;Atropelamento de Pedestre;Com Vítimas Feridas;Plena Noite;Crescente;Nevoeiro/Neblina;Simples;Reta;-10,346371;-37,707779
13/08/2023;18:50:00;JI-PARANA;Ausência de reação do condutor;Tombamento;Com Vítimas Feridas;Plena Noite;Crescente;Nublado;Simples;Reta;-10,92585401;-61,9296014
13/08/2023;22:42:00;DOMINGOS MARTINS;Velocidade Incompatível;Saída de leito carroçável;Sem Vítimas;Plena Noite;Crescente;Céu Claro;Simples;Declive;-20,39816331;-40,99242518
13/08/2023;22:00:00;CONSELHEIRO MAIRINCK;Ausência de sinalização;Colisão lateral sentido oposto;Com Vítimas Feridas;Plena Noite;Crescente;Céu Claro;Simples;Reta;-23,52448494;-50,11737319
13/08/2023;22:40:00;RIO DE JANEIRO;Acumulo de água sobre o pavimento;Tombamento;Com Vítimas Feridas;Plena Noite;Crescente;Chuva;Dupla;Curva;-22,807953;-43,289124
14/08/2023;00:30:00;GUAPIMIRIM;Chuva;Queda de ocupante de veículo;Com Vítimas Feridas;Plena Noite;Crescente;Chuva;Dupla;Reta;-22,54280711;-42,98518617
14/08/2023;00:50:00;CAMPOS DOS GOYTACAZES;Manobra de mudança de faixa;Colisão lateral mesmo sentido;Com Vítimas Feridas;Plena Noite;Decrescente;Nublado;Simples;Curva;-21,773859;-41,282326
14/08/2023;07:00:00;FEIRA DE SANTANA;Velocidade Incompatível;Saída de leito carroçável;Com Vítimas Feridas;Pleno dia;Decrescente;Chuva;Dupla;Curva;-12,32818491;-38,86174193
14/08/2023;07:00:00;MACAIBA;Manobra de mudança de faixa;Colisão lateral mesmo sentido;Com Vítimas Feridas;Pleno dia;Crescente;Céu Claro;Dupla;"Interseção de Vias;Reta;Em Obras";-5,88698418;-35,48092295
14/08/2023;07:30:00;SAO JOSE DO RIO PRETO;Manobra de mudança de faixa;Colisão lateral mesmo sentido;Com Vítimas Feridas;Pleno dia;Crescente;Céu Claro;Dupla;"Declive;Reta";-20,79627979;-49,35480206
14/08/2023;06:10:00;GUAIRACA;Ultrapassagem Indevida;Colisão frontal;Com Vítimas Feridas;Pleno dia;Crescente;Céu Claro;Simples;Reta;-22,96001303;-52,64981901
14/08/2023;07:40:00;RECIFE;Manobra de mudança de faixa;Colisão traseira;Com Vítimas Feridas;Pleno dia;Crescente;Garoa/Chuvisco;Dupla;Reta;-8,042334;-34,943096
14/08/2023;07:50:00;JOINVILLE;Demais falhas mecânicas ou elétricas;Tombamento;Com Vítimas Feridas;Pleno dia;Crescente;Nublado;Dupla;Reta;-26,226987;-48,91657
14/08/2023;07:10:00;DUQUE DE CAXIAS;Acumulo de óleo sobre o pavimento;Queda de ocupante de veículo;Com Vítimas Feridas;Pleno dia;Crescente;Chuva;Múltipla;Reta;-22,78185499;-43,28571273
20/06/2023;20:30:00;NATAL;Falta de acostamento;Colisão lateral mesmo sentido;Com Vítimas Feridas;Plena Noite;Crescente;Céu Claro;Simples;"Reta;Em Obras;Desvio Temporário;Ponte";-5,78406536;-35,24654388
14/08/2023;09:00:00;RIO DE JANEIRO;Ausência de reação do condutor;Tombamento;Com Vítimas Feridas;Pleno dia;Decrescente;Chuva;Múltipla;Reta;-22,81113183;-43,3336729
14/08/2023;07:45:00;PORTO BELO;Manobra de mudança de faixa;Colisão lateral mesmo sentido;Com Vítimas Feridas;Pleno dia;Crescente;Nublado;Dupla;Reta;-27,153819;-48,61086393
14/08/2023;07:00:00;MIRADOURO;Ultrapassagem Indevida;Queda de ocupante de veículo;Sem Vítimas;Pleno dia;Decrescente;Céu Claro;Simples;Reta;-20,91146677;-42,34913374
14/08/2023;07:40:00;ITABORAI;Acumulo de óleo sobre o pavimento;Tombamento;Com Vítimas Feridas;Pleno dia;Crescente;Garoa/Chuvisco;Dupla;Reta;-22,77489989;-42,94169133
14/08/2023;09:00:00;FEIRA DE SANTANA;Acumulo de areia ou detritos sobre o pavimento;Colisão com objeto;Com Vítimas Feridas;Pleno dia;Crescente;Céu Claro;Dupla;"Curva;Viaduto";-12,22064702;-38,96561131
14/08/2023;08:30:00;TRES CORACOES;Manobra de mudança de faixa;Colisão com objeto;Com Vítimas Feridas;Pleno dia;Decrescente;Céu Claro;Dupla;"Aclive;Reta";-21,58858702;-45,23762813
14/08/2023;10:40:00;SAO PAULO;Manobra de mudança de faixa;Colisão lateral mesmo sentido;Com Vítimas Feridas;Pleno dia;Crescente;Nublado;Múltipla;Reta;-23,52251783;-46,5855702
14/08/2023;11:30:00;PALHOCA;Manobra de mudança de faixa;Queda de ocupante de veículo;Com Vítimas Feridas;Pleno dia;Crescente;Céu Claro;Dupla;Reta;-27,65184843;-48,67604941
14/08/2023;11:00:00;TIMON;Ultrapassagem Indevida;Colisão traseira;Com Vítimas Feridas;Pleno dia;Crescente;Céu Claro;Simples;Reta;-5,065395;-42,884464
14/08/2023;11:10:00;ITABIRITO;Acumulo de óleo sobre o pavimento;Tombamento;Com Vítimas Feridas;Pleno dia;Crescente;Céu Claro;Simples;Curva;-20,38936536;-43,90720367
14/08/2023;12:25:00;ALEM PARAIBA;Reação tardia ou ineficiente do condutor;Tombamento;Com Vítimas Feridas;Pleno dia;Decrescente;Céu Claro;Simples;"Curva;Declive";-21,73681384;-42,72988351
14/08/2023;11:40:00;PARAIBA DO SUL;Ausência de reação do condutor;Tombamento;Com Vítimas Feridas;Pleno dia;Decrescente;Nublado;Simples;Reta;-22,1305317;-43,22040965
13/08/2023;12:55:00;IVOTI;Ultrapassagem Indevida;Colisão com objeto;Com Vítimas Feridas;Pleno dia;Crescente;Céu Claro;Simples;"Declive;Reta";-29,626789;-51,13821387
14/08/2023;15:10:00;ACAILANDIA;Manobra de mudança de faixa;Colisão lateral sentido oposto;Com Vítimas Feridas;Pleno dia;Crescente;Céu Claro;Simples;"Declive;Reta";-4,95619372;-47,49234711
14/08/2023;18:50:00;SAO JOSE DO RIO PRETO;Velocidade Incompatível;Colisão traseira;Com Vítimas Feridas;Plena Noite;Decrescente;Céu Claro;Dupla;Reta;-20,82149698;-49,35764818
14/08/2023;15:30:00;DUQUE DE CAXIAS;Chuva;Saída de leito carroçável;Com Vítimas Feridas;Anoitecer;Crescente;Chuva;Dupla;"Curva;Declive";-22,55763285;-43,26574352
14/08/2023;18:35:00;GUARULHOS;Manobra de mudança de faixa;Colisão lateral mesmo sentido;Com Vítimas Feridas;Plena Noite;Crescente;Céu Claro;Múltipla;Reta;-23,46802395;-46,50704901
14/08/2023;18:25:00;GUARAPARI;Pista Escorregadia;Colisão com objeto;Com Vítimas Feridas;Plena Noite;Não Informado;Nublado;Simples;"Interseção de Vias;Curva";-20,64818585;-40,49057364
27/07/2023;17:30:00;MARINGA;Manobra de mudança de faixa;Colisão lateral mesmo sentido;Com Vítimas Feridas;Pleno dia;Crescente;Céu Claro;Dupla;Reta;-23,4303118;-51,8903482
14/08/2023;14:40:00;VARGEM GRANDE;Manobra de mudança de faixa;Colisão transversal;Com Vítimas Fatais;Pleno dia;Decrescente;Sol;Simples;Curva;-3,59509203;-43,69978101
14/08/2023;17:00:00;COLORADO DO OESTE;Manobra de mudança de faixa;Colisão lateral mesmo sentido;Com Vítimas Feridas;Plena Noite;Crescente;Céu Claro;Simples;Reta;-13,13028336;-60,54363728
15/08/2023;05:29:00;JABOATAO DOS GUARARAPES;Ultrapassagem Indevida;Colisão lateral mesmo sentido;Com Vítimas Feridas;Pleno dia;Crescente;Garoa/Chuvisco;Dupla;Reta;-8,13496499;-34,94738614
15/08/2023;06:53:00;SAO JOSE;Manobra de mudança de faixa;Colisão traseira;Com Vítimas Feridas;Pleno dia;Crescente;Sol;Múltipla;Reta;-27,5650044;-48,61460082
15/08/2023;05:50:00;JABOATAO DOS GUARARAPES;Manobra de mudança de faixa;Colisão traseira;Com Vítimas Feridas;Amanhecer;Decrescente;Nublado;Dupla;Reta;-8,078493;-34,98247
15/08/2023;08:50:00;BALNEARIO CAMBORIU;Ultrapassagem Indevida;Colisão lateral mesmo sentido;Com Vítimas Feridas;Pleno dia;Crescente;Céu Claro;Múltipla;Reta;-26,98407618;-48,66977107
03/08/2023;19:25:00;DOURADOS;Reação tardia ou ineficiente do condutor;Tombamento;Com Vítimas Feridas;Plena Noite;Crescente;Céu Claro;Dupla;Reta;-22,13794223;-54,61956683
15/08/2023;08:50:00;NOVA ERA;Velocidade Incompatível;Capotamento;Com Vítimas Feridas;Pleno dia;Crescente;Nublado;Simples;"Curva;Declive";-19,82388218;-43,08235792
15/08/2023;09:35:00;JOAO PESSOA;Condutor deixou de manter distância do veículo da frente;Tombamento;Com Vítimas Feridas;Pleno dia;Decrescente;Céu Claro;Dupla;"Aclive;Reta";-7,1039;-34,8458
15/08/2023;08:00:00;SINOP;Afundamento ou ondulação no pavimento;Tombamento;Com Vítimas Feridas;Pleno dia;Crescente;Céu Claro;Simples;Reta;-11,845197;-55,490946
15/08/2023;11:00:00;MORADA NOVA;Ultrapassagem Indevida;Colisão frontal;Com Vítimas Feridas;Pleno dia;Crescente;Céu Claro;Simples;Reta;-4,54857288;-38,28304795
15/08/2023;09:00:00;GOVERNADOR VALADARES;Animais na Pista;Tombamento;Com Vítimas Feridas;Pleno dia;Decrescente;Céu Claro;Simples;Reta;-18,89351126;-41,94725621
15/08/2023;13:00:00;CHAPECO;Velocidade Incompatível;Saída de leito carroçável;Com Vítimas Feridas;Pleno dia;Decrescente;Céu Claro;Simples;Reta;-27,04656607;-52,63577131
03/08/2023;18:00:00;SALVADOR;Manobra de mudança de faixa;Colisão lateral mesmo sentido;Com Vítimas Feridas;Plena Noite;Decrescente;Céu Claro;Dupla;Reta;-12,95154;-38,470964
15/08/2023;14:15:00;IMBITUBA;Manobra de mudança de faixa;Saída de leito carroçável;Com Vítimas Feridas;Pleno dia;Crescente;Sol;Dupla;Reta;-28,1015411;-48,70410641
15/08/2023;08:10:00;NOSSA SENHORA DO LIVRAMENTO;Afundamento ou ondulação no pavimento;Queda de ocupante de veículo;Com Vítimas Feridas;Pleno dia;Crescente;Céu Claro;Simples;"Reta;Em Obras";-15,68993081;-56,37014512
15/08/2023;15:35:00;CALDAS;Velocidade Incompatível;Saída de leito carroçável;Com Vítimas Feridas;Pleno dia;Crescente;Nublado;Simples;"Curva;Declive";-21,814537;-46,467782
20/06/2023;20:10:00;SEROPEDICA;Demais falhas na via;Queda de ocupante de veículo;Com Vítimas Feridas;Plena Noite;Crescente;Céu Claro;Simples;Reta;-22,76516805;-43,68242919
15/08/2023;15:40:00;AQUIDAUANA;Ultrapassagem Indevida;Colisão frontal;Com Vítimas Feridas;Pleno dia;Crescente;Céu Claro;Simples;"Declive;Reta";-20,38010727;-56,10876425
15/08/2023;15:45:00;OLIVEIRA;Velocidade Incompatível;Colisão com objeto;Com Vítimas Feridas;Pleno dia;Decrescente;Nublado;Dupla;Curva;-20,83304688;-44,8250553
15/08/2023;17:30:00;MACAPA;Manobra de mudança de faixa;Colisão lateral mesmo sentido;Com Vítimas Feridas;Pleno dia;Decrescente;Sol;Simples;Reta;0,08723365;-51,08569007
15/08/2023;18:51:00;MACAPA;Velocidade Incompatível;Colisão lateral mesmo sentido;Com Vítimas Feridas;Plena Noite;Decrescente;Céu Claro;Dupla;Reta;0,08282017;-51,07776189
03/05/2023;19:15:00;NATAL;Manobra de mudança de faixa;Colisão lateral mesmo sentido;Com Vítimas Feridas;Plena Noite;Decrescente;Céu Claro;Dupla;Reta;-5,774175;-35,2578
15/08/2023;19:05:00;BOA VISTA;Deficiência do Sistema de Iluminação/Sinalização;Colisão traseira;Com Vítimas Feridas;Plena Noite;Decrescente;Céu Claro;Simples;Reta;2,921912;-60,712013
06/05/2023;08:40:00;SAO JOAO DE MERITI;Manobra de mudança de faixa;Colisão lateral mesmo sentido;Com Vítimas Feridas;Pleno dia;Decrescente;Sol;Dupla;Reta;-22,79423806;-43,36403759
15/08/2023;21:00:00;FORTALEZA;Manobra de mudança de faixa;Colisão lateral mesmo sentido;Com Vítimas Feridas;Plena Noite;Crescente;Céu Claro;Múltipla;Reta;-3,8192799;-38,50268337
15/08/2023;20:09:00;CAETITE;Ultrapassagem Indevida;Colisão transversal;Com Vítimas Feridas;Plena Noite;Crescente;Nublado;Simples;Reta;-14,06674265;-42,52894789
15/08/2023;22:00:00;BRASILIA;Manobra de mudança de faixa;Colisão transversal;Com Vítimas Feridas;Plena Noite;Decrescente;Céu Claro;Dupla;"Reta;Retorno Regulamentado";-15,78940416;-48,21708441
15/08/2023;20:20:00;PORTO ALEGRE;Acumulo de areia ou detritos sobre o pavimento;Saída de leito carroçável;Com Vítimas Feridas;Plena Noite;Crescente;Céu Claro;Dupla;Curva;-29,971916;-51,176838
15/08/2023;23:15:00;CAMPO LARGO;Reação tardia ou ineficiente do condutor;Tombamento;Com Vítimas Feridas;Plena Noite;Crescente;Céu Claro;Dupla;Reta;-25,445;-49,499
15/08/2023;23:48:00;VALPARAISO DE GOIAS;Velocidade Incompatível;Capotamento;Com Vítimas Feridas;Plena Noite;Crescente;Céu Claro;Dupla;Reta;-16,058273;-47,982655
16/08/2023;01:50:00;BELFORD ROXO;Velocidade Incompatível;Colisão com objeto;Sem Vítimas;Plena Noite;Decrescente;Céu Claro;Dupla;Reta;-22,77496393;-43,40081465
16/08/2023;07:30:00;FORTALEZA;Manobra de mudança de faixa;Colisão lateral mesmo sentido;Com Vítimas Feridas;Pleno dia;Crescente;Céu Claro;Dupla;Reta;-3,8192799;-38,50268337
16/08/2023;06:50:00;ANAPOLIS;Velocidade Incompatível;Tombamento;Com Vítimas Feridas;Pleno dia;Decrescente;Céu Claro;Dupla;"Curva;Viaduto";-16,3538;-48,9268
16/08/2023;06:50:00;SANTA CRUZ DO SUL;Afundamento ou ondulação no pavimento;Colisão frontal;Com Vítimas Fatais;Amanhecer;Crescente;Ignorado;Simples;"Retorno Regulamentado;Interseção de Vias;Aclive;Reta;Em Obras";-29,83955874;-52,39619974
06/04/2023;18:30:00;ANGICOS;Pista esburacada;Capotamento;Com Vítimas Feridas;Plena Noite;Crescente;Vento;Simples;Reta;-5,69228521;-36,2754111
16/08/2023;06:25:00;CICERO DANTAS;Pista esburacada;Capotamento;Com Vítimas Feridas;Amanhecer;Decrescente;Nublado;Simples;Reta;-10,52423685;-38,38039833
16/08/2023;12:40:00;NOVO HAMBURGO;Demais falhas mecânicas ou elétricas;Tombamento;Com Vítimas Feridas;Pleno dia;Crescente;Sol;Dupla;"Aclive;Reta";-29,68732575;-51,14223719
16/08/2023;14:50:00;RECIFE;Manobra de mudança de faixa;Colisão lateral mesmo sentido;Com Vítimas Feridas;Pleno dia;Decrescente;Céu Claro;Múltipla;"Interseção de Vias;Reta";-8,05492734;-34,94615793
16/08/2023;14:30:00;ITAPEMA;Acessar a via sem observar a presença dos outros veículos;Tombamento;Com Vítimas Feridas;Pleno dia;Decrescente;Chuva;Múltipla;Reta;-27,1089649;-48,61277586
16/08/2023;13:58:00;BARRO ALTO;Pista Escorregadia;Saída de leito carroçável;Com Vítimas Feridas;Pleno dia;Decrescente;Céu Claro;Simples;Curva;-14,98332313;-48,92599052
16/08/2023;14:50:00;SAO JOSE DO JACUIPE;Manobra de mudança de faixa;Capotamento;Com Vítimas Feridas;Pleno dia;Decrescente;Nublado;Simples;Reta;-11,44322238;-39,83693013
16/08/2023;16:10:00;DOIS IRMAOS;Acumulo de areia ou detritos sobre o pavimento;Tombamento;Com Vítimas Feridas;Pleno dia;Decrescente;Céu Claro;Simples;"Interseção de Vias;Rotatória;Reta";-29,57244205;-51,09624556
16/08/2023;16:45:00;SAO LEOPOLDO;Manobra de mudança de faixa;Colisão lateral mesmo sentido;Com Vítimas Feridas;Pleno dia;Decrescente;Céu Claro;Dupla;Reta;-29,758751;-51,15186806
16/08/2023;17:00:00;CASTANHAL;Ultrapassagem Indevida;Colisão frontal;Com Vítimas Feridas;Pleno dia;Crescente;Céu Claro;Simples;Reta;-1,2948794;-47,89280703
16/08/2023;12:45:00;CONGONHAS;Velocidade Incompatível;Saída de leito carroçável;Com Vítimas Feridas;Pleno dia;Crescente;Nublado;Simples;"Declive;Curva";-20,45365401;-43,8396775
16/08/2023;18:50:00;CASCAVEL;Manobra de mudança de faixa;Colisão lateral mesmo sentido;Com Vítimas Feridas;Plena Noite;Crescente;Nublado;Múltipla;Curva;-24,96684176;-53,40258186
16/08/2023;19:15:00;MOSSORO;Acumulo de areia ou detritos sobre o pavimento;Tombamento;Com Vítimas Feridas;Plena Noite;Decrescente;Céu Claro;Dupla;Interseção de Vias;-5,22597224;-37,33086797
16/08/2023;15:20:00;CAXIAS;Velocidade Incompatível;Colisão frontal;Com Vítimas Fatais;Pleno dia;Crescente;Céu Claro;Simples;Reta;-4,973422;-43,106636
16/08/2023;18:50:00;BANDEIRANTES;Manobra de mudança de faixa;Colisão lateral mesmo sentido;Com Vítimas Feridas;Plena Noite;Crescente;Céu Claro;Simples;"Aclive;Interseção de Vias;Reta";-23,11651075;-50,37366629
16/08/2023;19:45:00;LAPA;Ultrapassagem Indevida;Colisão frontal;Com Vítimas Feridas;Plena Noite;Crescente;Nublado;Simples;Reta;-25,7138011;-49,626508
16/08/2023;21:50:00;NOSSA SENHORA DO SOCORRO;Demais falhas na via;Tombamento;Com Vítimas Feridas;Plena Noite;Crescente;Garoa/Chuvisco;Dupla;"Curva;Em Obras";-10,9059;-37,111
16/08/2023;19:10:00;CANOAS;Reação tardia ou ineficiente do condutor;Tombamento;Com Vítimas Feridas;Plena Noite;Decrescente;Céu Claro;Múltipla;Reta;-29,93223;-51,211967