data_inversa;horario;municipio;causa_acidente;tipo_acidente;classificacao_acidente;fase_dia;sentido_via;condicao_metereologica;tipo_pista;tracado_via;latitude;longitude
12/06/2023;14:30:00;ITAITUBA;Manobra de mudança de faixa;Saída de leito carroçável;Com Vítimas Feridas;Pleno dia;Crescente;Céu Claro;Simples;Reta;-6,19537703;-55,63042016
21/08/2023;17:50:00;SAO JOSE DOS CAMPOS;Ausência de reação do condutor;Tombamento;Com Vítimas Feridas;Anoitecer;Decrescente;Nublado;Dupla;Reta;-23,17426078;-45,82940111
21/08/2023;17:20:00;RECIFE;Ultrapassagem Indevida;Saída de leito carroçável;Com Vítimas Feridas;Anoitecer;Crescente;Céu Claro;Dupla;Reta;-8,06795766;-34,94535414
21/08/2023;18:15:00;CANDEIAS;Avarias e/ou desgaste excessivo no pneu;Tombamento;Com Vítimas Feridas;Anoitecer;Crescente;Céu Claro;Dupla;Reta;-12,73104574;-38,44723268
21/08/2023;19:50:00;ITAJAI;Demais falhas mecânicas ou elétricas;Tombamento;Com Vítimas Feridas;Plena Noite;Crescente;Nublado;Múltipla;Reta;-26,895859;-48,71903
21/08/2023;19:00:00;BARRA DO GARCAS;Ultrapassagem Indevida;Colisão lateral mesmo sentido;Com Vítimas Feridas;Plena Noite;Decrescente;Céu Claro;Dupla;Reta;-15,87814789;-52,296134
21/08/2023;22:25:00;NATAL;Pista Escorregadia;Tombamento;Com Vítimas Feridas;Plena Noite;Crescente;Nublado;Dupla;Em Obras;-5,72603024;-35,28461489
21/08/2023;20:40:00;BARRA MANSA;Manobra de mudança de faixa;Colisão lateral mesmo sentido;Com Vítimas Feridas;Plena Noite;Decrescente;Céu Claro;Múltipla;Reta;-22,54744306;-44,1836602
21/08/2023;23:10:00;JURANDA;Desvio temporário;Saída de leito carroçável;Com Vítimas Feridas;Pleno dia;Crescente;Céu Claro;Simples;Reta;-24,3476;-52,7352
22/08/2023;06:45:00;NOSSA SENHORA DO SOCORRO;Pista Escorregadia;Tombamento;Com Vítimas Feridas;Pleno dia;Decrescente;Céu Claro;Simples;Viaduto;-10,88051024;-37,13355535
22/08/2023;06:50:00;SAPEACU;Pista Escorregadia;Queda de ocupante de veículo;Com Vítimas Feridas;Pleno dia;Decrescente;Garoa/Chuvisco;Simples;Reta;-12,84394233;-39,2048881
06/05/2023;14:00:00;PICADA CAFE;Ultrapassagem Indevida;Colisão frontal;Com Vítimas Feridas;Pleno dia;Decrescente;Céu Claro;Simples;Curva;-29,48890588;-51,13828706
17/07/2023;19:15:00;CEARA-MIRIM;Avarias e/ou desgaste excessivo no pneu;Tombamento;Com Vítimas Feridas;Plena Noite;Decrescente;Céu Claro;Simples;"Aclive;Reta";-5,66365202;-35,41112203
25/07/2023;07:00:00;JOAO PESSOA;Ausência de reação do condutor;Tombamento;Com Vítimas Feridas;Pleno dia;Crescente;Céu Claro;Simples;Reta;-7,1710694;-34,89765372
22/08/2023;07:30:00;UBERLANDIA;Velocidade Incompatível;Colisão traseira;Com Vítimas Feridas;Pleno dia;Decrescente;Céu Claro;Dupla;Reta;-18,90180013;-48,23744774
21/08/2023;09:50:00;DUQUE DE CAXIAS;Manobra de mudança de faixa;Colisão lateral mesmo sentido;Com Vítimas Feridas;Pleno dia;Decrescente;Céu Claro;Múltipla;Curva;-22,66476979;-43,28495144
13/08/2023;10:00:00;PRESIDENTE MEDICI;Acumulo de areia ou detritos sobre o pavimento;Colisão com objeto;Sem Vítimas;Pleno dia;Não Informado;Garoa/Chuvisco;Simples;Reta;-11,17151;-61,901801
31/07/2023;19:00:00;SERRA;Frear bruscamente;Tombamento;Com Vítimas Feridas;Plena Noite;Crescente;Céu Claro;Dupla;Reta;-20,20842;-40,269405
22/08/2023;12:20:00;MARABA;Manobra de mudança de faixa;Colisão traseira;Com Vítimas Feridas;Pleno dia;Crescente;Céu Claro;Dupla;Reta;-5,350407;-49,105981
30/06/2023;09:23:00;FOZ DO IGUACU;Acumulo de areia ou detritos sobre o pavimento;Tombamento;Com Vítimas Feridas;Pleno dia;Crescente;Céu Claro;Simples;Reta;-25,57598857;-54,54696894
22/08/2023;13:00:00;ALHANDRA;Pista Escorregadia;Colisão com objeto;Sem Vítimas;Pleno dia;Decrescente;Chuva;Dupla;Reta;-7,28436337;-34,93897449
22/08/2023;16:00:00;NOVA LIMA;Demais falhas mecânicas ou elétricas;Tombamento;Com Vítimas Feridas;Pleno dia;Decrescente;Sol;Múltipla;Reta;-20,09356202;-43,97554136
22/08/2023;17:15:00;SALVADOR;Pista esburacada;Queda de ocupante de veículo;Com Vítimas Feridas;Pleno dia;Decrescente;Sol;Múltipla;Reta;-12,85531601;-38,42055197
22/08/2023;17:40:00;BRASILIA;Velocidade Incompatível;Colisão lateral mesmo sentido;Com Vítimas Feridas;Pleno dia;Crescente;Céu Claro;Dupla;Reta;-15,798048;-48,073235
14/08/2023;10:35:00;SAO JOSE;Reação tardia ou ineficiente do condutor;Tombamento;Com Vítimas Feridas;Pleno dia;Crescente;Céu Claro;Dupla;"Viaduto;Curva";-27,58313237;-48,61532885
09/07/2023;20:46:00;TANGARA;Manobra de mudança de faixa;Colisão frontal;Com Vítimas Feridas;Plena Noite;Decrescente;Céu Claro;Simples;Reta;-6,197673;-35,79863
23/05/2023;11:20:00;MASCOTE;Velocidade Incompatível;Capotamento;Com Vítimas Feridas;Pleno dia;Crescente;Chuva;Simples;Curva;-15,74211501;-39,47647498
22/08/2023;19:39:00;TORITAMA;Manobra de mudança de faixa;Colisão frontal;Com Vítimas Feridas;Plena Noite;Crescente;Céu Claro;Simples;Reta;-8,0137;-36,0565
22/08/2023;20:25:00;BRASILIA;Manobra de mudança de faixa;Colisão lateral mesmo sentido;Com Vítimas Feridas;Plena Noite;Decrescente;Céu Claro;Dupla;"Retorno Regulamentado;Reta;Em Obras";-15,64654;-47,766422
22/08/2023;20:00:00;ARARANGUA;Ausência de reação do condutor;Tombamento;Com Vítimas Feridas;Plena Noite;Decrescente;Nublado;Simples;Curva;-29,02859309;-49,60229516
22/08/2023;20:15:00;JOINVILLE;Velocidade Incompatível;Tombamento;Com Vítimas Feridas;Plena Noite;Crescente;Céu Claro;Simples;"Curva;Aclive;Retorno Regulamentado;Viaduto";-26,36479799;-48,85878798
22/08/2023;22:03:00;ANTONIO DIAS;Demais falhas na via;Queda de ocupante de veículo;Com Vítimas Feridas;Plena Noite;Crescente;Céu Claro;Dupla;"Aclive;Em Obras;Reta";-19,61853702;-42,79876471
22/08/2023;20:30:00;PIMENTA BUENO;Ultrapassagem Indevida;Capotamento;Com Vítimas Feridas;Plena Noite;Crescente;Céu Claro;Simples;"Curva;Declive";-11,91064703;-60,96644505
22/08/2023;21:50:00;CURITIBA;Velocidade Incompatível;Colisão traseira;Com Vítimas Feridas;Plena Noite;Crescente;Céu Claro;Múltipla;"Declive;Curva";-25,52228492;-49,3331539
22/08/2023;22:30:00;CARUARU;Velocidade Incompatível;Capotamento;Sem Vítimas;Plena Noite;Decrescente;Céu Claro;Dupla;"Aclive;Reta;Em Obras";-8,29345;-35,986116
01/07/2023;11:00:00;PICADA CAFE;Acumulo de areia ou detritos sobre o pavimento;Colisão com objeto;Com Vítimas Feridas;Pleno dia;Decrescente;Nublado;Simples;Curva;-29,49820155;-51,12876177
23/08/2023;03:10:00;LAJEADO;Sinalização mal posicionada;Saída de leito carroçável;Com Vítimas Feridas;Plena Noite;Crescente;Céu Claro;Dupla;"Em Obras;Reta";-29,46383163;-51,95571899
23/08/2023;07:50:00;SAO JOSE;Manobra de mudança de faixa;Colisão lateral mesmo sentido;Com Vítimas Feridas;Pleno dia;Crescente;Céu Claro;Dupla;Reta;-27,54018513;-48,62287714
23/08/2023;08:30:00;ITATIAIA;Ultrapassagem Indevida;Colisão lateral mesmo sentido;Com Vítimas Feridas;Pleno dia;Crescente;Céu Claro;Simples;"Retorno Regulamentado;Reta";-22,46708478;-44,50067002
23/08/2023;09:20:00;JOINVILLE;Velocidade Incompatível;Colisão com objeto;Com Vítimas Feridas;Pleno dia;Crescente;Céu Claro;Dupla;Aclive;-26,29251598;-48,88474385
02/07/2023;10:30:00;CRUZ DO ESPIRITO SANTO;Manobra de mudança de faixa;Colisão lateral mesmo sentido;Com Vítimas Feridas;Pleno dia;Decrescente;Chuva;Dupla;Curva;-7,2021;-35,1038
23/08/2023;13:30:00;MARIALVA;Acumulo de óleo sobre o pavimento;Tombamento;Com Vítimas Feridas;Pleno dia;Decrescente;Sol;Dupla;"Reta;Declive";-23,50951388;-51,72140497
23/08/2023;13:20:00;JUQUITIBA;Ausência de reação do condutor;Tombamento;Com Vítimas Feridas;Pleno dia;Crescente;Céu Claro;Dupla;Reta;-23,93981788;-47,08868406
28/04/2023;11:00:00;RONDONOPOLIS;Manobra de mudança de faixa;Colisão traseira;Com Vítimas Feridas;Pleno dia;Decrescente;Céu Claro;Simples;Reta;-16,49612525;-54,63849716
23/08/2023;14:40:00;JOSE BONIFACIO;Reação tardia ou ineficiente do condutor;Tombamento;Com Vítimas Feridas;Pleno dia;Decrescente;Céu Claro;Simples;Declive;-20,96779165;-49,59638906
23/08/2023;14:34:00;QUATRO BARRAS;Reação tardia ou ineficiente do condutor;Tombamento;Com Vítimas Feridas;Pleno dia;Decrescente;Céu Claro;Dupla;Reta;-25,30439971;-48,95340995
23/08/2023;14:10:00;SAO PAULO;Afundamento ou ondulação no pavimento;Queda de ocupante de veículo;Com Vítimas Feridas;Pleno dia;Decrescente;Sol;Múltipla;Reta;-23,47469314;-46,56112919
23/08/2023;16:25:00;JOAO PESSOA;Ausência de reação do condutor;Tombamento;Com Vítimas Feridas;Pleno dia;Decrescente;Sol;Simples;"Aclive;Curva;Interseção de Vias";-7,16584017;-34,89826999
23/08/2023;17:43:00;FORTALEZA;Manobra de mudança de faixa;Colisão com objeto;Com Vítimas Feridas;Anoitecer;Decrescente;Céu Claro;Múltipla;Reta;-3,86973356;-38,49827361
23/08/2023;16:00:00;LAGUNA;Manobra de mudança de faixa;Atropelamento de Pedestre;Com Vítimas Feridas;Pleno dia;Decrescente;Sol;Dupla;Curva;-28,42904239;-48,84257464
25/07/2023;17:00:00;RIBEIRA DO POMBAL;Manobra de mudança de faixa;Colisão lateral mesmo sentido;Com Vítimas Feridas;Pleno dia;Crescente;Céu Claro;Simples;Reta;-10,77319309;-38,51441775
23/08/2023;18:40:00;SAO JOSE;Manobra de mudança de faixa;Colisão lateral mesmo sentido;Com Vítimas Feridas;Anoitecer;Decrescente;Céu Claro;Múltipla;Reta;-27,58313237;-48,61532885
23/08/2023;18:50:00;UBERLANDIA;Manobra de mudança de faixa;Saída de leito carroçável;Com Vítimas Feridas;Anoitecer;Crescente;Céu Claro;Dupla;Reta;-18,81603099;-48,25003475
23/08/2023;19:50:00;JABOATAO DOS GUARARAPES;Velocidade Incompatível;Colisão com objeto;Com Vítimas Feridas;Plena Noite;Não Informado;Céu Claro;Simples;Reta;-8,108589;-34,997445
23/08/2023;19:30:00;MAMBORE;Velocidade Incompatível;Tombamento;Sem Vítimas;Plena Noite;Decrescente;Céu Claro;Simples;Reta;-24,30410831;-52,59741068
26/07/2023;20:00:00;FUNDAO;Ultrapassagem Indevida;Colisão frontal;Com Vítimas Feridas;Plena Noite;Crescente;Céu Claro;Simples;Reta;-19,91868701;-40,40570613
23/08/2023;15:00:00;NITEROI;Ausência de reação do condutor;Tombamento;Com Vítimas Feridas;Pleno dia;Decrescente;Céu Claro;Simples;Reta;-22,878923;-43,110676
23/08/2023;18:00:00;BETIM;Velocidade Incompatível;Colisão com objeto;Sem Vítimas;Anoitecer;Crescente;Céu Claro;Dupla;Curva;-19,95586853;-44,14609501
29/07/2023;10:00:00;GOIANIA;Velocidade Incompatível;Colisão traseira;Com Vítimas Fatais;Pleno dia;Crescente;Sol;Múltipla;"Aclive;Reta";-16,7036;-49,342
23/08/2023;20:20:00;MARABA;Reação tardia ou ineficiente do condutor;Tombamento;Com Vítimas Feridas;Plena Noite;Decrescente;Céu Claro;Simples;"Aclive;Reta";-5,36689576;-49,05750094
23/08/2023;20:25:00;REDUTO;Ausência de reação do condutor;Tombamento;Com Vítimas Feridas;Plena Noite;Crescente;Céu Claro;Simples;"Declive;Reta";-20,2532742;-41,992629
23/08/2023;22:30:00;RIO DO SUL;Velocidade Incompatível;Colisão traseira;Com Vítimas Feridas;Plena Noite;Decrescente;Nublado;Simples;Rotatória;-27,17494537;-49,58958954
23/08/2023;23:30:00;GASPAR;Sinalização mal posicionada;Tombamento;Com Vítimas Feridas;Plena Noite;Crescente;Céu Claro;Simples;"Reta;Em Obras";-26,912857;-48,958965
23/08/2023;19:40:00;IPAUMIRIM;Velocidade Incompatível;Saída de leito carroçável;Com Vítimas Feridas;Plena Noite;Decrescente;Céu Claro;Simples;Rotatória;-6,84184339;-38,73687029
23/08/2023;23:45:00;CANOAS;Velocidade Incompatível;Saída de leito carroçável;Sem Vítimas;Plena Noite;Crescente;Chuva;Simples;Curva;-29,878265;-51,241951
24/08/2023;06:30:00;JOINVILLE;Avarias e/ou desgaste excessivo no pneu;Tombamento;Com Vítimas Feridas;Pleno dia;Crescente;Céu Claro;Dupla;Reta;-26,39817407;-48,83955002
24/08/2023;07:00:00;PETROLINA;Reação tardia ou ineficiente do condutor;Tombamento;Com Vítimas Feridas;Pleno dia;Crescente;Céu Claro;Dupla;Reta;-9,37766429;-40,50269795
24/08/2023;07:15:00;CANOAS;Manobra de mudança de faixa;Colisão traseira;Com Vítimas Feridas;Pleno dia;Crescente;Nublado;Dupla;Reta;-29,887983;-51,17901
24/08/2023;07:50:00;CURITIBA;Manobra de mudança de faixa;Colisão traseira;Com Vítimas Feridas;Pleno dia;Decrescente;Céu Claro;Dupla;"Reta;Declive";-25,54456009;-49,30146002
14/04/2023;09:00:00;ARAGUARI;Demais falhas mecânicas ou elétricas;Tombamento;Com Vítimas Feridas;Pleno dia;Decrescente;Sol;Simples;Reta;-18,87511406;-48,02851694
24/08/2023;07:54:00;TUCANO;Pista esburacada;Colisão frontal;Com Vítimas Feridas;Pleno dia;Decrescente;Sol;Simples;Reta;-11,05644706;-38,83973638
24/08/2023;07:20:00;SAO LUIS;Manobra de mudança de faixa;Colisão lateral mesmo sentido;Com Vítimas Feridas;Pleno dia;Crescente;Céu Claro;Dupla;Reta;-2,61424881;-44,25257023
24/08/2023;07:40:00;TERESINA;Manobra de mudança de faixa;Colisão lateral mesmo sentido;Sem Vítimas;Pleno dia;Decrescente;Céu Claro;Múltipla;Reta;-5,2096314;-42,75526995
13/08/2023;00:41:00;DOURADOS;Velocidade Incompatível;Colisão com objeto;Com Vítimas Feridas;Plena Noite;Crescente;Garoa/Chuvisco;Dupla;Rotatória;-22,222698;-54,73128
24/08/2023;07:40:00;SERRA;Velocidade Incompatível;Colisão traseira;Com Vítimas Feridas;Pleno dia;Decrescente;Céu Claro;Simples;Reta;-20,13059888;-40,2961019
24/08/2023;07:45:00;PONTA GROSSA;Reação tardia ou ineficiente do condutor;Tombamento;Com Vítimas Feridas;Pleno dia;Decrescente;Sol;Dupla;Reta;-25,14172584;-50,1586859
24/08/2023;10:40:00;AGUAS MORNAS;Avarias e/ou desgaste excessivo no pneu;Tombamento;Com Vítimas Feridas;Pleno dia;Crescente;Céu Claro;Simples;"Curva;Declive";-27,68800949;-48,97894442
24/08/2023;02:50:00;SAO LEOPOLDO;Condutor deixou de manter distância do veículo da frente;Saída de leito carroçável;Sem Vítimas;Plena Noite;Crescente;Garoa/Chuvisco;Múltipla;"Interseção de Vias;Reta;Viaduto";-29,73196199;-51,14952004
11/08/2023;22:45:00;BLUMENAU;Ausência de reação do condutor;Tombamento;Com Vítimas Fatais;Plena Noite;Crescente;Nublado;Dupla;Reta;-26,8611262;-49,0669683
24/08/2023;13:00:00;JOAO PESSOA;Objeto estático sobre o leito carroçável;Tombamento;Com Vítimas Feridas;Pleno dia;Crescente;Sol;Dupla;Reta;-7,1198;-34,8453
24/08/2023;13:30:00;PALHOCA;Manobra de mudança de faixa;Colisão traseira;Com Vítimas Feridas;Pleno dia;Decrescente;Céu Claro;Dupla;Aclive;-27,81043812;-48,63537111
24/08/2023;10:40:00;GOIANIA;Afundamento ou ondulação no pavimento;Queda de ocupante de veículo;Com Vítimas Feridas;Pleno dia;Decrescente;Céu Claro;Dupla;Reta;-16,5243;-49,1313
24/08/2023;14:24:00;BARRA DO GARCAS;Avarias e/ou desgaste excessivo no pneu;Tombamento;Com Vítimas Feridas;Pleno dia;Decrescente;Céu Claro;Simples;Reta;-15,77641997;-52,28416808
24/08/2023;13:20:00;SAO GABRIEL;Animais na Pista;Tombamento;Com Vítimas Feridas;Pleno dia;Decrescente;Céu Claro;Simples;Curva;-30,08572049;-54,62482059
24/08/2023;16:40:00;GUARULHOS;Manobra de mudança de faixa;Colisão lateral mesmo sentido;Com Vítimas Feridas;Anoitecer;Decrescente;Nublado;Múltipla;Reta;-23,48586772;-46,54075317
24/08/2023;16:20:00;ANAPOLIS;Condutor Dormindo;Tombamento;Com Vítimas Feridas;Pleno dia;Decrescente;Céu Claro;Dupla;"Declive;Reta";-16,3258;-48,8803
24/08/2023;16:20:00;SANTA CRUZ DO SUL;Sinalização mal posicionada;Colisão lateral mesmo sentido;Com Vítimas Feridas;Pleno dia;Crescente;Céu Claro;Dupla;"Interseção de Vias;Em Obras;Reta";-29,799774;-52,407185
24/08/2023;17:00:00;SAO GONCALO;Manobra de mudança de faixa;Capotamento;Com Vítimas Feridas;Pleno dia;Decrescente;Céu Claro;Dupla;Reta;-22,78913759;-43,00550909
24/08/2023;18:35:00;SAO LEOPOLDO;Manobra de mudança de faixa;Colisão traseira;Com Vítimas Feridas;Plena Noite;Crescente;Céu Claro;Dupla;Reta;-29,72297087;-51,14858729
24/08/2023;19:15:00;ITAJAI;Acumulo de água sobre o pavimento;Tombamento;Com Vítimas Feridas;Plena Noite;Decrescente;Garoa/Chuvisco;Dupla;Reta;-26,93668609;-48,69876905
24/08/2023;20:10:00;LUZIANIA;Manobra de mudança de faixa;Colisão traseira;Com Vítimas Feridas;Plena Noite;Crescente;Céu Claro;Dupla;Reta;-16,131285;-47,957923
24/08/2023;17:50:00;MOSSORO;Pista esburacada;Tombamento;Com Vítimas Feridas;Anoitecer;Crescente;Céu Claro;Simples;"Em Obras;Reta";-5,43735203;-37,19777204
24/08/2023;22:16:00;SANTA ISABEL;Acumulo de água sobre o pavimento;Colisão com objeto;Com Vítimas Feridas;Plena Noite;Decrescente;Chuva;Dupla;"Curva;Aclive";-23,35713072;-46,20737811
24/08/2023;22:20:00;SETE LAGOAS;Iluminação deficiente;Atropelamento de Pedestre;Com Vítimas Fatais;Plena Noite;Decrescente;Céu Claro;Dupla;"Curva;Declive";-19,571355;-44,232353
24/08/2023;22:45:00;GUARULHOS;Reação tardia ou ineficiente do condutor;Tombamento;Com Vítimas Feridas;Plena Noite;Decrescente;Garoa/Chuvisco;Múltipla;"Aclive;Reta";-23,457972;-46,479927
24/08/2023;22:05:00;SAO JOSE;Acumulo de óleo sobre o pavimento;Queda de ocupante de veículo;Com Vítimas Feridas;Plena Noite;Decrescente;Nublado;Dupla;Reta;-27,58313237;-48,61532885
24/08/2023;23:50:00;DELMIRO GOUVEIA;Demais falhas na via;Capotamento;Com Vítimas Feridas;Plena Noite;Decrescente;Céu Claro;Simples;"Reta;Em Obras";-9,34005967;-38,01139111
25/08/2023;04:10:00;PARAIBA DO SUL;Acostamento em desnível;Tombamento;Com Vítimas Feridas;Plena Noite;Decrescente;Céu Claro;Simples;Reta;-22,13743413;-43,25255156
24/08/2023;19:27:00;PALMEIRA DOS INDIOS;Falta de acostamento;Tombamento;Com Vítimas Feridas;Plena Noite;Crescente;Céu Claro;Simples;Reta;-9,42635226;-36,6189263
24/08/2023;11:00:00;RIO DE JANEIRO;Manobra de mudança de faixa;Colisão lateral mesmo sentido;Com Vítimas Feridas;Pleno dia;Crescente;Céu Claro;Dupla;Reta;-22,81113183;-43,3336729
25/08/2023;05:50:00;CURITIBA;Manobra de mudança de faixa;Colisão lateral mesmo sentido;Sem Vítimas;Pleno dia;Crescente;Nublado;Múltipla;Reta;-25,54988723;-49,28248211
25/08/2023;07:00:00;CURITIBA;Trafegar com motocicleta (ou similar) entre as faixas;Tombamento;Com Vítimas Feridas;Pleno dia;Decrescente;Chuva;Dupla;"Aclive;Reta";-25,55468195;-49,27402397
25/08/2023;07:20:00;CANOAS;Manobra de mudança de faixa;Colisão lateral mesmo sentido;Com Vítimas Feridas;Pleno dia;Crescente;Céu Claro;Dupla;Reta;-29,95942501;-51,17608515
25/08/2023;05:00:00;NOVA IGUACU;Manobra de mudança de faixa;Colisão lateral mesmo sentido;Sem Vítimas;Plena Noite;Decrescente;Céu Claro;Múltipla;Reta;-22,72996588;-43,61317403
25/08/2023;06:50:00;JOINVILLE;Ultrapassagem Indevida;Colisão lateral mesmo sentido;Com Vítimas Feridas;Amanhecer;Crescente;Céu Claro;Dupla;Curva;-26,36479799;-48,85878798
25/08/2023;07:30:00;BRASILIA;Manobra de mudança de faixa;Colisão lateral mesmo sentido;Com Vítimas Feridas;Pleno dia;Decrescente;Céu Claro;Dupla;Reta;-15,798048;-48,073235
25/08/2023;08:30:00;IPUIUNA;Velocidade Incompatível;Colisão lateral sentido oposto;Com Vítimas Feridas;Pleno dia;Decrescente;Céu Claro;Simples;Curva;-22,115179;-46,179901
10/08/2023;06:40:00;ARAQUARI;Ultrapassagem Indevida;Colisão lateral mesmo sentido;Com Vítimas Feridas;Amanhecer;Crescente;Nublado;Simples;Reta;-26,38972308;-48,73411593
25/08/2023;06:40:00;VILHENA;Manobra de mudança de faixa;Colisão transversal;Com Vítimas Feridas;Pleno dia;Crescente;Céu Claro;Simples;Reta;-12,71452302;-60,1262149
25/08/2023;09:50:00;SANTA LUZIA;Manobra de mudança de faixa;Saída de leito carroçável;Com Vítimas Feridas;Pleno dia;Decrescente;Céu Claro;Simples;Reta;-6,90301252;-36,9881022
25/08/2023;10:20:00;FOZ DO IGUACU;Manobra de mudança de faixa;Colisão lateral mesmo sentido;Com Vítimas Feridas;Pleno dia;Crescente;Céu Claro;Dupla;Reta;-25,4911505;-54,51185421
25/08/2023;09:00:00;MATEUS LEME;Velocidade Incompatível;Saída de leito carroçável;Com Vítimas Feridas;Pleno dia;Crescente;Garoa/Chuvisco;Dupla;"Aclive;Curva";-19,92138997;-44,47265625
25/08/2023;09:06:00;CUIABA;Manobra de mudança de faixa;Colisão lateral mesmo sentido;Com Vítimas Feridas;Pleno dia;Decrescente;Céu Claro;Dupla;Reta;-15,66158612;-55,97144205
25/08/2023;09:15:00;BETIM;Demais falhas mecânicas ou elétricas;Tombamento;Com Vítimas Feridas;Pleno dia;Crescente;Nublado;Dupla;Reta;-19,95882786;-44,15336609
25/08/2023;08:07:00;CAMPINA GRANDE DO SUL;Acumulo de água sobre o pavimento;Colisão com objeto;Com Vítimas Feridas;Pleno dia;Crescente;Chuva;Dupla;Curva;-25,09832756;-48,68266005
25/08/2023;11:55:00;ITAPERUNA;Falta de acostamento;Saída de leito carroçável;Com Vítimas Feridas;Pleno dia;Crescente;Céu Claro;Dupla;"Aclive;Curva";-21,21755178;-41,82535005
25/08/2023;11:30:00;PETROLINA;Ultrapassagem Indevida;Colisão lateral mesmo sentido;Com Vítimas Feridas;Pleno dia;Decrescente;Céu Claro;Simples;Reta;-9,38491309;-40,52809509
25/08/2023;14:30:00;ABADIA DE GOIAS;Velocidade Incompatível;Saída de leito carroçável;Com Vítimas Feridas;Pleno dia;Decrescente;Céu Claro;Dupla;"Reta;Em Obras";-16,74483546;-49,41895192
25/08/2023;15:25:00;FEIRA DE SANTANA;Sinalização mal posicionada;Colisão com objeto;Com Vítimas Feridas;Pleno dia;Crescente;Céu Claro;Dupla;Em Obras;-12,211936;-38,96567
25/08/2023;15:50:00;CAMPINA GRANDE DO SUL;Acumulo de água sobre o pavimento;Colisão com objeto;Com Vítimas Feridas;Pleno dia;Decrescente;Chuva;Dupla;Curva;-25,06602975;-48,57857703
25/08/2023;16:55:00;ITABORAI;Falta de elemento de contenção que evite a saída do leito carroçável;Saída de leito carroçável;Com Vítimas Feridas;Pleno dia;Crescente;Chuva;Dupla;Reta;-22,73998606;-42,95374823
25/08/2023;17:00:00;REGISTRO;Chuva;Colisão com objeto;Com Vítimas Feridas;Anoitecer;Decrescente;Chuva;Dupla;"Declive;Reta";-24,44811308;-47,80555693
25/08/2023;14:30:00;ACREUNA;Acumulo de água sobre o pavimento;Saída de leito carroçável;Com Vítimas Feridas;Pleno dia;Crescente;Chuva;Dupla;Curva;-17,3572;-50,3304
25/08/2023;19:55:00;ITAPORANGA DAJUDA;Afundamento ou ondulação no pavimento;Tombamento;Com Vítimas Feridas;Plena Noite;Decrescente;Céu Claro;Dupla;Reta;-11,016006;-37,319555
25/08/2023;18:00:00;CAMPINA GRANDE DO SUL;Acumulo de água sobre o pavimento;Colisão com objeto;Sem Vítimas;Anoitecer;Crescente;Chuva;Dupla;Curva;-25,0604;-48,562973
25/08/2023;19:10:00;ITAQUIRAI;Falta de acostamento;Colisão traseira;Com Vítimas Feridas;Plena Noite;Crescente;Nublado;Simples;Reta;-23,54559603;-54,19367364
25/08/2023;22:10:00;BRASILIA;Pista Escorregadia;Queda de ocupante de veículo;Com Vítimas Feridas;Plena Noite;Crescente;Chuva;Dupla;Rotatória;-15,794558;-48,166584
25/08/2023;23:20:00;ANAPOLIS;Ingestão de álcool pelo condutor;Tombamento;Com Vítimas Feridas;Plena Noite;Crescente;Céu Claro;Dupla;Aclive;-16,298529;-48,928207
25/08/2023;22:40:00;BRASILIA;Pista Escorregadia;Saída de leito carroçável;Com Vítimas Feridas;Plena Noite;Crescente;Garoa/Chuvisco;Dupla;"Declive;Reta";-15,625675;-47,725159
25/08/2023;18:10:00;SOUSA;Ausência de reação do condutor;Tombamento;Com Vítimas Feridas;Plena Noite;Crescente;Céu Claro;Simples;Reta;-6,780736;-38,155225
25/08/2023;22:56:00;BRASILIA;Chuva;Queda de ocupante de veículo;Com Vítimas Fatais;Plena Noite;Crescente;Chuva;Dupla;"Aclive;Reta";-15,662208;-47,799866
25/08/2023;22:50:00;CAMPO MAIOR;Ingestão de álcool pelo condutor;Tombamento;Com Vítimas Fatais;Plena Noite;Decrescente;Céu Claro;Simples;Ponte;-4,77992508;-42,11568117
26/08/2023;06:30:00;LONDRINA;Manobra de mudança de faixa;Colisão lateral mesmo sentido;Com Vítimas Feridas;Amanhecer;Crescente;Garoa/Chuvisco;Dupla;Reta;-23,29419437;-51,21165628
26/08/2023;06:15:00;MAGE;Chuva;Tombamento;Com Vítimas Feridas;Pleno dia;Decrescente;Chuva;Dupla;Reta;-22,65418284;-43,14382995
26/08/2023;06:30:00;APARECIDA;Chuva;Saída de leito carroçável;Com Vítimas Feridas;Amanhecer;Decrescente;Chuva;Dupla;"Curva;Declive";-22,86354218;-45,23746093
26/08/2023;00:05:00;TERESOPOLIS;Chuva;Tombamento;Com Vítimas Feridas;Plena Noite;Crescente;Garoa/Chuvisco;Simples;Reta;-22,31064086;-42,93779076
25/08/2023;05:38:00;TERESOPOLIS;Velocidade Incompatível;Saída de leito carroçável;Com Vítimas Feridas;Amanhecer;Não Informado;Nublado;Simples;Curva;-22,26074391;-42,92305911
25/08/2023;22:40:00;NOVA FATIMA;Manobra de mudança de faixa;Saída de leito carroçável;Com Vítimas Feridas;Plena Noite;Crescente;Céu Claro;Simples;Reta;-11,57411499;-39,66471399
26/08/2023;05:30:00;RESENDE;Chuva;Colisão lateral mesmo sentido;Com Vítimas Feridas;Amanhecer;Decrescente;Chuva;Múltipla;Reta;-22,45998766;-44,46237202