data_inversa;horario;municipio;causa_acidente;tipo_acidente;classificacao_acidente;fase_dia;sentido_via;condicao_metereologica;tipo_pista;tracado_via;latitude;longitude
26/08/2023;07:18:00;MAIRIPORA;Ausência de reação do condutor;Tombamento;Com Vítimas Feridas;Pleno dia;Crescente;Chuva;Dupla;"Curva;Declive";-23,29011611;-46,5800681
26/08/2023;08:40:00;CRUZ DO ESPIRITO SANTO;Avarias e/ou desgaste excessivo no pneu;Tombamento;Com Vítimas Feridas;Pleno dia;Decrescente;Céu Claro;Dupla;Reta;-7,1897;-35,0615
26/08/2023;09:11:00;SAO JOSE;Manobra de mudança de faixa;Colisão traseira;Com Vítimas Feridas;Pleno dia;Decrescente;Céu Claro;Dupla;Reta;-27,60001227;-48,628555
26/08/2023;08:50:00;LUZIANIA;Manobra de mudança de faixa;Colisão traseira;Com Vítimas Fatais;Pleno dia;Decrescente;Céu Claro;Dupla;"Reta;Declive";-16,158753;-47,933136
26/08/2023;12:45:00;SAO JOAO DE MERITI;Reação tardia ou ineficiente do condutor;Tombamento;Com Vítimas Feridas;Pleno dia;Crescente;Chuva;Dupla;Reta;-22,80188151;-43,35043673
26/08/2023;13:26:00;GUARAPARI;Velocidade Incompatível;Colisão com objeto;Com Vítimas Feridas;Pleno dia;Decrescente;Chuva;Dupla;Curva;-20,66338513;-40,59300184
26/08/2023;10:36:00;PIRAI;Acumulo de água sobre o pavimento;Colisão com objeto;Com Vítimas Feridas;Pleno dia;Crescente;Chuva;Dupla;"Aclive;Reta";-22,61426907;-43,93189964
26/08/2023;13:30:00;PALHOCA;Ultrapassagem Indevida;Colisão frontal;Com Vítimas Feridas;Pleno dia;Crescente;Céu Claro;Simples;Curva;-27,68392194;-48,66710085
26/08/2023;14:05:00;CAJATI;Manobra de mudança de faixa;Colisão lateral mesmo sentido;Com Vítimas Feridas;Pleno dia;Crescente;Nublado;Simples;Reta;-24,77541893;-48,20947907
26/08/2023;13:00:00;PETROPOLIS;Chuva;Colisão com objeto;Com Vítimas Feridas;Pleno dia;Crescente;Chuva;Simples;"Curva;Aclive";-22,47192899;-43,23779321
26/08/2023;14:40:00;LINHARES;Demais falhas mecânicas ou elétricas;Tombamento;Com Vítimas Feridas;Pleno dia;Crescente;Céu Claro;Simples;Reta;-19,44596035;-40,09435048
26/08/2023;15:00:00;MONTES CLAROS;Chuva;Colisão frontal;Com Vítimas Feridas;Pleno dia;Crescente;Chuva;Simples;Curva;-16,816986;-43,915671
26/08/2023;13:30:00;PARATY;Reação tardia ou ineficiente do condutor;Tombamento;Com Vítimas Feridas;Pleno dia;Decrescente;Chuva;Simples;Curva;-23,18579921;-44,72424085
26/08/2023;14:55:00;ICARA;Avarias e/ou desgaste excessivo no pneu;Tombamento;Com Vítimas Feridas;Pleno dia;Crescente;Sol;Dupla;Reta;-28,78085074;-49,32874013
26/08/2023;16:20:00;MARABA;Reação tardia ou ineficiente do condutor;Tombamento;Com Vítimas Feridas;Pleno dia;Crescente;Céu Claro;Simples;"Reta;Declive";-5,36957395;-49,07796968
26/08/2023;16:00:00;SERRA TALHADA;Manobra de mudança de faixa;Colisão frontal;Com Vítimas Fatais;Pleno dia;Decrescente;Sol;Simples;Curva;-7,98377927;-38,3208774
26/08/2023;15:40:00;TRES RIOS;Velocidade Incompatível;Colisão com objeto;Sem Vítimas;Pleno dia;Crescente;Nublado;Simples;Curva;-22,12504988;-43,23207378
26/08/2023;13:35:00;ESTIVA;Velocidade Incompatível;Saída de leito carroçável;Com Vítimas Feridas;Pleno dia;Decrescente;Chuva;Dupla;Curva;-22,472813;-46,01072791
26/08/2023;11:45:00;CAMANDUCAIA;Velocidade Incompatível;Colisão com objeto;Com Vítimas Feridas;Pleno dia;Decrescente;Chuva;Dupla;Curva;-22,772211;-46,191883
26/08/2023;16:40:00;CONSELHEIRO LAFAIETE;Chuva;Colisão lateral mesmo sentido;Com Vítimas Feridas;Pleno dia;Decrescente;Chuva;Simples;Reta;-20,68168197;-43,79419779
26/08/2023;17:00:00;TERESOPOLIS;Pista Escorregadia;Colisão frontal;Com Vítimas Feridas;Pleno dia;Crescente;Chuva;Simples;Curva;-22,37408687;-42,95260496
26/08/2023;17:00:00;AGUAS MORNAS;Avarias e/ou desgaste excessivo no pneu;Tombamento;Com Vítimas Feridas;Pleno dia;Crescente;Céu Claro;Simples;"Aclive;Curva";-27,719851;-48,916126
26/08/2023;16:30:00;SAO GONCALO;Manobra de mudança de faixa;Colisão lateral mesmo sentido;Com Vítimas Feridas;Pleno dia;Decrescente;Chuva;Dupla;Reta;-22,81648739;-43,07728467
26/08/2023;17:20:00;MACAPA;Velocidade Incompatível;Colisão com objeto;Sem Vítimas;Pleno dia;Crescente;Céu Claro;Dupla;Reta;0,09166714;-51,10599518
26/08/2023;17:10:00;SOBRADO;Avarias e/ou desgaste excessivo no pneu;Tombamento;Com Vítimas Feridas;Pleno dia;Decrescente;Céu Claro;Dupla;Reta;-7,1907;-35,2418
26/08/2023;16:30:00;MAGE;Acumulo de água sobre o pavimento;Saída de leito carroçável;Sem Vítimas;Pleno dia;Crescente;Chuva;Dupla;Reta;-22,65489354;-43,08636526
26/08/2023;15:10:00;ALEXANIA;Acumulo de água sobre o pavimento;Saída de leito carroçável;Com Vítimas Feridas;Pleno dia;Crescente;Ignorado;Dupla;"Curva;Declive";-16,11118076;-48,52700293
26/08/2023;18:10:00;ESMERALDAS;Pista Escorregadia;Colisão transversal;Com Vítimas Feridas;Plena Noite;Decrescente;Chuva;Dupla;"Curva;Declive";-19,648005;-44,2022067
26/08/2023;18:40:00;ESPLANADA;Deficiência do Sistema de Iluminação/Sinalização;Colisão transversal;Com Vítimas Fatais;Plena Noite;Crescente;Céu Claro;Simples;Reta;-11,81933048;-37,97719212
26/08/2023;16:30:00;SANTO ANTONIO DO AMPARO;Chuva;Capotamento;Com Vítimas Feridas;Pleno dia;Decrescente;Garoa/Chuvisco;Dupla;Curva;-20,89963404;-44,85537595
26/08/2023;16:00:00;ANGRA DOS REIS;Pista Escorregadia;Colisão com objeto;Com Vítimas Feridas;Pleno dia;Decrescente;Chuva;Simples;"Curva;Declive";-23,02483585;-44,50876994
26/08/2023;19:40:00;CONTAGEM;Chuva;Tombamento;Com Vítimas Feridas;Plena Noite;Decrescente;Chuva;Dupla;"Declive;Reta";-19,92064782;-44,0335681
26/08/2023;20:04:00;UBERLANDIA;Manobra de mudança de faixa;Colisão lateral mesmo sentido;Com Vítimas Feridas;Plena Noite;Crescente;Céu Claro;Simples;"Reta;Interseção de Vias";-18,91046419;-48,17036078
26/08/2023;18:15:00;IGACI;Deficiência do Sistema de Iluminação/Sinalização;Colisão traseira;Com Vítimas Feridas;Plena Noite;Decrescente;Céu Claro;Simples;Reta;-9,5173769;-36,54433888
26/08/2023;21:00:00;JUQUITIBA;Chuva;Saída de leito carroçável;Com Vítimas Feridas;Pleno dia;Decrescente;Chuva;Dupla;Curva;-23,93901304;-47,06241203
26/08/2023;21:45:00;VERA;Chuva;Colisão traseira;Com Vítimas Feridas;Plena Noite;Crescente;Chuva;Simples;Reta;-12,256;-55,553
26/08/2023;22:15:00;MAGE;Avarias e/ou desgaste excessivo no pneu;Tombamento;Com Vítimas Feridas;Plena Noite;Crescente;Chuva;Dupla;Curva;-22,5943135;-43,02305931
26/08/2023;22:20:00;PADRE BERNARDO;Ausência de sinalização;Colisão com objeto;Com Vítimas Feridas;Plena Noite;Crescente;Céu Claro;Dupla;Reta;-15,26343;-48,264749
27/08/2023;00:45:00;BRUMADINHO;Velocidade Incompatível;Colisão com objeto;Com Vítimas Feridas;Plena Noite;Crescente;Nublado;Dupla;"Curva;Declive";-20,13846621;-44,31715274
27/08/2023;01:00:00;MACAIBA;Ingestão de álcool pelo condutor;Tombamento;Com Vítimas Feridas;Plena Noite;Crescente;Céu Claro;Simples;"Em Obras;Aclive;Reta";-5,867628;-35,414502
27/08/2023;01:20:00;MAGE;Acumulo de água sobre o pavimento;Capotamento;Com Vítimas Feridas;Plena Noite;Decrescente;Chuva;Dupla;Reta;-22,64632807;-43,07016895
27/08/2023;03:00:00;CONTAGEM;Ausência de reação do condutor;Tombamento;Com Vítimas Feridas;Plena Noite;Decrescente;Céu Claro;Dupla;Curva;-19,95889605;-44,069202
27/08/2023;03:00:00;TABOAO DA SERRA;Velocidade Incompatível;Colisão lateral mesmo sentido;Com Vítimas Feridas;Plena Noite;Decrescente;Nublado;Múltipla;Curva;-23,61593059;-46,78826044
27/08/2023;04:15:00;APARECIDA;Demais falhas mecânicas ou elétricas;Tombamento;Com Vítimas Feridas;Plena Noite;Crescente;Garoa/Chuvisco;Dupla;Curva;-22,87747687;-45,27203908
27/08/2023;04:25:00;JUTI;Velocidade Incompatível;Saída de leito carroçável;Sem Vítimas;Plena Noite;Crescente;Céu Claro;Simples;Reta;-22,85963099;-54,62834999
26/08/2023;17:50:00;CAPIM GROSSO;Ultrapassagem Indevida;Colisão lateral sentido oposto;Com Vítimas Feridas;Anoitecer;Crescente;Céu Claro;Simples;Reta;-11,37166563;-40,03349304
27/08/2023;06:40:00;BETIM;Velocidade Incompatível;Saída de leito carroçável;Com Vítimas Feridas;Pleno dia;Decrescente;Garoa/Chuvisco;Dupla;"Curva;Aclive";-20,00483625;-44,21367172
27/08/2023;07:00:00;UBERLANDIA;Chuva;Saída de leito carroçável;Com Vítimas Feridas;Amanhecer;Crescente;Chuva;Dupla;Reta;-18,87111351;-48,5495801
27/08/2023;07:44:00;TANGARA;Ultrapassagem Indevida;Colisão frontal;Com Vítimas Feridas;Pleno dia;Crescente;Céu Claro;Simples;Reta;-6,21385767;-35,81891738
27/08/2023;06:55:00;CAMPO MAIOR;Manobra de mudança de faixa;Colisão frontal;Com Vítimas Feridas;Amanhecer;Decrescente;Céu Claro;Simples;Reta;-4,788996;-42,126308
27/08/2023;08:10:00;BARBACENA;Chuva;Atropelamento de Pedestre;Com Vítimas Feridas;Pleno dia;Crescente;Chuva;Dupla;Declive;-21,25161698;-43,67181701
27/08/2023;07:30:00;BETIM;Velocidade Incompatível;Colisão com objeto;Sem Vítimas;Pleno dia;Decrescente;Garoa/Chuvisco;Dupla;"Curva;Declive";-19,95845284;-44,05652761
27/08/2023;11:00:00;JUATUBA;Ausência de reação do condutor;Tombamento;Com Vítimas Feridas;Pleno dia;Crescente;Chuva;Dupla;Curva;-19,93534953;-44,43377495
27/08/2023;07:30:00;JUIZ DE FORA;Chuva;Saída de leito carroçável;Com Vítimas Feridas;Pleno dia;Decrescente;Chuva;Dupla;Curva;-21,70406297;-43,45067808
27/08/2023;08:45:00;MARIALVA;Velocidade Incompatível;Colisão com objeto;Com Vítimas Feridas;Pleno dia;Decrescente;Céu Claro;Dupla;Curva;-23,4891498;-51,8176622
27/08/2023;08:30:00;SAO PAULO;Chuva;Capotamento;Com Vítimas Feridas;Pleno dia;Decrescente;Chuva;Simples;"Declive;Curva";-23,37660089;-46,56409613
27/08/2023;08:40:00;NOVA ERA;Pista Escorregadia;Saída de leito carroçável;Com Vítimas Feridas;Pleno dia;Decrescente;Chuva;Simples;"Curva;Declive";-19,82119502;-43,07407899
27/08/2023;10:38:00;ARUJA;Pista Escorregadia;Colisão com objeto;Com Vítimas Feridas;Pleno dia;Crescente;Chuva;Dupla;Curva;-23,40809408;-46,33859597
27/08/2023;08:30:00;INGA;Avarias e/ou desgaste excessivo no pneu;Tombamento;Com Vítimas Feridas;Pleno dia;Decrescente;Nublado;Dupla;"Curva;Declive";-7,241188;-35,623304
27/08/2023;10:45:00;ARAUCARIA;Manobra de mudança de faixa;Colisão transversal;Com Vítimas Feridas;Pleno dia;Crescente;Nublado;Dupla;Reta;-25,577307;-49,392338
06/08/2023;00:33:00;NOVA ERA;Desrespeitar a preferência no cruzamento;Tombamento;Com Vítimas Feridas;Plena Noite;Decrescente;Céu Claro;Simples;"Interseção de Vias;Reta";-19,76723696;-43,04699067
27/08/2023;10:10:00;GUARAPUAVA;Acumulo de areia ou detritos sobre o pavimento;Queda de ocupante de veículo;Com Vítimas Feridas;Pleno dia;Decrescente;Céu Claro;Simples;Curva;-25,3774541;-51,28942499
27/08/2023;11:40:00;RIO CASCA;Pista Escorregadia;Saída de leito carroçável;Com Vítimas Feridas;Pleno dia;Crescente;Chuva;Simples;"Curva;Declive";-20,231395;-42,633773
27/08/2023;12:30:00;TEREZOPOLIS DE GOIAS;Velocidade Incompatível;Saída de leito carroçável;Com Vítimas Feridas;Pleno dia;Crescente;Céu Claro;Dupla;"Reta;Declive";-16,4633;-49,0636
27/08/2023;12:30:00;WANDERLEY;Pista Escorregadia;Tombamento;Com Vítimas Feridas;Pleno dia;Crescente;Chuva;Simples;Reta;-12,22718148;-43,96648408
27/08/2023;10:45:00;BALNEARIO PICARRAS;Manobra de mudança de faixa;Colisão com objeto;Com Vítimas Feridas;Pleno dia;Crescente;Nublado;Dupla;Reta;-26,76404198;-48,68657667
27/08/2023;13:15:00;TRES CORACOES;Chuva;Saída de leito carroçável;Com Vítimas Feridas;Pleno dia;Decrescente;Chuva;Dupla;Curva;-21,637253;-45,28388
27/08/2023;13:00:00;SAO JOSE DOS CAMPOS;Manobra de mudança de faixa;Capotamento;Com Vítimas Feridas;Pleno dia;Decrescente;Nublado;Múltipla;Reta;-23,24524337;-45,92772774
27/08/2023;13:15:00;PALHOCA;Manobra de mudança de faixa;Colisão lateral mesmo sentido;Sem Vítimas;Pleno dia;Decrescente;Céu Claro;Dupla;Reta;-27,68392194;-48,66710085
27/08/2023;13:50:00;ITAPEVA;Chuva;Colisão com objeto;Com Vítimas Feridas;Pleno dia;Crescente;Chuva;Dupla;Curva;-22,77486163;-46,23884583
27/08/2023;14:30:00;OLIVEIRA;Chuva;Queda de ocupante de veículo;Com Vítimas Feridas;Pleno dia;Decrescente;Chuva;Dupla;Reta;-20,72201623;-44,76789951
27/08/2023;14:35:00;CARMOPOLIS DE MINAS;Velocidade Incompatível;Saída de leito carroçável;Com Vítimas Feridas;Pleno dia;Decrescente;Garoa/Chuvisco;Dupla;Curva;-20,56119756;-44,66388702
27/08/2023;14:40:00;CAETE;Chuva;Saída de leito carroçável;Com Vítimas Feridas;Pleno dia;Decrescente;Chuva;Simples;"Curva;Declive";-19,787671;-43,691103
27/08/2023;14:45:00;CANAPOLIS;Ausência de reação do condutor;Tombamento;Com Vítimas Feridas;Pleno dia;Decrescente;Sol;Dupla;Reta;-18,67926678;-49,15604759
27/08/2023;14:50:00;ANCHIETA;Acumulo de água sobre o pavimento;Capotamento;Com Vítimas Feridas;Pleno dia;Decrescente;Chuva;Simples;Reta;-20,71645213;-40,7300389
05/08/2023;11:59:00;PEDRA;Velocidade Incompatível;Queda de ocupante de veículo;Com Vítimas Feridas;Pleno dia;Decrescente;Céu Claro;Simples;Curva;-8,49676628;-36,93934222
27/08/2023;15:05:00;SANTA ISABEL;Velocidade Incompatível;Saída de leito carroçável;Com Vítimas Feridas;Pleno dia;Decrescente;Garoa/Chuvisco;Dupla;"Curva;Aclive";-23,37555;-46,248183
27/08/2023;14:50:00;OLIVEIRA;Velocidade Incompatível;Saída de leito carroçável;Com Vítimas Feridas;Pleno dia;Decrescente;Chuva;Dupla;"Aclive;Curva";-20,822907;-44,80101979
27/08/2023;14:35:00;BRUMADINHO;Chuva;Saída de leito carroçável;Com Vítimas Feridas;Pleno dia;Decrescente;Chuva;Dupla;Reta;-20,13291064;-44,30698872
27/08/2023;13:30:00;CAXAMBU;Velocidade Incompatível;Saída de leito carroçável;Com Vítimas Feridas;Pleno dia;Decrescente;Chuva;Simples;Curva;-22,04608674;-44,92642164
27/08/2023;14:20:00;SILVA JARDIM;Chuva;Saída de leito carroçável;Com Vítimas Feridas;Pleno dia;Decrescente;Chuva;Dupla;Curva;-22,5653276;-42,36847904
27/08/2023;14:45:00;TERESOPOLIS;Acumulo de óleo sobre o pavimento;Colisão com objeto;Com Vítimas Feridas;Pleno dia;Crescente;Chuva;Simples;Curva;-22,17771398;-42,84707003
27/08/2023;15:50:00;ESCADA;Demais falhas mecânicas ou elétricas;Tombamento;Com Vítimas Feridas;Pleno dia;Crescente;Céu Claro;Dupla;Reta;-8,35963442;-35,20419694
27/08/2023;16:50:00;EXTREMA;Chuva;Saída de leito carroçável;Com Vítimas Feridas;Pleno dia;Decrescente;Chuva;Dupla;Curva;-22,86021873;-46,34260711
27/08/2023;16:50:00;SANTOS DUMONT;Chuva;Colisão com objeto;Com Vítimas Feridas;Pleno dia;Decrescente;Chuva;Simples;"Curva;Declive";-21,40505399;-43,56732403
27/08/2023;16:30:00;TRES RIOS;Acumulo de água sobre o pavimento;Saída de leito carroçável;Com Vítimas Feridas;Anoitecer;Crescente;Chuva;Dupla;Curva;-22,08639692;-43,17655185
27/08/2023;14:08:00;NEPOMUCENO;Chuva;Saída de leito carroçável;Com Vítimas Feridas;Pleno dia;Crescente;Chuva;Dupla;Curva;-21,37772086;-45,19419525
27/08/2023;15:30:00;GRAO MOGOL;Pista Escorregadia;Saída de leito carroçável;Sem Vítimas;Pleno dia;Crescente;Nublado;Simples;Curva;-16,42186488;-43,35166492
27/08/2023;16:45:00;SANTOS DUMONT;Chuva;Saída de leito carroçável;Com Vítimas Feridas;Plena Noite;Crescente;Chuva;Simples;Curva;-21,37012696;-43,57558994
27/08/2023;14:20:00;TRES RIOS;Acumulo de água sobre o pavimento;Saída de leito carroçável;Sem Vítimas;Pleno dia;Crescente;Chuva;Simples;"Curva;Declive";-22,12295568;-43,20656776
27/08/2023;14:13:00;SAO GONCALO DO SAPUCAI;Chuva;Saída de leito carroçável;Com Vítimas Feridas;Pleno dia;Decrescente;Chuva;Dupla;Curva;-21,91694596;-45,58909701
27/08/2023;13:00:00;ATIBAIA;Chuva;Colisão com objeto;Com Vítimas Feridas;Pleno dia;Decrescente;Garoa/Chuvisco;Dupla;Reta;-23,21359807;-46,59367981
27/08/2023;19:40:00;SAO GONCALO;Manobra de mudança de faixa;Colisão lateral mesmo sentido;Com Vítimas Feridas;Plena Noite;Crescente;Chuva;Dupla;Reta;-22,77432673;-42,93823207
27/08/2023;20:00:00;SIMAO PEREIRA;Chuva;Colisão lateral mesmo sentido;Com Vítimas Feridas;Plena Noite;Crescente;Chuva;Dupla;"Curva;Declive";-21,9735272;-43,28541842
27/08/2023;19:00:00;JEQUITAI;Chuva;Capotamento;Com Vítimas Feridas;Plena Noite;Crescente;Chuva;Simples;Reta;-17,04887701;-44,32704498
27/08/2023;19:30:00;INDIARA;Velocidade Incompatível;Saída de leito carroçável;Com Vítimas Feridas;Anoitecer;Decrescente;Céu Claro;Dupla;Reta;-17,1222;-49,9621
27/08/2023;20:25:00;UBERLANDIA;Acumulo de areia ou detritos sobre o pavimento;Queda de ocupante de veículo;Com Vítimas Feridas;Plena Noite;Decrescente;Nublado;Múltipla;Viaduto;-18,97226885;-48,21412325
27/08/2023;21:00:00;CAMPO GRANDE;Velocidade Incompatível;Tombamento;Com Vítimas Feridas;Plena Noite;Decrescente;Céu Claro;Simples;Reta;-20,6294929;-54,57205471
27/08/2023;19:55:00;VITORIA DA CONQUISTA;Ultrapassagem Indevida;Colisão frontal;Com Vítimas Fatais;Plena Noite;Crescente;Nublado;Simples;Reta;-15,24973962;-41,10534668
27/08/2023;23:25:00;GOIANIA;Iluminação deficiente;Atropelamento de Pedestre;Com Vítimas Fatais;Plena Noite;Decrescente;Céu Claro;Dupla;Curva;-16,731083;-49,243412
28/08/2023;00:40:00;VALPARAISO DE GOIAS;Velocidade Incompatível;Colisão traseira;Sem Vítimas;Plena Noite;Decrescente;Nublado;Dupla;Reta;-16,131285;-47,957923
28/08/2023;04:20:00;CARIACICA;Acumulo de água sobre o pavimento;Saída de leito carroçável;Com Vítimas Feridas;Amanhecer;Crescente;Chuva;Múltipla;Declive;-20,25148171;-40,37270066
28/08/2023;05:00:00;COCALZINHO DE GOIAS;Velocidade Incompatível;Saída de leito carroçável;Com Vítimas Feridas;Amanhecer;Decrescente;Chuva;Simples;Curva;-15,4171825;-48,624362
28/08/2023;06:20:00;POUSO REDONDO;Objeto estático sobre o leito carroçável;Tombamento;Com Vítimas Feridas;Pleno dia;Crescente;Nublado;Simples;"Curva;Declive";-27,26524172;-49,88375008
28/08/2023;07:00:00;BARRA MANSA;Chuva;Capotamento;Com Vítimas Feridas;Pleno dia;Crescente;Chuva;Dupla;Curva;-22,54134895;-44,19176093
27/08/2023;11:15:00;SAO PAULO;Chuva;Colisão com objeto;Com Vítimas Feridas;Pleno dia;Crescente;Chuva;Dupla;"Curva;Declive;Viaduto";-23,40889686;-46,58095945
28/08/2023;07:30:00;CAMBE;Manobra de mudança de faixa;Colisão lateral mesmo sentido;Com Vítimas Feridas;Pleno dia;Decrescente;Céu Claro;Dupla;Reta;-23,29315073;-51,26763582
28/08/2023;07:45:00;GARIBALDI;Manobra de mudança de faixa;Saída de leito carroçável;Com Vítimas Feridas;Pleno dia;Decrescente;Céu Claro;Dupla;Retorno Regulamentado;-29,22109384;-51,51669145
27/08/2023;09:30:00;PIRAI;Pista Escorregadia;Capotamento;Com Vítimas Feridas;Pleno dia;Crescente;Garoa/Chuvisco;Dupla;Curva;-22,60655103;-43,93505207
28/08/2023;07:30:00;BARRA DO TURVO;Ausência de reação do condutor;Tombamento;Com Vítimas Feridas;Pleno dia;Crescente;Garoa/Chuvisco;Dupla;"Curva;Declive";-25,01571198;-48,50929106
28/08/2023;09:30:00;PICOS;Acostamento em desnível;Saída de leito carroçável;Com Vítimas Feridas;Pleno dia;Decrescente;Céu Claro;Simples;Curva;-7,07700699;-41,50959795
28/08/2023;08:00:00;COLORADO DO OESTE;Ultrapassagem Indevida;Saída de leito carroçável;Com Vítimas Feridas;Pleno dia;Crescente;Céu Claro;Simples;Reta;-13,163152;-60,54496
28/08/2023;09:40:00;VILHENA;Manobra de mudança de faixa;Colisão lateral mesmo sentido;Com Vítimas Feridas;Pleno dia;Decrescente;Céu Claro;Dupla;Reta;-12,73869464;-60,13138175
28/08/2023;08:00:00;GRAO MOGOL;Pista Escorregadia;Colisão com objeto;Com Vítimas Feridas;Pleno dia;Crescente;Chuva;Simples;Curva;-16,41910292;-43,29880499
28/08/2023;09:50:00;AREAL;Chuva;Colisão com objeto;Com Vítimas Feridas;Pleno dia;Decrescente;Garoa/Chuvisco;Dupla;Curva;-22,265139;-43,108506
28/08/2023;08:30:00;MIMOSO DO SUL;Neblina;Saída de leito carroçável;Com Vítimas Feridas;Pleno dia;Crescente;Chuva;Simples;Curva;-21,21801125;-41,29980483
28/08/2023;10:50:00;FRANCISCO SA;Ultrapassagem Indevida;Colisão frontal;Com Vítimas Feridas;Pleno dia;Decrescente;Chuva;Simples;Reta;-16,54433804;-43,59543496
28/08/2023;12:25:00;ITAPEMA;Demais falhas mecânicas ou elétricas;Tombamento;Com Vítimas Feridas;Pleno dia;Decrescente;Céu Claro;Dupla;Reta;-27,056089;-48,599449
11/02/2023;12:15:00;PORTO VELHO;Falta de acostamento;Colisão traseira;Com Vítimas Feridas;Pleno dia;Crescente;Céu Claro;Simples;Reta;-9,66306524;-65,78796102
28/08/2023;10:00:00;CAMPO GRANDE;Reação tardia ou ineficiente do condutor;Tombamento;Com Vítimas Feridas;Pleno dia;Crescente;Céu Claro;Dupla;Reta;-20,46867409;-54,53455902
28/08/2023;12:22:00;MAIRIPORA;Reação tardia ou ineficiente do condutor;Tombamento;Com Vítimas Feridas;Pleno dia;Decrescente;Nublado;Dupla;"Reta;Declive";-23,27329482;-46,58488315
17/07/2023;14:45:00;BRAGANCA;Pista Escorregadia;Saída de leito carroçável;Sem Vítimas;Pleno dia;Decrescente;Chuva;Simples;"Reta;Desvio Temporário;Em Obras";-1,06968801;-46,839318
25/06/2023;14:30:00;SAO PAULO;Ausência de reação do condutor;Tombamento;Com Vítimas Feridas;Pleno dia;Crescente;Céu Claro;Dupla;Curva;-23,37660089;-46,56409613
28/08/2023;15:50:00;CAMPO GRANDE;Reação tardia ou ineficiente do condutor;Tombamento;Com Vítimas Feridas;Pleno dia;Crescente;Céu Claro;Simples;Reta;-20,56540881;-54,68292011
28/08/2023;17:12:00;NOVA SERRANA;Reação tardia ou ineficiente do condutor;Tombamento;Com Vítimas Feridas;Pleno dia;Decrescente;Sol;Múltipla;Reta;-19,87799664;-44,94086286
28/08/2023;17:35:00;MURIAE;Ultrapassagem Indevida;Colisão lateral mesmo sentido;Com Vítimas Feridas;Anoitecer;Crescente;Céu Claro;Simples;"Interseção de Vias;Rotatória;Reta";-21,12552649;-42,37547729
28/08/2023;18:30:00;ESTEIO;Manobra de mudança de faixa;Colisão lateral mesmo sentido;Com Vítimas Feridas;Plena Noite;Crescente;Céu Claro;Dupla;Reta;-29,86150502;-51,18091535
28/08/2023;15:30:00;DIAMANTINO;Falta de elemento de contenção que evite a saída do leito carroçável;Saída de leito carroçável;Com Vítimas Feridas;Pleno dia;Crescente;Céu Claro;Simples;Reta;-14,38413105;-56,12218806
30/06/2023;06:30:00;MOSSORO;Ausência de reação do condutor;Tombamento;Com Vítimas Feridas;Pleno dia;Decrescente;Céu Claro;Simples;"Declive;Reta";-5,11492426;-37,34055519
28/08/2023;19:50:00;URUGUAIANA;Acessar a via sem observar a presença dos outros veículos;Tombamento;Com Vítimas Feridas;Plena Noite;Decrescente;Céu Claro;Simples;Reta;-29,79654078;-57,0915699
28/08/2023;21:30:00;CAMPINA GRANDE DO SUL;Velocidade Incompatível;Saída de leito carroçável;Com Vítimas Feridas;Plena Noite;Crescente;Garoa/Chuvisco;Dupla;Curva;-25,082897;-48,611572
29/08/2023;06:00:00;JAPERI;Velocidade Incompatível;Colisão traseira;Com Vítimas Fatais;Amanhecer;Crescente;Garoa/Chuvisco;Múltipla;Viaduto;-22,67579771;-43,65760803
29/08/2023;08:00:00;SAO JOSE;Manobra de mudança de faixa;Colisão traseira;Com Vítimas Feridas;Pleno dia;Decrescente;Nublado;Múltipla;Reta;-27,603289;-48,590416
29/08/2023;08:30:00;SANTOS DUMONT;Chuva;Capotamento;Com Vítimas Feridas;Pleno dia;Crescente;Chuva;Simples;Curva;-21,43028197;-43,55615283
29/08/2023;07:31:00;MOSSORO;Pista esburacada;Tombamento;Com Vítimas Feridas;Pleno dia;Crescente;Sol;Simples;Reta;-5,44441141;-37,19221552
22/04/2023;19:38:00;BEZERROS;Avarias e/ou desgaste excessivo no pneu;Tombamento;Com Vítimas Feridas;Plena Noite;Decrescente;Céu Claro;Dupla;"Reta;Declive";-8,26300269;-35,79029821
29/08/2023;10:00:00;NOVA IGUACU;Ausência de reação do condutor;Tombamento;Com Vítimas Feridas;Pleno dia;Decrescente;Nublado;Dupla;Reta;-22,73962339;-43,46276495
29/08/2023;10:30:00;CARIACICA;Demais falhas mecânicas ou elétricas;Tombamento;Com Vítimas Feridas;Pleno dia;Crescente;Chuva;Dupla;Curva;-20,32415948;-40,3952903
29/08/2023;11:11:00;HIDROLANDIA;Manobra de mudança de faixa;Queda de ocupante de veículo;Com Vítimas Feridas;Pleno dia;Crescente;Céu Claro;Dupla;"Curva;Declive";-16,9457;-49,2511
29/08/2023;10:55:00;PORTO VELHO;Acumulo de óleo sobre o pavimento;Tombamento;Com Vítimas Feridas;Pleno dia;Decrescente;Céu Claro;Dupla;Rotatória;-8,74001267;-63,88985395
29/08/2023;09:00:00;MARABA;Ultrapassagem Indevida;Colisão lateral mesmo sentido;Com Vítimas Feridas;Pleno dia;Crescente;Céu Claro;Dupla;Reta;-5,35038318;-49,11434
29/08/2023;10:00:00;GUAPIMIRIM;Avarias e/ou desgaste excessivo no pneu;Tombamento;Com Vítimas Feridas;Pleno dia;Crescente;Nublado;Simples;Curva;-22,69541193;-42,95667763
29/08/2023;16:00:00;ARAGUARI;Chuva;Tombamento;Sem Vítimas;Pleno dia;Crescente;Chuva;Simples;Curva;-18,61550987;-48,11660731
29/08/2023;15:30:00;BRUMADINHO;Velocidade Incompatível;Colisão com objeto;Com Vítimas Feridas;Pleno dia;Decrescente;Chuva;Dupla;Curva;-20,16175378;-44,34144636