data_inversa;horario;municipio;causa_acidente;tipo_acidente;classificacao_acidente;fase_dia;sentido_via;condicao_metereologica;tipo_pista;tracado_via;latitude;longitude
18/09/2023;12:25:00;OURICURI;Ausência de reação do condutor;Tombamento;Com Vítimas Feridas;Pleno dia;Decrescente;Céu Claro;Simples;"Reta;Aclive";-7,85585332;-40,11547828
18/09/2023;13:00:00;GARIBALDI;Manobra de mudança de faixa;Colisão lateral mesmo sentido;Com Vítimas Feridas;Pleno dia;Decrescente;Céu Claro;Simples;"Curva;Em Obras;Aclive";-29,25900841;-51,50882435
17/09/2023;18:08:00;TRAIRAO;Ingestão de álcool e/ou substâncias psicoativas pelo pedestre;Tombamento;Com Vítimas Feridas;Pleno dia;Crescente;Céu Claro;Simples;Reta;-4,91026693;-56,18979906
18/09/2023;12:10:00;PESCARIA BRAVA;Reação tardia ou ineficiente do condutor;Tombamento;Com Vítimas Feridas;Pleno dia;Decrescente;Céu Claro;Simples;Reta;-28,4266481;-48,86160099
18/09/2023;16:10:00;BRASILIA;Avarias e/ou desgaste excessivo no pneu;Tombamento;Com Vítimas Feridas;Pleno dia;Crescente;Céu Claro;Dupla;Reta;-15,795264;-48,063801
18/09/2023;16:00:00;REGISTRO;Afundamento ou ondulação no pavimento;Queda de ocupante de veículo;Com Vítimas Feridas;Pleno dia;Decrescente;Céu Claro;Simples;Interseção de Vias;-24,52099699;-47,85336602
18/09/2023;15:15:00;MURIAE;Desrespeitar a preferência no cruzamento;Tombamento;Com Vítimas Feridas;Pleno dia;Decrescente;Sol;Simples;Interseção de Vias;-21,124806;-42,381329
18/09/2023;16:00:00;CARATINGA;Reação tardia ou ineficiente do condutor;Tombamento;Com Vítimas Feridas;Pleno dia;Crescente;Céu Claro;Simples;Reta;-19,70492713;-42,11720373
18/09/2023;17:10:00;BRUMADINHO;Carga excessiva e/ou mal acondicionada;Tombamento;Com Vítimas Feridas;Pleno dia;Crescente;Céu Claro;Dupla;"Curva;Declive";-20,13846621;-44,31715274
18/09/2023;17:50:00;REGISTRO;Acumulo de óleo sobre o pavimento;Tombamento;Com Vítimas Feridas;Anoitecer;Decrescente;Nublado;Simples;"Aclive;Retorno Regulamentado;Curva";-24,53728295;-47,85899314
18/09/2023;18:25:00;NOVO HAMBURGO;Manobra de mudança de faixa;Colisão lateral mesmo sentido;Sem Vítimas;Plena Noite;Decrescente;Chuva;Múltipla;Reta;-29,66037586;-51,14386509
18/09/2023;19:20:00;ITAPEMIRIM;Velocidade Incompatível;Queda de ocupante de veículo;Com Vítimas Fatais;Plena Noite;Decrescente;Céu Claro;Simples;Reta;-20,93222599;-41,0792708
18/09/2023;18:05:00;ROSARIO DO CATETE;Chuva;Queda de ocupante de veículo;Com Vítimas Feridas;Plena Noite;Crescente;Chuva;Simples;"Declive;Reta";-10,69863603;-37,04704997
18/09/2023;20:00:00;RIO LARGO;Animais na Pista;Tombamento;Com Vítimas Feridas;Plena Noite;Crescente;Chuva;Dupla;"Reta;Retorno Regulamentado";-9,45007991;-35,83193975
18/09/2023;20:07:00;PARNAMIRIM;Manobra de mudança de faixa;Colisão lateral mesmo sentido;Com Vítimas Feridas;Plena Noite;Decrescente;Céu Claro;Múltipla;Reta;-5,91123421;-35,26141405
18/09/2023;17:20:00;AXIXA;Ultrapassagem Indevida;Colisão transversal;Com Vítimas Feridas;Anoitecer;Crescente;Céu Claro;Simples;Reta;-2,856714;-44,083298
18/09/2023;17:50:00;MATIAS BARBOSA;Manobra de mudança de faixa;Tombamento;Com Vítimas Feridas;Anoitecer;Crescente;Céu Claro;Dupla;Declive;-21,86534291;-43,36765294
18/09/2023;21:50:00;MARABA;Demais falhas na via;Queda de ocupante de veículo;Com Vítimas Feridas;Plena Noite;Crescente;Céu Claro;Simples;"Aclive;Reta";-5,37851903;-49,07674765
19/09/2023;02:00:00;TRAIRAO;Ausência de reação do condutor;Tombamento;Com Vítimas Fatais;Plena Noite;Decrescente;Céu Claro;Simples;Reta;-4,53888994;-55,90179704
19/09/2023;05:30:00;XAXIM;Velocidade Incompatível;Tombamento;Com Vítimas Feridas;Amanhecer;Crescente;Céu Claro;Simples;"Aclive;Reta";-26,930862;-52,499157
19/09/2023;07:15:00;FOZ DO IGUACU;Manobra de mudança de faixa;Colisão traseira;Com Vítimas Feridas;Pleno dia;Crescente;Céu Claro;Dupla;Reta;-25,50257577;-54,53868311
19/09/2023;07:11:00;PALHOCA;Avarias e/ou desgaste excessivo no pneu;Tombamento;Com Vítimas Feridas;Pleno dia;Crescente;Sol;Dupla;Reta;-27,83490593;-48,63077716
19/09/2023;06:40:00;SAO JOAO DE MERITI;Manobra de mudança de faixa;Colisão traseira;Com Vítimas Feridas;Pleno dia;Crescente;Céu Claro;Dupla;Reta;-22,79810324;-43,35726614
19/09/2023;06:50:00;VITORIA DA CONQUISTA;Transitar no Acostamento;Tombamento;Com Vítimas Feridas;Pleno dia;Crescente;Nublado;Simples;Reta;-14,851;-40,8485
19/03/2023;17:20:00;BOCAIUVA DO SUL;Ultrapassagem Indevida;Tombamento;Com Vítimas Feridas;Pleno dia;Crescente;Ignorado;Simples;Reta;-25,071838;-49,089764
19/09/2023;07:35:00;FOZ DO IGUACU;Ausência de reação do condutor;Tombamento;Com Vítimas Feridas;Pleno dia;Crescente;Céu Claro;Dupla;Reta;-25,49878215;-54,52985294
19/09/2023;07:40:00;IBIA;Avarias e/ou desgaste excessivo no pneu;Tombamento;Com Vítimas Feridas;Pleno dia;Crescente;Céu Claro;Simples;Reta;-19,57976803;-46,52571101
19/09/2023;08:30:00;SAO JOSE;Manobra de mudança de faixa;Colisão lateral mesmo sentido;Com Vítimas Feridas;Pleno dia;Crescente;Céu Claro;Múltipla;Reta;-27,59193546;-48,61824557
19/09/2023;07:55:00;DOURADOS;Manobra de mudança de faixa;Colisão lateral mesmo sentido;Com Vítimas Feridas;Pleno dia;Decrescente;Céu Claro;Simples;Reta;-22,29688701;-54,82117014
19/09/2023;06:00:00;SAO LEOPOLDO;Chuva;Saída de leito carroçável;Sem Vítimas;Pleno dia;Crescente;Chuva;Dupla;Reta;-29,72297087;-51,14858729
19/09/2023;09:00:00;CARIACICA;Reação tardia ou ineficiente do condutor;Tombamento;Com Vítimas Feridas;Pleno dia;Decrescente;Céu Claro;Dupla;Reta;-20,25328942;-40,37381172
19/09/2023;07:20:00;JACAREZINHO;Ausência de reação do condutor;Tombamento;Com Vítimas Feridas;Pleno dia;Decrescente;Céu Claro;Simples;Reta;-23,04989996;-49,92880418
19/09/2023;08:50:00;SIMOES FILHO;Manobra de mudança de faixa;Colisão traseira;Com Vítimas Feridas;Pleno dia;Decrescente;Céu Claro;Dupla;Aclive;-12,83798396;-38,41427011
19/09/2023;08:30:00;AGUA SANTA;Acumulo de água sobre o pavimento;Saída de leito carroçável;Com Vítimas Feridas;Pleno dia;Crescente;Chuva;Simples;"Reta;Aclive";-28,304871;-52,070885
19/09/2023;10:25:00;CAXIAS DO SUL;Acumulo de água sobre o pavimento;Saída de leito carroçável;Sem Vítimas;Pleno dia;Não Informado;Chuva;Dupla;Reta;-29,15289213;-51,16345882
19/09/2023;12:00:00;SERRINHA;Velocidade Incompatível;Saída de leito carroçável;Com Vítimas Feridas;Pleno dia;Crescente;Céu Claro;Simples;Reta;-11,716082;-38,98655168
19/09/2023;14:40:00;RECIFE;Manobra de mudança de faixa;Colisão traseira;Com Vítimas Feridas;Pleno dia;Decrescente;Nublado;Dupla;Reta;-8,07444;-34,964982
19/09/2023;15:39:00;CONCEICAO DO JACUIPE;Manobra de mudança de faixa;Colisão lateral mesmo sentido;Com Vítimas Feridas;Pleno dia;Crescente;Céu Claro;Dupla;Reta;-12,35551436;-38,782478
19/09/2023;14:45:00;MOSSORO;Manobra de mudança de faixa;Colisão lateral mesmo sentido;Sem Vítimas;Pleno dia;Crescente;Céu Claro;Dupla;Reta;-5,16853634;-37,35540171
03/09/2023;16:35:00;CONTAGEM;Manobra de mudança de faixa;Colisão lateral mesmo sentido;Com Vítimas Feridas;Pleno dia;Decrescente;Céu Claro;Dupla;Reta;-19,96179268;-44,05041676
01/07/2023;22:15:00;PORTO ALEGRE;Manobra de mudança de faixa;Colisão lateral mesmo sentido;Com Vítimas Feridas;Plena Noite;Crescente;Céu Claro;Múltipla;Reta;-29,968319;-51,157398
19/09/2023;15:00:00;MARMELEIRO;Velocidade Incompatível;Saída de leito carroçável;Com Vítimas Feridas;Pleno dia;Decrescente;Nublado;Simples;Reta;-26,16132175;-53,0402341
19/09/2023;17:40:00;MUQUI;Manobra de mudança de faixa;Colisão lateral mesmo sentido;Com Vítimas Feridas;Pleno dia;Crescente;Céu Claro;Simples;Reta;-20,88483421;-41,27113492
19/09/2023;10:00:00;SAO JOSE DOS PINHAIS;Demais falhas mecânicas ou elétricas;Tombamento;Com Vítimas Feridas;Pleno dia;Decrescente;Céu Claro;Dupla;Reta;-25,58612344;-48,95485311
19/09/2023;19:10:00;NOVA XAVANTINA;Ultrapassagem Indevida;Colisão frontal;Com Vítimas Fatais;Plena Noite;Decrescente;Céu Claro;Simples;Curva;-14,86218401;-52,29108232
09/09/2023;16:10:00;NOVA ERECHIM;Ultrapassagem Indevida;Colisão lateral mesmo sentido;Com Vítimas Feridas;Pleno dia;Decrescente;Céu Claro;Simples;Reta;-26,919464;-52,861614
19/09/2023;21:10:00;BALNEARIO CAMBORIU;Acumulo de água sobre o pavimento;Saída de leito carroçável;Com Vítimas Feridas;Plena Noite;Decrescente;Chuva;Múltipla;Curva;-27,008113;-48,617245
19/09/2023;21:18:00;POMBOS;Chuva;Capotamento;Sem Vítimas;Plena Noite;Decrescente;Chuva;Simples;Curva;-8,16580545;-35,44759154
19/09/2023;23:00:00;SAO SEBASTIAO DO PASSE;Iluminação deficiente;Atropelamento de Pedestre;Com Vítimas Fatais;Plena Noite;Decrescente;Céu Claro;Dupla;Reta;-12,503202;-38,639217
20/09/2023;05:45:00;GUARULHOS;Manobra de mudança de faixa;Engavetamento;Com Vítimas Feridas;Pleno dia;Crescente;Céu Claro;Dupla;Reta;-23,43608315;-46,42805094
20/09/2023;06:40:00;SANTA RITA;Velocidade Incompatível;Colisão traseira;Sem Vítimas;Pleno dia;Crescente;Céu Claro;Dupla;Reta;-7,1426;-34,9956
20/09/2023;07:00:00;GRAVATA;Pista esburacada;Queda de ocupante de veículo;Com Vítimas Feridas;Amanhecer;Crescente;Céu Claro;Dupla;Interseção de Vias;-8,19541469;-35,53424693
20/09/2023;07:30:00;JUQUITIBA;Acumulo de óleo sobre o pavimento;Queda de ocupante de veículo;Com Vítimas Feridas;Pleno dia;Crescente;Céu Claro;Dupla;Declive;-23,9983939;-47,14927316
20/09/2023;07:45:00;APUCARANA;Manobra de mudança de faixa;Colisão lateral mesmo sentido;Com Vítimas Feridas;Pleno dia;Decrescente;Céu Claro;Dupla;Interseção de Vias;-23,52226382;-51,43989801
20/09/2023;08:10:00;BRAGANCA PAULISTA;Manobra de mudança de faixa;Colisão lateral mesmo sentido;Com Vítimas Feridas;Pleno dia;Crescente;Sol;Dupla;Reta;-22,99697186;-46,5163051
20/09/2023;09:30:00;RECIFE;Manobra de mudança de faixa;Colisão lateral mesmo sentido;Com Vítimas Feridas;Pleno dia;Crescente;Sol;Dupla;Rotatória;-8,05074296;-34,94580619
20/09/2023;08:00:00;CONTAGEM;Manobra de mudança de faixa;Colisão lateral mesmo sentido;Com Vítimas Feridas;Pleno dia;Decrescente;Céu Claro;Dupla;"Aclive;Reta";-19,92372561;-44,01700789
20/09/2023;08:00:00;SORRISO;Manobra de mudança de faixa;Colisão lateral mesmo sentido;Com Vítimas Feridas;Pleno dia;Decrescente;Céu Claro;Dupla;Reta;-12,59323173;-55,74279612
20/09/2023;11:30:00;RECIFE;Manobra de mudança de faixa;Colisão lateral mesmo sentido;Com Vítimas Feridas;Pleno dia;Crescente;Céu Claro;Múltipla;Viaduto;-8,064473;-34,936928
20/09/2023;10:45:00;MAIRIPORA;Acumulo de óleo sobre o pavimento;Tombamento;Com Vítimas Feridas;Pleno dia;Decrescente;Sol;Dupla;"Curva;Declive";-23,34553108;-46,56787903
08/09/2023;07:30:00;FORTALEZA;Manobra de mudança de faixa;Colisão lateral mesmo sentido;Com Vítimas Feridas;Pleno dia;Decrescente;Céu Claro;Dupla;Reta;-3,73911117;-38,58687498
20/09/2023;14:00:00;ITABUNA;Desrespeitar a preferência no cruzamento;Tombamento;Com Vítimas Feridas;Pleno dia;Decrescente;Céu Claro;Simples;Interseção de Vias;-14,77349237;-39,28865433
20/09/2023;13:00:00;RIBEIRAO;Velocidade Incompatível;Colisão com objeto;Sem Vítimas;Pleno dia;Crescente;Céu Claro;Dupla;Curva;-8,5370679;-35,3919616
20/09/2023;15:55:00;SANTA RITA;Manobra de mudança de faixa;Saída de leito carroçável;Com Vítimas Feridas;Pleno dia;Decrescente;Céu Claro;Múltipla;Reta;-6,94606786;-35,09493776
20/09/2023;15:40:00;JANDAIA DO SUL;Velocidade Incompatível;Tombamento;Com Vítimas Feridas;Pleno dia;Crescente;Nublado;Simples;"Curva;Aclive";-23,60637554;-51,66586876
26/07/2023;13:20:00;MEDICILANDIA;Velocidade Incompatível;Colisão lateral sentido oposto;Com Vítimas Feridas;Pleno dia;Crescente;Sol;Simples;"Declive;Reta";-3,5028369;-53,08017198
20/09/2023;17:35:00;BENTO GONCALVES;Manobra de mudança de faixa;Colisão lateral mesmo sentido;Com Vítimas Feridas;Pleno dia;Decrescente;Céu Claro;Múltipla;Reta;-29,21249203;-51,51794436
20/09/2023;17:22:00;SAO JOSE DOS CAMPOS;Manobra de mudança de faixa;Colisão traseira;Com Vítimas Feridas;Anoitecer;Crescente;Céu Claro;Dupla;Reta;-23,23903999;-45,92061901
20/09/2023;13:30:00;NOVA IGUACU;Manobra de mudança de faixa;Colisão traseira;Com Vítimas Feridas;Pleno dia;Crescente;Céu Claro;Dupla;Reta;-22,73962339;-43,46276495
20/09/2023;19:25:00;RECIFE;Reação tardia ou ineficiente do condutor;Tombamento;Com Vítimas Feridas;Plena Noite;Crescente;Nublado;Dupla;Curva;-8,126982;-34,94386
20/09/2023;19:15:00;BEZERROS;Manobra de mudança de faixa;Colisão lateral sentido oposto;Com Vítimas Feridas;Plena Noite;Crescente;Nublado;Simples;Reta;-8,24194679;-35,75097313
20/09/2023;20:06:00;ANGRA DOS REIS;Deficiência do Sistema de Iluminação/Sinalização;Saída de leito carroçável;Com Vítimas Feridas;Plena Noite;Crescente;Nublado;Simples;Curva;-23,005741;-44,474096
20/09/2023;19:40:00;SORRISO;Reação tardia ou ineficiente do condutor;Tombamento;Com Vítimas Feridas;Plena Noite;Decrescente;Céu Claro;Dupla;Reta;-12,53382753;-55,70579052
20/09/2023;22:30:00;PINDAMONHANGABA;Acumulo de areia ou detritos sobre o pavimento;Colisão com objeto;Com Vítimas Feridas;Plena Noite;Não Informado;Céu Claro;Simples;Curva;-22,923461;-45,337914
20/09/2023;21:15:00;AGUA DOCE;Acumulo de água sobre o pavimento;Saída de leito carroçável;Com Vítimas Feridas;Plena Noite;Decrescente;Chuva;Simples;Curva;-26,613384;-51,496843
21/09/2023;06:15:00;UBERLANDIA;Velocidade Incompatível;Saída de leito carroçável;Com Vítimas Feridas;Pleno dia;Crescente;Chuva;Dupla;Curva;-18,84381166;-48,25296164
21/09/2023;08:03:00;BRASILIA;Manobra de mudança de faixa;Colisão lateral mesmo sentido;Com Vítimas Feridas;Pleno dia;Decrescente;Céu Claro;Dupla;Reta;-15,791093;-48,21096
21/09/2023;07:40:00;IBIRAPUA;Ultrapassagem Indevida;Colisão frontal;Com Vítimas Feridas;Pleno dia;Crescente;Nublado;Simples;Reta;-17,75499967;-39,76790428
21/09/2023;08:00:00;PELOTAS;Reação tardia ou ineficiente do condutor;Tombamento;Com Vítimas Feridas;Pleno dia;Decrescente;Nublado;Múltipla;"Viaduto;Retorno Regulamentado";-31,64313197;-52,33497415
21/09/2023;01:00:00;CAMPOS DOS GOYTACAZES;Demais Fenômenos da natureza;Saída de leito carroçável;Com Vítimas Feridas;Plena Noite;Decrescente;Céu Claro;Dupla;Curva;-21,82667291;-41,48736902
12/07/2023;06:45:00;GOVERNADOR VALADARES;Ausência de reação do condutor;Tombamento;Com Vítimas Feridas;Pleno dia;Decrescente;Céu Claro;Simples;Reta;-18,88102703;-41,95910802
21/09/2023;08:30:00;PORTO ALEGRE;Manobra de mudança de faixa;Colisão lateral mesmo sentido;Com Vítimas Feridas;Pleno dia;Decrescente;Céu Claro;Dupla;Curva;-29,9731;-51,176435
21/09/2023;08:20:00;RECIFE;Manobra de mudança de faixa;Colisão lateral mesmo sentido;Com Vítimas Feridas;Pleno dia;Decrescente;Céu Claro;Dupla;Retorno Regulamentado;-8,075328;-34,967516
21/09/2023;08:42:00;BETIM;Condutor deixou de manter distância do veículo da frente;Tombamento;Com Vítimas Feridas;Pleno dia;Decrescente;Céu Claro;Dupla;"Reta;Declive";-19,99676497;-44,20958506
21/09/2023;09:15:00;JULIO DE CASTILHOS;Afundamento ou ondulação no pavimento;Colisão frontal;Com Vítimas Feridas;Pleno dia;Decrescente;Nublado;Simples;Reta;-29,08667082;-53,65050495
28/08/2023;10:30:00;BARRA MANSA;Chuva;Colisão com objeto;Com Vítimas Feridas;Pleno dia;Crescente;Chuva;Dupla;Curva;-22,56163574;-44,14771584
21/09/2023;08:00:00;POUSO REDONDO;Velocidade Incompatível;Saída de leito carroçável;Com Vítimas Feridas;Pleno dia;Crescente;Nublado;Simples;Curva;-27,261072;-50,053226
21/09/2023;08:30:00;TERESINA;Reação tardia ou ineficiente do condutor;Tombamento;Com Vítimas Feridas;Pleno dia;Decrescente;Céu Claro;Múltipla;Reta;-5,12861853;-42,80706778
21/09/2023;11:15:00;SAO LEOPOLDO;Manobra de mudança de faixa;Colisão traseira;Com Vítimas Feridas;Pleno dia;Decrescente;Nublado;Dupla;Reta;-29,77605895;-51,15508618
21/09/2023;15:20:00;DOMINGOS MARTINS;Velocidade Incompatível;Tombamento;Com Vítimas Feridas;Pleno dia;Crescente;Nublado;Simples;Curva;-20,37585099;-40,56027297
21/09/2023;17:15:00;IGARASSU;Manobra de mudança de faixa;Colisão lateral mesmo sentido;Com Vítimas Feridas;Anoitecer;Crescente;Céu Claro;Dupla;Reta;-7,87406004;-34,90588126
21/09/2023;16:00:00;GUAPIMIRIM;Ultrapassagem Indevida;Colisão transversal;Com Vítimas Feridas;Pleno dia;Decrescente;Céu Claro;Simples;Reta;-22,66364;-43,036495
21/09/2023;09:30:00;DOMINGOS MARTINS;Curva acentuada;Tombamento;Com Vítimas Feridas;Pleno dia;Decrescente;Céu Claro;Dupla;Curva;-20,37309781;-40,5917608
21/09/2023;17:44:00;TORITAMA;Iluminação deficiente;Atropelamento de Pedestre;Com Vítimas Feridas;Anoitecer;Decrescente;Céu Claro;Simples;Curva;-8,0137;-36,0565
20/09/2023;23:30:00;ITAITUBA;Iluminação deficiente;Tombamento;Com Vítimas Feridas;Plena Noite;Decrescente;Ignorado;Simples;Reta;-4,75162993;-56,07414604
21/09/2023;18:00:00;PALMITOS;Falta de elemento de contenção que evite a saída do leito carroçável;Saída de leito carroçável;Com Vítimas Feridas;Plena Noite;Decrescente;Céu Claro;Simples;"Curva;Declive";-27,084828;-53,219748
21/09/2023;18:10:00;CUIABA;Condutor deixou de manter distância do veículo da frente;Queda de ocupante de veículo;Com Vítimas Feridas;Plena Noite;Crescente;Céu Claro;Simples;"Reta;Rotatória";-15,6613873;-56,00589752
21/09/2023;20:15:00;PARAIBA DO SUL;Ausência de reação do condutor;Tombamento;Com Vítimas Feridas;Plena Noite;Crescente;Céu Claro;Simples;Reta;-22,14257381;-43,27969551
11/08/2023;09:16:00;TERESINA;Manobra de mudança de faixa;Colisão lateral mesmo sentido;Com Vítimas Feridas;Pleno dia;Decrescente;Céu Claro;Dupla;Reta;-5,08167222;-42,76701305
21/09/2023;19:00:00;LONTRAS;Velocidade Incompatível;Colisão frontal;Com Vítimas Fatais;Plena Noite;Decrescente;Nublado;Simples;Curva;-27,1474941;-49,5551118
21/09/2023;21:23:00;MESSIAS;Acumulo de óleo sobre o pavimento;Saída de leito carroçável;Com Vítimas Feridas;Plena Noite;Crescente;Nublado;Dupla;Curva;-9,2726282;-35,79226676
21/09/2023;19:07:00;RIO BRANCO;Manobra de mudança de faixa;Colisão lateral mesmo sentido;Sem Vítimas;Plena Noite;Crescente;Céu Claro;Dupla;"Interseção de Vias;Reta";-9,97131647;-67,85177708
21/09/2023;19:00:00;CAMPOS DE JULIO;Deficiência do Sistema de Iluminação/Sinalização;Colisão traseira;Com Vítimas Feridas;Plena Noite;Decrescente;Nublado;Simples;Reta;-13,76249343;-59,29687575
21/09/2023;20:40:00;JOINVILLE;Reação tardia ou ineficiente do condutor;Tombamento;Com Vítimas Feridas;Plena Noite;Crescente;Céu Claro;Múltipla;Reta;-26,35936874;-48,8589853
22/09/2023;07:30:00;SAO JOSE DOS PINHAIS;Ausência de reação do condutor;Tombamento;Com Vítimas Feridas;Pleno dia;Decrescente;Céu Claro;Dupla;Reta;-25,57082065;-49,21272039
22/09/2023;07:25:00;MOSSORO;Demais falhas mecânicas ou elétricas;Tombamento;Com Vítimas Feridas;Pleno dia;Crescente;Céu Claro;Dupla;Ponte;-5,223761;-37,35942
22/09/2023;08:25:00;NATAL;Manobra de mudança de faixa;Colisão lateral mesmo sentido;Com Vítimas Feridas;Pleno dia;Decrescente;Céu Claro;Dupla;Reta;-5,86567888;-35,21651625
22/09/2023;07:50:00;GOIANIA;Manobra de mudança de faixa;Colisão transversal;Com Vítimas Feridas;Pleno dia;Decrescente;Céu Claro;Dupla;Reta;-16,6854;-49,2338
22/09/2023;08:20:00;SEROPEDICA;Manobra de mudança de faixa;Colisão traseira;Com Vítimas Feridas;Pleno dia;Crescente;Céu Claro;Simples;Reta;-22,798468;-43,645508
22/09/2023;09:20:00;SANTA MARIA;Velocidade Incompatível;Colisão com objeto;Com Vítimas Feridas;Pleno dia;Crescente;Chuva;Simples;"Aclive;Viaduto;Reta";-29,71308176;-53,80727118
22/09/2023;09:00:00;PAULO LOPES;Ausência de reação do condutor;Tombamento;Com Vítimas Feridas;Pleno dia;Decrescente;Céu Claro;Múltipla;Reta;-27,96577144;-48,67929272
22/09/2023;09:20:00;BRASILIA;Velocidade Incompatível;Saída de leito carroçável;Com Vítimas Feridas;Pleno dia;Crescente;Céu Claro;Dupla;"Aclive;Interseção de Vias";-15,66729;-47,81175
26/08/2023;07:50:00;MONTES CLAROS;Chuva;Capotamento;Com Vítimas Feridas;Pleno dia;Decrescente;Chuva;Simples;Reta;-16,82885665;-43,92602929
22/09/2023;10:40:00;GUARULHOS;Manobra de mudança de faixa;Colisão lateral mesmo sentido;Com Vítimas Feridas;Pleno dia;Crescente;Céu Claro;Múltipla;Reta;-23,48347;-46,55999
22/09/2023;12:50:00;ROSARIO DO CATETE;Ultrapassagem Indevida;Colisão frontal;Com Vítimas Feridas;Pleno dia;Decrescente;Céu Claro;Simples;"Desvio Temporário;Em Obras;Reta";-10,6767911;-37,03102283
22/09/2023;13:58:00;JACAREI;Ausência de reação do condutor;Tombamento;Com Vítimas Feridas;Pleno dia;Decrescente;Céu Claro;Dupla;Reta;-23,26072137;-45,95179176
22/09/2023;17:15:00;CARIACICA;Manobra de mudança de faixa;Colisão transversal;Com Vítimas Feridas;Anoitecer;Decrescente;Céu Claro;Dupla;Reta;-20,30650512;-40,39488717
22/09/2023;16:05:00;BOCAIUVA DO SUL;Acumulo de óleo sobre o pavimento;Colisão frontal;Com Vítimas Feridas;Pleno dia;Decrescente;Garoa/Chuvisco;Simples;Curva;-25,24007;-49,127075
22/09/2023;10:30:00;RIO PARDO;Acumulo de areia ou detritos sobre o pavimento;Colisão transversal;Sem Vítimas;Pleno dia;Não Informado;Chuva;Simples;"Reta;Declive";-29,92904857;-52,28909276
22/09/2023;18:30:00;BALNEARIO CAMBORIU;Manobra de mudança de faixa;Colisão lateral mesmo sentido;Com Vítimas Feridas;Plena Noite;Crescente;Céu Claro;Dupla;Reta;-26,98407618;-48,66977107
22/09/2023;18:50:00;SAO LEOPOLDO;Falta de acostamento;Colisão traseira;Com Vítimas Feridas;Plena Noite;Crescente;Chuva;Múltipla;Curva;-29,76733091;-51,1535296
22/09/2023;18:48:00;SANTA HELENA DE GOIAS;Ultrapassagem Indevida;Colisão frontal;Com Vítimas Fatais;Anoitecer;Decrescente;Céu Claro;Simples;Aclive;-17,89553579;-50,6533779
22/09/2023;21:00:00;BETIM;Manobra de mudança de faixa;Colisão lateral mesmo sentido;Com Vítimas Feridas;Plena Noite;Crescente;Céu Claro;Múltipla;"Reta;Aclive";-19,95659361;-44,12622893
22/09/2023;22:40:00;SAO MATEUS;Iluminação deficiente;Colisão transversal;Com Vítimas Feridas;Plena Noite;Crescente;Céu Claro;Dupla;Reta;-18,7165195;-39,87436378
22/09/2023;18:30:00;SANGAO;Iluminação deficiente;Colisão frontal;Com Vítimas Feridas;Plena Noite;Crescente;Céu Claro;Simples;Reta;-28,635168;-49,09467
22/09/2023;19:30:00;IMBITUBA;Demais falhas na via;Tombamento;Com Vítimas Feridas;Plena Noite;Decrescente;Nublado;Múltipla;"Em Obras;Reta";-28,13413261;-48,69178109
23/09/2023;04:00:00;IGARASSU;Velocidade Incompatível;Capotamento;Sem Vítimas;Amanhecer;Crescente;Garoa/Chuvisco;Múltipla;Reta;-7,882105;-34,905
23/09/2023;04:30:00;CURITIBA;Velocidade Incompatível;Colisão traseira;Com Vítimas Feridas;Plena Noite;Decrescente;Céu Claro;Dupla;Reta;-25,568939;-49,181978
23/09/2023;04:20:00;CAMBE;Ausência de sinalização;Colisão com objeto;Sem Vítimas;Amanhecer;Decrescente;Céu Claro;Dupla;Reta;-23,28246115;-51,25147176
22/09/2023;23:35:00;JARAGUARI;Reação tardia ou ineficiente do condutor;Tombamento;Com Vítimas Feridas;Plena Noite;Crescente;Céu Claro;Simples;Declive;-20,10884692;-54,44308417
23/09/2023;07:00:00;BOA VISTA DO TUPIM;Pista Escorregadia;Saída de leito carroçável;Sem Vítimas;Amanhecer;Decrescente;Chuva;Simples;Curva;-12,47309394;-40,54008887
23/09/2023;10:30:00;CLARO DOS POCOES;Afundamento ou ondulação no pavimento;Tombamento;Com Vítimas Feridas;Pleno dia;Crescente;Céu Claro;Simples;Reta;-16,8815547;-44,17556535
23/09/2023;10:10:00;BLUMENAU;Manobra de mudança de faixa;Colisão lateral mesmo sentido;Sem Vítimas;Pleno dia;Decrescente;Céu Claro;Múltipla;"Reta;Desvio Temporário;Em Obras";-26,8823513;-49,13959801
23/09/2023;11:40:00;RIBEIRAO;Curva acentuada;Capotamento;Com Vítimas Feridas;Pleno dia;Crescente;Céu Claro;Simples;Curva;-8,52860711;-35,38883966
23/09/2023;12:40:00;BALSA NOVA;Manobra de mudança de faixa;Colisão traseira;Com Vítimas Feridas;Pleno dia;Crescente;Céu Claro;Dupla;Reta;-25,47;-49,659
23/09/2023;07:20:00;MEDINA;Manobra de mudança de faixa;Tombamento;Com Vítimas Feridas;Pleno dia;Decrescente;Céu Claro;Simples;Curva;-16,35068484;-41,47414989
23/09/2023;14:10:00;GUARAI;Reação tardia ou ineficiente do condutor;Tombamento;Com Vítimas Feridas;Pleno dia;Crescente;Céu Claro;Dupla;Reta;-8,835718;-48,512123
23/09/2023;15:07:00;LUZIANIA;Falta de elemento de contenção que evite a saída do leito carroçável;Capotamento;Com Vítimas Feridas;Pleno dia;Crescente;Céu Claro;Dupla;Reta;-16,116158;-47,96761