data_inversa;horario;municipio;causa_acidente;tipo_acidente;classificacao_acidente;fase_dia;sentido_via;condicao_metereologica;tipo_pista;tracado_via;latitude;longitude
23/09/2023;15:30:00;BARBACENA;Velocidade Incompatível;Saída de leito carroçável;Com Vítimas Feridas;Pleno dia;Decrescente;Sol;Dupla;"Curva;Aclive";-21,242116;-43,723008
23/09/2023;17:00:00;CACHOEIRINHA;Manobra de mudança de faixa;Colisão com objeto;Com Vítimas Feridas;Pleno dia;Crescente;Sol;Múltipla;Reta;-29,959141;-51,088791
23/09/2023;17:00:00;MAGE;Acumulo de areia ou detritos sobre o pavimento;Tombamento;Com Vítimas Feridas;Pleno dia;Crescente;Céu Claro;Dupla;Reta;-22,60969336;-43,03076263
23/09/2023;17:30:00;ESTIVA;Velocidade Incompatível;Saída de leito carroçável;Com Vítimas Feridas;Pleno dia;Decrescente;Céu Claro;Dupla;Curva;-22,472813;-46,01072791
23/09/2023;18:50:00;EMBU DAS ARTES;Manobra de mudança de faixa;Colisão lateral mesmo sentido;Com Vítimas Feridas;Plena Noite;Decrescente;Céu Claro;Dupla;Reta;-23,68570216;-46,85970975
23/09/2023;18:45:00;SAO JOSE;Manobra de mudança de faixa;Colisão lateral mesmo sentido;Com Vítimas Feridas;Plena Noite;Decrescente;Nublado;Múltipla;Reta;-27,57413014;-48,61363083
23/09/2023;19:30:00;SANTA BARBARA;Velocidade Incompatível;Colisão com objeto;Com Vítimas Feridas;Plena Noite;Crescente;Céu Claro;Dupla;"Aclive;Reta";-12,01948908;-38,97103638
23/09/2023;19:10:00;CAMPOS NOVOS;Ausência de sinalização;Colisão transversal;Com Vítimas Feridas;Plena Noite;Decrescente;Céu Claro;Simples;Interseção de Vias;-27,392731;-51,195118
23/09/2023;20:20:00;BETIM;Manobra de mudança de faixa;Engavetamento;Com Vítimas Feridas;Plena Noite;Decrescente;Céu Claro;Dupla;Curva;-19,97490091;-44,19004301
23/09/2023;20:15:00;RIO GRANDE;Pista esburacada;Tombamento;Com Vítimas Feridas;Plena Noite;Crescente;Garoa/Chuvisco;Simples;"Interseção de Vias;Rotatória";-32,11062042;-52,11198986
23/09/2023;20:00:00;SAO MIGUEL DO OESTE;Velocidade Incompatível;Colisão frontal;Com Vítimas Feridas;Plena Noite;Decrescente;Céu Claro;Simples;Interseção de Vias;-26,72974315;-53,5115397
23/09/2023;21:50:00;SAO JOSE;Velocidade Incompatível;Colisão traseira;Com Vítimas Feridas;Plena Noite;Decrescente;Céu Claro;Múltipla;Aclive;-27,60327979;-48,63201818
23/09/2023;23:35:00;EXTREMA;Velocidade Incompatível;Colisão com objeto;Sem Vítimas;Plena Noite;Crescente;Céu Claro;Dupla;Reta;-22,82142;-46,300544
24/09/2023;00:40:00;BADY BASSITT;Ausência de reação do condutor;Tombamento;Com Vítimas Feridas;Plena Noite;Crescente;Céu Claro;Dupla;Declive;-20,87627206;-49,42004692
23/09/2023;23:30:00;PANAMBI;Velocidade Incompatível;Saída de leito carroçável;Com Vítimas Feridas;Plena Noite;Crescente;Céu Claro;Simples;Curva;-28,31080108;-53,49251523
24/09/2023;01:20:00;BETIM;Velocidade Incompatível;Colisão traseira;Com Vítimas Feridas;Plena Noite;Crescente;Céu Claro;Múltipla;Reta;-19,97490091;-44,19004301
24/09/2023;02:50:00;SANTA RITA DE MINAS;Ingestão de álcool e/ou substâncias psicoativas pelo pedestre;Tombamento;Com Vítimas Feridas;Plena Noite;Crescente;Nublado;Simples;Reta;-19,85292504;-42,14058636
23/09/2023;23:45:00;POUSO ALEGRE;Velocidade Incompatível;Colisão com objeto;Sem Vítimas;Plena Noite;Decrescente;Céu Claro;Simples;Curva;-22,201145;-45,965388
24/09/2023;04:00:00;ARAGUARI;Ausência de reação do condutor;Tombamento;Com Vítimas Fatais;Plena Noite;Crescente;Céu Claro;Simples;Reta;-18,66213891;-48,16444004
24/09/2023;06:00:00;CONTAGEM;Reação tardia ou ineficiente do condutor;Tombamento;Com Vítimas Feridas;Amanhecer;Decrescente;Céu Claro;Dupla;Reta;-19,9084783;-44,04521942
23/09/2023;18:45:00;SAO JOSE DO JACUIPE;Deficiência do Sistema de Iluminação/Sinalização;Colisão frontal;Com Vítimas Fatais;Plena Noite;Crescente;Céu Claro;Simples;Reta;-11,42119337;-39,89927614
24/09/2023;07:45:00;APUCARANA;Ausência de reação do condutor;Tombamento;Com Vítimas Feridas;Pleno dia;Decrescente;Céu Claro;Dupla;"Reta;Declive";-23,63346001;-51,37800479
24/09/2023;08:20:00;VARGEM;Demais falhas mecânicas ou elétricas;Tombamento;Com Vítimas Feridas;Pleno dia;Crescente;Sol;Dupla;"Curva;Aclive";-22,878674;-46,372143
24/09/2023;07:45:00;ICARA;Velocidade Incompatível;Saída de leito carroçável;Com Vítimas Feridas;Pleno dia;Decrescente;Nublado;Dupla;Reta;-28,69956788;-49,19239904
24/09/2023;10:00:00;NOVA UNIAO;Afundamento ou ondulação no pavimento;Queda de ocupante de veículo;Com Vítimas Feridas;Pleno dia;Decrescente;Céu Claro;Dupla;Curva;-19,75309407;-43,62966384
24/09/2023;08:00:00;DOMINGOS MARTINS;Acumulo de areia ou detritos sobre o pavimento;Saída de leito carroçável;Com Vítimas Feridas;Pleno dia;Crescente;Céu Claro;Simples;Curva;-20,39882726;-40,98380982
24/09/2023;11:20:00;ARACRUZ;Avarias e/ou desgaste excessivo no pneu;Tombamento;Com Vítimas Feridas;Pleno dia;Decrescente;Céu Claro;Simples;"Declive;Reta";-19,68560509;-40,27853793
24/09/2023;11:00:00;CAUCAIA;Manobra de mudança de faixa;Colisão lateral mesmo sentido;Com Vítimas Feridas;Pleno dia;Crescente;Sol;Dupla;Reta;-3,700936;-38,8647996
24/09/2023;12:30:00;SERRA;Manobra de mudança de faixa;Colisão lateral mesmo sentido;Com Vítimas Feridas;Pleno dia;Crescente;Sol;Múltipla;Reta;-20,21740496;-40,26990578
24/09/2023;11:45:00;BRASILIA;Manobra de mudança de faixa;Colisão lateral mesmo sentido;Com Vítimas Feridas;Pleno dia;Decrescente;Céu Claro;Dupla;Rotatória;-15,796144;-48,194225
24/09/2023;12:00:00;ITAJAI;Ausência de sinalização;Saída de leito carroçável;Com Vítimas Feridas;Pleno dia;Decrescente;Sol;Dupla;Reta;-26,86192886;-48,7286704
24/09/2023;13:17:00;CANOAS;Acumulo de água sobre o pavimento;Colisão frontal;Com Vítimas Feridas;Pleno dia;Decrescente;Chuva;Dupla;Reta;-29,88210429;-51,23521328
24/09/2023;13:15:00;ATIBAIA;Velocidade Incompatível;Colisão com objeto;Com Vítimas Feridas;Pleno dia;Decrescente;Céu Claro;Dupla;Reta;-23,18904617;-46,58407757
24/09/2023;11:25:00;IMBITUBA;Demais falhas mecânicas ou elétricas;Tombamento;Com Vítimas Feridas;Pleno dia;Crescente;Céu Claro;Dupla;Reta;-28,11011972;-48,70211279
24/09/2023;15:22:00;NATAL;Reação tardia ou ineficiente do condutor;Tombamento;Com Vítimas Feridas;Pleno dia;Crescente;Céu Claro;Dupla;"Reta;Desvio Temporário";-5,74071896;-35,29021064
24/09/2023;15:47:00;NATAL;Ultrapassagem Indevida;Colisão lateral mesmo sentido;Com Vítimas Feridas;Pleno dia;Decrescente;Céu Claro;Simples;Reta;-5,82309126;-35,20879637
24/09/2023;15:20:00;SAO JOSE DOS PINHAIS;Velocidade Incompatível;Colisão com objeto;Sem Vítimas;Pleno dia;Decrescente;Nublado;Dupla;Reta;-25,555015;-49,030424
24/09/2023;14:30:00;JOINVILLE;Manobra de mudança de faixa;Tombamento;Com Vítimas Feridas;Pleno dia;Decrescente;Céu Claro;Dupla;Reta;-26,24573198;-48,9101069
24/09/2023;15:50:00;RAFAEL FERNANDES;Manobra de mudança de faixa;Colisão lateral mesmo sentido;Com Vítimas Feridas;Pleno dia;Decrescente;Céu Claro;Simples;Reta;-6,1826935;-38,21912468
24/09/2023;16:30:00;SANTA RITA;Velocidade Incompatível;Colisão com objeto;Com Vítimas Feridas;Pleno dia;Crescente;Céu Claro;Dupla;"Curva;Aclive;Viaduto";-7,1246;-34,9473
24/09/2023;17:20:00;BIGUACU;Manobra de mudança de faixa;Colisão lateral mesmo sentido;Com Vítimas Feridas;Pleno dia;Crescente;Nublado;Dupla;Reta;-27,3811238;-48,63090648
24/09/2023;14:40:00;MONTEIRO;Velocidade Incompatível;Colisão traseira;Com Vítimas Feridas;Pleno dia;Crescente;Sol;Simples;"Reta;Declive";-7,845642;-37,068237
24/09/2023;16:40:00;AGUAS MORNAS;Acumulo de óleo sobre o pavimento;Saída de leito carroçável;Com Vítimas Feridas;Pleno dia;Crescente;Nublado;Simples;Curva;-27,721771;-48,934837
24/09/2023;16:20:00;CARIRA;Velocidade Incompatível;Saída de leito carroçável;Com Vítimas Feridas;Anoitecer;Crescente;Céu Claro;Simples;Reta;-10,463896;-37,670715
24/09/2023;18:10:00;UBERLANDIA;Ausência de reação do condutor;Tombamento;Com Vítimas Feridas;Anoitecer;Crescente;Céu Claro;Dupla;Reta;-18,900964;-48,275288
24/09/2023;18:30:00;SIMOES FILHO;Velocidade Incompatível;Colisão traseira;Com Vítimas Feridas;Plena Noite;Crescente;Céu Claro;Dupla;Reta;-12,83508845;-38,41323887
24/09/2023;17:15:00;SANTA TEREZINHA DE ITAIPU;Avarias e/ou desgaste excessivo no pneu;Tombamento;Com Vítimas Feridas;Pleno dia;Crescente;Céu Claro;Dupla;Reta;-25,4390402;-54,38645591
24/09/2023;18:35:00;VARZEA GRANDE;Ultrapassagem Indevida;Colisão lateral sentido oposto;Com Vítimas Feridas;Anoitecer;Crescente;Céu Claro;Simples;Reta;-15,64964375;-56,14517257
24/09/2023;19:00:00;SAO JOSE DOS PINHAIS;Velocidade Incompatível;Capotamento;Com Vítimas Feridas;Plena Noite;Crescente;Nublado;Dupla;Reta;-25,56296907;-49,25643801
24/09/2023;20:30:00;ANGRA DOS REIS;Ausência de sinalização;Colisão lateral mesmo sentido;Com Vítimas Feridas;Plena Noite;Decrescente;Céu Claro;Simples;Reta;-22,99649604;-44,22906307
24/09/2023;20:30:00;IGARAPE;Ausência de reação do condutor;Tombamento;Com Vítimas Feridas;Plena Noite;Decrescente;Céu Claro;Dupla;Curva;-20,12834104;-44,30330781
24/09/2023;20:50:00;NOVA IGUACU;Manobra de mudança de faixa;Colisão com objeto;Com Vítimas Feridas;Pleno dia;Crescente;Céu Claro;Dupla;Reta;-22,74123776;-43,5007311
24/09/2023;19:40:00;FAZENDA RIO GRANDE;Reação tardia ou ineficiente do condutor;Tombamento;Com Vítimas Feridas;Plena Noite;Decrescente;Nublado;Dupla;Reta;-25,60389895;-49,31824423
24/09/2023;17:10:00;OURO PRETO DO OESTE;Manobra de mudança de faixa;Colisão lateral mesmo sentido;Com Vítimas Feridas;Pleno dia;Crescente;Céu Claro;Simples;Reta;-10,65915181;-62,29698377
24/09/2023;23:40:00;LONTRAS;Velocidade Incompatível;Colisão traseira;Com Vítimas Fatais;Plena Noite;Decrescente;Garoa/Chuvisco;Simples;Reta;-27,157606;-49,5565
25/09/2023;00:25:00;CONDE;Velocidade Incompatível;Colisão com objeto;Com Vítimas Fatais;Plena Noite;Crescente;Nublado;Dupla;Reta;-7,243551;-34,929684
25/09/2023;03:50:00;BARREIRAS;Manobra de mudança de faixa;Colisão frontal;Com Vítimas Feridas;Plena Noite;Decrescente;Céu Claro;Simples;Reta;-12,00950304;-44,94374581
25/09/2023;05:25:00;GRAVATAI;Acumulo de água sobre o pavimento;Colisão com objeto;Sem Vítimas;Plena Noite;Decrescente;Chuva;Múltipla;"Curva;Rotatória";-29,95476723;-51,0587883
24/09/2023;18:35:00;SANTA TEREZINHA DE ITAIPU;Avarias e/ou desgaste excessivo no pneu;Tombamento;Com Vítimas Feridas;Anoitecer;Decrescente;Céu Claro;Dupla;"Reta;Declive";-25,46144154;-54,44010119
25/09/2023;02:08:00;PALMARES;Velocidade Incompatível;Tombamento;Com Vítimas Feridas;Plena Noite;Crescente;Céu Claro;Dupla;Reta;-8,69573052;-35,6103118
24/09/2023;19:00:00;CATU;Velocidade Incompatível;Capotamento;Com Vítimas Feridas;Plena Noite;Crescente;Céu Claro;Simples;Reta;-12,35866502;-38,39208618
25/09/2023;06:20:00;TAUBATE;Manobra de mudança de faixa;Queda de ocupante de veículo;Com Vítimas Feridas;Pleno dia;Crescente;Céu Claro;Dupla;Reta;-23,0496047;-45,59973712
25/09/2023;07:10:00;BETIM;Ausência de reação do condutor;Tombamento;Com Vítimas Feridas;Pleno dia;Decrescente;Sol;Dupla;Reta;-19,95644414;-44,13611598
25/09/2023;07:43:00;UBERLANDIA;Animais na Pista;Tombamento;Com Vítimas Feridas;Pleno dia;Decrescente;Céu Claro;Dupla;Reta;-18,90659356;-48,33469405
25/09/2023;05:45:00;SINOP;Acumulo de areia ou detritos sobre o pavimento;Queda de ocupante de veículo;Com Vítimas Feridas;Pleno dia;Decrescente;Céu Claro;Dupla;Reta;-11,960007;-55,516914
25/09/2023;08:50:00;SERRA;Manobra de mudança de faixa;Colisão lateral mesmo sentido;Com Vítimas Feridas;Pleno dia;Crescente;Céu Claro;Dupla;"Aclive;Reta";-20,17292791;-40,26736384
25/09/2023;09:00:00;NITEROI;Manobra de mudança de faixa;Colisão traseira;Com Vítimas Feridas;Pleno dia;Crescente;Céu Claro;Dupla;Reta;-22,86171098;-43,10714015
25/09/2023;08:40:00;RIO GRANDE;Demais falhas mecânicas ou elétricas;Tombamento;Com Vítimas Feridas;Pleno dia;Crescente;Nublado;Dupla;Curva;-32,00664701;-52,28813637
25/09/2023;07:20:00;AGUAS MORNAS;Chuva;Saída de leito carroçável;Com Vítimas Fatais;Pleno dia;Decrescente;Chuva;Simples;"Curva;Declive";-27,70239198;-48,9611882
25/09/2023;09:00:00;CAXIAS DO SUL;Semáforo com defeito;Colisão transversal;Sem Vítimas;Pleno dia;Decrescente;Chuva;Dupla;"Interseção de Vias;Reta";-29,11727;-51,115208
25/09/2023;08:50:00;VENDA NOVA DO IMIGRANTE;Frear bruscamente;Tombamento;Com Vítimas Feridas;Pleno dia;Crescente;Céu Claro;Simples;Reta;-20,32624656;-41,13598921
25/09/2023;04:30:00;MATUPA;Demais falhas na via;Saída de leito carroçável;Sem Vítimas;Amanhecer;Decrescente;Céu Claro;Simples;Reta;-10,137728;-54,930828
22/09/2023;23:15:00;ITATIM;Velocidade Incompatível;Colisão traseira;Com Vítimas Feridas;Plena Noite;Crescente;Céu Claro;Simples;"Curva;Aclive";-12,71959614;-39,75288696
12/08/2023;08:00:00;CASCAVEL;Chuva;Saída de leito carroçável;Com Vítimas Feridas;Pleno dia;Decrescente;Chuva;Dupla;Reta;-24,9142;-53,492
21/09/2023;21:04:00;FATIMA DO SUL;Iluminação deficiente;Colisão traseira;Com Vítimas Feridas;Plena Noite;Decrescente;Céu Claro;Simples;Reta;-22,38920803;-54,48517701
25/09/2023;12:30:00;ANGRA DOS REIS;Reação tardia ou ineficiente do condutor;Tombamento;Com Vítimas Feridas;Pleno dia;Crescente;Nublado;Simples;Reta;-22,95213203;-44,4361139
25/09/2023;15:50:00;NOVA IGUACU;Acumulo de óleo sobre o pavimento;Queda de ocupante de veículo;Com Vítimas Feridas;Pleno dia;Decrescente;Nublado;Múltipla;Reta;-22,761312;-43,423492
25/09/2023;16:10:00;APARECIDA;Velocidade Incompatível;Tombamento;Com Vítimas Feridas;Pleno dia;Decrescente;Chuva;Dupla;Rotatória;-22,82867578;-45,2088941
25/09/2023;15:45:00;MARACAJA;Chuva;Colisão com objeto;Com Vítimas Feridas;Pleno dia;Crescente;Chuva;Múltipla;"Reta;Interseção de Vias;Viaduto";-28,82482381;-49,40483093
25/09/2023;18:00:00;BRASILIA;Acumulo de areia ou detritos sobre o pavimento;Queda de ocupante de veículo;Com Vítimas Feridas;Pleno dia;Crescente;Céu Claro;Simples;Rotatória;-15,731198;-48,168598
25/09/2023;17:45:00;ARAUCARIA;Manobra de mudança de faixa;Colisão lateral mesmo sentido;Com Vítimas Feridas;Anoitecer;Crescente;Chuva;Dupla;Reta;-25,558477;-49,368313
25/09/2023;13:00:00;SAO JOSE;Chuva;Queda de ocupante de veículo;Com Vítimas Feridas;Pleno dia;Crescente;Chuva;Múltipla;Reta;-27,59193546;-48,61824557
25/09/2023;15:40:00;AGUAS MORNAS;Velocidade Incompatível;Saída de leito carroçável;Com Vítimas Feridas;Pleno dia;Crescente;Chuva;Simples;Curva;-27,685799;-48,974514
25/09/2023;18:30:00;GLORINHA;Acumulo de água sobre o pavimento;Saída de leito carroçável;Com Vítimas Feridas;Plena Noite;Crescente;Chuva;Dupla;Reta;-29,890269;-50,7114332
25/09/2023;14:00:00;IRATI;Acumulo de água sobre o pavimento;Capotamento;Com Vítimas Feridas;Pleno dia;Crescente;Chuva;Simples;Reta;-25,49753795;-50,64815515
25/09/2023;17:05:00;RIO BRANCO;Ausência de reação do condutor;Tombamento;Com Vítimas Feridas;Anoitecer;Crescente;Céu Claro;Dupla;Reta;-10,01188291;-67,773345
25/09/2023;19:40:00;DUQUE DE CAXIAS;Manobra de mudança de faixa;Queda de ocupante de veículo;Com Vítimas Feridas;Plena Noite;Crescente;Céu Claro;Múltipla;Reta;-22,66978425;-43,27286493
25/09/2023;21:10:00;ALFREDO WAGNER;Velocidade Incompatível;Saída de leito carroçável;Com Vítimas Feridas;Plena Noite;Decrescente;Céu Claro;Simples;Curva;-27,694626;-49,305317
25/09/2023;22:30:00;VASSOURAS;Ausência de reação do condutor;Tombamento;Com Vítimas Feridas;Plena Noite;Decrescente;Céu Claro;Simples;Reta;-22,3547926;-43,587116
25/09/2023;23:45:00;SAO JOSE;Ausência de reação do condutor;Tombamento;Com Vítimas Feridas;Plena Noite;Decrescente;Chuva;Dupla;"Declive;Curva";-27,58313237;-48,61532885
26/09/2023;00:15:00;TRES LAGOAS;Velocidade Incompatível;Saída de leito carroçável;Com Vítimas Feridas;Plena Noite;Crescente;Céu Claro;Simples;"Reta;Aclive";-20,73389877;-52,11479188
26/09/2023;06:25:00;RECIFE;Manobra de mudança de faixa;Colisão traseira;Com Vítimas Feridas;Pleno dia;Crescente;Céu Claro;Múltipla;Reta;-8,042334;-34,943096
26/09/2023;06:20:00;SAO JOSE DOS PINHAIS;Chuva;Capotamento;Sem Vítimas;Amanhecer;Decrescente;Chuva;Dupla;Reta;-25,513597;-49,123655
26/09/2023;07:00:00;GUARULHOS;Ausência de reação do condutor;Tombamento;Com Vítimas Feridas;Pleno dia;Decrescente;Nublado;Múltipla;Reta;-23,45423824;-46,47119028
26/09/2023;06:40:00;PORTO SEGURO;Velocidade Incompatível;Queda de ocupante de veículo;Com Vítimas Feridas;Pleno dia;Crescente;Céu Claro;Simples;Reta;-16,43517732;-39,07201198
26/09/2023;07:15:00;MACAIBA;Manobra de mudança de faixa;Colisão lateral mesmo sentido;Com Vítimas Feridas;Pleno dia;Crescente;Céu Claro;Múltipla;"Aclive;Viaduto;Reta";-5,87912197;-35,45510001
26/09/2023;08:00:00;CASCAVEL;Manobra de mudança de faixa;Colisão lateral mesmo sentido;Com Vítimas Feridas;Pleno dia;Crescente;Céu Claro;Dupla;Reta;-24,9299;-53,4505
26/09/2023;07:45:00;CURITIBA;Acumulo de óleo sobre o pavimento;Tombamento;Com Vítimas Feridas;Pleno dia;Decrescente;Chuva;Dupla;Reta;-25,53195602;-49,32205901
26/09/2023;08:40:00;TAUBATE;Avarias e/ou desgaste excessivo no pneu;Tombamento;Com Vítimas Feridas;Pleno dia;Decrescente;Sol;Dupla;Reta;-23,04155798;-45,57064497
26/09/2023;07:40:00;SAO GONCALO DO RIO ABAIXO;Manobra de mudança de faixa;Colisão frontal;Com Vítimas Feridas;Pleno dia;Crescente;Céu Claro;Simples;"Reta;Retorno Regulamentado";-19,82692046;-43,38405945
26/09/2023;07:50:00;MAGE;Velocidade Incompatível;Colisão com objeto;Com Vítimas Feridas;Pleno dia;Decrescente;Sol;Dupla;Reta;-22,64655224;-43,20138601
24/07/2023;17:10:00;PARATY;Ultrapassagem Indevida;Colisão lateral sentido oposto;Com Vítimas Feridas;Anoitecer;Crescente;Céu Claro;Simples;"Reta;Ponte";-23,24744793;-44,70081567
26/09/2023;10:30:00;GUARULHOS;Velocidade Incompatível;Colisão lateral mesmo sentido;Com Vítimas Feridas;Pleno dia;Crescente;Céu Claro;Múltipla;"Declive;Reta";-23,457972;-46,479927
26/09/2023;12:00:00;RECIFE;Avarias e/ou desgaste excessivo no pneu;Tombamento;Com Vítimas Feridas;Pleno dia;Crescente;Céu Claro;Dupla;"Reta;Viaduto";-8,089399;-34,946899
26/09/2023;12:50:00;TERESOPOLIS;Reação tardia ou ineficiente do condutor;Tombamento;Com Vítimas Feridas;Pleno dia;Crescente;Céu Claro;Simples;Curva;-22,318317;-42,937641
26/09/2023;12:40:00;BIGUACU;Acumulo de água sobre o pavimento;Saída de leito carroçável;Sem Vítimas;Pleno dia;Decrescente;Chuva;Dupla;Curva;-27,4341098;-48,62567129
26/09/2023;13:30:00;SAO JOSE;Chuva;Queda de ocupante de veículo;Com Vítimas Feridas;Pleno dia;Crescente;Chuva;Dupla;Curva;-27,59193546;-48,61824557
26/09/2023;15:00:00;GUARULHOS;Ultrapassagem Indevida;Colisão traseira;Com Vítimas Feridas;Pleno dia;Crescente;Céu Claro;Dupla;Reta;-23,46472809;-46,49793962
26/09/2023;16:20:00;ITAJAI;Ultrapassagem Indevida;Colisão lateral mesmo sentido;Com Vítimas Feridas;Pleno dia;Crescente;Chuva;Simples;Reta;-26,88747187;-48,72252969
26/09/2023;17:17:00;BETIM;Manobra de mudança de faixa;Colisão traseira;Sem Vítimas;Pleno dia;Crescente;Céu Claro;Múltipla;"Declive;Reta";-19,95594491;-44,10721699
26/09/2023;16:30:00;CAMPO GRANDE;Ausência de reação do condutor;Tombamento;Com Vítimas Feridas;Pleno dia;Decrescente;Nublado;Simples;Reta;-20,49384769;-54,2029271
26/09/2023;16:40:00;CURRAIS NOVOS;Manobra de mudança de faixa;Colisão transversal;Com Vítimas Feridas;Pleno dia;Crescente;Céu Claro;Simples;Curva;-6,25738493;-36,51239634
26/09/2023;17:05:00;RIO GRANDE;Ultrapassagem Indevida;Colisão frontal;Com Vítimas Feridas;Pleno dia;Decrescente;Chuva;Simples;Reta;-32,05362099;-52,08645803
26/09/2023;17:45:00;SAO JOSE;Manobra de mudança de faixa;Colisão traseira;Com Vítimas Feridas;Anoitecer;Decrescente;Garoa/Chuvisco;Múltipla;Reta;-27,57413014;-48,61363083
26/09/2023;18:30:00;JUSSARA;Ultrapassagem Indevida;Saída de leito carroçável;Com Vítimas Feridas;Anoitecer;Decrescente;Céu Claro;Simples;"Declive;Curva";-15,87779974;-50,88558197
26/09/2023;18:40:00;ANAPOLIS;Deficiência do Sistema de Iluminação/Sinalização;Capotamento;Com Vítimas Feridas;Plena Noite;Crescente;Nublado;Dupla;"Reta;Aclive";-16,20509;-49,021236
26/09/2023;15:56:00;PORTO VELHO;Carga excessiva e/ou mal acondicionada;Derramamento de carga;Sem Vítimas;Pleno dia;Decrescente;Céu Claro;Dupla;Reta;-8,83339101;-63,93790261
26/09/2023;19:36:00;BETIM;Reação tardia ou ineficiente do condutor;Tombamento;Com Vítimas Feridas;Plena Noite;Decrescente;Céu Claro;Múltipla;Reta;-19,97670801;-44,19962698
02/09/2023;18:10:00;COXIM;Iluminação deficiente;Colisão frontal;Com Vítimas Fatais;Plena Noite;Decrescente;Céu Claro;Simples;Reta;-18,50319271;-54,64466024
26/09/2023;18:30:00;GUAIRACA;Manobra de mudança de faixa;Saída de leito carroçável;Com Vítimas Feridas;Anoitecer;Crescente;Céu Claro;Simples;Reta;-22,96376738;-52,64193535
26/09/2023;19:30:00;INDIANOPOLIS;Ultrapassagem Indevida;Queda de ocupante de veículo;Com Vítimas Feridas;Plena Noite;Crescente;Céu Claro;Simples;Reta;-18,87951334;-48,06156814
26/09/2023;19:40:00;EXTREMA;Velocidade Incompatível;Capotamento;Com Vítimas Feridas;Plena Noite;Crescente;Chuva;Dupla;Curva;-22,83909203;-46,32850893
09/07/2023;07:00:00;SAO JOSE DOS PINHAIS;Chuva;Tombamento;Com Vítimas Feridas;Pleno dia;Crescente;Nublado;Dupla;"Reta;Viaduto";-25,51048946;-49,12729204
26/09/2023;21:45:00;BETIM;Ausência de reação do condutor;Tombamento;Com Vítimas Feridas;Plena Noite;Crescente;Céu Claro;Dupla;Curva;-19,95749699;-44,0784102
26/09/2023;22:00:00;HORIZONTE;Chuva;Tombamento;Com Vítimas Feridas;Plena Noite;Decrescente;Chuva;Dupla;Reta;-4,08555336;-38,49915858
26/09/2023;21:55:00;CABEDELO;Afundamento ou ondulação no pavimento;Tombamento;Com Vítimas Feridas;Plena Noite;Decrescente;Céu Claro;Dupla;"Viaduto;Reta;Declive";-7,09715949;-34,84780312
26/09/2023;21:32:00;PORTO VELHO;Iluminação deficiente;Colisão transversal;Com Vítimas Feridas;Plena Noite;Decrescente;Céu Claro;Dupla;Reta;-8,7909383;-63,84895617
16/07/2023;19:19:00;ITABUNA;Reação tardia ou ineficiente do condutor;Tombamento;Com Vítimas Feridas;Plena Noite;Decrescente;Céu Claro;Simples;Reta;-14,83198825;-39,32001829
27/09/2023;06:45:00;OLIVEIRA;Velocidade Incompatível;Saída de leito carroçável;Com Vítimas Feridas;Pleno dia;Decrescente;Chuva;Dupla;Curva;-20,74424605;-44,7725478
27/09/2023;07:23:00;ITAJAI;Reação tardia ou ineficiente do condutor;Tombamento;Com Vítimas Feridas;Pleno dia;Crescente;Chuva;Múltipla;Reta;-26,9043179;-48,71555481
27/09/2023;08:30:00;PALHOCA;Manobra de mudança de faixa;Colisão lateral mesmo sentido;Com Vítimas Feridas;Pleno dia;Decrescente;Nublado;Múltipla;"Viaduto;Declive;Reta";-27,6389038;-48,66648316
27/09/2023;07:00:00;TERESINA;Manobra de mudança de faixa;Colisão lateral mesmo sentido;Com Vítimas Feridas;Pleno dia;Crescente;Sol;Múltipla;"Em Obras;Reta";-5,089569;-42,802288
26/09/2023;11:30:00;TRES BARRAS;Ausência de reação do condutor;Tombamento;Com Vítimas Feridas;Pleno dia;Crescente;Céu Claro;Simples;Reta;-26,17118856;-50,26466388
27/09/2023;09:00:00;SALVADOR;Manobra de mudança de faixa;Queda de ocupante de veículo;Com Vítimas Feridas;Pleno dia;Crescente;Céu Claro;Dupla;Reta;-12,89820999;-38,45012202
27/09/2023;09:15:00;SANTO ANTONIO DO AMPARO;Velocidade Incompatível;Saída de leito carroçável;Com Vítimas Feridas;Pleno dia;Crescente;Chuva;Dupla;Curva;-20,96227294;-44,92925305
27/09/2023;09:00:00;COLOMBO;Manobra de mudança de faixa;Colisão lateral mesmo sentido;Com Vítimas Feridas;Pleno dia;Crescente;Sol;Dupla;"Reta;Interseção de Vias";-25,389;-49,1867
27/09/2023;10:20:00;MORENO;Ultrapassagem Indevida;Colisão lateral mesmo sentido;Com Vítimas Feridas;Pleno dia;Crescente;Sol;Dupla;"Curva;Declive";-8,10702537;-35,18394691
27/09/2023;09:00:00;PIMENTA BUENO;Velocidade Incompatível;Colisão traseira;Com Vítimas Feridas;Pleno dia;Crescente;Céu Claro;Simples;Reta;-11,51492614;-61,3539081
27/09/2023;09:00:00;PORTO AMAZONAS;Ultrapassagem Indevida;Saída de leito carroçável;Com Vítimas Feridas;Pleno dia;Crescente;Garoa/Chuvisco;Simples;Reta;-25,479;-49,863
26/05/2023;16:15:00;SANTA VITORIA DO PALMAR;Chuva;Saída de leito carroçável;Com Vítimas Feridas;Anoitecer;Decrescente;Chuva;Simples;Reta;-33,225796;-53,051579