data_inversa;horario;municipio;causa_acidente;tipo_acidente;classificacao_acidente;fase_dia;sentido_via;condicao_metereologica;tipo_pista;tracado_via;latitude;longitude
27/09/2023;11:15:00;BARRA DO TURVO;Sinalização mal posicionada;Colisão com objeto;Sem Vítimas;Pleno dia;Não Informado;Céu Claro;Dupla;Reta;-24,953383;-48,324095
27/09/2023;14:45:00;JABOATAO DOS GUARARAPES;Manobra de mudança de faixa;Queda de ocupante de veículo;Com Vítimas Feridas;Pleno dia;Crescente;Sol;Dupla;Reta;-8,18470013;-34,96816895
07/09/2023;21:38:00;MANDAGUACU;Animais na Pista;Tombamento;Com Vítimas Feridas;Plena Noite;Crescente;Nublado;Dupla;Reta;-23,3431911;-52,09041624
03/07/2023;17:59:00;PORTO ALEGRE;Deficiência do Sistema de Iluminação/Sinalização;Colisão traseira;Com Vítimas Feridas;Anoitecer;Crescente;Céu Claro;Múltipla;Reta;-29,96960115;-51,17627442
27/09/2023;17:00:00;BETIM;Trafegar com motocicleta (ou similar) entre as faixas;Tombamento;Com Vítimas Feridas;Pleno dia;Crescente;Céu Claro;Dupla;Reta;-19,955801;-44,129771
27/09/2023;14:40:00;BARRO ALTO;Acumulo de água sobre o pavimento;Saída de leito carroçável;Com Vítimas Feridas;Pleno dia;Decrescente;Chuva;Simples;Curva;-15,02172773;-48,89602661
27/09/2023;18:00:00;BRASILIA;Manobra de mudança de faixa;Queda de ocupante de veículo;Com Vítimas Feridas;Anoitecer;Crescente;Céu Claro;Dupla;Reta;-15,976897;-47,990129
27/09/2023;08:40:00;POCOS DE CALDAS;Demais falhas mecânicas ou elétricas;Tombamento;Com Vítimas Feridas;Pleno dia;Decrescente;Céu Claro;Simples;"Reta;Ponte";-21,748262;-46,405355
27/09/2023;18:30:00;SERRA;Manobra de mudança de faixa;Colisão lateral mesmo sentido;Com Vítimas Feridas;Anoitecer;Decrescente;Céu Claro;Múltipla;Reta;-20,21740496;-40,26990578
27/09/2023;19:15:00;GUARULHOS;Manobra de mudança de faixa;Colisão lateral mesmo sentido;Com Vítimas Feridas;Anoitecer;Decrescente;Garoa/Chuvisco;Múltipla;Reta;-23,46802395;-46,50704901
27/09/2023;19:10:00;ITUIUTABA;Velocidade Incompatível;Atropelamento de Animal;Com Vítimas Fatais;Plena Noite;Decrescente;Chuva;Simples;Reta;-18,95879718;-49,67757062
27/09/2023;20:15:00;BRASILIA;Manobra de mudança de faixa;Saída de leito carroçável;Com Vítimas Feridas;Plena Noite;Crescente;Céu Claro;Dupla;Reta;-15,784615;-48,132023
26/08/2023;14:00:00;MAIRIPORA;Acumulo de água sobre o pavimento;Colisão com objeto;Com Vítimas Feridas;Pleno dia;Crescente;Garoa/Chuvisco;Múltipla;Curva;-23,35047979;-46,55267274
27/09/2023;18:29:00;PINDAMONHANGABA;Demais Fenômenos da natureza;Colisão com objeto;Com Vítimas Feridas;Plena Noite;Crescente;Chuva;Múltipla;Reta;-22,93065267;-45,36166116
27/09/2023;21:30:00;RECIFE;Acumulo de areia ou detritos sobre o pavimento;Queda de ocupante de veículo;Com Vítimas Feridas;Plena Noite;Decrescente;Céu Claro;Dupla;Retorno Regulamentado;-8,075165;-34,967702
17/09/2023;17:10:00;BENEVIDES;Manobra de mudança de faixa;Colisão lateral mesmo sentido;Com Vítimas Fatais;Pleno dia;Crescente;Céu Claro;Dupla;Curva;-1,3642339;-48,266582
27/09/2023;22:00:00;MAGE;Velocidade Incompatível;Colisão com objeto;Com Vítimas Feridas;Plena Noite;Decrescente;Nublado;Dupla;Reta;-22,64655224;-43,20138601
28/09/2023;05:30:00;SERRINHA;Ultrapassagem Indevida;Colisão frontal;Com Vítimas Feridas;Amanhecer;Decrescente;Céu Claro;Simples;"Reta;Aclive";-11,7410273;-38,9861937
28/09/2023;05:15:00;SAO PAULO;Manobra de mudança de faixa;Colisão lateral mesmo sentido;Com Vítimas Feridas;Amanhecer;Crescente;Nublado;Múltipla;"Reta;Em Obras;Interseção de Vias";-23,52251783;-46,5855702
28/09/2023;06:50:00;LONDRINA;Afundamento ou ondulação no pavimento;Queda de ocupante de veículo;Com Vítimas Feridas;Pleno dia;Crescente;Céu Claro;Dupla;Interseção de Vias;-23,29361789;-51,18735194
28/09/2023;06:15:00;BARRA MANSA;Velocidade Incompatível;Saída de leito carroçável;Com Vítimas Feridas;Pleno dia;Crescente;Chuva;Dupla;"Declive;Reta";-22,560883;-44,12224
28/09/2023;08:40:00;SERRA;Acumulo de areia ou detritos sobre o pavimento;Queda de ocupante de veículo;Com Vítimas Feridas;Pleno dia;Crescente;Nublado;Dupla;Retorno Regulamentado;-20,1572331;-40,27678329
28/09/2023;09:00:00;CAMPINA GRANDE DO SUL;Velocidade Incompatível;Colisão com objeto;Com Vítimas Feridas;Pleno dia;Crescente;Garoa/Chuvisco;Dupla;"Declive;Curva";-25,08235366;-48,61499799
02/09/2023;18:50:00;FORMOSA;Ultrapassagem Indevida;Colisão frontal;Com Vítimas Feridas;Plena Noite;Crescente;Céu Claro;Simples;Reta;-15,128218;-47,126556
28/09/2023;11:20:00;ABADIANIA;Manobra de mudança de faixa;Colisão com objeto;Com Vítimas Feridas;Pleno dia;Decrescente;Céu Claro;Dupla;Reta;-16,26870795;-48,76806781
28/09/2023;11:10:00;DOMINGOS MARTINS;Velocidade Incompatível;Saída de leito carroçável;Com Vítimas Feridas;Pleno dia;Crescente;Nublado;Múltipla;Reta;-20,40386535;-40,97556717
28/09/2023;12:00:00;CORNELIO PROCOPIO;Desrespeitar a preferência no cruzamento;Tombamento;Com Vítimas Feridas;Pleno dia;Crescente;Nublado;Simples;Interseção de Vias;-23,19680626;-50,65432727
28/09/2023;13:00:00;RIO DE JANEIRO;Ausência de sinalização;Colisão traseira;Com Vítimas Feridas;Pleno dia;Crescente;Nublado;Dupla;Reta;-22,8684989;-43,18548699
28/09/2023;16:15:00;CATALAO;Velocidade Incompatível;Saída de leito carroçável;Com Vítimas Feridas;Pleno dia;Crescente;Chuva;Dupla;"Aclive;Reta";-17,8595;-47,7813
28/09/2023;16:30:00;CRISTOPOLIS;Demais falhas na via;Capotamento;Com Vítimas Feridas;Pleno dia;Decrescente;Céu Claro;Simples;Reta;-12,22591274;-43,9889735
28/09/2023;17:15:00;RECIFE;Manobra de mudança de faixa;Colisão transversal;Com Vítimas Feridas;Anoitecer;Crescente;Céu Claro;Dupla;Reta;-8,03368534;-34,94184125
28/09/2023;17:30:00;CAMPINA GRANDE DO SUL;Velocidade Incompatível;Saída de leito carroçável;Com Vítimas Feridas;Anoitecer;Crescente;Garoa/Chuvisco;Dupla;Reta;-25,08235366;-48,61499799
28/09/2023;17:50:00;ELDORADO DO SUL;Manobra de mudança de faixa;Colisão lateral mesmo sentido;Com Vítimas Feridas;Anoitecer;Crescente;Céu Claro;Dupla;Reta;-30,023552;-51,321091
28/09/2023;18:25:00;BIGUACU;Reação tardia ou ineficiente do condutor;Tombamento;Com Vítimas Feridas;Anoitecer;Decrescente;Nublado;Simples;Reta;-27,48443781;-48,64765238
28/09/2023;16:00:00;JUATUBA;Velocidade Incompatível;Capotamento;Com Vítimas Fatais;Pleno dia;Crescente;Nublado;Dupla;Curva;-19,933526;-44,422179
28/09/2023;18:00:00;ITAJAI;Ultrapassagem Indevida;Colisão lateral mesmo sentido;Com Vítimas Feridas;Anoitecer;Decrescente;Nublado;Dupla;Reta;-26,91890876;-48,69822365
28/09/2023;19:30:00;FAZENDA RIO GRANDE;Manobra de mudança de faixa;Colisão traseira;Com Vítimas Feridas;Plena Noite;Crescente;Nublado;Dupla;Reta;-25,59505309;-49,31630659
28/09/2023;17:45:00;PRIMAVERA DO LESTE;Manobra de mudança de faixa;Colisão lateral mesmo sentido;Com Vítimas Feridas;Anoitecer;Decrescente;Céu Claro;Simples;"Declive;Reta";-15,57886653;-54,40386803
28/09/2023;18:00:00;SANTAREM;Manobra de mudança de faixa;Colisão lateral sentido oposto;Com Vítimas Feridas;Pleno dia;Crescente;Céu Claro;Simples;"Reta;Declive";-2,60170904;-54,7193154
28/09/2023;17:25:00;GUAPIMIRIM;Acumulo de água sobre o pavimento;Saída de leito carroçável;Com Vítimas Feridas;Pleno dia;Decrescente;Chuva;Dupla;Reta;-22,55838319;-42,99482067
28/09/2023;20:20:00;ANAPOLIS;Demais falhas mecânicas ou elétricas;Tombamento;Com Vítimas Feridas;Plena Noite;Decrescente;Céu Claro;Dupla;Reta;-16,3774;-48,9483
28/09/2023;18:50:00;PEDRA PRETA;Ausência de sinalização;Colisão traseira;Com Vítimas Fatais;Plena Noite;Crescente;Céu Claro;Simples;Reta;-16,671022;-54,306168
28/09/2023;18:50:00;IBAITI;Ultrapassagem Indevida;Colisão frontal;Com Vítimas Feridas;Plena Noite;Crescente;Céu Claro;Simples;Curva;-23,89589858;-50,2021347
29/09/2023;00:45:00;CONTAGEM;Velocidade Incompatível;Queda de ocupante de veículo;Com Vítimas Feridas;Plena Noite;Crescente;Céu Claro;Dupla;Curva;-19,95586853;-44,14609501
29/09/2023;06:30:00;JOAO PESSOA;Ausência de reação do condutor;Tombamento;Com Vítimas Feridas;Pleno dia;Decrescente;Sol;Dupla;Reta;-7,1707;-34,8684
29/09/2023;05:50:00;MANGARATIBA;Demais falhas na via;Saída de leito carroçável;Com Vítimas Feridas;Amanhecer;Decrescente;Garoa/Chuvisco;Simples;Curva;-22,9166659;-43,91137007
29/09/2023;07:28:00;NITEROI;Ausência de reação do condutor;Tombamento;Com Vítimas Feridas;Pleno dia;Decrescente;Céu Claro;Dupla;Reta;-22,86981096;-43,11046465
29/09/2023;08:25:00;TERESINA;Manobra de mudança de faixa;Colisão traseira;Com Vítimas Feridas;Pleno dia;Decrescente;Céu Claro;Dupla;Reta;-5,12826443;-42,79292384
13/02/2023;17:00:00;NITEROI;Obstrução na via;Tombamento;Com Vítimas Fatais;Pleno dia;Decrescente;Nublado;Dupla;Aclive;-22,87028692;-43,16579699
29/09/2023;08:30:00;DUQUE DE CAXIAS;Reação tardia ou ineficiente do condutor;Tombamento;Com Vítimas Feridas;Pleno dia;Crescente;Nublado;Múltipla;Reta;-22,691868;-43,287453
29/09/2023;07:20:00;FLORIANO;Ausência de reação do condutor;Tombamento;Com Vítimas Feridas;Pleno dia;Decrescente;Céu Claro;Dupla;Reta;-6,783895;-43,015095
29/09/2023;09:40:00;CAJATI;Acumulo de água sobre o pavimento;Capotamento;Com Vítimas Feridas;Pleno dia;Decrescente;Chuva;Simples;Curva;-24,87235508;-48,20931538
29/09/2023;11:20:00;ITAJAI;Manobra de mudança de faixa;Colisão lateral mesmo sentido;Com Vítimas Feridas;Pleno dia;Crescente;Céu Claro;Dupla;Reta;-26,9043179;-48,71555481
29/09/2023;10:15:00;ARAGUARI;Velocidade Incompatível;Colisão com objeto;Com Vítimas Feridas;Pleno dia;Crescente;Sol;Dupla;"Retorno Regulamentado;Aclive;Curva";-18,453038;-48,048571
29/09/2023;12:15:00;SAO JOSE;Manobra de mudança de faixa;Colisão traseira;Com Vítimas Feridas;Pleno dia;Decrescente;Céu Claro;Dupla;Reta;-27,60001226;-48,6226467
29/09/2023;12:10:00;PETROPOLIS;Curva acentuada;Saída de leito carroçável;Sem Vítimas;Pleno dia;Decrescente;Nublado;Simples;"Aclive;Curva";-22,55314748;-43,25111389
29/09/2023;12:40:00;PETROLINA;Acumulo de areia ou detritos sobre o pavimento;Saída de leito carroçável;Com Vítimas Feridas;Pleno dia;Crescente;Sol;Simples;Reta;-9,22276016;-40,40874481
24/09/2023;17:40:00;CAARAPO;Reação tardia ou ineficiente do condutor;Tombamento;Com Vítimas Feridas;Plena Noite;Crescente;Nublado;Simples;Rotatória;-22,65390994;-54,80646392
29/09/2023;13:00:00;VILHENA;Acumulo de água sobre o pavimento;Saída de leito carroçável;Sem Vítimas;Pleno dia;Crescente;Garoa/Chuvisco;Simples;"Curva;Aclive";-12,83939085;-60,37593022
29/09/2023;15:10:00;ITAPEMA;Manobra de mudança de faixa;Colisão lateral mesmo sentido;Com Vítimas Feridas;Pleno dia;Decrescente;Céu Claro;Dupla;Reta;-27,08666525;-48,60955587
29/09/2023;14:20:00;RIO VERDE;Chuva;Saída de leito carroçável;Com Vítimas Feridas;Pleno dia;Crescente;Chuva;Dupla;Reta;-17,819588;-51,204558
29/09/2023;15:00:00;ITAPEMA;Manobra de mudança de faixa;Colisão lateral mesmo sentido;Com Vítimas Feridas;Pleno dia;Decrescente;Céu Claro;Dupla;Reta;-27,0732659;-48,59672716
29/09/2023;12:10:00;SERRA TALHADA;Ausência de reação do condutor;Tombamento;Com Vítimas Feridas;Pleno dia;Crescente;Céu Claro;Simples;"Reta;Aclive";-7,98371447;-38,28047709
29/09/2023;13:15:00;SAO BENTO DO SUL;Velocidade Incompatível;Saída de leito carroçável;Sem Vítimas;Pleno dia;Decrescente;Chuva;Simples;"Declive;Curva";-26,36381888;-49,34016753
29/09/2023;17:00:00;BETIM;Manobra de mudança de faixa;Colisão lateral mesmo sentido;Com Vítimas Feridas;Pleno dia;Decrescente;Céu Claro;Dupla;Reta;-19,98890883;-44,20522016
29/09/2023;15:30:00;GRAVATA;Velocidade Incompatível;Engavetamento;Com Vítimas Feridas;Pleno dia;Crescente;Céu Claro;Simples;Reta;-8,19579864;-35,56962305
29/09/2023;17:00:00;VITORIA DA CONQUISTA;Manobra de mudança de faixa;Colisão frontal;Com Vítimas Feridas;Pleno dia;Crescente;Céu Claro;Simples;Reta;-14,890208;-40,861912
29/09/2023;14:00:00;SAO LUIS;Fumaça;Colisão traseira;Com Vítimas Feridas;Pleno dia;Decrescente;Céu Claro;Dupla;Reta;-2,795072;-44,374203
29/09/2023;17:10:00;QUEIMADAS;Ultrapassagem Indevida;Colisão frontal;Com Vítimas Feridas;Amanhecer;Crescente;Céu Claro;Simples;Reta;-7,49197162;-35,95038343
29/09/2023;18:37:00;CARIACICA;Acumulo de areia ou detritos sobre o pavimento;Tombamento;Com Vítimas Feridas;Plena Noite;Crescente;Nublado;Dupla;Curva;-20,33223667;-40,40004683
29/09/2023;19:10:00;SAO JOSE;Manobra de mudança de faixa;Colisão lateral mesmo sentido;Com Vítimas Feridas;Plena Noite;Decrescente;Nublado;Dupla;Reta;-27,59193546;-48,61824557
29/09/2023;18:30:00;TAUBATE;Reação tardia ou ineficiente do condutor;Tombamento;Com Vítimas Feridas;Anoitecer;Crescente;Céu Claro;Dupla;Reta;-23,03412614;-45,5526999
29/09/2023;20:20:00;SOLEDADE;Ultrapassagem Indevida;Colisão frontal;Com Vítimas Fatais;Plena Noite;Decrescente;Nublado;Simples;Reta;-28,68824;-52,586773
29/09/2023;13:47:00;NOVA MUTUM;Chuva;Saída de leito carroçável;Com Vítimas Feridas;Pleno dia;Decrescente;Chuva;Simples;Reta;-13,996329;-56,09697208
29/09/2023;18:00:00;BRUMADO;Velocidade Incompatível;Colisão frontal;Com Vítimas Feridas;Amanhecer;Decrescente;Céu Claro;Simples;Reta;-14,19909873;-41,61205595
29/09/2023;16:40:00;CAMPINA GRANDE;Ausência de reação do condutor;Tombamento;Com Vítimas Fatais;Pleno dia;Decrescente;Céu Claro;Simples;Reta;-7,20717544;-35,94829559
29/09/2023;17:00:00;PIMENTA BUENO;Velocidade Incompatível;Engavetamento;Com Vítimas Feridas;Pleno dia;Decrescente;Chuva;Simples;Reta;-11,560266;-61,287688
29/09/2023;22:00:00;CARLOS BARBOSA;Ultrapassagem Indevida;Colisão frontal;Com Vítimas Fatais;Plena Noite;Crescente;Céu Claro;Simples;"Declive;Curva";-29,29975503;-51,48318122
29/09/2023;19:00:00;JARU;Deficiência do Sistema de Iluminação/Sinalização;Colisão traseira;Com Vítimas Feridas;Plena Noite;Decrescente;Nublado;Simples;Reta;-10,34928269;-62,58865075
29/09/2023;23:00:00;RIBEIRAO DAS NEVES;Trafegar com motocicleta (ou similar) entre as faixas;Tombamento;Com Vítimas Feridas;Plena Noite;Crescente;Céu Claro;Dupla;"Reta;Aclive";-19,781542;-44,117635
29/09/2023;21:30:00;IMBAU;Velocidade Incompatível;Saída de leito carroçável;Sem Vítimas;Plena Noite;Crescente;Céu Claro;Dupla;Curva;-24,51777497;-50,71118238
29/09/2023;16:20:00;JARU;Velocidade Incompatível;Colisão traseira;Sem Vítimas;Pleno dia;Crescente;Céu Claro;Simples;Reta;-10,54019698;-62,39333998
29/09/2023;23:50:00;CAMPOS DOS GOYTACAZES;Demais falhas na via;Tombamento;Com Vítimas Feridas;Plena Noite;Decrescente;Céu Claro;Dupla;"Curva;Em Obras";-21,75371806;-41,344292
30/09/2023;02:00:00;OSORIO;Velocidade Incompatível;Saída de leito carroçável;Com Vítimas Feridas;Plena Noite;Crescente;Nublado;Simples;Reta;-29,88995526;-50,28034687
29/09/2023;19:40:00;LUIS EDUARDO MAGALHAES;Iluminação deficiente;Saída de leito carroçável;Com Vítimas Feridas;Plena Noite;Crescente;Céu Claro;Dupla;Reta;-12,093696;-45,815771
30/09/2023;04:20:00;BRUNOPOLIS;Acumulo de água sobre o pavimento;Capotamento;Com Vítimas Feridas;Plena Noite;Decrescente;Chuva;Simples;Reta;-27,321873;-50,775558
30/09/2023;02:45:00;RIO DE JANEIRO;Avarias e/ou desgaste excessivo no pneu;Tombamento;Com Vítimas Feridas;Plena Noite;Crescente;Nublado;Dupla;Reta;-22,87827816;-43,21053578
30/09/2023;06:50:00;CAMPINA GRANDE DO SUL;Velocidade Incompatível;Saída de leito carroçável;Com Vítimas Feridas;Pleno dia;Decrescente;Nublado;Dupla;Curva;-25,10057871;-48,81128876
29/09/2023;22:21:00;DIAMANTINO;Chuva;Atropelamento de Pedestre;Com Vítimas Fatais;Plena Noite;Crescente;Chuva;Dupla;Reta;-14,66298789;-56,29936934
30/09/2023;07:00:00;CAXIAS DO SUL;Frear bruscamente;Tombamento;Com Vítimas Feridas;Pleno dia;Decrescente;Nublado;Dupla;Rotatória;-29,18579758;-51,17713005
30/09/2023;07:35:00;CRUZ ALTA;Pista esburacada;Tombamento;Com Vítimas Feridas;Pleno dia;Crescente;Céu Claro;Simples;Reta;-28,861118;-53,61617098
30/09/2023;07:30:00;SANTOS DUMONT;Velocidade Incompatível;Saída de leito carroçável;Com Vítimas Feridas;Pleno dia;Decrescente;Garoa/Chuvisco;Simples;"Declive;Curva";-21,40505399;-43,56732403
30/09/2023;08:30:00;SERRA;Manobra de mudança de faixa;Colisão lateral mesmo sentido;Com Vítimas Feridas;Pleno dia;Crescente;Chuva;Múltipla;Reta;-20,20842;-40,269405
30/09/2023;06:35:00;CAMPO GRANDE;Ausência de reação do condutor;Tombamento;Com Vítimas Feridas;Amanhecer;Crescente;Céu Claro;Simples;Reta;-20,46234309;-54,55352219
30/09/2023;08:16:00;ARAGUARI;Velocidade Incompatível;Queda de ocupante de veículo;Com Vítimas Feridas;Pleno dia;Decrescente;Céu Claro;Dupla;"Declive;Curva";-18,62034416;-48,11087208
29/09/2023;21:55:00;DIAMANTINO;Chuva;Saída de leito carroçável;Com Vítimas Feridas;Plena Noite;Crescente;Chuva;Simples;Curva;-14,19737101;-56,08748148
30/09/2023;07:55:00;CONCEICAO DO JACUIPE;Acumulo de areia ou detritos sobre o pavimento;Queda de ocupante de veículo;Com Vítimas Feridas;Amanhecer;Decrescente;Nublado;Dupla;Reta;-12,35775097;-38,82802597
30/09/2023;09:25:00;NISIA FLORESTA;Manobra de mudança de faixa;Colisão lateral mesmo sentido;Com Vítimas Feridas;Pleno dia;Decrescente;Céu Claro;Dupla;Reta;-6,07815599;-35,23412006
30/09/2023;07:20:00;CAMPOS NOVOS;Velocidade Incompatível;Colisão com objeto;Com Vítimas Feridas;Pleno dia;Crescente;Chuva;Simples;Curva;-27,327944;-50,932907
30/09/2023;07:40:00;DUQUE DE CAXIAS;Reação tardia ou ineficiente do condutor;Tombamento;Com Vítimas Feridas;Pleno dia;Crescente;Céu Claro;Dupla;"Retorno Regulamentado;Aclive;Viaduto;Curva";-22,67374628;-43,28638368
30/09/2023;09:50:00;RECIFE;Acostamento em desnível;Tombamento;Com Vítimas Feridas;Pleno dia;Decrescente;Céu Claro;Dupla;Reta;-8,07663102;-34,94277871
30/09/2023;11:10:00;SAO PAULO;Manobra de mudança de faixa;Colisão lateral mesmo sentido;Sem Vítimas;Pleno dia;Crescente;Céu Claro;Múltipla;Reta;-23,51291902;-46,57604698
30/09/2023;10:20:00;BANDEIRANTES;Condutor deixou de manter distância do veículo da frente;Saída de leito carroçável;Com Vítimas Feridas;Pleno dia;Crescente;Céu Claro;Simples;Declive;-23,087391;-50,282211
30/09/2023;13:20:00;JOINVILLE;Velocidade Incompatível;Colisão com objeto;Com Vítimas Feridas;Pleno dia;Decrescente;Chuva;Dupla;Curva;-26,31388201;-48,87366772
30/09/2023;10:30:00;MANGARATIBA;Avarias e/ou desgaste excessivo no pneu;Tombamento;Com Vítimas Feridas;Pleno dia;Decrescente;Céu Claro;Simples;"Reta;Aclive";-22,94335387;-44,06046308
22/06/2023;16:19:00;ANGRA DOS REIS;Demais falhas mecânicas ou elétricas;Tombamento;Com Vítimas Feridas;Pleno dia;Crescente;Céu Claro;Simples;Reta;-23,01404642;-44,28511847
30/09/2023;13:40:00;NOVA ALVORADA DO SUL;Chuva;Colisão traseira;Com Vítimas Feridas;Pleno dia;Crescente;Chuva;Simples;Reta;-21,5684857;-54,12242278
30/09/2023;15:00:00;UBERABA;Acumulo de água sobre o pavimento;Tombamento;Com Vítimas Feridas;Pleno dia;Decrescente;Chuva;Dupla;Reta;-19,29969201;-48,11376802
30/09/2023;12:40:00;BOA VISTA;Manobra de mudança de faixa;Colisão lateral mesmo sentido;Com Vítimas Feridas;Pleno dia;Crescente;Céu Claro;Múltipla;Reta;2,8061678;-60,68998
30/09/2023;16:05:00;CAETES;Ultrapassagem Indevida;Colisão frontal;Com Vítimas Feridas;Pleno dia;Decrescente;Céu Claro;Simples;Reta;-8,88171776;-36,57279606
30/09/2023;14:40:00;CABO DE SANTO AGOSTINHO;Manobra de mudança de faixa;Colisão lateral mesmo sentido;Com Vítimas Feridas;Pleno dia;Decrescente;Nublado;Dupla;Reta;-8,30807754;-35,07573296
30/09/2023;17:15:00;NATAL;Manobra de mudança de faixa;Colisão lateral mesmo sentido;Com Vítimas Feridas;Anoitecer;Decrescente;Céu Claro;Múltipla;Reta;-5,841962;-35,209792
30/09/2023;17:30:00;AGUAS MORNAS;Chuva;Saída de leito carroçável;Com Vítimas Feridas;Pleno dia;Crescente;Chuva;Simples;"Curva;Aclive";-27,714352;-48,938072
30/09/2023;12:35:00;NOVA SOURE;Velocidade Incompatível;Saída de leito carroçável;Com Vítimas Feridas;Pleno dia;Crescente;Céu Claro;Simples;Reta;-11,31079789;-38,39106694
30/09/2023;18:02:00;SANTO ANTONIO DA PATRULHA;Avarias e/ou desgaste excessivo no pneu;Tombamento;Com Vítimas Feridas;Anoitecer;Crescente;Garoa/Chuvisco;Múltipla;"Aclive;Curva";-29,889786;-50,464596
30/09/2023;16:10:00;FIGUEIROPOLIS;Ultrapassagem Indevida;Colisão lateral sentido oposto;Com Vítimas Feridas;Pleno dia;Decrescente;Céu Claro;Simples;"Aclive;Reta";-12,21690999;-49,15715329
30/09/2023;18:30:00;MORRETES;Chuva;Capotamento;Com Vítimas Feridas;Plena Noite;Decrescente;Chuva;Dupla;Curva;-25,5585949;-48,80593311
30/09/2023;19:00:00;SAO JOSE DOS CAMPOS;Manobra de mudança de faixa;Colisão lateral mesmo sentido;Com Vítimas Feridas;Plena Noite;Decrescente;Céu Claro;Múltipla;Reta;-23,22620401;-45,90682999
30/09/2023;19:20:00;NOVA IGUACU;Manobra de mudança de faixa;Colisão traseira;Com Vítimas Feridas;Plena Noite;Crescente;Céu Claro;Dupla;Reta;-22,7516014;-43,43849831
30/09/2023;21:15:00;RANCHO QUEIMADO;Chuva;Saída de leito carroçável;Com Vítimas Feridas;Plena Noite;Decrescente;Chuva;Simples;Curva;-27,692705;-49,091351
30/09/2023;18:50:00;ALCANTIL;Ausência de sinalização;Colisão traseira;Sem Vítimas;Plena Noite;Crescente;Céu Claro;Simples;Reta;-7,76107074;-36,09318327
30/09/2023;21:40:00;COLOMBO;Velocidade Incompatível;Colisão lateral sentido oposto;Sem Vítimas;Plena Noite;Crescente;Chuva;Simples;"Curva;Aclive";-25,31429011;-49,15802479
30/09/2023;18:45:00;PIRAI;Curva acentuada;Queda de ocupante de veículo;Com Vítimas Feridas;Plena Noite;Decrescente;Céu Claro;Dupla;Curva;-22,65604007;-43,83713888
30/09/2023;21:30:00;PORTO VELHO;Sinalização mal posicionada;Capotamento;Com Vítimas Feridas;Plena Noite;Decrescente;Céu Claro;Simples;Reta;-8,68379899;-63,99440378
30/09/2023;20:00:00;SANTA LUZIA DO PARUA;Ultrapassagem Indevida;Colisão lateral sentido oposto;Com Vítimas Feridas;Plena Noite;Crescente;Céu Claro;Simples;Reta;-2,4878044;-45,76295301
01/10/2023;01:06:00;ARAGUARI;Acumulo de água sobre o pavimento;Saída de leito carroçável;Com Vítimas Feridas;Plena Noite;Crescente;Chuva;Dupla;Reta;-18,64695507;-48,13009097
30/09/2023;23:30:00;UBERABA;Chuva;Saída de leito carroçável;Com Vítimas Feridas;Plena Noite;Crescente;Chuva;Dupla;"Reta;Aclive";-19,44189098;-48,06412595
01/10/2023;00:40:00;SAO JOSE DOS CAMPOS;Chuva;Colisão com objeto;Com Vítimas Feridas;Plena Noite;Decrescente;Chuva;Dupla;Reta;-23,17849879;-45,83787411
01/10/2023;03:30:00;FOZ DO IGUACU;Iluminação deficiente;Colisão com objeto;Com Vítimas Feridas;Plena Noite;Crescente;Céu Claro;Simples;"Curva;Em Obras";-25,5813;-54,5315
01/10/2023;00:30:00;POCOS DE CALDAS;Velocidade Incompatível;Saída de leito carroçável;Com Vítimas Feridas;Plena Noite;Crescente;Chuva;Simples;Reta;-21,807791;-46,477454
01/10/2023;03:40:00;FORTALEZA;Manobra de mudança de faixa;Colisão lateral mesmo sentido;Com Vítimas Feridas;Plena Noite;Crescente;Céu Claro;Dupla;Reta;-3,82779096;-38,50486117
01/10/2023;05:45:00;BARBACENA;Velocidade Incompatível;Saída de leito carroçável;Com Vítimas Feridas;Pleno dia;Decrescente;Nublado;Dupla;Curva;-21,2713795;-43,64890282
01/10/2023;05:30:00;NOVA SERRANA;Velocidade Incompatível;Colisão com objeto;Sem Vítimas;Amanhecer;Crescente;Céu Claro;Simples;"Declive;Curva";-19,88065393;-44,92197102
01/10/2023;05:05:00;ITAGUARA;Reação tardia ou ineficiente do condutor;Tombamento;Com Vítimas Feridas;Plena Noite;Decrescente;Ignorado;Dupla;Curva;-20,34694817;-44,44253979
01/10/2023;06:20:00;GUARATINGUETA;Acumulo de água sobre o pavimento;Colisão lateral mesmo sentido;Com Vítimas Feridas;Amanhecer;Crescente;Chuva;Dupla;Curva;-22,823273;-45,192806
01/10/2023;07:30:00;JUATUBA;Demais falhas mecânicas ou elétricas;Tombamento;Com Vítimas Feridas;Pleno dia;Decrescente;Céu Claro;Simples;"Curva;Rotatória";-19,97239513;-44,28042402
01/10/2023;08:20:00;SERTANIA;Demais falhas mecânicas ou elétricas;Tombamento;Com Vítimas Feridas;Pleno dia;Crescente;Céu Claro;Dupla;Reta;-8,36233396;-37,26905823
01/10/2023;07:54:00;SIMAO PEREIRA;Reação tardia ou ineficiente do condutor;Tombamento;Com Vítimas Feridas;Pleno dia;Crescente;Chuva;Dupla;Curva;-21,96689732;-43,29126511
01/10/2023;07:50:00;PIO IX;Manobra de mudança de faixa;Colisão lateral mesmo sentido;Com Vítimas Feridas;Pleno dia;Crescente;Céu Claro;Simples;Reta;-6,635849;-40,877094