data_inversa;horario;municipio;causa_acidente;tipo_acidente;classificacao_acidente;fase_dia;sentido_via;condicao_metereologica;tipo_pista;tracado_via;latitude;longitude
01/10/2023;09:15:00;LUIS CORREIA;Acostamento em desnível;Capotamento;Com Vítimas Feridas;Pleno dia;Crescente;Céu Claro;Simples;Reta;-3,10115207;-41,469882
01/10/2023;08:55:00;CAMANDUCAIA;Velocidade Incompatível;Saída de leito carroçável;Com Vítimas Feridas;Pleno dia;Decrescente;Chuva;Dupla;Curva;-22,7680939;-46,20854399
01/10/2023;09:00:00;CONCORDIA;Reação tardia ou ineficiente do condutor;Tombamento;Com Vítimas Feridas;Pleno dia;Decrescente;Nublado;Simples;Curva;-27,24119965;-51,95297241
01/10/2023;11:15:00;BARREIRAS;Manobra de mudança de faixa;Colisão frontal;Com Vítimas Feridas;Pleno dia;Crescente;Sol;Simples;Reta;-12,09182903;-45,406389
01/10/2023;10:45:00;LONDRINA;Manobra de mudança de faixa;Colisão lateral mesmo sentido;Sem Vítimas;Pleno dia;Crescente;Céu Claro;Dupla;Aclive;-23,292954;-51,119761
01/10/2023;11:15:00;FOZ DO IGUACU;Velocidade Incompatível;Colisão traseira;Com Vítimas Feridas;Pleno dia;Decrescente;Céu Claro;Dupla;"Reta;Retorno Regulamentado";-25,4911505;-54,51185421
01/10/2023;11:11:00;JUQUITIBA;Velocidade Incompatível;Colisão com objeto;Com Vítimas Feridas;Pleno dia;Decrescente;Chuva;Dupla;Curva;-23,93901304;-47,06241203
01/10/2023;10:30:00;QUEIMADOS;Chuva;Saída de leito carroçável;Com Vítimas Feridas;Pleno dia;Decrescente;Chuva;Dupla;Curva;-22,73147574;-43,60362833
01/10/2023;12:20:00;JUATUBA;Chuva;Saída de leito carroçável;Com Vítimas Feridas;Pleno dia;Decrescente;Chuva;Dupla;Curva;-19,947864;-44,381226
01/10/2023;12:30:00;CONTAGEM;Chuva;Saída de leito carroçável;Com Vítimas Feridas;Pleno dia;Crescente;Chuva;Dupla;"Reta;Declive";-19,90149502;-44,04938939
01/10/2023;12:45:00;DUQUE DE CAXIAS;Chuva;Saída de leito carroçável;Com Vítimas Feridas;Pleno dia;Decrescente;Chuva;Dupla;Curva;-22,5554282;-43,25829998
01/10/2023;12:40:00;CAMPOS ALTOS;Velocidade Incompatível;Saída de leito carroçável;Com Vítimas Feridas;Pleno dia;Crescente;Nublado;Simples;Curva;-19,65688108;-46,06847896
01/10/2023;13:10:00;TRES RIOS;Velocidade Incompatível;Colisão com objeto;Com Vítimas Feridas;Pleno dia;Decrescente;Chuva;Dupla;Curva;-22,20122568;-43,14116761
01/10/2023;13:35:00;PINDAMONHANGABA;Chuva;Tombamento;Com Vítimas Feridas;Pleno dia;Crescente;Chuva;Dupla;Reta;-22,92211829;-45,34450085
01/10/2023;14:30:00;CRISTIANO OTONI;Acumulo de água sobre o pavimento;Colisão com objeto;Com Vítimas Feridas;Pleno dia;Decrescente;Chuva;Dupla;Curva;-20,879912;-43,800808
01/10/2023;14:30:00;JOAO MONLEVADE;Velocidade Incompatível;Capotamento;Com Vítimas Feridas;Pleno dia;Decrescente;Chuva;Dupla;"Declive;Curva";-19,8382047;-43,09475988
08/08/2023;16:30:00;SEABRA;Pista esburacada;Saída de leito carroçável;Com Vítimas Feridas;Pleno dia;Decrescente;Sol;Simples;Curva;-12,4520299;-41,75055052
01/10/2023;15:00:00;RIBEIRAO DAS NEVES;Chuva;Colisão lateral mesmo sentido;Com Vítimas Feridas;Pleno dia;Decrescente;Chuva;Dupla;"Reta;Declive";-19,77776312;-44,12057173
01/10/2023;11:30:00;JUIZ DE FORA;Velocidade Incompatível;Colisão com objeto;Com Vítimas Feridas;Pleno dia;Decrescente;Chuva;Simples;Curva;-21,60932712;-43,45892723
01/10/2023;10:30:00;MATIAS BARBOSA;Manobra de mudança de faixa;Colisão traseira;Com Vítimas Feridas;Pleno dia;Decrescente;Chuva;Dupla;"Declive;Curva";-21,83817686;-43,37478518
01/10/2023;13:00:00;MACAE;Chuva;Tombamento;Com Vítimas Feridas;Pleno dia;Crescente;Chuva;Simples;Curva;-22,2325541;-41,78406897
01/10/2023;16:20:00;VOLTA REDONDA;Velocidade Incompatível;Colisão com objeto;Com Vítimas Feridas;Pleno dia;Decrescente;Chuva;Simples;"Reta;Declive";-22,48082784;-44,04047201
01/10/2023;16:35:00;FEIRA DE SANTANA;Acumulo de óleo sobre o pavimento;Saída de leito carroçável;Com Vítimas Feridas;Pleno dia;Decrescente;Chuva;Dupla;"Declive;Curva";-12,32818491;-38,86174193
01/10/2023;16:30:00;FEIRA DE SANTANA;Acumulo de óleo sobre o pavimento;Saída de leito carroçável;Com Vítimas Feridas;Pleno dia;Decrescente;Chuva;Dupla;"Declive;Curva";-12,32818491;-38,86174193
01/10/2023;16:40:00;TRES RIOS;Chuva;Colisão com objeto;Com Vítimas Feridas;Pleno dia;Decrescente;Chuva;Dupla;Curva;-22,12244792;-43,1568498
01/10/2023;17:00:00;VOLTA REDONDA;Velocidade Incompatível;Saída de leito carroçável;Sem Vítimas;Pleno dia;Decrescente;Chuva;Simples;Reta;-22,47606388;-44,04976392
01/10/2023;13:45:00;JI-PARANA;Manobra de mudança de faixa;Colisão frontal;Com Vítimas Fatais;Pleno dia;Decrescente;Chuva;Simples;Reta;-10,81618198;-62,01768595
01/10/2023;17:10:00;CAMBUI;Velocidade Incompatível;Capotamento;Com Vítimas Feridas;Anoitecer;Decrescente;Chuva;Dupla;Curva;-22,68185904;-46,10140424
01/10/2023;17:00:00;SANTOS DUMONT;Velocidade Incompatível;Saída de leito carroçável;Com Vítimas Feridas;Pleno dia;Crescente;Chuva;Dupla;"Declive;Curva";-21,34762119;-43,58122534
01/10/2023;10:50:00;CAMPOS ALTOS;Chuva;Saída de leito carroçável;Com Vítimas Feridas;Pleno dia;Crescente;Chuva;Simples;"Aclive;Curva";-19,65681404;-46,17794037
01/10/2023;17:26:00;CURITIBA;Carga excessiva e/ou mal acondicionada;Tombamento;Com Vítimas Feridas;Anoitecer;Decrescente;Sol;Dupla;Reta;-25,56588478;-49,24445629
01/10/2023;18:05:00;ESTANCIA;Afundamento ou ondulação no pavimento;Tombamento;Com Vítimas Feridas;Plena Noite;Crescente;Céu Claro;Simples;"Reta;Aclive";-11,2859163;-37,45833996
01/10/2023;14:20:00;CHAPECO;Acumulo de óleo sobre o pavimento;Tombamento;Com Vítimas Feridas;Pleno dia;Crescente;Céu Claro;Simples;"Interseção de Vias;Rotatória";-26,99944837;-52,64613748
01/10/2023;18:00:00;BAYEUX;Ultrapassagem Indevida;Colisão lateral mesmo sentido;Com Vítimas Feridas;Pleno dia;Crescente;Céu Claro;Dupla;Reta;-7,12508575;-34,94513217
01/10/2023;18:00:00;APARECIDA;Manobra de mudança de faixa;Colisão lateral mesmo sentido;Com Vítimas Feridas;Plena Noite;Crescente;Chuva;Dupla;Reta;-22,87353809;-45,25320023
01/10/2023;18:40:00;UBERLANDIA;Acumulo de água sobre o pavimento;Colisão traseira;Com Vítimas Feridas;Anoitecer;Decrescente;Chuva;Dupla;Reta;-18,87775999;-48,512251
01/10/2023;18:46:00;PETROLINA;Manobra de mudança de faixa;Colisão frontal;Com Vítimas Fatais;Plena Noite;Decrescente;Chuva;Simples;Reta;-9,313899;-40,57385
01/10/2023;19:30:00;TORRES;Ausência de reação do condutor;Tombamento;Com Vítimas Feridas;Plena Noite;Crescente;Nublado;Simples;Curva;-29,316784;-49,774467
01/10/2023;18:50:00;FRUTAL;Pista Escorregadia;Saída de leito carroçável;Sem Vítimas;Plena Noite;Crescente;Chuva;Simples;Declive;-19,88094003;-48,97505084
01/10/2023;19:35:00;UNIAO DOS PALMARES;Deficiência do Sistema de Iluminação/Sinalização;Colisão com objeto;Com Vítimas Feridas;Plena Noite;Decrescente;Céu Claro;Simples;Reta;-9,1616676;-36,01701171
01/10/2023;19:20:00;ABADIANIA;Pista Escorregadia;Saída de leito carroçável;Com Vítimas Feridas;Plena Noite;Decrescente;Garoa/Chuvisco;Dupla;Curva;-16,1881;-48,7205
01/10/2023;20:00:00;SAPUCAIA;Velocidade Incompatível;Tombamento;Com Vítimas Feridas;Plena Noite;Crescente;Chuva;Simples;Curva;-22,05084092;-42,78853
01/10/2023;20:00:00;ARAGUARI;Chuva;Colisão com objeto;Com Vítimas Feridas;Plena Noite;Crescente;Chuva;Dupla;"Reta;Declive";-18,48857586;-48,04613852
01/10/2023;15:35:00;MESSIAS;Fumaça;Engavetamento;Sem Vítimas;Pleno dia;Crescente;Céu Claro;Dupla;Curva;-9,40436484;-35,83998111
01/10/2023;18:00:00;AREAL;Velocidade Incompatível;Saída de leito carroçável;Com Vítimas Feridas;Anoitecer;Decrescente;Chuva;Dupla;Curva;-22,22751025;-43,11963242
01/10/2023;19:50:00;CAMANDUCAIA;Velocidade Incompatível;Saída de leito carroçável;Com Vítimas Feridas;Plena Noite;Decrescente;Chuva;Dupla;Curva;-22,7671484;-46,22667493
01/10/2023;18:50:00;CUSTODIA;Animais na Pista;Tombamento;Com Vítimas Feridas;Plena Noite;Decrescente;Céu Claro;Simples;Reta;-8,09012961;-37,60830897
01/10/2023;17:00:00;BRUMADINHO;Acumulo de água sobre o pavimento;Saída de leito carroçável;Com Vítimas Feridas;Pleno dia;Crescente;Chuva;Dupla;Curva;-20,16283256;-44,35072739
01/10/2023;19:15:00;LARANJAL;Chuva;Saída de leito carroçável;Com Vítimas Feridas;Plena Noite;Crescente;Chuva;Simples;"Declive;Curva";-21,36045358;-42,47029066
01/10/2023;19:40:00;TRES RIOS;Chuva;Colisão com objeto;Sem Vítimas;Plena Noite;Decrescente;Chuva;Dupla;Reta;-22,17756692;-43,16802216
01/10/2023;18:03:00;PIRAI;Velocidade Incompatível;Capotamento;Com Vítimas Feridas;Plena Noite;Crescente;Chuva;Dupla;Reta;-22,63023454;-43,91033921
01/10/2023;17:00:00;ITINGA DO MARANHAO;Manobra de mudança de faixa;Colisão frontal;Com Vítimas Fatais;Anoitecer;Crescente;Céu Claro;Simples;Reta;-4,505193;-47,507431
11/09/2023;19:28:00;GUARULHOS;Manobra de mudança de faixa;Colisão traseira;Com Vítimas Feridas;Plena Noite;Decrescente;Ignorado;Múltipla;Declive;-23,4324306;-46,4194352
01/10/2023;22:30:00;UBERABA;Pista Escorregadia;Tombamento;Com Vítimas Feridas;Plena Noite;Decrescente;Chuva;Dupla;Curva;-19,77509606;-47,97201785
01/10/2023;22:01:00;NOVA IGUACU;Manobra de mudança de faixa;Colisão lateral mesmo sentido;Com Vítimas Feridas;Plena Noite;Decrescente;Nublado;Dupla;Reta;-22,73883756;-43,47245197
01/10/2023;21:05:00;CAMANDUCAIA;Velocidade Incompatível;Colisão com objeto;Com Vítimas Feridas;Plena Noite;Crescente;Chuva;Dupla;Curva;-22,77050246;-46,23490598
01/10/2023;23:05:00;FORTALEZA;Reação tardia ou ineficiente do condutor;Tombamento;Com Vítimas Feridas;Plena Noite;Crescente;Céu Claro;Dupla;Reta;-3,84394724;-38,49891546
01/10/2023;21:35:00;PIMENTA BUENO;Ingestão de álcool pelo condutor;Tombamento;Com Vítimas Feridas;Plena Noite;Crescente;Céu Claro;Simples;Rotatória;-11,687692;-61,18266
01/10/2023;20:00:00;LUZ;Velocidade Incompatível;Capotamento;Com Vítimas Feridas;Plena Noite;Decrescente;Chuva;Simples;Curva;-19,73163489;-45,8631039
01/10/2023;19:40:00;FERNANDES PINHEIRO;Ingestão de álcool pelo condutor;Tombamento;Com Vítimas Feridas;Plena Noite;Crescente;Nublado;Simples;"Reta;Aclive";-25,47255;-50,488056
01/10/2023;22:02:00;SAO MIGUEL DO IGUACU;Iluminação deficiente;Colisão traseira;Com Vítimas Feridas;Plena Noite;Crescente;Céu Claro;Dupla;Reta;-25,39163815;-54,30338792
02/10/2023;00:40:00;ALEXANIA;Acumulo de água sobre o pavimento;Saída de leito carroçável;Sem Vítimas;Plena Noite;Crescente;Chuva;Dupla;Curva;-16,11;-48,5835
01/10/2023;23:30:00;BACABAL;Velocidade Incompatível;Colisão transversal;Com Vítimas Feridas;Plena Noite;Crescente;Céu Claro;Simples;Reta;-4,228479;-44,810673
02/10/2023;05:00:00;GUAPIMIRIM;Chuva;Tombamento;Com Vítimas Feridas;Amanhecer;Decrescente;Chuva;Dupla;Reta;-22,47811419;-42,99603471
02/10/2023;01:40:00;MANDIRITUBA;Velocidade Incompatível;Saída de leito carroçável;Com Vítimas Feridas;Plena Noite;Crescente;Nublado;Dupla;Curva;-25,8597564;-49,3606332
02/10/2023;07:24:00;MACAIBA;Ultrapassagem Indevida;Colisão lateral mesmo sentido;Com Vítimas Feridas;Pleno dia;Crescente;Sol;Simples;Reta;-5,86545035;-35,35316706
02/10/2023;06:45:00;SAO LUIS;Acostamento em desnível;Queda de ocupante de veículo;Com Vítimas Feridas;Pleno dia;Crescente;Céu Claro;Dupla;Reta;-2,68053538;-44,29512283
06/09/2023;17:30:00;ATIBAIA;Manobra de mudança de faixa;Tombamento;Com Vítimas Feridas;Pleno dia;Crescente;Céu Claro;Dupla;"Reta;Declive";-23,088586;-46,571798
02/10/2023;07:56:00;NATAL;Manobra de mudança de faixa;Colisão lateral mesmo sentido;Com Vítimas Feridas;Pleno dia;Decrescente;Céu Claro;Múltipla;Viaduto;-5,85758898;-35,21271205
01/10/2023;21:00:00;SEROPEDICA;Chuva;Colisão traseira;Com Vítimas Feridas;Plena Noite;Decrescente;Chuva;Dupla;Reta;-22,721238;-43,681105
02/10/2023;06:50:00;ARROIO GRANDE;Demais falhas mecânicas ou elétricas;Tombamento;Com Vítimas Feridas;Pleno dia;Decrescente;Céu Claro;Simples;Reta;-32,06034306;-52,87199694
02/10/2023;07:50:00;BARRA VELHA;Avarias e/ou desgaste excessivo no pneu;Tombamento;Com Vítimas Feridas;Pleno dia;Crescente;Nublado;Múltipla;Reta;-26,66148503;-48,68866176
02/10/2023;09:10:00;CABEDELO;Avarias e/ou desgaste excessivo no pneu;Tombamento;Com Vítimas Feridas;Pleno dia;Decrescente;Céu Claro;Simples;Reta;-7,0772;-34,8494
02/10/2023;08:45:00;RIO BONITO;Manobra de mudança de faixa;Colisão traseira;Com Vítimas Feridas;Pleno dia;Decrescente;Nublado;Dupla;Reta;-22,71495082;-42,67804708
02/10/2023;07:40:00;UBERLANDIA;Manobra de mudança de faixa;Colisão lateral mesmo sentido;Com Vítimas Feridas;Pleno dia;Crescente;Sol;Múltipla;Reta;-18,90816255;-48,22650611
02/10/2023;09:55:00;GOIANIA;Acumulo de óleo sobre o pavimento;Colisão com objeto;Com Vítimas Feridas;Pleno dia;Crescente;Céu Claro;Simples;"Curva;Interseção de Vias";-16,639;-49,2063
02/10/2023;10:17:00;JOAO PESSOA;Manobra de mudança de faixa;Colisão lateral mesmo sentido;Com Vítimas Feridas;Pleno dia;Decrescente;Sol;Dupla;"Em Obras;Interseção de Vias;Curva;Desvio Temporário";-7,16783355;-34,86403813
16/09/2023;13:30:00;POCONE;Velocidade Incompatível;Queda de ocupante de veículo;Com Vítimas Feridas;Pleno dia;Decrescente;Céu Claro;Simples;"Em Obras;Reta;Declive";-15,78702094;-56,63928103
02/10/2023;10:00:00;BELO HORIZONTE;Manobra de mudança de faixa;Colisão lateral mesmo sentido;Com Vítimas Feridas;Pleno dia;Crescente;Céu Claro;Dupla;"Declive;Reta";-19,9240327;-44,01660562
02/10/2023;10:40:00;IGARASSU;Velocidade Incompatível;Colisão transversal;Com Vítimas Feridas;Pleno dia;Crescente;Sol;Múltipla;"Reta;Interseção de Vias;Retorno Regulamentado";-7,83887431;-34,91196739
02/10/2023;12:00:00;CACAPAVA;Avarias e/ou desgaste excessivo no pneu;Tombamento;Com Vítimas Feridas;Pleno dia;Crescente;Nublado;Dupla;Reta;-23,11454664;-45,71105567
02/10/2023;11:55:00;UBERABA;Velocidade Incompatível;Engavetamento;Com Vítimas Feridas;Pleno dia;Crescente;Céu Claro;Dupla;Reta;-19,77920263;-47,955319
02/10/2023;13:05:00;TUBARAO;Ausência de reação do condutor;Tombamento;Com Vítimas Feridas;Pleno dia;Decrescente;Céu Claro;Múltipla;Reta;-28,50999405;-49,05070686
02/10/2023;13:30:00;JUIZ DE FORA;Pista Escorregadia;Queda de ocupante de veículo;Com Vítimas Feridas;Pleno dia;Crescente;Nublado;Dupla;"Reta;Aclive";-21,82857001;-43,37364401
02/10/2023;09:15:00;PETROPOLIS;Pista Escorregadia;Queda de ocupante de veículo;Com Vítimas Feridas;Pleno dia;Decrescente;Chuva;Simples;Curva;-22,54903566;-43,24229724
02/10/2023;13:45:00;CONTAGEM;Avarias e/ou desgaste excessivo no pneu;Tombamento;Com Vítimas Feridas;Pleno dia;Decrescente;Nublado;Dupla;"Declive;Reta";-19,89383034;-44,0496397
02/10/2023;14:25:00;MANGARATIBA;Velocidade Incompatível;Colisão transversal;Com Vítimas Feridas;Pleno dia;Crescente;Chuva;Simples;Curva;-22,98107919;-44,08441596
02/10/2023;15:20:00;SERRA;Avarias e/ou desgaste excessivo no pneu;Tombamento;Com Vítimas Feridas;Pleno dia;Crescente;Sol;Múltipla;Reta;-20,190199;-40,26828891
02/10/2023;14:00:00;SETE LAGOAS;Velocidade Incompatível;Colisão com objeto;Sem Vítimas;Pleno dia;Crescente;Céu Claro;Dupla;"Reta;Aclive";-19,44990074;-44,31745291
02/10/2023;16:05:00;BAYEUX;Avarias e/ou desgaste excessivo no pneu;Tombamento;Sem Vítimas;Pleno dia;Crescente;Céu Claro;Dupla;"Reta;Em Obras";-7,1337703;-34,92963914
16/09/2023;19:20:00;PORTO ALEGRE;Afundamento ou ondulação no pavimento;Tombamento;Com Vítimas Feridas;Plena Noite;Decrescente;Céu Claro;Múltipla;Reta;-29,973856;-51,197853
02/10/2023;16:15:00;SAO PAULO;Velocidade Incompatível;Capotamento;Com Vítimas Feridas;Pleno dia;Crescente;Sol;Múltipla;Curva;-23,45930499;-46,57161179
02/10/2023;17:00:00;PAULO LOPES;Manobra de mudança de faixa;Colisão traseira;Com Vítimas Feridas;Pleno dia;Crescente;Sol;Dupla;Reta;-27,99701205;-48,68755194
02/10/2023;18:30:00;BRASILIA;Chuva;Queda de ocupante de veículo;Com Vítimas Feridas;Anoitecer;Crescente;Chuva;Múltipla;Reta;-15,99435;-47,985947
02/10/2023;18:00:00;BALNEARIO CAMBORIU;Manobra de mudança de faixa;Colisão traseira;Com Vítimas Feridas;Anoitecer;Crescente;Céu Claro;Dupla;Reta;-26,99064209;-48,66310912
02/10/2023;19:20:00;SERRA;Manobra de mudança de faixa;Colisão lateral mesmo sentido;Com Vítimas Feridas;Plena Noite;Crescente;Céu Claro;Dupla;Reta;-20,20842;-40,269405
02/10/2023;17:40:00;ATIBAIA;Reação tardia ou ineficiente do condutor;Tombamento;Com Vítimas Feridas;Anoitecer;Crescente;Sol;Dupla;Reta;-23,06461405;-46,57048121
02/10/2023;18:45:00;IMBITUBA;Falta de elemento de contenção que evite a saída do leito carroçável;Saída de leito carroçável;Com Vítimas Feridas;Plena Noite;Decrescente;Céu Claro;Dupla;Reta;-28,129852;-48,69322
02/10/2023;20:30:00;FOZ DO IGUACU;Acumulo de óleo sobre o pavimento;Queda de ocupante de veículo;Com Vítimas Feridas;Plena Noite;Decrescente;Céu Claro;Simples;"Em Obras;Reta";-25,5754;-54,5489
02/10/2023;22:15:00;CORUPA;Neblina;Saída de leito carroçável;Com Vítimas Feridas;Plena Noite;Decrescente;Nevoeiro/Neblina;Simples;"Curva;Aclive";-26,37531616;-49,32563746
03/10/2023;02:40:00;GUARULHOS;Ausência de reação do condutor;Tombamento;Com Vítimas Feridas;Plena Noite;Crescente;Céu Claro;Múltipla;Reta;-23,47093408;-46,51631097
02/10/2023;18:55:00;TEOLANDIA;Velocidade Incompatível;Saída de leito carroçável;Com Vítimas Fatais;Plena Noite;Decrescente;Céu Claro;Simples;Curva;-13,578974;-39,47974
03/10/2023;03:20:00;CANOINHAS;Curva acentuada;Capotamento;Com Vítimas Feridas;Plena Noite;Decrescente;Nevoeiro/Neblina;Simples;Rotatória;-26,18436373;-50,34232305
03/10/2023;05:40:00;RIO DE JANEIRO;Reação tardia ou ineficiente do condutor;Tombamento;Com Vítimas Feridas;Pleno dia;Crescente;Garoa/Chuvisco;Simples;"Reta;Ponte";-22,870028;-43,166637
03/10/2023;06:50:00;BELO HORIZONTE;Manobra de mudança de faixa;Colisão transversal;Com Vítimas Feridas;Pleno dia;Decrescente;Céu Claro;Dupla;"Reta;Declive;Retorno Regulamentado";-19,844931;-43,886524
03/10/2023;06:50:00;AREAL;Pista Escorregadia;Colisão com objeto;Sem Vítimas;Pleno dia;Decrescente;Nevoeiro/Neblina;Dupla;"Declive;Curva";-22,22751025;-43,11963242
03/10/2023;08:40:00;JOINVILLE;Velocidade Incompatível;Colisão traseira;Com Vítimas Feridas;Pleno dia;Crescente;Céu Claro;Simples;Reta;-26,25050176;-48,90863867
03/10/2023;08:00:00;ARAPONGAS;Condutor deixou de manter distância do veículo da frente;Queda de ocupante de veículo;Com Vítimas Feridas;Pleno dia;Decrescente;Céu Claro;Simples;"Reta;Interseção de Vias";-23,41133085;-51,42736673
03/10/2023;10:30:00;PORTO ALEGRE;Demais falhas na via;Tombamento;Com Vítimas Feridas;Pleno dia;Crescente;Céu Claro;Simples;Reta;-29,971916;-51,176838
03/10/2023;15:25:00;LAVRINHAS;Animais na Pista;Tombamento;Com Vítimas Feridas;Pleno dia;Crescente;Sol;Dupla;Curva;-22,57651319;-44,87315394
18/09/2023;08:10:00;SAO JOSE DOS PINHAIS;Manobra de mudança de faixa;Colisão transversal;Com Vítimas Feridas;Pleno dia;Decrescente;Céu Claro;Dupla;"Em Obras;Reta";-25,55119211;-49,18793678
02/10/2023;20:40:00;PORTO VELHO;Manobra de mudança de faixa;Colisão lateral mesmo sentido;Com Vítimas Feridas;Plena Noite;Crescente;Céu Claro;Dupla;"Reta;Interseção de Vias";-8,75452961;-63,88710737
03/10/2023;18:15:00;UBERABA;Chuva;Saída de leito carroçável;Com Vítimas Feridas;Anoitecer;Decrescente;Chuva;Dupla;Declive;-19,77914852;-47,95047701
03/10/2023;18:20:00;CENTRALINA;Falta de elemento de contenção que evite a saída do leito carroçável;Saída de leito carroçável;Sem Vítimas;Plena Noite;Crescente;Céu Claro;Dupla;Reta;-18,569555;-49,193806
03/10/2023;19:20:00;PARANAGUA;Velocidade Incompatível;Saída de leito carroçável;Com Vítimas Feridas;Plena Noite;Crescente;Nublado;Dupla;"Reta;Retorno Regulamentado";-25,56307802;-48,63795519
03/10/2023;20:15:00;JARU;Iluminação deficiente;Colisão com objeto;Com Vítimas Feridas;Plena Noite;Decrescente;Céu Claro;Simples;"Reta;Aclive;Em Obras";-10,4597532;-62,4558043
04/10/2023;00:10:00;LORENA;Velocidade Incompatível;Tombamento;Com Vítimas Feridas;Plena Noite;Decrescente;Céu Claro;Dupla;Rotatória;-22,74157511;-45,09206392
03/10/2023;23:30:00;POUSO REDONDO;Ultrapassagem Indevida;Colisão frontal;Com Vítimas Feridas;Plena Noite;Crescente;Chuva;Simples;Reta;-27,249525;-49,987041
04/10/2023;06:30:00;SAO JOSE;Manobra de mudança de faixa;Colisão lateral mesmo sentido;Com Vítimas Feridas;Pleno dia;Crescente;Chuva;Dupla;Reta;-27,53413705;-48,63003205
04/10/2023;08:10:00;SAO JOSE DOS CAMPOS;Avarias e/ou desgaste excessivo no pneu;Tombamento;Com Vítimas Feridas;Pleno dia;Decrescente;Céu Claro;Dupla;Reta;-23,23903999;-45,92061901
04/10/2023;06:45:00;CUIABA;Ultrapassagem Indevida;Colisão lateral mesmo sentido;Com Vítimas Feridas;Pleno dia;Decrescente;Sol;Múltipla;Reta;-15,66855019;-55,95476508
04/10/2023;08:32:00;NATAL;Manobra de mudança de faixa;Colisão lateral mesmo sentido;Sem Vítimas;Pleno dia;Decrescente;Céu Claro;Dupla;Reta;-5,84949622;-35,20890752
04/10/2023;08:05:00;APARECIDA;Manobra de mudança de faixa;Queda de ocupante de veículo;Com Vítimas Feridas;Pleno dia;Crescente;Nublado;Dupla;Reta;-22,87516153;-45,26378892
04/10/2023;08:40:00;PASSO FUNDO;Velocidade Incompatível;Capotamento;Com Vítimas Feridas;Pleno dia;Crescente;Nublado;Simples;Curva;-28,268545;-52,669102
04/10/2023;08:30:00;RIACHAO DAS NEVES;Acostamento em desnível;Saída de leito carroçável;Com Vítimas Feridas;Pleno dia;Decrescente;Céu Claro;Simples;Reta;-11,9096257;-44,87805232
04/10/2023;10:50:00;PATO BRANCO;Acumulo de água sobre o pavimento;Saída de leito carroçável;Com Vítimas Feridas;Pleno dia;Decrescente;Chuva;Simples;Curva;-26,16899899;-52,66361486
04/10/2023;10:00:00;DOM ELISEU;Manobra de mudança de faixa;Saída de leito carroçável;Com Vítimas Feridas;Pleno dia;Decrescente;Céu Claro;Simples;Reta;-4,348678;-47,53663565
04/10/2023;09:20:00;JOINVILLE;Acumulo de água sobre o pavimento;Colisão traseira;Sem Vítimas;Pleno dia;Crescente;Chuva;Múltipla;Reta;-26,2628107;-48,90192257
28/09/2023;22:30:00;SANTA MARIA;Velocidade Incompatível;Colisão com objeto;Sem Vítimas;Plena Noite;Decrescente;Céu Claro;Dupla;"Curva;Aclive";-29,67430784;-53,77280831
04/10/2023;13:00:00;AGUAS MORNAS;Velocidade Incompatível;Colisão frontal;Com Vítimas Feridas;Pleno dia;Crescente;Chuva;Simples;Curva;-27,712931;-48,943741
04/10/2023;11:50:00;GUAPIMIRIM;Reação tardia ou ineficiente do condutor;Tombamento;Com Vítimas Feridas;Pleno dia;Crescente;Céu Claro;Simples;Curva;-22,55073275;-42,98968744
04/10/2023;11:30:00;TIBAGI;Velocidade Incompatível;Colisão com objeto;Sem Vítimas;Pleno dia;Crescente;Chuva;Dupla;"Declive;Curva";-24,984;-50,371
16/09/2023;15:20:00;TANQUINHO;Velocidade Incompatível;Saída de leito carroçável;Com Vítimas Feridas;Pleno dia;Decrescente;Céu Claro;Simples;Curva;-11,98345519;-39,0855312
04/10/2023;16:30:00;NOVA IGUACU;Ausência de reação do condutor;Tombamento;Com Vítimas Feridas;Pleno dia;Crescente;Céu Claro;Dupla;Reta;-22,74151051;-43,45351823
04/10/2023;17:12:00;SAO JOSE;Manobra de mudança de faixa;Colisão lateral mesmo sentido;Sem Vítimas;Pleno dia;Decrescente;Nublado;Dupla;Reta;-27,61000542;-48,63895057
07/05/2023;04:20:00;CAMPO GRANDE;Avarias e/ou desgaste excessivo no pneu;Tombamento;Com Vítimas Feridas;Amanhecer;Crescente;Céu Claro;Simples;Reta;-20,469381;-54,55955
04/10/2023;16:00:00;DUQUE DE CAXIAS;Ultrapassagem Indevida;Colisão traseira;Com Vítimas Feridas;Pleno dia;Decrescente;Céu Claro;Dupla;Reta;-22,75470802;-43,28737838
04/10/2023;15:40:00;SAO LUIS;Manobra de mudança de faixa;Colisão lateral mesmo sentido;Com Vítimas Feridas;Pleno dia;Crescente;Sol;Dupla;Retorno Regulamentado;-2,59806699;-44,24573511
04/10/2023;15:20:00;BARRA DO TURVO;Pista Escorregadia;Capotamento;Sem Vítimas;Pleno dia;Decrescente;Chuva;Dupla;Curva;-25,02045097;-48,51586004
04/10/2023;18:00:00;PONTA GROSSA;Velocidade Incompatível;Colisão traseira;Sem Vítimas;Anoitecer;Decrescente;Chuva;Dupla;Reta;-25,156;-50,132
30/09/2023;20:30:00;EUCLIDES DA CUNHA;Velocidade Incompatível;Colisão traseira;Com Vítimas Fatais;Plena Noite;Crescente;Céu Claro;Simples;Reta;-10,62456901;-38,96349803
04/10/2023;10:10:00;JOACABA;Acumulo de água sobre o pavimento;Saída de leito carroçável;Com Vítimas Feridas;Pleno dia;Decrescente;Chuva;Simples;"Reta;Declive";-27,179003;-51,531616