data_inversa;horario;municipio;causa_acidente;tipo_acidente;classificacao_acidente;fase_dia;sentido_via;condicao_metereologica;tipo_pista;tracado_via;latitude;longitude
04/10/2023;10:27:00;VARGEM BONITA;Acumulo de água sobre o pavimento;Saída de leito carroçável;Com Vítimas Feridas;Pleno dia;Decrescente;Chuva;Simples;Curva;-26,97752;-51,823841
04/10/2023;19:00:00;MURIAE;Velocidade Incompatível;Colisão lateral sentido oposto;Com Vítimas Feridas;Plena Noite;Decrescente;Céu Claro;Simples;Reta;-21,1285372;-42,3631891
04/10/2023;19:00:00;PATOS DE MINAS;Demais Fenômenos da natureza;Colisão com objeto;Com Vítimas Feridas;Plena Noite;Decrescente;Céu Claro;Simples;Reta;-18,62844934;-46,40554592
04/10/2023;18:00:00;PORTO GRANDE;Manobra de mudança de faixa;Capotamento;Com Vítimas Feridas;Plena Noite;Decrescente;Ignorado;Simples;Reta;0,70564616;-51,41271608
04/10/2023;23:00:00;BIGUACU;Velocidade Incompatível;Colisão com objeto;Com Vítimas Feridas;Plena Noite;Decrescente;Nublado;Dupla;"Aclive;Reta";-27,51844497;-48,63848496
05/10/2023;03:30:00;UBERLANDIA;Velocidade Incompatível;Saída de leito carroçável;Com Vítimas Fatais;Plena Noite;Crescente;Nublado;Dupla;"Interseção de Vias;Curva;Aclive";-18,91375674;-48,17174435
05/10/2023;00:30:00;GUAPIMIRIM;Reação tardia ou ineficiente do condutor;Tombamento;Com Vítimas Feridas;Plena Noite;Decrescente;Céu Claro;Dupla;Curva;-22,54280711;-42,98518617
09/09/2023;06:06:00;MORADA NOVA;Ultrapassagem Indevida;Colisão frontal;Com Vítimas Fatais;Pleno dia;Decrescente;Céu Claro;Simples;Reta;-4,54857288;-38,28304795
05/10/2023;08:00:00;GOVERNADOR VALADARES;Ultrapassagem Indevida;Colisão transversal;Com Vítimas Feridas;Pleno dia;Decrescente;Céu Claro;Simples;"Interseção de Vias;Curva";-18,88102703;-41,95910802
05/10/2023;08:20:00;ICARA;Manobra de mudança de faixa;Saída de leito carroçável;Com Vítimas Feridas;Pleno dia;Crescente;Nublado;Dupla;Reta;-28,74671869;-49,2615366
05/10/2023;09:30:00;BARRA DO PIRAI;Chuva;Saída de leito carroçável;Com Vítimas Feridas;Pleno dia;Crescente;Chuva;Simples;Curva;-22,47030537;-43,86674189
09/07/2023;18:55:00;BOA VISTA;Ultrapassagem Indevida;Colisão frontal;Com Vítimas Fatais;Plena Noite;Crescente;Céu Claro;Simples;Curva;2,921912;-60,712013
26/08/2023;16:00:00;PALMEIRA DAS MISSOES;Demais falhas na via;Colisão com objeto;Sem Vítimas;Pleno dia;Não Informado;Céu Claro;Simples;"Reta;Aclive";-27,86148233;-53,37913513
05/10/2023;11:50:00;ARUJA;Manobra de mudança de faixa;Colisão lateral mesmo sentido;Com Vítimas Feridas;Pleno dia;Crescente;Nublado;Dupla;Reta;-23,41475243;-46,36600788
05/10/2023;10:10:00;PETROPOLIS;Chuva;Colisão com objeto;Com Vítimas Feridas;Pleno dia;Crescente;Chuva;Dupla;Reta;-22,4585308;-43,21600514
05/10/2023;11:30:00;PETROPOLIS;Chuva;Colisão com objeto;Com Vítimas Feridas;Pleno dia;Crescente;Garoa/Chuvisco;Dupla;Curva;-22,4585308;-43,21600514
05/10/2023;11:20:00;INHAPIM;Ultrapassagem Indevida;Colisão traseira;Com Vítimas Feridas;Pleno dia;Crescente;Céu Claro;Simples;Reta;-19,48334;-42,12988723
05/10/2023;14:30:00;JOINVILLE;Chuva;Queda de ocupante de veículo;Com Vítimas Feridas;Pleno dia;Crescente;Chuva;Dupla;Reta;-26,19234802;-48,91210384
05/10/2023;14:30:00;PORTO SEGURO;Velocidade Incompatível;Capotamento;Com Vítimas Feridas;Pleno dia;Crescente;Céu Claro;Simples;Curva;-16,37330881;-39,29852716
05/10/2023;08:30:00;SAO JOSE DOS CAMPOS;Avarias e/ou desgaste excessivo no pneu;Tombamento;Com Vítimas Feridas;Pleno dia;Crescente;Nublado;Múltipla;Declive;-23,19234634;-45,86623452
05/10/2023;17:15:00;RECIFE;Ausência de reação do condutor;Tombamento;Com Vítimas Fatais;Anoitecer;Decrescente;Céu Claro;Dupla;Reta;-8,06776119;-34,94265074
05/10/2023;17:55:00;FEIRA DE SANTANA;Ultrapassagem Indevida;Colisão lateral mesmo sentido;Com Vítimas Feridas;Plena Noite;Crescente;Céu Claro;Simples;Reta;-12,258195;-38,932182
05/10/2023;18:35:00;SAO JOSE;Manobra de mudança de faixa;Colisão lateral mesmo sentido;Com Vítimas Feridas;Anoitecer;Crescente;Nublado;Múltipla;Reta;-27,60327979;-48,63201818
05/10/2023;18:20:00;BETIM;Acesso irregular;Tombamento;Com Vítimas Feridas;Pleno dia;Crescente;Nublado;Dupla;Reta;-19,983866;-44,166055
05/10/2023;18:15:00;PINDAMONHANGABA;Demais falhas mecânicas ou elétricas;Tombamento;Com Vítimas Feridas;Plena Noite;Decrescente;Chuva;Dupla;Reta;-22,97375666;-45,44726115
05/10/2023;19:00:00;SAO JOSE;Manobra de mudança de faixa;Tombamento;Com Vítimas Feridas;Plena Noite;Crescente;Nublado;Múltipla;Reta;-27,592646;-48,604034
05/10/2023;16:05:00;UNIAO DA VITORIA;Chuva;Saída de leito carroçável;Com Vítimas Feridas;Pleno dia;Decrescente;Garoa/Chuvisco;Simples;Reta;-26,198172;-51,002659
05/10/2023;23:00:00;ARAUCARIA;Velocidade Incompatível;Saída de leito carroçável;Com Vítimas Feridas;Plena Noite;Crescente;Garoa/Chuvisco;Dupla;Reta;-25,547749;-49,32095
05/10/2023;22:50:00;JACAREI;Avarias e/ou desgaste excessivo no pneu;Tombamento;Com Vítimas Feridas;Plena Noite;Decrescente;Nublado;Dupla;Reta;-23,28649584;-45,9919851
05/10/2023;23:30:00;RUSSAS;Deficiência do Sistema de Iluminação/Sinalização;Queda de ocupante de veículo;Com Vítimas Feridas;Plena Noite;Crescente;Céu Claro;Simples;Reta;-4,86890407;-38,0287231
04/10/2023;17:00:00;BARRA DO GARCAS;Curva acentuada;Saída de leito carroçável;Sem Vítimas;Anoitecer;Decrescente;Chuva;Simples;Curva;-15,70201696;-52,70608002
06/10/2023;07:15:00;CAETANOPOLIS;Velocidade Incompatível;Saída de leito carroçável;Com Vítimas Feridas;Pleno dia;Crescente;Chuva;Dupla;Reta;-19,30931885;-44,37278577
06/10/2023;07:30:00;VARGEAO;Velocidade Incompatível;Saída de leito carroçável;Com Vítimas Feridas;Pleno dia;Decrescente;Nublado;Simples;Curva;-26,865356;-52,209568
06/10/2023;08:20:00;PALHOCA;Trafegar com motocicleta (ou similar) entre as faixas;Tombamento;Com Vítimas Feridas;Pleno dia;Decrescente;Chuva;Dupla;Reta;-27,62329313;-48,65245588
06/10/2023;09:44:00;JOAO PESSOA;Demais falhas na via;Tombamento;Com Vítimas Feridas;Pleno dia;Decrescente;Céu Claro;Simples;"Em Obras;Declive";-7,15118983;-34,91012184
06/10/2023;08:40:00;BAYEUX;Demais falhas na via;Tombamento;Com Vítimas Feridas;Pleno dia;Decrescente;Céu Claro;Dupla;"Reta;Em Obras;Retorno Regulamentado";-7,15088613;-34,91003394
06/10/2023;09:30:00;MARINGA;Manobra de mudança de faixa;Colisão lateral mesmo sentido;Com Vítimas Feridas;Pleno dia;Decrescente;Sol;Múltipla;Reta;-23,43197477;-51,88671852
06/10/2023;06:30:00;ANGRA DOS REIS;Ultrapassagem Indevida;Colisão lateral sentido oposto;Com Vítimas Fatais;Pleno dia;Crescente;Céu Claro;Simples;"Declive;Curva";-22,95640053;-44,31282898
06/10/2023;09:50:00;JOAO PESSOA;Afundamento ou ondulação no pavimento;Tombamento;Sem Vítimas;Pleno dia;Decrescente;Céu Claro;Dupla;"Reta;Em Obras";-7,15089108;-34,90987008
06/10/2023;08:50:00;AREAL;Velocidade Incompatível;Colisão com objeto;Com Vítimas Feridas;Pleno dia;Decrescente;Nublado;Dupla;Curva;-22,265139;-43,108506
17/09/2023;15:45:00;CACAPAVA;Reação tardia ou ineficiente do condutor;Tombamento;Com Vítimas Feridas;Pleno dia;Crescente;Céu Claro;Dupla;Reta;-23,13370668;-45,74794337
06/10/2023;10:45:00;FOZ DO IGUACU;Ausência de reação do condutor;Tombamento;Com Vítimas Feridas;Pleno dia;Crescente;Céu Claro;Dupla;Reta;-25,49494908;-54,52095097
06/10/2023;11:00:00;PALHOCA;Manobra de mudança de faixa;Colisão lateral mesmo sentido;Com Vítimas Feridas;Pleno dia;Decrescente;Nublado;Dupla;Reta;-27,63697369;-48,66514142
06/10/2023;11:30:00;EXTREMA;Reação tardia ou ineficiente do condutor;Tombamento;Com Vítimas Fatais;Pleno dia;Decrescente;Nublado;Simples;"Curva;Declive";-22,82007572;-46,29934031
06/10/2023;12:35:00;CURITIBA;Pista Escorregadia;Tombamento;Com Vítimas Feridas;Pleno dia;Crescente;Céu Claro;Dupla;Curva;-25,54456009;-49,30146002
06/10/2023;12:40:00;VITORIA DE SANTO ANTAO;Manobra de mudança de faixa;Colisão traseira;Sem Vítimas;Pleno dia;Crescente;Céu Claro;Dupla;Reta;-8,14168181;-35,30561909
06/10/2023;13:30:00;CARIACICA;Manobra de mudança de faixa;Colisão lateral mesmo sentido;Com Vítimas Feridas;Pleno dia;Crescente;Sol;Dupla;"Reta;Aclive";-20,24848811;-40,37080765
06/10/2023;13:57:00;JOAO PESSOA;Reação tardia ou ineficiente do condutor;Tombamento;Com Vítimas Feridas;Pleno dia;Decrescente;Sol;Dupla;Reta;-7,1562;-34,8574
06/10/2023;15:00:00;ARGIRITA;Demais falhas na via;Tombamento;Com Vítimas Feridas;Pleno dia;Crescente;Céu Claro;Simples;Reta;-21,64157078;-42,83885402
06/10/2023;15:20:00;TABOAO DA SERRA;Manobra de mudança de faixa;Colisão traseira;Com Vítimas Feridas;Pleno dia;Crescente;Céu Claro;Dupla;Reta;-23,64870535;-46,84395469
06/10/2023;17:55:00;JOAO PESSOA;Acostamento em desnível;Tombamento;Com Vítimas Feridas;Plena Noite;Decrescente;Céu Claro;Dupla;Reta;-7,15118983;-34,91012184
06/10/2023;17:10:00;ITAGUARA;Chuva;Saída de leito carroçável;Com Vítimas Feridas;Pleno dia;Crescente;Chuva;Dupla;"Reta;Declive";-20,38551554;-44,48916608
06/10/2023;18:30:00;NOVA GRANADA;Demais falhas mecânicas ou elétricas;Tombamento;Com Vítimas Feridas;Anoitecer;Crescente;Nublado;Simples;Curva;-20,56326998;-49,32052397
06/10/2023;18:40:00;FORTALEZA;Manobra de mudança de faixa;Colisão traseira;Com Vítimas Feridas;Plena Noite;Crescente;Céu Claro;Dupla;Reta;-3,83583066;-38,50281352
06/10/2023;19:12:00;CASCAVEL;Mal súbito do condutor;Tombamento;Com Vítimas Feridas;Plena Noite;Crescente;Céu Claro;Simples;"Reta;Declive";-24,96941255;-53,42959722
06/10/2023;17:50:00;MIRACATU;Demais falhas na via;Colisão lateral mesmo sentido;Sem Vítimas;Pleno dia;Crescente;Céu Claro;Dupla;Curva;-24,00328505;-47,15633198
06/10/2023;18:30:00;BARRA VELHA;Avarias e/ou desgaste excessivo no pneu;Tombamento;Com Vítimas Feridas;Plena Noite;Decrescente;Nublado;Dupla;Reta;-26,6806041;-48,6931497
06/10/2023;16:45:00;TERESOPOLIS;Ultrapassagem Indevida;Colisão lateral mesmo sentido;Com Vítimas Feridas;Anoitecer;Decrescente;Céu Claro;Simples;"Reta;Aclive";-22,19520095;-42,86582258
06/10/2023;19:05:00;FORTALEZA;Manobra de mudança de faixa;Colisão lateral mesmo sentido;Com Vítimas Feridas;Plena Noite;Decrescente;Céu Claro;Múltipla;Reta;-3,79467116;-38,50772734
06/10/2023;20:40:00;TURUCU;Manobra de mudança de faixa;Capotamento;Com Vítimas Feridas;Plena Noite;Crescente;Nublado;Dupla;Reta;-31,43719298;-52,19160503
06/10/2023;21:00:00;ESMERALDAS;Modificação proibida;Tombamento;Com Vítimas Feridas;Plena Noite;Crescente;Céu Claro;Dupla;Reta;-19,73146;-44,15211
06/10/2023;18:45:00;PONTA GROSSA;Iluminação deficiente;Atropelamento de Pedestre;Com Vítimas Fatais;Plena Noite;Crescente;Nublado;Simples;"Reta;Retorno Regulamentado";-25,04712243;-50,23591071
06/10/2023;20:00:00;SINOP;Chuva;Tombamento;Com Vítimas Feridas;Plena Noite;Crescente;Chuva;Simples;Reta;-11,842178;-55,490193
06/10/2023;20:15:00;ORTIGUEIRA;Velocidade Incompatível;Colisão com objeto;Com Vítimas Feridas;Plena Noite;Decrescente;Céu Claro;Simples;"Curva;Declive";-24,09427565;-51,04402976
06/10/2023;22:30:00;SAO JOSE;Manobra de mudança de faixa;Colisão traseira;Com Vítimas Feridas;Pleno dia;Crescente;Garoa/Chuvisco;Dupla;"Reta;Interseção de Vias";-27,55711595;-48,61897889
06/10/2023;22:45:00;POUSO NOVO;Chuva;Saída de leito carroçável;Com Vítimas Feridas;Plena Noite;Decrescente;Chuva;Simples;"Curva;Aclive";-29,089539;-52,253685
06/10/2023;21:45:00;ITABUNA;Ultrapassagem Indevida;Colisão frontal;Com Vítimas Fatais;Plena Noite;Decrescente;Céu Claro;Simples;"Reta;Declive";-14,89006594;-39,28716921
07/10/2023;01:00:00;BALNEARIO CAMBORIU;Demais falhas mecânicas ou elétricas;Tombamento;Com Vítimas Feridas;Plena Noite;Decrescente;Chuva;Dupla;Reta;-27,056089;-48,599449
07/10/2023;02:50:00;CASIMIRO DE ABREU;Deficiência do Sistema de Iluminação/Sinalização;Queda de ocupante de veículo;Com Vítimas Feridas;Plena Noite;Crescente;Céu Claro;Múltipla;Reta;-22,47451129;-42,18198196
07/10/2023;03:53:00;CAMPO LARGO;Manobra de mudança de faixa;Colisão transversal;Com Vítimas Feridas;Plena Noite;Decrescente;Nublado;Dupla;Declive;-25,443585;-49,463809
07/10/2023;04:00:00;ITABUNA;Ultrapassagem Indevida;Colisão frontal;Com Vítimas Fatais;Plena Noite;Crescente;Céu Claro;Simples;Reta;-14,93204115;-39,30057969
07/10/2023;05:00:00;TUBARAO;Demais falhas na via;Colisão com objeto;Sem Vítimas;Plena Noite;Crescente;Chuva;Múltipla;"Reta;Túnel";-28,47801624;-49,03246283
07/10/2023;04:15:00;ITAGUARA;Velocidade Incompatível;Capotamento;Com Vítimas Feridas;Plena Noite;Decrescente;Garoa/Chuvisco;Dupla;"Reta;Aclive";-20,45206504;-44,5689098
07/10/2023;05:12:00;UBERABA;Velocidade Incompatível;Capotamento;Com Vítimas Feridas;Amanhecer;Crescente;Céu Claro;Dupla;Reta;-19,77914852;-47,95047701
07/10/2023;03:10:00;JOAO PINHEIRO;Deficiência do Sistema de Iluminação/Sinalização;Colisão traseira;Com Vítimas Feridas;Plena Noite;Crescente;Nublado;Simples;Reta;-17,99571867;-45,91597593
06/10/2023;16:30:00;GENERAL CARNEIRO;Chuva;Saída de leito carroçável;Sem Vítimas;Pleno dia;Crescente;Chuva;Simples;Reta;-26,50990453;-51,35421753
07/10/2023;07:45:00;SERRA;Manobra de mudança de faixa;Colisão lateral mesmo sentido;Com Vítimas Feridas;Pleno dia;Crescente;Céu Claro;Dupla;Reta;-20,16554736;-40,27301648
07/10/2023;06:00:00;CONSELHEIRO LAFAIETE;Falta de elemento de contenção que evite a saída do leito carroçável;Saída de leito carroçável;Com Vítimas Feridas;Amanhecer;Decrescente;Céu Claro;Simples;Curva;-20,70014573;-43,79288617
01/09/2023;22:10:00;BETIM;Acumulo de óleo sobre o pavimento;Tombamento;Com Vítimas Feridas;Plena Noite;Crescente;Céu Claro;Dupla;Reta;-19,95659361;-44,12622893
07/10/2023;00:05:00;GUIA LOPES DA LAGUNA;Reação tardia ou ineficiente do condutor;Tombamento;Com Vítimas Feridas;Plena Noite;Crescente;Céu Claro;Simples;Reta;-21,401276;-56,040076
06/10/2023;13:20:00;CAPANEMA;Velocidade Incompatível;Saída de leito carroçável;Sem Vítimas;Pleno dia;Crescente;Nublado;Simples;Curva;-25,716186;-53,77784798
07/10/2023;09:45:00;ARARANGUA;Manobra de mudança de faixa;Colisão traseira;Com Vítimas Feridas;Pleno dia;Crescente;Chuva;Múltipla;"Viaduto;Reta;Aclive";-29,01106757;-49,57413825
07/10/2023;09:40:00;MORENO;Manobra de mudança de faixa;Saída de leito carroçável;Com Vítimas Feridas;Pleno dia;Crescente;Céu Claro;Dupla;Curva;-8,10678602;-35,15841205
07/10/2023;11:37:00;NOSSA SENHORA DO SOCORRO;Manobra de mudança de faixa;Colisão lateral mesmo sentido;Com Vítimas Feridas;Pleno dia;Crescente;Céu Claro;Dupla;Reta;-10,9064;-37,1197
07/10/2023;11:45:00;CURITIBA;Avarias e/ou desgaste excessivo no pneu;Tombamento;Com Vítimas Feridas;Pleno dia;Crescente;Nublado;Dupla;Reta;-25,449022;-49,229076
07/10/2023;12:05:00;BALNEARIO CAMBORIU;Velocidade Incompatível;Colisão com objeto;Sem Vítimas;Pleno dia;Decrescente;Chuva;Múltipla;Curva;-27,02397426;-48,60761649
07/10/2023;13:20:00;SAO JOAO DE MERITI;Manobra de mudança de faixa;Colisão traseira;Com Vítimas Feridas;Pleno dia;Decrescente;Céu Claro;Múltipla;Reta;-22,78055198;-43,39208599
07/10/2023;10:15:00;FLORES;Manobra de mudança de faixa;Colisão transversal;Com Vítimas Feridas;Pleno dia;Crescente;Céu Claro;Simples;Reta;-8,0321374;-37,96567213
07/10/2023;14:10:00;SAO JOSE DOS PINHAIS;Acumulo de água sobre o pavimento;Colisão com objeto;Com Vítimas Feridas;Pleno dia;Decrescente;Chuva;Dupla;Reta;-25,58426494;-49,17618795
07/10/2023;14:40:00;CAREACU;Acumulo de água sobre o pavimento;Colisão com objeto;Com Vítimas Feridas;Pleno dia;Decrescente;Chuva;Dupla;"Curva;Aclive";-22,12013067;-45,76174313
07/10/2023;15:20:00;JULIO DE CASTILHOS;Afundamento ou ondulação no pavimento;Colisão traseira;Com Vítimas Feridas;Pleno dia;Crescente;Chuva;Simples;"Reta;Aclive";-29,210282;-53,673016
07/10/2023;14:00:00;PETROPOLIS;Velocidade Incompatível;Tombamento;Com Vítimas Feridas;Pleno dia;Decrescente;Céu Claro;Simples;Curva;-22,47224973;-43,22332717
07/10/2023;16:00:00;JOAO PESSOA;Ausência de reação do condutor;Tombamento;Com Vítimas Feridas;Pleno dia;Crescente;Céu Claro;Dupla;Reta;-7,1693;-34,8782
07/10/2023;15:30:00;MASSARANDUBA;Manobra de mudança de faixa;Saída de leito carroçável;Com Vítimas Feridas;Pleno dia;Crescente;Nublado;Simples;Reta;-7,278811;-35,758973
07/10/2023;16:10:00;CAPAO DO LEAO;Acessar a via sem observar a presença dos outros veículos;Tombamento;Com Vítimas Feridas;Pleno dia;Crescente;Céu Claro;Simples;Reta;-31,73886586;-52,683306
07/10/2023;17:25:00;SALVADOR;Avarias e/ou desgaste excessivo no pneu;Tombamento;Com Vítimas Feridas;Anoitecer;Crescente;Céu Claro;Múltipla;Reta;-12,96144;-38,475422
07/10/2023;16:10:00;PALHOCA;Demais falhas mecânicas ou elétricas;Tombamento;Com Vítimas Feridas;Pleno dia;Decrescente;Nublado;Múltipla;Reta;-27,87545797;-48,64678433
07/10/2023;18:30:00;CARIACICA;Manobra de mudança de faixa;Colisão lateral mesmo sentido;Com Vítimas Feridas;Plena Noite;Decrescente;Céu Claro;Dupla;"Reta;Retorno Regulamentado";-20,28927747;-40,39181575
07/10/2023;16:40:00;RIO DE JANEIRO;Velocidade Incompatível;Colisão traseira;Com Vítimas Feridas;Pleno dia;Decrescente;Céu Claro;Dupla;Reta;-22,89346927;-43,67542992
07/10/2023;20:00:00;CURITIBA;Acumulo de água sobre o pavimento;Capotamento;Com Vítimas Feridas;Plena Noite;Crescente;Chuva;Dupla;Reta;-25,57115454;-49,31138813
07/10/2023;15:13:00;SANTO ANTONIO DO AMPARO;Chuva;Capotamento;Sem Vítimas;Pleno dia;Decrescente;Chuva;Dupla;"Curva;Aclive";-21,00645107;-44,97543296
07/10/2023;17:00:00;TIJUCAS DO SUL;Chuva;Capotamento;Com Vítimas Feridas;Pleno dia;Crescente;Chuva;Dupla;Reta;-25,84564757;-49,08816197
07/10/2023;20:50:00;MAGE;Velocidade Incompatível;Saída de leito carroçável;Com Vítimas Feridas;Plena Noite;Decrescente;Chuva;Simples;Reta;-22,65715069;-43,07072902
07/10/2023;23:00:00;PALHOCA;Pista esburacada;Tombamento;Com Vítimas Feridas;Plena Noite;Crescente;Chuva;Simples;Reta;-27,665707;-48,688065
07/10/2023;23:10:00;SAO MATEUS;Ausência de reação do condutor;Tombamento;Com Vítimas Feridas;Plena Noite;Crescente;Céu Claro;Simples;"Reta;Aclive";-18,726597;-39,85975
07/10/2023;21:50:00;SEROPEDICA;Chuva;Queda de ocupante de veículo;Com Vítimas Feridas;Plena Noite;Crescente;Chuva;Simples;Reta;-22,719835;-43,725739
07/10/2023;22:00:00;ITATIAIA;Velocidade Incompatível;Colisão com objeto;Com Vítimas Feridas;Plena Noite;Decrescente;Céu Claro;Simples;"Reta;Interseção de Vias";-22,48093378;-44,53547807
07/10/2023;23:20:00;MANGARATIBA;Chuva;Queda de ocupante de veículo;Com Vítimas Feridas;Plena Noite;Crescente;Chuva;Dupla;"Curva;Aclive";-22,9178274;-43,90471593
07/10/2023;22:40:00;SINOP;Afundamento ou ondulação no pavimento;Queda de ocupante de veículo;Com Vítimas Feridas;Plena Noite;Decrescente;Céu Claro;Dupla;Retorno Regulamentado;-11,89187046;-55,50334107
07/10/2023;21:44:00;PARAGOMINAS;Ausência de sinalização;Colisão frontal;Com Vítimas Fatais;Plena Noite;Decrescente;Nublado;Simples;"Reta;Aclive";-3,01841204;-47,46319881
08/10/2023;02:40:00;JOAO PESSOA;Acostamento em desnível;Tombamento;Com Vítimas Feridas;Plena Noite;Decrescente;Chuva;Dupla;Curva;-7,15886802;-34,90628504
07/10/2023;13:30:00;FEIRA DE SANTANA;Desvio temporário;Colisão lateral mesmo sentido;Com Vítimas Feridas;Pleno dia;Decrescente;Sol;Dupla;"Reta;Retorno Regulamentado";-12,12521099;-38,96820175
08/10/2023;03:20:00;CURITIBA;Chuva;Saída de leito carroçável;Com Vítimas Feridas;Plena Noite;Decrescente;Chuva;Múltipla;"Reta;Aclive";-25,45999605;-49,35895013
08/10/2023;03:00:00;JACAREI;Ausência de reação do condutor;Tombamento;Com Vítimas Feridas;Plena Noite;Decrescente;Chuva;Dupla;"Reta;Declive";-23,30545902;-46,03567599
08/10/2023;05:08:00;SAO JOSE DOS CAMPOS;Chuva;Tombamento;Com Vítimas Feridas;Amanhecer;Crescente;Chuva;Dupla;"Reta;Interseção de Vias";-23,1869844;-45,8548078
08/10/2023;05:30:00;FORTALEZA;Manobra de mudança de faixa;Colisão com objeto;Com Vítimas Feridas;Amanhecer;Crescente;Céu Claro;Dupla;Reta;-3,83603805;-38,5027281
08/10/2023;03:45:00;MANGARATIBA;Chuva;Saída de leito carroçável;Sem Vítimas;Plena Noite;Crescente;Chuva;Simples;Curva;-22,91293797;-43,89732384
08/10/2023;06:35:00;GUARULHOS;Acumulo de água sobre o pavimento;Colisão com objeto;Sem Vítimas;Pleno dia;Decrescente;Chuva;Múltipla;Reta;-23,45423824;-46,47119028
07/10/2023;23:40:00;PALHOCA;Chuva;Capotamento;Sem Vítimas;Plena Noite;Crescente;Chuva;Múltipla;Reta;-27,62329313;-48,65245588
08/10/2023;01:20:00;PALHOCA;Chuva;Tombamento;Sem Vítimas;Plena Noite;Crescente;Chuva;Dupla;Reta;-27,70012652;-48,66021182
08/10/2023;06:30:00;PALHOCA;Chuva;Colisão com objeto;Sem Vítimas;Pleno dia;Decrescente;Chuva;Múltipla;Reta;-27,63697369;-48,66514142
08/10/2023;07:10:00;CAJATI;Chuva;Colisão com objeto;Com Vítimas Feridas;Pleno dia;Crescente;Chuva;Dupla;Curva;-24,73097634;-48,09815591
08/10/2023;06:50:00;MIRANDA;Velocidade Incompatível;Saída de leito carroçável;Sem Vítimas;Amanhecer;Decrescente;Chuva;Simples;Reta;-20,01561594;-56,80967593
08/10/2023;08:30:00;URAI;Chuva;Colisão com objeto;Com Vítimas Feridas;Amanhecer;Crescente;Chuva;Dupla;"Curva;Aclive";-23,24760406;-50,73355436
08/10/2023;06:25:00;FOZ DO IGUACU;Pista Escorregadia;Queda de ocupante de veículo;Com Vítimas Feridas;Pleno dia;Crescente;Garoa/Chuvisco;Simples;Curva;-25,50826305;-54,59238593
08/10/2023;11:15:00;BALNEARIO CAMBORIU;Acumulo de água sobre o pavimento;Capotamento;Com Vítimas Feridas;Pleno dia;Crescente;Chuva;Dupla;Reta;-26,98064277;-48,6790679
08/10/2023;11:30:00;EXTREMA;Velocidade Incompatível;Tombamento;Com Vítimas Feridas;Pleno dia;Crescente;Nublado;Dupla;Curva;-22,83909203;-46,32850893
08/10/2023;11:30:00;CAMPOS DOS GOYTACAZES;Trafegar com motocicleta (ou similar) entre as faixas;Tombamento;Com Vítimas Feridas;Pleno dia;Decrescente;Céu Claro;Simples;Reta;-21,663391;-41,31136179
08/10/2023;11:30:00;JUATUBA;Avarias e/ou desgaste excessivo no pneu;Tombamento;Com Vítimas Feridas;Pleno dia;Decrescente;Céu Claro;Múltipla;"Reta;Declive";-19,98290644;-44,24492623
08/10/2023;12:08:00;VERDEJANTE;Ultrapassagem Indevida;Saída de leito carroçável;Com Vítimas Feridas;Pleno dia;Crescente;Céu Claro;Simples;Reta;-8,00626727;-38,97264499
08/10/2023;13:00:00;MORRETES;Chuva;Colisão com objeto;Sem Vítimas;Pleno dia;Crescente;Chuva;Dupla;Reta;-25,57361239;-48,84469597
08/10/2023;07:20:00;ITAPECURU MIRIM;Pista esburacada;Colisão com objeto;Sem Vítimas;Amanhecer;Crescente;Nublado;Simples;Reta;-3,39583238;-44,50239179
08/10/2023;12:34:00;RONDONOPOLIS;Afundamento ou ondulação no pavimento;Saída de leito carroçável;Com Vítimas Feridas;Pleno dia;Crescente;Chuva;Dupla;Reta;-16,81816699;-54,69093901
08/10/2023;15:00:00;CACAPAVA DO SUL;Ultrapassagem Indevida;Colisão frontal;Com Vítimas Feridas;Pleno dia;Crescente;Nublado;Simples;"Reta;Declive";-30,360876;-53,484314
08/10/2023;14:43:00;GUAPO;Acumulo de água sobre o pavimento;Capotamento;Com Vítimas Feridas;Pleno dia;Decrescente;Chuva;Dupla;Reta;-16,7899;-49,5019
08/10/2023;14:45:00;CAMPO LARGO;Chuva;Capotamento;Com Vítimas Feridas;Pleno dia;Crescente;Chuva;Dupla;Curva;-25,46337891;-49,35755379
08/10/2023;11:30:00;IBIPORA;Chuva;Saída de leito carroçável;Sem Vítimas;Pleno dia;Crescente;Chuva;Simples;Reta;-23,2617363;-51,0192208
08/10/2023;16:45:00;UBATUBA;Manobra de mudança de faixa;Colisão lateral mesmo sentido;Com Vítimas Feridas;Pleno dia;Crescente;Nublado;Simples;Reta;-23,44410908;-45,08375708
08/10/2023;17:00:00;PALHOCA;Acumulo de água sobre o pavimento;Colisão com objeto;Com Vítimas Feridas;Pleno dia;Decrescente;Chuva;Dupla;"Curva;Aclive";-27,8177775;-48,6315025
08/10/2023;11:30:00;ITAGIMIRIM;Velocidade Incompatível;Saída de leito carroçável;Com Vítimas Feridas;Pleno dia;Decrescente;Sol;Simples;Curva;-16,090789;-39,858614
08/10/2023;17:00:00;UBERABA;Velocidade Incompatível;Capotamento;Com Vítimas Feridas;Pleno dia;Crescente;Céu Claro;Dupla;"Reta;Interseção de Vias";-19,763009;-48,134415
08/10/2023;15:30:00;NOVA LONDRINA;Acumulo de água sobre o pavimento;Colisão transversal;Com Vítimas Feridas;Pleno dia;Crescente;Chuva;Simples;Curva;-22,79657814;-52,99569278