data_inversa;horario;municipio;causa_acidente;tipo_acidente;classificacao_acidente;fase_dia;sentido_via;condicao_metereologica;tipo_pista;tracado_via;latitude;longitude
12/10/2023;11:00:00;BAYEUX;Manobra de mudança de faixa;Colisão traseira;Com Vítimas Feridas;Pleno dia;Decrescente;Céu Claro;Dupla;"Reta;Declive;Em Obras";-7,14538184;-34,91662887
12/10/2023;10:30:00;IMPERATRIZ;Manobra de mudança de faixa;Colisão lateral mesmo sentido;Com Vítimas Feridas;Pleno dia;Decrescente;Céu Claro;Dupla;Reta;-5,550874;-47,459305
12/10/2023;12:20:00;CAUCAIA;Velocidade Incompatível;Colisão traseira;Com Vítimas Feridas;Pleno dia;Decrescente;Céu Claro;Múltipla;Reta;-3,74164754;-38,60449792
12/10/2023;09:15:00;ANTONIO DIAS;Velocidade Incompatível;Colisão traseira;Com Vítimas Feridas;Pleno dia;Crescente;Céu Claro;Simples;"Ponte;Reta;Em Obras";-19,65662;-42,96046
12/10/2023;12:00:00;MATIAS BARBOSA;Avarias e/ou desgaste excessivo no pneu;Tombamento;Com Vítimas Feridas;Pleno dia;Decrescente;Céu Claro;Dupla;Aclive;-21,87077676;-43,34388381
12/10/2023;13:10:00;PINDAMONHANGABA;Manobra de mudança de faixa;Colisão traseira;Com Vítimas Feridas;Pleno dia;Crescente;Nublado;Dupla;Reta;-22,92639476;-45,35307511
12/10/2023;13:20:00;GOIANIA;Velocidade Incompatível;Capotamento;Com Vítimas Fatais;Pleno dia;Decrescente;Céu Claro;Dupla;Reta;-16,738;-49,4076
12/10/2023;07:35:00;PAULA FREITAS;Acumulo de água sobre o pavimento;Capotamento;Com Vítimas Feridas;Pleno dia;Crescente;Chuva;Simples;Reta;-26,110893;-50,813488
12/10/2023;15:15:00;VIANA;Avarias e/ou desgaste excessivo no pneu;Tombamento;Com Vítimas Feridas;Pleno dia;Decrescente;Céu Claro;Dupla;Curva;-20,36278187;-40,4401343
12/10/2023;15:30:00;ARUJA;Chuva;Saída de leito carroçável;Com Vítimas Feridas;Pleno dia;Decrescente;Chuva;Múltipla;Curva;-23,39721625;-46,29284287
12/10/2023;10:40:00;IRANI;Chuva;Capotamento;Com Vítimas Feridas;Pleno dia;Decrescente;Chuva;Simples;"Curva;Aclive";-27,078651;-51,904682
12/10/2023;09:18:00;PARACATU;Reação tardia ou ineficiente do condutor;Tombamento;Com Vítimas Feridas;Pleno dia;Crescente;Céu Claro;Simples;Reta;-17,21128483;-46,89011999
12/10/2023;16:55:00;TERESINA;Ultrapassagem Indevida;Colisão lateral mesmo sentido;Sem Vítimas;Anoitecer;Crescente;Céu Claro;Simples;Reta;-5,058209;-42,66679
12/10/2023;13:30:00;CAJATI;Pista Escorregadia;Saída de leito carroçável;Com Vítimas Feridas;Pleno dia;Decrescente;Chuva;Dupla;Curva;-24,86704083;-48,21738184
12/10/2023;16:30:00;POUSO ALTO;Velocidade Incompatível;Tombamento;Com Vítimas Feridas;Pleno dia;Decrescente;Nublado;Simples;Curva;-22,1646781;-44,96415906
12/10/2023;13:51:00;TIJUCAS DO SUL;Velocidade Incompatível;Saída de leito carroçável;Com Vítimas Feridas;Pleno dia;Decrescente;Chuva;Dupla;Curva;-25,76503801;-49,12449804
12/10/2023;20:30:00;CURITIBA;Manobra de mudança de faixa;Colisão lateral mesmo sentido;Com Vítimas Feridas;Plena Noite;Crescente;Nublado;Dupla;Reta;-25,5449;-49,2995
12/10/2023;20:30:00;CRISTALINA;Demais falhas na via;Colisão frontal;Com Vítimas Feridas;Plena Noite;Decrescente;Céu Claro;Simples;Reta;-16,10610344;-47,49477642
12/10/2023;19:18:00;ROSARIO OESTE;Iluminação deficiente;Atropelamento de Pedestre;Com Vítimas Feridas;Plena Noite;Crescente;Céu Claro;Simples;Reta;-14,90512097;-56,4679881
12/10/2023;18:30:00;CAJATI;Velocidade Incompatível;Queda de ocupante de veículo;Com Vítimas Feridas;Plena Noite;Decrescente;Chuva;Dupla;Reta;-24,72231195;-48,062511
12/10/2023;21:30:00;EMBU DAS ARTES;Chuva;Colisão traseira;Com Vítimas Feridas;Plena Noite;Decrescente;Chuva;Dupla;Reta;-23,61809286;-46,80556302
13/10/2023;04:00:00;AGUA BOA;Manobra de mudança de faixa;Eventos atípicos;Com Vítimas Feridas;Plena Noite;Decrescente;Céu Claro;Simples;Reta;-14,12724684;-52,18713907
12/10/2023;22:00:00;FREDERICO WESTPHALEN;Manobra de mudança de faixa;Colisão frontal;Com Vítimas Feridas;Plena Noite;Decrescente;Céu Claro;Simples;"Reta;Declive";-27,300388;-53,363838
13/10/2023;07:25:00;PALHOCA;Velocidade Incompatível;Colisão com objeto;Com Vítimas Feridas;Pleno dia;Crescente;Garoa/Chuvisco;Dupla;Curva;-27,80376397;-48,63826211
13/10/2023;07:00:00;CATANDUVAS;Chuva;Saída de leito carroçável;Sem Vítimas;Pleno dia;Decrescente;Chuva;Simples;"Reta;Aclive";-27,083517;-51,662014
12/10/2023;18:00:00;BUERAREMA;Velocidade Incompatível;Colisão traseira;Com Vítimas Feridas;Plena Noite;Decrescente;Céu Claro;Simples;Reta;-14,97475;-39,32637
06/10/2023;06:10:00;UBERLANDIA;Manobra de mudança de faixa;Tombamento;Com Vítimas Feridas;Amanhecer;Crescente;Ignorado;Dupla;"Em Obras;Reta;Declive";-18,90197361;-48,35094907
13/10/2023;08:20:00;CAMPINA GRANDE DO SUL;Curva acentuada;Saída de leito carroçável;Com Vítimas Feridas;Pleno dia;Decrescente;Chuva;Simples;"Declive;Ponte;Curva";-25,11381335;-48,84693146
13/10/2023;09:40:00;REBOUCAS;Velocidade Incompatível;Saída de leito carroçável;Sem Vítimas;Pleno dia;Crescente;Chuva;Simples;Reta;-25,60905442;-50,6997648
13/10/2023;09:00:00;CONTAGEM;Acesso irregular;Tombamento;Com Vítimas Feridas;Pleno dia;Crescente;Céu Claro;Dupla;Reta;-19,92138997;-44,02324677
13/10/2023;08:50:00;DELMIRO GOUVEIA;Manobra de mudança de faixa;Colisão frontal;Com Vítimas Feridas;Pleno dia;Crescente;Céu Claro;Simples;Reta;-9,39859232;-38,17365983
23/09/2023;09:00:00;QUIPAPA;Pista Escorregadia;Tombamento;Com Vítimas Feridas;Pleno dia;Crescente;Ignorado;Simples;"Reta;Declive";-8,809525;-36,012314
13/10/2023;11:15:00;PANAMBI;Velocidade Incompatível;Capotamento;Com Vítimas Feridas;Pleno dia;Crescente;Sol;Simples;"Curva;Aclive";-28,24134706;-53,48065714
13/10/2023;11:09:00;ARARANGUA;Acumulo de areia ou detritos sobre o pavimento;Tombamento;Com Vítimas Feridas;Pleno dia;Crescente;Nublado;Simples;"Reta;Rotatória";-28,95834924;-49,51427042
13/10/2023;10:20:00;TIBAGI;Chuva;Colisão com objeto;Com Vítimas Feridas;Pleno dia;Decrescente;Chuva;Dupla;"Declive;Curva";-24,84948603;-50,46524763
13/10/2023;12:45:00;ITAPEVA;Velocidade Incompatível;Colisão com objeto;Com Vítimas Feridas;Pleno dia;Crescente;Nublado;Dupla;"Declive;Curva";-22,77776426;-46,23939514
13/10/2023;11:30:00;SANTA CRUZ DO SUL;Velocidade Incompatível;Colisão traseira;Com Vítimas Feridas;Pleno dia;Decrescente;Céu Claro;Simples;"Reta;Declive;Em Obras";-29,79488856;-52,40821347
13/10/2023;13:40:00;BARRA DO GARCAS;Ultrapassagem Indevida;Colisão lateral mesmo sentido;Com Vítimas Feridas;Pleno dia;Crescente;Céu Claro;Dupla;Reta;-15,87907036;-52,28563311
13/10/2023;10:00:00;PORTO VELHO;Avarias e/ou desgaste excessivo no pneu;Tombamento;Com Vítimas Feridas;Pleno dia;Crescente;Céu Claro;Simples;Reta;-8,9927719;-64,00417645
13/10/2023;16:00:00;GUAPIMIRIM;Pista Escorregadia;Queda de ocupante de veículo;Com Vítimas Feridas;Anoitecer;Decrescente;Chuva;Simples;"Curva;Declive";-22,48909312;-43,00437599
13/10/2023;16:50:00;GUARULHOS;Manobra de mudança de faixa;Colisão lateral mesmo sentido;Com Vítimas Feridas;Pleno dia;Crescente;Garoa/Chuvisco;Múltipla;"Reta;Aclive";-23,45423824;-46,47119028
11/07/2023;10:30:00;CORRENTINA;Afundamento ou ondulação no pavimento;Capotamento;Com Vítimas Feridas;Pleno dia;Crescente;Céu Claro;Simples;Reta;-13,78173562;-46,06374649
13/10/2023;16:35:00;CAXIAS DO SUL;Manobra de mudança de faixa;Colisão lateral mesmo sentido;Com Vítimas Feridas;Pleno dia;Decrescente;Céu Claro;Dupla;"Reta;Aclive;Retorno Regulamentado";-29,17694502;-51,16173896
13/10/2023;16:20:00;CONCEICAO DA FEIRA;Manobra de mudança de faixa;Colisão frontal;Com Vítimas Feridas;Pleno dia;Crescente;Céu Claro;Simples;Reta;-12,53594197;-38,97745507
13/10/2023;17:10:00;JOAO PESSOA;Manobra de mudança de faixa;Colisão transversal;Com Vítimas Feridas;Pleno dia;Decrescente;Céu Claro;Dupla;Reta;-7,0844;-34,8488
13/10/2023;17:00:00;RIO GRANDE;Reação tardia ou ineficiente do condutor;Tombamento;Com Vítimas Feridas;Pleno dia;Decrescente;Céu Claro;Dupla;Reta;-31,94614994;-52,30982265
13/10/2023;17:50:00;SANTA MARIA;Manobra de mudança de faixa;Colisão lateral mesmo sentido;Com Vítimas Feridas;Pleno dia;Crescente;Céu Claro;Dupla;Reta;-29,720404;-53,807632
13/10/2023;17:40:00;PARNAMIRIM;Manobra de mudança de faixa;Colisão transversal;Com Vítimas Feridas;Anoitecer;Crescente;Céu Claro;Dupla;Reta;-5,911313;-35,261797
13/10/2023;16:07:00;CARMOPOLIS DE MINAS;Velocidade Incompatível;Saída de leito carroçável;Com Vítimas Feridas;Pleno dia;Decrescente;Céu Claro;Dupla;"Reta;Declive";-20,52620159;-44,63376087
13/10/2023;19:10:00;RECIFE;Acumulo de óleo sobre o pavimento;Tombamento;Com Vítimas Feridas;Plena Noite;Crescente;Céu Claro;Múltipla;Rotatória;-8,05074296;-34,94580619
13/10/2023;19:20:00;SERRA;Reação tardia ou ineficiente do condutor;Tombamento;Com Vítimas Feridas;Plena Noite;Crescente;Céu Claro;Múltipla;Reta;-20,19930999;-40,26884609
12/10/2023;21:00:00;MATUPA;Demais falhas mecânicas ou elétricas;Tombamento;Sem Vítimas;Plena Noite;Crescente;Céu Claro;Simples;Reta;-10,19924493;-54,9557021
13/10/2023;15:00:00;BACABAL;Acumulo de água sobre o pavimento;Colisão lateral sentido oposto;Com Vítimas Fatais;Pleno dia;Decrescente;Chuva;Simples;Reta;-4,18089;-44,5061
13/10/2023;20:45:00;PALHOCA;Manobra de mudança de faixa;Colisão lateral mesmo sentido;Com Vítimas Feridas;Plena Noite;Decrescente;Nublado;Dupla;Reta;-27,62996929;-48,65903871
13/10/2023;21:07:00;IBIRACU;Manobra de mudança de faixa;Colisão transversal;Com Vítimas Feridas;Plena Noite;Crescente;Nublado;Dupla;Reta;-19,86379124;-40,39171492
13/10/2023;19:30:00;ROQUE GONZALES;Velocidade Incompatível;Colisão traseira;Com Vítimas Feridas;Plena Noite;Crescente;Céu Claro;Simples;Reta;-28,10767958;-54,98770095
13/10/2023;20:45:00;SANTA ROSA DO SUL;Reação tardia ou ineficiente do condutor;Tombamento;Com Vítimas Feridas;Plena Noite;Decrescente;Céu Claro;Dupla;Reta;-29,132236;-49,697005
13/10/2023;21:55:00;BELO HORIZONTE;Iluminação deficiente;Atropelamento de Pedestre;Com Vítimas Fatais;Plena Noite;Crescente;Nublado;Simples;Reta;-19,8397059;-43,87767792
13/10/2023;19:45:00;QUEIMADOS;Iluminação deficiente;Atropelamento de Pedestre;Com Vítimas Fatais;Plena Noite;Crescente;Ignorado;Dupla;Reta;-22,72980637;-43,56512004
13/10/2023;22:20:00;AGUAS MORNAS;Velocidade Incompatível;Capotamento;Com Vítimas Feridas;Plena Noite;Crescente;Nublado;Simples;"Reta;Aclive";-27,687376;-48,79071
14/10/2023;02:00:00;SAO JOSE DA LAJE;Iluminação deficiente;Atropelamento de Pedestre;Com Vítimas Fatais;Plena Noite;Crescente;Nublado;Simples;Reta;-8,9199443;-36,0158658
14/10/2023;07:00:00;RIBEIRAO DAS NEVES;Demais falhas mecânicas ou elétricas;Tombamento;Com Vítimas Feridas;Pleno dia;Crescente;Nublado;Dupla;Reta;-19,82353464;-44,08451563
16/09/2023;13:50:00;BALNEARIO CAMBORIU;Ultrapassagem Indevida;Colisão lateral mesmo sentido;Com Vítimas Feridas;Pleno dia;Crescente;Céu Claro;Dupla;Reta;-27,008113;-48,617245
14/10/2023;08:30:00;SAO PAULO;Manobra de mudança de faixa;Colisão lateral mesmo sentido;Com Vítimas Feridas;Pleno dia;Crescente;Nublado;Múltipla;Reta;-23,45930499;-46,57161179
14/10/2023;08:40:00;SILVA JARDIM;Chuva;Colisão com objeto;Com Vítimas Feridas;Pleno dia;Crescente;Chuva;Dupla;Reta;-22,5653276;-42,36847904
14/10/2023;07:20:00;DUQUE DE CAXIAS;Chuva;Saída de leito carroçável;Com Vítimas Feridas;Amanhecer;Crescente;Chuva;Simples;Curva;-22,55763285;-43,26574352
14/10/2023;08:00:00;ALEXANIA;Acumulo de óleo sobre o pavimento;Queda de ocupante de veículo;Com Vítimas Feridas;Pleno dia;Decrescente;Céu Claro;Dupla;"Aclive;Curva";-16,102909;-48,454861
14/10/2023;09:30:00;CASIMIRO DE ABREU;Pista Escorregadia;Saída de leito carroçável;Com Vítimas Feridas;Pleno dia;Crescente;Chuva;Dupla;Curva;-22,49220783;-42,10020136
14/10/2023;11:25:00;SAO MIGUEL DO IGUACU;Reação tardia ou ineficiente do condutor;Tombamento;Com Vítimas Feridas;Pleno dia;Decrescente;Céu Claro;Dupla;"Curva;Aclive";-25,33269888;-54,19204103
14/10/2023;10:50:00;VALPARAISO DE GOIAS;Manobra de mudança de faixa;Colisão traseira;Com Vítimas Feridas;Pleno dia;Decrescente;Sol;Dupla;"Reta;Ponte";-16,076081;-47,985671
14/10/2023;11:00:00;TEREZOPOLIS DE GOIAS;Demais falhas na via;Colisão transversal;Com Vítimas Feridas;Pleno dia;Decrescente;Céu Claro;Dupla;"Reta;Retorno Regulamentado";-16,4843515;-49,09292221
14/10/2023;09:50:00;LAJE;Ultrapassagem Indevida;Colisão frontal;Com Vítimas Feridas;Pleno dia;Decrescente;Sol;Simples;Reta;-13,23440203;-39,32823317
14/10/2023;12:15:00;CAETANOPOLIS;Velocidade Incompatível;Colisão com objeto;Com Vítimas Feridas;Pleno dia;Crescente;Céu Claro;Dupla;Reta;-19,333415;-44,361308
14/10/2023;11:45:00;RECIFE;Ultrapassagem Indevida;Colisão traseira;Com Vítimas Feridas;Pleno dia;Decrescente;Céu Claro;Dupla;Reta;-8,021344;-34,942531
14/10/2023;12:50:00;SAO GONCALO DO RIO ABAIXO;Manobra de mudança de faixa;Colisão lateral mesmo sentido;Com Vítimas Feridas;Pleno dia;Decrescente;Chuva;Simples;Reta;-19,85130197;-43,24808594
14/10/2023;11:30:00;CONTAGEM;Ausência de reação do condutor;Tombamento;Com Vítimas Feridas;Pleno dia;Decrescente;Céu Claro;Dupla;"Curva;Declive";-19,90883179;-44,04436577
14/10/2023;11:30:00;SINOP;Manobra de mudança de faixa;Colisão lateral mesmo sentido;Com Vítimas Feridas;Pleno dia;Crescente;Céu Claro;Simples;Reta;-11,88977697;-55,50260782
14/10/2023;13:10:00;GUARAMIRIM;Ausência de reação do condutor;Tombamento;Com Vítimas Feridas;Pleno dia;Crescente;Chuva;Simples;Reta;-26,468904;-48,96492
14/10/2023;12:40:00;LAJE;Avarias e/ou desgaste excessivo no pneu;Tombamento;Com Vítimas Feridas;Pleno dia;Decrescente;Céu Claro;Simples;"Reta;Aclive";-13,24318086;-39,3262607
14/10/2023;11:30:00;SIMOES FILHO;Manobra de mudança de faixa;Colisão lateral mesmo sentido;Com Vítimas Feridas;Pleno dia;Decrescente;Sol;Simples;"Reta;Interseção de Vias";-12,8639793;-38,42370126
14/10/2023;15:05:00;GOIANIA;Manobra de mudança de faixa;Queda de ocupante de veículo;Com Vítimas Feridas;Pleno dia;Crescente;Céu Claro;Dupla;Reta;-16,5498;-49,1518
14/10/2023;13:40:00;COLINAS DO TOCANTINS;Chuva;Colisão traseira;Com Vítimas Feridas;Pleno dia;Crescente;Chuva;Simples;Reta;-8,08000894;-48,46725183
14/10/2023;15:40:00;PORTO ALEGRE;Avarias e/ou desgaste excessivo no pneu;Tombamento;Com Vítimas Feridas;Pleno dia;Crescente;Céu Claro;Múltipla;Reta;-29,968319;-51,157398
14/10/2023;11:30:00;JACAREI;Pista Escorregadia;Tombamento;Com Vítimas Feridas;Pleno dia;Decrescente;Nublado;Múltipla;Reta;-23,29691791;-46,00798704
14/10/2023;15:30:00;ABADIA DE GOIAS;Acumulo de água sobre o pavimento;Saída de leito carroçável;Sem Vítimas;Pleno dia;Decrescente;Chuva;Dupla;"Reta;Aclive";-16,7956;-49,51
14/10/2023;16:20:00;UBERLANDIA;Acumulo de água sobre o pavimento;Saída de leito carroçável;Com Vítimas Feridas;Pleno dia;Crescente;Chuva;Dupla;Curva;-18,8326015;-48,24948549
14/10/2023;16:40:00;LEOPOLDINA;Velocidade Incompatível;Saída de leito carroçável;Com Vítimas Feridas;Pleno dia;Decrescente;Chuva;Simples;"Curva;Aclive";-21,59023796;-42,68715187
14/10/2023;17:45:00;RIBEIRAO DAS NEVES;Manobra de mudança de faixa;Colisão traseira;Com Vítimas Feridas;Pleno dia;Crescente;Nublado;Dupla;"Reta;Retorno Regulamentado";-19,78164295;-44,11733194
14/10/2023;16:00:00;CACHOEIRA PAULISTA;Manobra de mudança de faixa;Colisão com objeto;Com Vítimas Feridas;Pleno dia;Decrescente;Céu Claro;Dupla;Reta;-22,68080728;-45,00688982
14/10/2023;17:45:00;LEOPOLDINA;Pista Escorregadia;Saída de leito carroçável;Com Vítimas Feridas;Anoitecer;Decrescente;Garoa/Chuvisco;Simples;Curva;-21,58153704;-42,68870355
14/10/2023;17:10:00;BALNEARIO PICARRAS;Manobra de mudança de faixa;Colisão lateral mesmo sentido;Com Vítimas Feridas;Pleno dia;Decrescente;Nublado;Dupla;Curva;-26,77383397;-48,68594062
14/10/2023;17:00:00;SAO CAITANO;Manobra de mudança de faixa;Colisão lateral mesmo sentido;Com Vítimas Feridas;Pleno dia;Decrescente;Nublado;Dupla;Reta;-8,32046632;-36,07694496
14/10/2023;17:00:00;MAFRA;Chuva;Queda de ocupante de veículo;Com Vítimas Feridas;Anoitecer;Decrescente;Céu Claro;Simples;Reta;-26,21132066;-49,72749885
14/10/2023;18:40:00;ITAJAI;Ausência de reação do condutor;Tombamento;Com Vítimas Feridas;Anoitecer;Crescente;Nublado;Simples;Curva;-26,912758;-48,711998
14/10/2023;09:00:00;SAPUCAIA;Velocidade Incompatível;Saída de leito carroçável;Com Vítimas Feridas;Pleno dia;Crescente;Nublado;Simples;Curva;-22,01634583;-42,76878911
14/10/2023;16:40:00;MOSSORO;Pista esburacada;Saída de leito carroçável;Com Vítimas Feridas;Pleno dia;Decrescente;Sol;Simples;"Reta;Declive;Em Obras";-5,290025;-37,330856
14/10/2023;17:45:00;OURO PRETO DO OESTE;Demais falhas na via;Queda de ocupante de veículo;Com Vítimas Feridas;Anoitecer;Decrescente;Céu Claro;Simples;Reta;-10,76221523;-62,13663407
14/10/2023;18:45:00;PARNAMIRIM;Manobra de mudança de faixa;Colisão traseira;Com Vítimas Fatais;Plena Noite;Decrescente;Céu Claro;Múltipla;"Reta;Interseção de Vias";-5,88106901;-35,22542396
14/10/2023;18:00:00;TIMBAUBA;Velocidade Incompatível;Colisão frontal;Com Vítimas Fatais;Plena Noite;Decrescente;Céu Claro;Simples;Reta;-7,52257159;-35,29948406
14/10/2023;19:20:00;PORTO ALEGRE;Manobra de mudança de faixa;Colisão com objeto;Com Vítimas Feridas;Plena Noite;Decrescente;Céu Claro;Dupla;Reta;-29,98912;-51,218056
14/10/2023;19:30:00;LINHARES;Avarias e/ou desgaste excessivo no pneu;Tombamento;Com Vítimas Feridas;Plena Noite;Decrescente;Nublado;Dupla;Reta;-19,24798699;-40,09078893
14/10/2023;17:10:00;EWBANK DA CAMARA;Acumulo de óleo sobre o pavimento;Saída de leito carroçável;Com Vítimas Feridas;Pleno dia;Crescente;Chuva;Simples;Curva;-21,486045;-43,53483
14/10/2023;20:55:00;HIDROLANDIA;Avarias e/ou desgaste excessivo no pneu;Tombamento;Com Vítimas Feridas;Plena Noite;Crescente;Nublado;Dupla;Reta;-16,8937;-49,2557
14/10/2023;20:20:00;ARARANGUA;Reação tardia ou ineficiente do condutor;Tombamento;Sem Vítimas;Plena Noite;Crescente;Ignorado;Simples;"Aclive;Interseção de Vias";-28,96040535;-49,51653267
14/10/2023;19:30:00;BOTELHOS;Acumulo de areia ou detritos sobre o pavimento;Saída de leito carroçável;Com Vítimas Feridas;Plena Noite;Crescente;Chuva;Simples;Reta;-21,663125;-46,406825
14/10/2023;18:00:00;DOM ELISEU;Manobra de mudança de faixa;Colisão com objeto;Com Vítimas Feridas;Anoitecer;Decrescente;Nublado;Simples;Curva;-4,339672;-47,53645995
14/10/2023;21:55:00;UBERLANDIA;Velocidade Incompatível;Colisão com objeto;Com Vítimas Feridas;Plena Noite;Crescente;Céu Claro;Dupla;Reta;-18,93755576;-48,21360826
14/10/2023;22:15:00;TIJUCAS DO SUL;Velocidade Incompatível;Colisão com objeto;Sem Vítimas;Plena Noite;Decrescente;Garoa/Chuvisco;Dupla;Curva;-25,85481693;-48,99472504
14/10/2023;21:10:00;MAFRA;Ultrapassagem Indevida;Colisão lateral sentido oposto;Com Vítimas Feridas;Plena Noite;Decrescente;Céu Claro;Simples;"Curva;Aclive";-26,20386631;-49,79088509
14/10/2023;22:00:00;PATROCINIO;Ultrapassagem Indevida;Colisão frontal;Com Vítimas Fatais;Pleno dia;Crescente;Céu Claro;Simples;Reta;-18,88119;-46,9195
15/10/2023;01:20:00;CAMPO GRANDE;Ingestão de álcool pelo condutor;Tombamento;Com Vítimas Feridas;Plena Noite;Crescente;Céu Claro;Simples;Ponte;-20,99998889;-54,50767096
15/10/2023;04:40:00;SAO JOSE;Acumulo de água sobre o pavimento;Colisão com objeto;Sem Vítimas;Amanhecer;Decrescente;Nublado;Múltipla;Reta;-27,60327979;-48,63201818
15/10/2023;05:25:00;PALHOCA;Reação tardia ou ineficiente do condutor;Tombamento;Com Vítimas Feridas;Amanhecer;Decrescente;Garoa/Chuvisco;Dupla;Reta;-27,65184843;-48,67604941
15/10/2023;08:05:00;MURIAE;Condutor Dormindo;Tombamento;Com Vítimas Feridas;Pleno dia;Decrescente;Céu Claro;Simples;"Curva;Interseção de Vias";-21,10452984;-42,37939596
15/10/2023;11:10:00;FEIRA DE SANTANA;Ausência de reação do condutor;Tombamento;Com Vítimas Feridas;Pleno dia;Decrescente;Céu Claro;Dupla;Reta;-12,11649901;-38,96846221
15/10/2023;09:30:00;RIO VERDE;Ultrapassagem Indevida;Colisão lateral sentido oposto;Com Vítimas Feridas;Pleno dia;Crescente;Céu Claro;Simples;Reta;-17,81950738;-50,84497023
11/10/2023;09:39:00;SAO GONCALO;Demais falhas mecânicas ou elétricas;Tombamento;Com Vítimas Feridas;Pleno dia;Decrescente;Céu Claro;Dupla;Reta;-22,82835879;-43,09208739
15/10/2023;09:00:00;CARANDAI;Chuva;Saída de leito carroçável;Com Vítimas Feridas;Pleno dia;Crescente;Garoa/Chuvisco;Simples;Curva;-20,89806015;-43,8232099
15/10/2023;12:00:00;CAPANEMA;Manobra de mudança de faixa;Colisão lateral sentido oposto;Com Vítimas Feridas;Pleno dia;Crescente;Sol;Simples;Reta;-1,21064;-47,182743
15/10/2023;10:40:00;POUSO ALEGRE;Velocidade Incompatível;Colisão traseira;Com Vítimas Feridas;Pleno dia;Crescente;Céu Claro;Dupla;"Reta;Aclive";-22,29622613;-45,89935251
15/10/2023;13:10:00;REGISTRO;Chuva;Tombamento;Com Vítimas Feridas;Pleno dia;Decrescente;Chuva;Dupla;Retorno Regulamentado;-24,45434475;-47,81204635
15/10/2023;13:50:00;FOZ DO IGUACU;Curva acentuada;Tombamento;Com Vítimas Feridas;Pleno dia;Decrescente;Céu Claro;Simples;"Em Obras;Curva;Desvio Temporário";-25,57414982;-54,55144286
15/10/2023;14:28:00;PAULISTA;Ausência de sinalização;Colisão frontal;Com Vítimas Feridas;Pleno dia;Crescente;Céu Claro;Simples;"Curva;Declive";-7,93961103;-34,90356584
15/10/2023;14:00:00;PIMENTA BUENO;Ausência de sinalização;Colisão lateral sentido oposto;Com Vítimas Feridas;Pleno dia;Crescente;Sol;Simples;"Reta;Em Obras";-11,699852;-61,17105
15/10/2023;15:20:00;CURITIBA;Reação tardia ou ineficiente do condutor;Tombamento;Com Vítimas Feridas;Pleno dia;Decrescente;Céu Claro;Múltipla;"Reta;Interseção de Vias";-25,55859674;-49,26827431
15/10/2023;16:12:00;VALPARAISO DE GOIAS;Manobra de mudança de faixa;Queda de ocupante de veículo;Com Vítimas Feridas;Pleno dia;Crescente;Céu Claro;Dupla;Reta;-16,058273;-47,982655
15/10/2023;15:23:00;IBIRACU;Velocidade Incompatível;Colisão traseira;Com Vítimas Feridas;Pleno dia;Crescente;Chuva;Simples;Reta;-19,798437;-40,36982
15/10/2023;17:00:00;GUARAPARI;Chuva;Tombamento;Com Vítimas Feridas;Anoitecer;Crescente;Chuva;Dupla;Curva;-20,60149301;-40,50248706
15/10/2023;16:30:00;MIRACATU;Acumulo de óleo sobre o pavimento;Saída de leito carroçável;Com Vítimas Feridas;Pleno dia;Crescente;Chuva;Dupla;Reta;-24,27988597;-47,42392801
15/10/2023;16:00:00;MARECHAL DEODORO;Velocidade Incompatível;Saída de leito carroçável;Sem Vítimas;Pleno dia;Decrescente;Céu Claro;Simples;"Curva;Aclive";-9,67942191;-35,83214491
15/10/2023;17:30:00;COLATINA;Chuva;Queda de ocupante de veículo;Com Vítimas Feridas;Anoitecer;Decrescente;Garoa/Chuvisco;Simples;Reta;-19,55614791;-40,53865402
15/10/2023;18:40:00;CACHOEIRINHA;Manobra de mudança de faixa;Colisão frontal;Com Vítimas Feridas;Plena Noite;Crescente;Céu Claro;Simples;Reta;-8,47542022;-36,22203249
15/10/2023;19:00:00;JOAO MONLEVADE;Demais falhas na via;Tombamento;Com Vítimas Feridas;Plena Noite;Crescente;Céu Claro;Simples;Reta;-19,86097658;-43,10750503
15/10/2023;17:40:00;SAO FRANCISCO DO SUL;Demais falhas na via;Tombamento;Com Vítimas Feridas;Pleno dia;Decrescente;Nublado;Simples;Reta;-26,26569095;-48,63361804
15/10/2023;19:20:00;COMENDADOR LEVY GASPARIAN;Velocidade Incompatível;Colisão com objeto;Com Vítimas Feridas;Plena Noite;Crescente;Céu Claro;Dupla;Curva;-22,021647;-43,23788
15/10/2023;18:30:00;CANINDE;Acostamento em desnível;Queda de ocupante de veículo;Com Vítimas Feridas;Anoitecer;Crescente;Céu Claro;Simples;"Reta;Declive";-4,34227877;-39,2939223
15/10/2023;20:30:00;LINHARES;Demais falhas mecânicas ou elétricas;Tombamento;Com Vítimas Feridas;Plena Noite;Crescente;Nublado;Dupla;Reta;-19,36990998;-40,06560718
15/10/2023;19:45:00;LEOPOLDINA;Reação tardia ou ineficiente do condutor;Tombamento;Com Vítimas Feridas;Plena Noite;Decrescente;Céu Claro;Simples;Curva;-21,47568319;-42,56682787
15/10/2023;20:10:00;SAO JOSE DOS PINHAIS;Falta de elemento de contenção que evite a saída do leito carroçável;Saída de leito carroçável;Com Vítimas Fatais;Plena Noite;Crescente;Nublado;Dupla;Reta;-25,571691;-49,198071
15/10/2023;20:10:00;LAPA;Velocidade Incompatível;Colisão com objeto;Com Vítimas Feridas;Plena Noite;Crescente;Céu Claro;Dupla;"Desvio Temporário;Curva";-25,720638;-49,696972