data_inversa;horario;municipio;causa_acidente;tipo_acidente;classificacao_acidente;fase_dia;sentido_via;condicao_metereologica;tipo_pista;tracado_via;latitude;longitude
15/10/2023;21:00:00;SEROPEDICA;Iluminação deficiente;Atropelamento de Pedestre;Com Vítimas Feridas;Plena Noite;Crescente;Nublado;Simples;Curva;-22,771765;-43,670528
15/10/2023;21:20:00;BOA VISTA;Demais falhas na via;Saída de leito carroçável;Com Vítimas Feridas;Plena Noite;Crescente;Céu Claro;Simples;"Reta;Em Obras";2,750012;-60,742367
15/10/2023;22:40:00;PALMAS;Demais falhas mecânicas ou elétricas;Tombamento;Com Vítimas Feridas;Plena Noite;Decrescente;Céu Claro;Múltipla;Declive;-10,261479;-48,309414
15/10/2023;12:30:00;SABARA;Pista Escorregadia;Queda de ocupante de veículo;Com Vítimas Feridas;Pleno dia;Decrescente;Céu Claro;Simples;Curva;-19,79269213;-43,74585386
15/10/2023;22:30:00;ITAJAI;Acumulo de água sobre o pavimento;Capotamento;Com Vítimas Feridas;Plena Noite;Crescente;Chuva;Múltipla;Curva;-26,9639319;-48,68328024
16/10/2023;00:01:00;DUQUE DE CAXIAS;Iluminação deficiente;Atropelamento de Animal;Com Vítimas Feridas;Plena Noite;Crescente;Céu Claro;Dupla;Reta;-22,66585824;-43,33518505
15/10/2023;23:50:00;BALNEARIO CAMBORIU;Velocidade Incompatível;Saída de leito carroçável;Com Vítimas Feridas;Plena Noite;Decrescente;Chuva;Dupla;Curva;-27,02397426;-48,60761649
16/10/2023;05:00:00;NATAL;Mal súbito do condutor;Tombamento;Com Vítimas Feridas;Amanhecer;Crescente;Céu Claro;Simples;"Reta;Em Obras;Ponte";-5,777664;-35,24937
15/10/2023;20:00:00;CANARANA;Velocidade Incompatível;Colisão frontal;Com Vítimas Fatais;Plena Noite;Decrescente;Céu Claro;Simples;Reta;-13,25183916;-51,96774569
15/10/2023;23:45:00;GARIBALDI;Manobra de mudança de faixa;Colisão frontal;Com Vítimas Feridas;Plena Noite;Decrescente;Nublado;Simples;"Reta;Aclive";-29,21556004;-51,51743821
16/10/2023;05:40:00;GUARAPARI;Chuva;Saída de leito carroçável;Com Vítimas Feridas;Pleno dia;Crescente;Garoa/Chuvisco;Dupla;Curva;-20,66191662;-40,59045821
16/10/2023;07:30:00;PASSO FUNDO;Ultrapassagem Indevida;Colisão lateral sentido oposto;Com Vítimas Feridas;Pleno dia;Crescente;Nublado;Simples;Curva;-28,245794;-52,572262
16/10/2023;06:30:00;RONDONOPOLIS;Pista Escorregadia;Tombamento;Com Vítimas Feridas;Pleno dia;Decrescente;Sol;Dupla;Reta;-16,491405;-54,646378
10/09/2023;15:30:00;PETROPOLIS;Ausência de sinalização;Colisão com objeto;Sem Vítimas;Pleno dia;Crescente;Sol;Simples;Retorno Regulamentado;-22,29169833;-43,1279826
16/10/2023;09:50:00;SAO JOSE DOS CAMPOS;Trafegar com motocicleta (ou similar) entre as faixas;Tombamento;Com Vítimas Feridas;Pleno dia;Decrescente;Sol;Dupla;Reta;-23,19122919;-45,86327591
16/10/2023;09:28:00;CAXIAS DO SUL;Velocidade Incompatível;Colisão lateral mesmo sentido;Sem Vítimas;Pleno dia;Não Informado;Nublado;Dupla;Rotatória;-29,17694502;-51,16173896
16/09/2023;14:25:00;PETROPOLIS;Velocidade Incompatível;Saída de leito carroçável;Com Vítimas Feridas;Pleno dia;Crescente;Céu Claro;Simples;Reta;-22,31790714;-43,13215256
16/10/2023;12:57:00;OSORIO;Acumulo de água sobre o pavimento;Saída de leito carroçável;Com Vítimas Feridas;Pleno dia;Decrescente;Chuva;Dupla;Curva;-29,888996;-50,383354
16/10/2023;13:45:00;RIO BRILHANTE;Ausência de reação do condutor;Tombamento;Com Vítimas Feridas;Pleno dia;Crescente;Chuva;Simples;Reta;-21,60307367;-54,83346582
01/10/2023;17:32:00;ANAPOLIS;Pista Escorregadia;Colisão traseira;Com Vítimas Feridas;Anoitecer;Decrescente;Céu Claro;Dupla;Reta;-16,3367;-48,8957
16/10/2023;15:30:00;RIO DE JANEIRO;Ausência de reação do condutor;Tombamento;Com Vítimas Feridas;Pleno dia;Decrescente;Céu Claro;Dupla;Reta;-22,816206;-43,324463
16/10/2023;15:50:00;GUARULHOS;Manobra de mudança de faixa;Colisão lateral mesmo sentido;Com Vítimas Feridas;Pleno dia;Decrescente;Céu Claro;Múltipla;Reta;-23,47093408;-46,51631097
16/10/2023;14:20:00;ROSEIRA;Avarias e/ou desgaste excessivo no pneu;Tombamento;Com Vítimas Feridas;Pleno dia;Crescente;Nublado;Dupla;Reta;-22,91482679;-45,3303815
16/10/2023;12:00:00;ITABUNA;Velocidade Incompatível;Colisão frontal;Com Vítimas Feridas;Pleno dia;Crescente;Céu Claro;Simples;Curva;-14,8512318;-39,37316537
16/10/2023;17:40:00;ITAGUAI;Demais falhas mecânicas ou elétricas;Tombamento;Com Vítimas Feridas;Pleno dia;Decrescente;Nublado;Dupla;Reta;-22,85924449;-43,79010059
16/10/2023;16:29:00;UBERLANDIA;Pista esburacada;Saída de leito carroçável;Com Vítimas Feridas;Pleno dia;Decrescente;Céu Claro;Simples;Declive;-18,89471474;-48,12996205
16/10/2023;17:40:00;SANTA RITA;Manobra de mudança de faixa;Colisão lateral mesmo sentido;Sem Vítimas;Anoitecer;Decrescente;Céu Claro;Dupla;"Reta;Declive";-7,08347459;-34,97302294
16/10/2023;17:05:00;PARNAMIRIM;Velocidade Incompatível;Engavetamento;Sem Vítimas;Anoitecer;Crescente;Céu Claro;Dupla;Reta;-5,88681084;-35,23143404
16/10/2023;17:30:00;FOZ DO IGUACU;Manobra de mudança de faixa;Colisão traseira;Com Vítimas Feridas;Pleno dia;Crescente;Céu Claro;Dupla;Reta;-25,50654833;-54,54424
16/10/2023;17:40:00;CURVELO;Ultrapassagem Indevida;Colisão frontal;Com Vítimas Feridas;Anoitecer;Decrescente;Céu Claro;Dupla;"Reta;Declive";-19,15867555;-44,58541806
16/10/2023;17:10:00;FEIRA DE SANTANA;Velocidade Incompatível;Colisão com objeto;Com Vítimas Feridas;Pleno dia;Crescente;Céu Claro;Dupla;"Desvio Temporário;Em Obras";-12,14246805;-38,96658117
16/10/2023;17:00:00;IRATI;Pista esburacada;Queda de ocupante de veículo;Com Vítimas Feridas;Pleno dia;Crescente;Chuva;Simples;Reta;-25,49753795;-50,64815515
16/10/2023;15:00:00;PINDARE-MIRIM;Acumulo de água sobre o pavimento;Saída de leito carroçável;Sem Vítimas;Pleno dia;Crescente;Céu Claro;Simples;Reta;-3,65322;-45,424976
16/10/2023;17:45:00;SANTA RITA;Manobra de mudança de faixa;Colisão lateral mesmo sentido;Com Vítimas Feridas;Plena Noite;Decrescente;Céu Claro;Simples;Curva;-7,1246;-34,9473
10/07/2023;08:30:00;PIRATINI;Neblina;Saída de leito carroçável;Com Vítimas Feridas;Plena Noite;Crescente;Nevoeiro/Neblina;Simples;Interseção de Vias;-31,699327;-52,955135
16/10/2023;19:20:00;PALHOCA;Manobra de mudança de faixa;Colisão lateral mesmo sentido;Com Vítimas Feridas;Plena Noite;Crescente;Chuva;Dupla;Reta;-27,65981409;-48,67747798
16/10/2023;19:56:00;ITUIUTABA;Ultrapassagem Indevida;Colisão lateral sentido oposto;Sem Vítimas;Plena Noite;Crescente;Céu Claro;Simples;Reta;-18,96224029;-49,59311301
16/10/2023;19:00:00;JOINVILLE;Velocidade Incompatível;Tombamento;Sem Vítimas;Plena Noite;Decrescente;Chuva;Dupla;Curva;-26,35345909;-48,85867862
16/10/2023;18:45:00;MANHUACU;Manobra de mudança de faixa;Colisão frontal;Com Vítimas Feridas;Plena Noite;Decrescente;Céu Claro;Simples;Reta;-20,22302088;-42,17880872
16/10/2023;19:50:00;CASTANHAL;Chuva;Queda de ocupante de veículo;Com Vítimas Feridas;Plena Noite;Decrescente;Chuva;Dupla;Curva;-1,30696138;-48,03478
16/10/2023;20:00:00;ITAPEVA;Velocidade Incompatível;Saída de leito carroçável;Com Vítimas Feridas;Plena Noite;Crescente;Garoa/Chuvisco;Dupla;Curva;-22,77479164;-46,23882651
16/10/2023;19:15:00;POUSO REDONDO;Chuva;Colisão frontal;Com Vítimas Feridas;Plena Noite;Crescente;Chuva;Simples;"Curva;Aclive";-27,265903;-49,892441
16/10/2023;21:00:00;ROSARIO DO SUL;Acumulo de água sobre o pavimento;Saída de leito carroçável;Sem Vítimas;Plena Noite;Crescente;Chuva;Simples;Curva;-30,227652;-54,675674
16/10/2023;18:00:00;ILHEUS;Ultrapassagem Indevida;Colisão frontal;Com Vítimas Feridas;Plena Noite;Crescente;Nublado;Simples;Reta;-14,79392072;-39,1823101
17/10/2023;04:00:00;POUSO ALEGRE;Acumulo de água sobre o pavimento;Saída de leito carroçável;Com Vítimas Feridas;Plena Noite;Crescente;Chuva;Dupla;Reta;-22,30770206;-45,90240657
06/10/2023;18:30:00;SANTA RITA;Ultrapassagem Indevida;Colisão frontal;Com Vítimas Feridas;Plena Noite;Crescente;Céu Claro;Simples;"Reta;Ponte";-3,16549824;-44,33811857
17/10/2023;07:30:00;RIO DE JANEIRO;Ausência de reação do condutor;Tombamento;Com Vítimas Feridas;Pleno dia;Decrescente;Nublado;Dupla;Reta;-22,8060415;-43,34289573
17/10/2023;08:00:00;CORONEL VIVIDA;Acumulo de água sobre o pavimento;Saída de leito carroçável;Com Vítimas Feridas;Pleno dia;Crescente;Chuva;Simples;Curva;-25,96350986;-52,5197692
17/10/2023;06:00:00;RIO DE JANEIRO;Acumulo de água sobre o pavimento;Saída de leito carroçável;Com Vítimas Feridas;Amanhecer;Não Informado;Chuva;Múltipla;Reta;-22,86041046;-43,51743993
17/10/2023;09:10:00;CARAZINHO;Acumulo de água sobre o pavimento;Saída de leito carroçável;Com Vítimas Feridas;Pleno dia;Crescente;Chuva;Simples;Reta;-28,197134;-52,827736
17/10/2023;10:30:00;FLORIANOPOLIS;Manobra de mudança de faixa;Colisão lateral mesmo sentido;Com Vítimas Feridas;Pleno dia;Decrescente;Nublado;Múltipla;"Reta;Aclive";-27,59845;-48,571995
17/10/2023;12:30:00;GUARULHOS;Ultrapassagem Indevida;Colisão lateral mesmo sentido;Com Vítimas Feridas;Pleno dia;Decrescente;Nublado;Múltipla;Declive;-23,48071896;-46,53271603
17/10/2023;14:25:00;UBIRATA;Ultrapassagem Indevida;Colisão frontal;Com Vítimas Feridas;Pleno dia;Crescente;Nublado;Simples;"Reta;Aclive";-24,5074;-52,9186
17/10/2023;14:20:00;RIBEIRAO;Deficiência do Sistema de Iluminação/Sinalização;Colisão traseira;Com Vítimas Feridas;Pleno dia;Crescente;Sol;Dupla;Curva;-8,51960799;-35,38997595
03/09/2023;15:50:00;SANTO ANTONIO DA BARRA;Acumulo de água sobre o pavimento;Saída de leito carroçável;Com Vítimas Feridas;Pleno dia;Decrescente;Chuva;Dupla;"Declive;Curva";-17,59889729;-50,72153807
17/10/2023;14:45:00;JOINVILLE;Velocidade Incompatível;Tombamento;Com Vítimas Feridas;Pleno dia;Decrescente;Nublado;Simples;Reta;-26,34234997;-48,85840089
17/10/2023;16:00:00;ITAPEVA;Acumulo de água sobre o pavimento;Queda de ocupante de veículo;Com Vítimas Feridas;Pleno dia;Decrescente;Nublado;Dupla;"Declive;Curva";-22,77109114;-46,20281732
17/10/2023;16:40:00;CAMPINA GRANDE DO SUL;Velocidade Incompatível;Saída de leito carroçável;Com Vítimas Feridas;Pleno dia;Crescente;Chuva;Dupla;Curva;-25,1882321;-48,88492529
17/10/2023;18:50:00;SAO JOSE;Reação tardia ou ineficiente do condutor;Tombamento;Com Vítimas Feridas;Plena Noite;Crescente;Nublado;Múltipla;Reta;-27,58313237;-48,61532885
17/10/2023;18:30:00;HORIZONTE;Acostamento em desnível;Queda de ocupante de veículo;Com Vítimas Feridas;Plena Noite;Crescente;Céu Claro;Dupla;Reta;-4,06091689;-38,50402951
17/10/2023;19:00:00;SERRA;Manobra de mudança de faixa;Colisão traseira;Com Vítimas Feridas;Plena Noite;Decrescente;Céu Claro;Múltipla;Reta;-20,1816849;-40,26536036
17/10/2023;19:30:00;PORTO BELO;Velocidade Incompatível;Saída de leito carroçável;Com Vítimas Feridas;Plena Noite;Decrescente;Céu Claro;Múltipla;Reta;-27,153819;-48,61086393
17/10/2023;14:30:00;IRANI;Chuva;Colisão frontal;Com Vítimas Feridas;Pleno dia;Decrescente;Chuva;Simples;"Curva;Aclive";-27,117521;-51,914806
17/10/2023;13:20:00;IBAITI;Chuva;Colisão com objeto;Com Vítimas Feridas;Pleno dia;Decrescente;Chuva;Simples;Reta;-23,78980606;-50,18764213
18/10/2023;07:20:00;GUARULHOS;Ausência de reação do condutor;Tombamento;Com Vítimas Feridas;Pleno dia;Crescente;Céu Claro;Dupla;Reta;-23,41722629;-46,37510292
18/10/2023;07:00:00;CURITIBA;Manobra de mudança de faixa;Colisão lateral mesmo sentido;Com Vítimas Feridas;Pleno dia;Crescente;Céu Claro;Dupla;Reta;-25,47921843;-49,20030257
18/10/2023;07:00:00;ITAJAI;Reação tardia ou ineficiente do condutor;Tombamento;Com Vítimas Feridas;Pleno dia;Crescente;Nublado;Dupla;Reta;-26,84589005;-48,72131295
18/10/2023;10:00:00;LORENA;Manobra de mudança de faixa;Colisão lateral mesmo sentido;Com Vítimas Feridas;Pleno dia;Crescente;Céu Claro;Múltipla;Rotatória;-22,717228;-45,108387
18/10/2023;12:15:00;SAO JOSE;Manobra de mudança de faixa;Colisão traseira;Com Vítimas Feridas;Pleno dia;Crescente;Céu Claro;Dupla;Reta;-27,59193546;-48,61824557
18/10/2023;14:10:00;SEROPEDICA;Ultrapassagem Indevida;Colisão transversal;Com Vítimas Feridas;Pleno dia;Crescente;Nublado;Simples;Reta;-22,798468;-43,645508
18/10/2023;14:40:00;SAO JOSE DOS PINHAIS;Ausência de reação do condutor;Tombamento;Com Vítimas Feridas;Pleno dia;Decrescente;Céu Claro;Dupla;Reta;-25,47691403;-49,09767498
18/10/2023;11:35:00;GOVERNADOR VALADARES;Ultrapassagem Indevida;Colisão lateral mesmo sentido;Com Vítimas Feridas;Pleno dia;Decrescente;Céu Claro;Simples;Curva;-18,67254174;-41,98675275
18/10/2023;16:55:00;SAO JOSE;Manobra de mudança de faixa;Colisão lateral mesmo sentido;Com Vítimas Feridas;Pleno dia;Crescente;Chuva;Múltipla;Reta;-27,57413014;-48,61363083
18/10/2023;17:45:00;GRAVATA;Manobra de mudança de faixa;Colisão lateral mesmo sentido;Com Vítimas Feridas;Anoitecer;Crescente;Céu Claro;Dupla;Reta;-8,18344403;-35,49296599
18/10/2023;17:20:00;SAO MATEUS;Avarias e/ou desgaste excessivo no pneu;Tombamento;Com Vítimas Feridas;Anoitecer;Crescente;Céu Claro;Simples;Reta;-18,70428583;-39,87065983
18/10/2023;17:30:00;BARRA VELHA;Avarias e/ou desgaste excessivo no pneu;Tombamento;Com Vítimas Feridas;Pleno dia;Crescente;Nublado;Dupla;Reta;-26,69940401;-48,69902784
18/10/2023;18:00:00;PATO BRANCO;Ultrapassagem Indevida;Colisão frontal;Com Vítimas Feridas;Pleno dia;Crescente;Nublado;Simples;"Reta;Declive";-26,22652612;-52,68914074
18/10/2023;18:40:00;CONTAGEM;Manobra de mudança de faixa;Colisão traseira;Com Vítimas Feridas;Plena Noite;Decrescente;Nublado;Dupla;"Reta;Declive";-19,91635592;-44,03966566
18/10/2023;21:45:00;CAXIAS DO SUL;Reação tardia ou ineficiente do condutor;Tombamento;Com Vítimas Feridas;Plena Noite;Crescente;Céu Claro;Simples;Reta;-29,22511711;-51,16049118
19/10/2023;06:30:00;PEDRO CANARIO;Pista Escorregadia;Tombamento;Com Vítimas Feridas;Amanhecer;Crescente;Chuva;Simples;"Curva;Aclive";-18,29002497;-39,95475507
19/10/2023;06:40:00;SANTOS DUMONT;Curva acentuada;Tombamento;Com Vítimas Feridas;Pleno dia;Crescente;Céu Claro;Simples;Curva;-21,447874;-43,55738803
19/10/2023;07:15:00;BRASILIA;Manobra de mudança de faixa;Colisão lateral mesmo sentido;Sem Vítimas;Pleno dia;Decrescente;Céu Claro;Dupla;"Reta;Aclive";-15,788868;-48,220242
19/10/2023;07:40:00;JOINVILLE;Manobra de mudança de faixa;Colisão lateral mesmo sentido;Com Vítimas Feridas;Pleno dia;Crescente;Nevoeiro/Neblina;Dupla;Reta;-26,29251598;-48,88474385
19/10/2023;08:30:00;MAIRIPORA;Velocidade Incompatível;Capotamento;Com Vítimas Feridas;Pleno dia;Decrescente;Céu Claro;Dupla;Curva;-23,34553108;-46,56787903
19/10/2023;09:40:00;CAUCAIA;Manobra de mudança de faixa;Colisão lateral mesmo sentido;Com Vítimas Feridas;Pleno dia;Crescente;Céu Claro;Múltipla;Reta;-3,74164754;-38,60449792
03/10/2023;17:45:00;SAO CAITANO;Deficiência do Sistema de Iluminação/Sinalização;Colisão traseira;Com Vítimas Feridas;Plena Noite;Decrescente;Céu Claro;Simples;Reta;-8,4192339;-36,19365318
13/09/2023;21:00:00;CONCEICAO DO JACUIPE;Manobra de mudança de faixa;Saída de leito carroçável;Com Vítimas Feridas;Plena Noite;Crescente;Céu Claro;Simples;"Reta;Em Obras;Desvio Temporário";-12,28396;-38,700699
19/10/2023;10:50:00;ESTANCIA VELHA;Ultrapassagem Indevida;Colisão com objeto;Com Vítimas Feridas;Pleno dia;Decrescente;Céu Claro;Dupla;"Reta;Aclive";-29,63300002;-51,14325106
19/10/2023;12:10:00;BALNEARIO CAMBORIU;Velocidade Incompatível;Queda de ocupante de veículo;Com Vítimas Feridas;Pleno dia;Decrescente;Nublado;Dupla;Reta;-27,02982303;-48,60115006
19/10/2023;12:50:00;DUQUE DE CAXIAS;Manobra de mudança de faixa;Colisão lateral mesmo sentido;Com Vítimas Feridas;Pleno dia;Crescente;Nublado;Múltipla;Reta;-22,78185499;-43,28571273
19/10/2023;12:30:00;ITANHANDU;Velocidade Incompatível;Saída de leito carroçável;Com Vítimas Feridas;Pleno dia;Crescente;Nublado;Simples;Curva;-22,26373633;-44,89186808
19/10/2023;14:15:00;MURIAE;Curva acentuada;Saída de leito carroçável;Com Vítimas Feridas;Pleno dia;Decrescente;Nublado;Simples;Curva;-21,20407381;-42,3892452
19/10/2023;14:52:00;SIMOES FILHO;Manobra de mudança de faixa;Engavetamento;Sem Vítimas;Pleno dia;Crescente;Céu Claro;Dupla;Reta;-12,77978866;-38,41589628
19/10/2023;14:00:00;RIACHAO DO BACAMARTE;Manobra de mudança de faixa;Colisão lateral mesmo sentido;Com Vítimas Feridas;Pleno dia;Crescente;Sol;Simples;"Reta;Aclive";-7,255915;-35,690064
13/09/2023;13:30:00;CACHOEIRA PAULISTA;Acumulo de óleo sobre o pavimento;Tombamento;Com Vítimas Feridas;Pleno dia;Decrescente;Céu Claro;Dupla;Curva;-22,67527958;-44,99918431
19/10/2023;16:53:00;SANTA VITORIA;Ultrapassagem Indevida;Saída de leito carroçável;Com Vítimas Feridas;Pleno dia;Crescente;Céu Claro;Simples;Reta;-18,87715138;-50,09567005
19/10/2023;16:51:00;RIBEIRAO DAS NEVES;Manobra de mudança de faixa;Colisão lateral mesmo sentido;Com Vítimas Feridas;Pleno dia;Decrescente;Nublado;Dupla;Reta;-19,80151928;-44,10000333
19/10/2023;17:45:00;SAO JOSE DOS CAMPOS;Manobra de mudança de faixa;Colisão lateral mesmo sentido;Com Vítimas Feridas;Anoitecer;Decrescente;Céu Claro;Múltipla;Reta;-23,1869844;-45,8548078
19/10/2023;18:55:00;VITORIA DA CONQUISTA;Velocidade Incompatível;Colisão traseira;Com Vítimas Feridas;Pleno dia;Decrescente;Céu Claro;Simples;Reta;-14,84711564;-40,84811211
19/10/2023;18:30:00;REGISTRO;Reação tardia ou ineficiente do condutor;Tombamento;Com Vítimas Feridas;Plena Noite;Crescente;Nublado;Dupla;Reta;-24,51484548;-47,85161734
19/10/2023;19:35:00;PALMAS;Ausência de sinalização;Queda de ocupante de veículo;Com Vítimas Feridas;Plena Noite;Crescente;Céu Claro;Simples;Reta;-10,20863984;-48,15545194
19/10/2023;20:15:00;FOZ DO IGUACU;Chuva;Saída de leito carroçável;Com Vítimas Feridas;Plena Noite;Decrescente;Chuva;Simples;Reta;-25,5906;-54,5172
19/10/2023;20:10:00;CAMPO MAIOR;Transitar no Acostamento;Tombamento;Com Vítimas Feridas;Plena Noite;Crescente;Nublado;Simples;Reta;-4,695678;-42,085514
19/10/2023;15:40:00;DELTA;Chuva;Capotamento;Com Vítimas Feridas;Pleno dia;Decrescente;Chuva;Dupla;"Reta;Aclive";-19,87187797;-47,85892196
19/10/2023;22:00:00;SAO LEOPOLDO;Avarias e/ou desgaste excessivo no pneu;Tombamento;Com Vítimas Feridas;Plena Noite;Decrescente;Céu Claro;Dupla;Curva;-29,7831804;-51,16099063
19/10/2023;21:30:00;CAMPINA GRANDE DO SUL;Chuva;Capotamento;Com Vítimas Feridas;Plena Noite;Crescente;Chuva;Dupla;Curva;-25,14802509;-48,85922071
19/10/2023;22:28:00;DOURADOS;Chuva;Tombamento;Com Vítimas Feridas;Plena Noite;Decrescente;Garoa/Chuvisco;Dupla;Reta;-22,222698;-54,73128
19/10/2023;19:20:00;SAMBAIBA;Deficiência do Sistema de Iluminação/Sinalização;Colisão traseira;Com Vítimas Fatais;Plena Noite;Crescente;Céu Claro;Simples;Reta;-6,955536;-45,365267
20/10/2023;02:00:00;FRUTAL;Ausência de sinalização;Colisão traseira;Com Vítimas Fatais;Plena Noite;Crescente;Céu Claro;Simples;Reta;-19,95753704;-48,96057129
20/10/2023;06:20:00;IBIPORA;Pista Escorregadia;Tombamento;Com Vítimas Feridas;Pleno dia;Crescente;Nublado;Simples;"Reta;Declive";-23,284977;-51,073624
20/10/2023;07:00:00;BRASILIA;Manobra de mudança de faixa;Queda de ocupante de veículo;Com Vítimas Feridas;Pleno dia;Crescente;Céu Claro;Dupla;Reta;-16,029741;-47,978867
20/10/2023;05:40:00;PICOS;Ultrapassagem Indevida;Colisão frontal;Com Vítimas Feridas;Amanhecer;Crescente;Céu Claro;Simples;Curva;-7,02855707;-41,5570932
20/10/2023;06:30:00;UBERLANDIA;Ausência de reação do condutor;Tombamento;Com Vítimas Feridas;Amanhecer;Crescente;Chuva;Dupla;Viaduto;-18,85140204;-48,25345932
20/10/2023;07:30:00;ARACAJU;Manobra de mudança de faixa;Colisão lateral mesmo sentido;Com Vítimas Feridas;Pleno dia;Decrescente;Céu Claro;Dupla;Interseção de Vias;-10,9073;-37,0947
20/10/2023;06:50:00;CONCORDIA;Acumulo de óleo sobre o pavimento;Queda de ocupante de veículo;Com Vítimas Feridas;Pleno dia;Crescente;Sol;Simples;Rotatória;-27,20975509;-51,95228577
20/10/2023;07:50:00;SERRA;Pista Escorregadia;Tombamento;Com Vítimas Feridas;Pleno dia;Crescente;Garoa/Chuvisco;Dupla;Declive;-20,158798;-40,276372
20/10/2023;08:10:00;VALPARAISO DE GOIAS;Velocidade Incompatível;Colisão traseira;Com Vítimas Feridas;Pleno dia;Decrescente;Céu Claro;Múltipla;Reta;-16,08900737;-47,98451945
20/10/2023;08:00:00;LUZIANIA;Condutor deixou de manter distância do veículo da frente;Tombamento;Com Vítimas Feridas;Pleno dia;Crescente;Céu Claro;Dupla;"Reta;Declive";-16,151832;-47,939162
02/10/2023;23:30:00;PETROLINA;Iluminação deficiente;Atropelamento de Animal;Com Vítimas Feridas;Plena Noite;Crescente;Céu Claro;Simples;Reta;-9,30816981;-40,45390137
20/10/2023;08:30:00;SAO PAULO;Manobra de mudança de faixa;Colisão traseira;Com Vítimas Feridas;Pleno dia;Crescente;Nublado;Múltipla;Reta;-23,49659264;-46,55648754
20/10/2023;08:45:00;SAO SEBASTIAO DA BELA VISTA;Avarias e/ou desgaste excessivo no pneu;Tombamento;Com Vítimas Feridas;Pleno dia;Crescente;Céu Claro;Dupla;Reta;-22,229838;-45,876144
20/10/2023;09:40:00;FEIRA DE SANTANA;Ultrapassagem Indevida;Colisão transversal;Com Vítimas Feridas;Pleno dia;Crescente;Céu Claro;Simples;"Interseção de Vias;Reta";-12,24953308;-38,93362525
20/10/2023;09:50:00;UBATUBA;Pista Escorregadia;Tombamento;Com Vítimas Feridas;Pleno dia;Crescente;Garoa/Chuvisco;Simples;Rotatória;-23,41217537;-45,05739148
10/10/2023;17:40:00;UBERABA;Ultrapassagem Indevida;Colisão lateral mesmo sentido;Com Vítimas Feridas;Anoitecer;Crescente;Céu Claro;Dupla;Reta;-19,76051836;-48,04440502
09/10/2023;05:00:00;PALMEIRA;Chuva;Saída de leito carroçável;Com Vítimas Feridas;Amanhecer;Crescente;Chuva;Dupla;Reta;-25,353997;-49,836048
20/10/2023;08:50:00;RIO GRANDE;Velocidade Incompatível;Colisão com objeto;Com Vítimas Feridas;Pleno dia;Decrescente;Céu Claro;Dupla;Reta;-31,93715696;-52,31137473
20/10/2023;11:40:00;ANAPOLIS;Demais falhas mecânicas ou elétricas;Tombamento;Com Vítimas Feridas;Pleno dia;Decrescente;Céu Claro;Dupla;"Reta;Aclive";-16,298529;-48,928207
20/10/2023;12:20:00;RECIFE;Manobra de mudança de faixa;Colisão transversal;Com Vítimas Feridas;Pleno dia;Crescente;Céu Claro;Dupla;Reta;-8,05074296;-34,94580619
20/10/2023;13:45:00;CURITIBA;Pedestre andava na pista;Tombamento;Com Vítimas Feridas;Pleno dia;Crescente;Nublado;Dupla;Reta;-25,44638164;-49,23125397
20/10/2023;09:20:00;PRATA;Afundamento ou ondulação no pavimento;Saída de leito carroçável;Com Vítimas Feridas;Pleno dia;Decrescente;Céu Claro;Simples;Reta;-19,22857511;-48,9323534
20/10/2023;07:27:00;CANTA;Velocidade Incompatível;Saída de leito carroçável;Com Vítimas Feridas;Pleno dia;Decrescente;Céu Claro;Simples;Reta;2,67934367;-60,59680939
20/10/2023;14:20:00;BETIM;Ausência de reação do condutor;Tombamento;Com Vítimas Feridas;Pleno dia;Crescente;Sol;Dupla;Curva;-19,9551526;-44,0973666
20/10/2023;14:52:00;BARRA DO GARCAS;Manobra de mudança de faixa;Colisão lateral mesmo sentido;Com Vítimas Feridas;Pleno dia;Crescente;Céu Claro;Dupla;Reta;-15,87814789;-52,296134
20/10/2023;16:15:00;DUQUE DE CAXIAS;Manobra de mudança de faixa;Colisão lateral mesmo sentido;Com Vítimas Feridas;Pleno dia;Decrescente;Nublado;Dupla;Curva;-22,5554282;-43,25829998
20/10/2023;16:45:00;CONTAGEM;Ausência de reação do condutor;Tombamento;Com Vítimas Feridas;Pleno dia;Crescente;Nublado;Múltipla;Declive;-19,9605909;-44,0347104
20/10/2023;18:00:00;SAO MATEUS;Pista Escorregadia;Queda de ocupante de veículo;Com Vítimas Feridas;Plena Noite;Crescente;Chuva;Dupla;Reta;-18,7165195;-39,87436378
20/10/2023;17:30:00;CAXIAS DO SUL;Manobra de mudança de faixa;Colisão lateral mesmo sentido;Com Vítimas Feridas;Anoitecer;Crescente;Céu Claro;Dupla;Reta;-29,13484442;-51,13045692
20/10/2023;18:35:00;REGISTRO;Avarias e/ou desgaste excessivo no pneu;Tombamento;Com Vítimas Feridas;Pleno dia;Decrescente;Chuva;Múltipla;Reta;-24,47609886;-47,8273532
20/10/2023;17:55:00;ITAJAI;Manobra de mudança de faixa;Colisão lateral mesmo sentido;Com Vítimas Feridas;Anoitecer;Crescente;Nublado;Dupla;Reta;-26,9639319;-48,68328024
20/10/2023;18:20:00;IGARAPE;Chuva;Saída de leito carroçável;Com Vítimas Feridas;Plena Noite;Decrescente;Chuva;Múltipla;Reta;-20,09239724;-44,31458341
16/10/2023;14:45:00;RIO DO SUL;Manobra de mudança de faixa;Colisão transversal;Com Vítimas Feridas;Pleno dia;Decrescente;Garoa/Chuvisco;Dupla;"Interseção de Vias;Reta";-27,217564;-49,65461