data_inversa;horario;municipio;causa_acidente;tipo_acidente;classificacao_acidente;fase_dia;sentido_via;condicao_metereologica;tipo_pista;tracado_via;latitude;longitude
20/10/2023;19:00:00;CURITIBA;Manobra de mudança de faixa;Colisão traseira;Com Vítimas Feridas;Pleno dia;Decrescente;Nublado;Dupla;Reta;-25,46223698;-49,21880364
20/10/2023;17:45:00;ESTIVA;Velocidade Incompatível;Capotamento;Com Vítimas Feridas;Anoitecer;Decrescente;Chuva;Dupla;Curva;-22,43770088;-45,98375212
20/10/2023;17:20:00;GOIANIA;Iluminação deficiente;Colisão traseira;Com Vítimas Feridas;Pleno dia;Crescente;Céu Claro;Dupla;Reta;-16,71121628;-49,35532272
20/10/2023;16:00:00;MESSIAS;Chuva;Capotamento;Com Vítimas Feridas;Pleno dia;Crescente;Chuva;Dupla;Curva;-9,283372;-35,802928
20/10/2023;20:00:00;SAO JOSE DOS PINHAIS;Iluminação deficiente;Queda de ocupante de veículo;Com Vítimas Feridas;Plena Noite;Crescente;Nublado;Simples;Reta;-25,61783292;-49,1690968
20/10/2023;19:00:00;TAUBATE;Velocidade Incompatível;Colisão traseira;Com Vítimas Feridas;Plena Noite;Crescente;Garoa/Chuvisco;Dupla;"Reta;Aclive";-23,01791287;-45,53009409
20/10/2023;20:30:00;ITAJAI;Manobra de mudança de faixa;Colisão lateral mesmo sentido;Com Vítimas Feridas;Plena Noite;Decrescente;Nublado;Múltipla;Reta;-26,912758;-48,711998
20/10/2023;22:20:00;ITAJAI;Manobra de mudança de faixa;Colisão lateral mesmo sentido;Com Vítimas Feridas;Plena Noite;Decrescente;Céu Claro;Simples;Reta;-26,88747187;-48,72252969
20/10/2023;17:50:00;BENTO GONCALVES;Manobra de mudança de faixa;Colisão traseira;Com Vítimas Feridas;Pleno dia;Crescente;Céu Claro;Dupla;Curva;-29,08303999;-51,56096429
20/10/2023;21:05:00;BOA VISTA;Ingestão de álcool pelo condutor;Tombamento;Com Vítimas Feridas;Plena Noite;Decrescente;Céu Claro;Simples;"Reta;Ponte";2,83410818;-60,5854182
20/10/2023;22:41:00;CAJATI;Chuva;Capotamento;Sem Vítimas;Plena Noite;Decrescente;Garoa/Chuvisco;Dupla;Curva;-24,87423036;-48,2190838
21/09/2023;21:28:00;MESSIAS;Acumulo de óleo sobre o pavimento;Saída de leito carroçável;Sem Vítimas;Plena Noite;Crescente;Nublado;Dupla;Curva;-9,2726282;-35,79226676
21/10/2023;01:00:00;COLOMBO;Manobra de mudança de faixa;Colisão transversal;Sem Vítimas;Plena Noite;Crescente;Céu Claro;Dupla;Reta;-25,3708;-49,1246
21/10/2023;02:00:00;PEDRO CANARIO;Reação tardia ou ineficiente do condutor;Tombamento;Com Vítimas Feridas;Plena Noite;Crescente;Céu Claro;Simples;Curva;-18,28229192;-39,95687688
20/10/2023;21:45:00;CARMO DA CACHOEIRA;Chuva;Colisão traseira;Com Vítimas Feridas;Plena Noite;Decrescente;Chuva;Dupla;"Curva;Declive";-21,49216998;-45,21046112
21/10/2023;04:15:00;INDAIAL;Manobra de mudança de faixa;Colisão transversal;Com Vítimas Feridas;Plena Noite;Decrescente;Garoa/Chuvisco;Simples;Reta;-26,870411;-49,211864
21/10/2023;04:21:00;TANGUA;Manobra de mudança de faixa;Colisão lateral mesmo sentido;Com Vítimas Feridas;Plena Noite;Decrescente;Céu Claro;Dupla;Reta;-22,7383655;-42,76745405
21/10/2023;01:00:00;SANTA MARIA;Velocidade Incompatível;Queda de ocupante de veículo;Com Vítimas Feridas;Plena Noite;Decrescente;Nublado;Dupla;"Reta;Em Obras";-29,71347589;-53,8070333
20/10/2023;23:30:00;BOA VISTA;Acumulo de areia ou detritos sobre o pavimento;Colisão com objeto;Sem Vítimas;Plena Noite;Decrescente;Garoa/Chuvisco;Simples;Reta;2,88055;-60,698753
21/10/2023;04:45:00;CAMPO GRANDE;Falta de elemento de contenção que evite a saída do leito carroçável;Saída de leito carroçável;Sem Vítimas;Amanhecer;Crescente;Céu Claro;Simples;Reta;-20,35985581;-54,52552831
21/10/2023;07:15:00;MACAPA;Manobra de mudança de faixa;Colisão lateral mesmo sentido;Com Vítimas Feridas;Amanhecer;Decrescente;Céu Claro;Dupla;Reta;0,09828163;-51,11978128
21/10/2023;06:50:00;CURITIBA;Velocidade Incompatível;Colisão lateral mesmo sentido;Sem Vítimas;Amanhecer;Decrescente;Nublado;Dupla;"Reta;Aclive";-25,55122256;-49,30503748
21/10/2023;07:00:00;POUSO ALEGRE;Reação tardia ou ineficiente do condutor;Tombamento;Com Vítimas Feridas;Pleno dia;Decrescente;Céu Claro;Dupla;Reta;-22,32871415;-45,91398482
21/10/2023;07:50:00;CEDRO DE SAO JOAO;Velocidade Incompatível;Tombamento;Com Vítimas Feridas;Pleno dia;Crescente;Nublado;Dupla;Curva;-10,26375274;-36,86557237
21/10/2023;06:30:00;PALMEIRAS;Velocidade Incompatível;Saída de leito carroçável;Com Vítimas Feridas;Pleno dia;Decrescente;Nublado;Simples;Curva;-12,43858813;-41,51390076
21/10/2023;08:20:00;BRASILIA;Manobra de mudança de faixa;Colisão traseira;Com Vítimas Feridas;Pleno dia;Decrescente;Céu Claro;Dupla;Reta;-15,802453;-48,080387
21/10/2023;08:00:00;BALNEARIO CAMBORIU;Ausência de reação do condutor;Tombamento;Com Vítimas Feridas;Pleno dia;Crescente;Céu Claro;Dupla;Reta;-26,97284292;-48,68299451
21/10/2023;10:15:00;CURITIBA;Trafegar com motocicleta (ou similar) entre as faixas;Tombamento;Sem Vítimas;Pleno dia;Crescente;Nublado;Dupla;Curva;-25,542501;-49,313011
21/10/2023;11:00:00;CACAPAVA;Reação tardia ou ineficiente do condutor;Tombamento;Com Vítimas Feridas;Pleno dia;Crescente;Céu Claro;Dupla;Reta;-23,10991026;-45,70246044
21/10/2023;13:20:00;IBATIBA;Condutor Dormindo;Tombamento;Com Vítimas Feridas;Pleno dia;Decrescente;Nublado;Simples;Curva;-20,22016792;-41,44902751
21/10/2023;11:40:00;PETROLINA;Manobra de mudança de faixa;Colisão traseira;Com Vítimas Feridas;Pleno dia;Decrescente;Céu Claro;Simples;Reta;-9,24429991;-40,42112617
21/10/2023;12:26:00;EXTREMOZ;Fumaça;Colisão traseira;Com Vítimas Feridas;Pleno dia;Crescente;Céu Claro;Simples;Reta;-5,66628678;-35,25303617
21/10/2023;12:20:00;DOMINGOS MARTINS;Chuva;Saída de leito carroçável;Com Vítimas Feridas;Pleno dia;Decrescente;Chuva;Simples;Curva;-20,374156;-40,585466
21/10/2023;14:40:00;VALPARAISO DE GOIAS;Manobra de mudança de faixa;Colisão lateral mesmo sentido;Com Vítimas Feridas;Pleno dia;Decrescente;Céu Claro;Dupla;Reta;-16,076081;-47,985671
21/10/2023;16:00:00;ARUJA;Manobra de mudança de faixa;Capotamento;Com Vítimas Feridas;Pleno dia;Decrescente;Nublado;Dupla;Reta;-23,40281294;-46,3211
21/10/2023;15:15:00;JI-PARANA;Transitar no Acostamento;Tombamento;Com Vítimas Feridas;Pleno dia;Decrescente;Céu Claro;Simples;Reta;-10,799147;-62,02713
21/10/2023;16:50:00;BRASILIA;Pista Escorregadia;Queda de ocupante de veículo;Com Vítimas Feridas;Pleno dia;Crescente;Chuva;Dupla;Reta;-15,985532;-47,987747
21/10/2023;18:00:00;ITABAIANA;Demais falhas na via;Queda de ocupante de veículo;Com Vítimas Feridas;Plena Noite;Decrescente;Céu Claro;Simples;"Reta;Em Obras";-10,693279;-37,437557
21/10/2023;17:00:00;PARA DE MINAS;Velocidade Incompatível;Capotamento;Com Vítimas Feridas;Pleno dia;Crescente;Sol;Dupla;Curva;-19,89743381;-44,56208695
21/10/2023;15:35:00;RODEIO;Velocidade Incompatível;Colisão com objeto;Com Vítimas Feridas;Pleno dia;Crescente;Céu Claro;Simples;"Declive;Ponte;Curva";-26,94818229;-49,31863546
21/10/2023;19:50:00;MUZAMBINHO;Avarias e/ou desgaste excessivo no pneu;Tombamento;Com Vítimas Feridas;Plena Noite;Crescente;Céu Claro;Simples;Reta;-21,358645;-46,499373
21/10/2023;18:50:00;RODEIO;Velocidade Incompatível;Saída de leito carroçável;Com Vítimas Feridas;Plena Noite;Crescente;Céu Claro;Simples;Curva;-26,958838;-49,324978
21/10/2023;20:30:00;MEDICILANDIA;Ausência de reação do condutor;Tombamento;Com Vítimas Feridas;Plena Noite;Crescente;Céu Claro;Simples;Reta;-3,38144191;-52,67258005
21/10/2023;21:15:00;UBERLANDIA;Velocidade Incompatível;Colisão traseira;Com Vítimas Feridas;Plena Noite;Crescente;Céu Claro;Dupla;Reta;-18,9113;-48,2622
21/10/2023;21:00:00;MASCOTE;Chuva;Saída de leito carroçável;Sem Vítimas;Plena Noite;Crescente;Chuva;Simples;Curva;-15,858785;-39,520394
21/10/2023;23:30:00;FOZ DO IGUACU;Velocidade Incompatível;Colisão traseira;Sem Vítimas;Plena Noite;Crescente;Céu Claro;Dupla;Reta;-25,51017487;-54,56454899
21/10/2023;23:40:00;ITATIAIA;Iluminação deficiente;Atropelamento de Pedestre;Com Vítimas Feridas;Plena Noite;Decrescente;Garoa/Chuvisco;Dupla;Reta;-22,46708478;-44,50067002
22/10/2023;01:30:00;ICONHA;Acumulo de água sobre o pavimento;Colisão com objeto;Com Vítimas Feridas;Plena Noite;Crescente;Chuva;Simples;Reta;-20,76871121;-40,75999937
22/10/2023;04:10:00;CONGONHAL;Velocidade Incompatível;Saída de leito carroçável;Com Vítimas Feridas;Plena Noite;Decrescente;Céu Claro;Simples;"Curva;Declive";-22,17944;-45,995041
22/10/2023;03:30:00;CARUARU;Demais falhas na via;Tombamento;Com Vítimas Feridas;Plena Noite;Crescente;Céu Claro;Dupla;Reta;-8,2970005;-35,86666391
22/10/2023;00:30:00;SAO JOAO DO MANHUACU;Ultrapassagem Indevida;Colisão frontal;Com Vítimas Fatais;Plena Noite;Crescente;Chuva;Simples;Reta;-20,42881501;-42,16258798
22/10/2023;05:55:00;CONCEICAO DO JACUIPE;Manobra de mudança de faixa;Colisão lateral mesmo sentido;Com Vítimas Feridas;Pleno dia;Crescente;Céu Claro;Dupla;Reta;-12,36277692;-38,82187583
22/10/2023;05:30:00;TEOFILO OTONI;Velocidade Incompatível;Saída de leito carroçável;Com Vítimas Feridas;Amanhecer;Decrescente;Garoa/Chuvisco;Simples;"Reta;Declive";-17,780375;-41,500238
21/10/2023;20:45:00;PONTA PORA;Iluminação deficiente;Saída de leito carroçável;Sem Vítimas;Plena Noite;Crescente;Ignorado;Simples;Reta;-22,59656312;-55,66536809
22/10/2023;02:30:00;ABRE CAMPO;Sinalização mal posicionada;Colisão com objeto;Com Vítimas Feridas;Plena Noite;Decrescente;Céu Claro;Simples;Curva;-20,295544;-42,48012
22/10/2023;09:00:00;MAIRIPORA;Velocidade Incompatível;Colisão com objeto;Com Vítimas Feridas;Pleno dia;Decrescente;Sol;Dupla;Curva;-23,35047979;-46,55267274
22/10/2023;09:00:00;JUATUBA;Velocidade Incompatível;Queda de ocupante de veículo;Com Vítimas Feridas;Pleno dia;Decrescente;Céu Claro;Dupla;Curva;-19,95241506;-44,37342001
22/10/2023;10:00:00;CORUMBA DE GOIAS;Velocidade Incompatível;Colisão com objeto;Com Vítimas Feridas;Pleno dia;Crescente;Céu Claro;Simples;"Curva;Aclive";-15,9070339;-48,8011153
22/10/2023;10:30:00;CABEDELO;Reação tardia ou ineficiente do condutor;Tombamento;Com Vítimas Feridas;Pleno dia;Crescente;Céu Claro;Múltipla;Reta;-7,026;-34,8385
22/10/2023;10:40:00;SENADOR JOSE BENTO;Velocidade Incompatível;Saída de leito carroçável;Com Vítimas Feridas;Pleno dia;Decrescente;Céu Claro;Simples;"Curva;Aclive";-22,13155665;-46,17406022
22/10/2023;08:30:00;CAMANDUCAIA;Velocidade Incompatível;Colisão com objeto;Com Vítimas Feridas;Pleno dia;Decrescente;Nublado;Dupla;Curva;-22,76088136;-46,16839539
22/10/2023;11:00:00;SERRA TALHADA;Reação tardia ou ineficiente do condutor;Tombamento;Com Vítimas Feridas;Pleno dia;Decrescente;Céu Claro;Simples;Curva;-7,981944;-38,289467
22/10/2023;11:00:00;PIRATINI;Chuva;Saída de leito carroçável;Com Vítimas Feridas;Pleno dia;Decrescente;Chuva;Simples;"Curva;Aclive";-31,67198885;-53,10479785
22/10/2023;11:50:00;ITABAIANA;Acostamento em desnível;Tombamento;Com Vítimas Feridas;Pleno dia;Crescente;Nublado;Simples;Reta;-10,693279;-37,437557
22/10/2023;13:00:00;BIGUACU;Manobra de mudança de faixa;Colisão lateral mesmo sentido;Com Vítimas Feridas;Pleno dia;Crescente;Céu Claro;Dupla;Reta;-27,52658712;-48,63506019
22/10/2023;13:00:00;MORRO REUTER;Reação tardia ou ineficiente do condutor;Tombamento;Com Vítimas Feridas;Pleno dia;Decrescente;Céu Claro;Simples;Reta;-29,49054405;-51,15281582
22/10/2023;14:20:00;BOA VISTA;Manobra de mudança de faixa;Colisão lateral mesmo sentido;Com Vítimas Feridas;Pleno dia;Crescente;Sol;Simples;Reta;2,72078;-60,823662
22/10/2023;15:30:00;QUEIMADOS;Manobra de mudança de faixa;Colisão lateral mesmo sentido;Com Vítimas Feridas;Pleno dia;Decrescente;Céu Claro;Dupla;Reta;-22,73711632;-43,53793909
22/10/2023;14:25:00;VOLTA REDONDA;Ultrapassagem Indevida;Colisão lateral mesmo sentido;Com Vítimas Feridas;Pleno dia;Decrescente;Céu Claro;Simples;Reta;-22,47449251;-44,05723572
22/10/2023;14:30:00;BETIM;Manobra de mudança de faixa;Colisão lateral mesmo sentido;Com Vítimas Feridas;Pleno dia;Decrescente;Céu Claro;Múltipla;Reta;-19,95749597;-44,07899901
22/10/2023;16:10:00;RECIFE;Demais falhas mecânicas ou elétricas;Tombamento;Com Vítimas Feridas;Pleno dia;Decrescente;Céu Claro;Dupla;Reta;-8,05951606;-34,94581024
22/10/2023;16:00:00;CORBELIA;Velocidade Incompatível;Saída de leito carroçável;Com Vítimas Feridas;Pleno dia;Crescente;Sol;Simples;Curva;-24,58160529;-53,16550255
22/10/2023;16:40:00;CANOAS;Demais falhas mecânicas ou elétricas;Tombamento;Com Vítimas Feridas;Pleno dia;Crescente;Céu Claro;Múltipla;Reta;-29,95942501;-51,17608515
22/10/2023;13:50:00;PIRATINI;Velocidade Incompatível;Saída de leito carroçável;Com Vítimas Feridas;Pleno dia;Decrescente;Chuva;Simples;"Curva;Declive";-31,68103917;-53,05498213
22/10/2023;17:00:00;SEVERIANO DE ALMEIDA;Manobra de mudança de faixa;Colisão traseira;Sem Vítimas;Pleno dia;Crescente;Céu Claro;Simples;Reta;-27,45084775;-52,08195625
22/10/2023;17:24:00;RECIFE;Manobra de mudança de faixa;Colisão transversal;Com Vítimas Feridas;Plena Noite;Decrescente;Céu Claro;Dupla;Reta;-8,07497;-34,967732
22/10/2023;16:50:00;BETIM;Manobra de mudança de faixa;Colisão transversal;Com Vítimas Feridas;Pleno dia;Decrescente;Céu Claro;Dupla;"Retorno Regulamentado;Curva";-19,98332234;-44,20214426
22/10/2023;17:30:00;SALVADOR;Manobra de mudança de faixa;Colisão lateral mesmo sentido;Com Vítimas Feridas;Anoitecer;Decrescente;Céu Claro;Múltipla;Reta;-12,8860325;-38,43806469
22/10/2023;18:20:00;ANGRA DOS REIS;Velocidade Incompatível;Colisão lateral mesmo sentido;Com Vítimas Feridas;Plena Noite;Crescente;Céu Claro;Dupla;"Reta;Declive";-22,98573526;-44,29709764
22/10/2023;19:15:00;BETIM;Afundamento ou ondulação no pavimento;Queda de ocupante de veículo;Com Vítimas Feridas;Plena Noite;Crescente;Céu Claro;Múltipla;Reta;-19,97490091;-44,19004301
22/10/2023;17:30:00;PONTA PORA;Ultrapassagem Indevida;Colisão traseira;Sem Vítimas;Pleno dia;Crescente;Céu Claro;Dupla;Reta;-22,59094101;-55,67301101
22/10/2023;19:30:00;PROMISSAO;Reação tardia ou ineficiente do condutor;Tombamento;Com Vítimas Feridas;Plena Noite;Decrescente;Céu Claro;Simples;Reta;-21,33649697;-49,79200014
22/10/2023;19:07:00;INHUMA;Ultrapassagem Indevida;Colisão frontal;Com Vítimas Fatais;Plena Noite;Crescente;Céu Claro;Simples;"Reta;Aclive";-6,62513102;-41,72188019
22/10/2023;19:00:00;NAVEGANTES;Ausência de reação do condutor;Tombamento;Com Vítimas Feridas;Plena Noite;Decrescente;Nublado;Dupla;Em Obras;-26,875383;-48,668285
22/10/2023;20:00:00;LAGOA SECA;Manobra de mudança de faixa;Colisão lateral mesmo sentido;Com Vítimas Feridas;Plena Noite;Decrescente;Céu Claro;Simples;Reta;-7,172018;-35,85983397
22/10/2023;21:51:00;VALPARAISO DE GOIAS;Manobra de mudança de faixa;Colisão lateral mesmo sentido;Com Vítimas Feridas;Plena Noite;Decrescente;Céu Claro;Dupla;Reta;-16,085241;-47,986752
22/10/2023;21:20:00;CUNHA PORA;Velocidade Incompatível;Saída de leito carroçável;Com Vítimas Feridas;Plena Noite;Decrescente;Nublado;Simples;Curva;-26,85293519;-53,16889316
22/10/2023;21:00:00;POUSO ALEGRE;Velocidade Incompatível;Colisão frontal;Com Vítimas Fatais;Plena Noite;Crescente;Céu Claro;Simples;"Curva;Declive";-22,191903;-45,979686
22/10/2023;22:30:00;PALHOCA;Velocidade Incompatível;Colisão com objeto;Sem Vítimas;Plena Noite;Decrescente;Nublado;Dupla;Reta;-27,77781898;-48,63489608
22/10/2023;22:05:00;ESTIVA;Demais falhas mecânicas ou elétricas;Tombamento;Com Vítimas Feridas;Plena Noite;Crescente;Nublado;Dupla;Reta;-22,46421508;-46,00859853
23/10/2023;06:40:00;SANTOS DUMONT;Velocidade Incompatível;Capotamento;Com Vítimas Feridas;Pleno dia;Decrescente;Chuva;Simples;Curva;-21,41562494;-43,56352376
23/10/2023;04:30:00;BREJETUBA;Velocidade Incompatível;Capotamento;Com Vítimas Feridas;Amanhecer;Decrescente;Céu Claro;Simples;Curva;-20,240876;-41,339102
22/10/2023;22:50:00;VARZEA GRANDE;Ultrapassagem Indevida;Colisão lateral sentido oposto;Com Vítimas Feridas;Plena Noite;Crescente;Nublado;Simples;"Reta;Em Obras";-15,66287489;-56,2262249
23/10/2023;07:30:00;CURITIBA;Manobra de mudança de faixa;Colisão traseira;Com Vítimas Feridas;Pleno dia;Decrescente;Nublado;Múltipla;Reta;-25,55585535;-49,30591982
30/08/2023;07:00:00;SALINAS;Ausência de reação do condutor;Tombamento;Com Vítimas Feridas;Pleno dia;Decrescente;Céu Claro;Simples;Curva;-16,19914104;-42,35270596
23/10/2023;07:50:00;GUARAMIRIM;Manobra de mudança de faixa;Colisão lateral mesmo sentido;Com Vítimas Feridas;Pleno dia;Crescente;Nublado;Dupla;Reta;-26,47415593;-49,021211
23/10/2023;08:00:00;NATAL;Manobra de mudança de faixa;Colisão lateral mesmo sentido;Com Vítimas Feridas;Pleno dia;Crescente;Céu Claro;Dupla;"Reta;Aclive";-5,84949622;-35,20890752
23/10/2023;08:10:00;FEIRA DE SANTANA;Demais falhas mecânicas ou elétricas;Tombamento;Com Vítimas Feridas;Pleno dia;Decrescente;Nublado;Dupla;Curva;-12,26789487;-38,9890272
23/10/2023;06:50:00;CONTAGEM;Manobra de mudança de faixa;Colisão lateral mesmo sentido;Com Vítimas Feridas;Pleno dia;Decrescente;Céu Claro;Dupla;Reta;-19,9643137;-44,04624939
05/10/2023;18:30:00;MANAUS;Reação tardia ou ineficiente do condutor;Tombamento;Com Vítimas Feridas;Plena Noite;Decrescente;Céu Claro;Dupla;Reta;-2,96448848;-60,02343676
23/10/2023;10:40:00;GUARULHOS;Problema com o freio;Tombamento;Com Vítimas Feridas;Pleno dia;Crescente;Sol;Múltipla;Reta;-23,48071896;-46,53271603
23/10/2023;09:00:00;SIMOES FILHO;Chuva;Tombamento;Com Vítimas Fatais;Pleno dia;Decrescente;Chuva;Dupla;Reta;-12,852438;-38,419262
03/09/2023;17:30:00;PRESIDENTE FIGUEIREDO;Ausência de reação do condutor;Tombamento;Com Vítimas Feridas;Anoitecer;Decrescente;Céu Claro;Simples;Reta;-1,82204531;-60,14011026
06/10/2023;19:00:00;CAREIRO DA VARZEA;Manobra de mudança de faixa;Colisão frontal;Sem Vítimas;Plena Noite;Crescente;Céu Claro;Simples;Reta;-3,20776193;-59,87058395
08/05/2023;06:50:00;ITAJAI;Ausência de reação do condutor;Tombamento;Com Vítimas Feridas;Pleno dia;Crescente;Céu Claro;Múltipla;Reta;-26,84589005;-48,72131295
23/10/2023;10:20:00;SAO PAULO;Ausência de reação do condutor;Tombamento;Com Vítimas Feridas;Pleno dia;Decrescente;Céu Claro;Dupla;Reta;-23,46885001;-46,56996601
23/10/2023;12:20:00;CARIACICA;Manobra de mudança de faixa;Colisão traseira;Com Vítimas Feridas;Pleno dia;Crescente;Céu Claro;Dupla;Curva;-20,28927747;-40,39181575
23/10/2023;11:40:00;RESENDE;Manobra de mudança de faixa;Colisão lateral mesmo sentido;Sem Vítimas;Pleno dia;Crescente;Céu Claro;Múltipla;Rotatória;-22,46086624;-44,44296321
23/10/2023;07:50:00;CORBELIA;Ultrapassagem Indevida;Colisão frontal;Com Vítimas Fatais;Pleno dia;Decrescente;Céu Claro;Simples;"Curva;Aclive";-24,582504;-53,159428
03/10/2023;19:00:00;ENTRE RIOS;Sinalização mal posicionada;Capotamento;Com Vítimas Feridas;Plena Noite;Decrescente;Céu Claro;Dupla;Reta;-11,96818251;-38,17188685
23/10/2023;14:40:00;CANINDE;Acostamento em desnível;Queda de ocupante de veículo;Com Vítimas Feridas;Pleno dia;Decrescente;Céu Claro;Simples;Reta;-4,28533098;-39,24357503
13/09/2023;18:50:00;CAXIAS DO SUL;Pista Escorregadia;Capotamento;Com Vítimas Feridas;Plena Noite;Decrescente;Chuva;Dupla;Curva;-29,18086891;-51,16538709
23/10/2023;15:10:00;SANTA MARIA DO PARA;Acumulo de areia ou detritos sobre o pavimento;Tombamento;Com Vítimas Feridas;Pleno dia;Decrescente;Céu Claro;Simples;"Reta;Interseção de Vias";-1,33883688;-47,58247375
06/03/2023;17:00:00;JANDAIA DO SUL;Redutor de velocidade em desacordo;Colisão transversal;Com Vítimas Feridas;Pleno dia;Crescente;Ignorado;Simples;Interseção de Vias;-23,59717604;-51,615043
23/10/2023;15:15:00;COLATINA;Pista Escorregadia;Queda de ocupante de veículo;Com Vítimas Feridas;Pleno dia;Crescente;Céu Claro;Simples;Reta;-19,5315965;-40,58047635
23/10/2023;16:22:00;FORTALEZA;Manobra de mudança de faixa;Colisão traseira;Com Vítimas Feridas;Pleno dia;Decrescente;Céu Claro;Dupla;Reta;-3,84394724;-38,49891546
23/10/2023;17:00:00;SAO MATEUS;Ultrapassagem Indevida;Colisão frontal;Com Vítimas Fatais;Anoitecer;Crescente;Céu Claro;Simples;Reta;-18,83616999;-39,91775501
23/10/2023;14:50:00;GRAVATA;Manobra de mudança de faixa;Colisão lateral mesmo sentido;Com Vítimas Feridas;Pleno dia;Decrescente;Céu Claro;Simples;Reta;-8,19579864;-35,56962305
23/10/2023;17:51:00;EUSEBIO;Manobra de mudança de faixa;Colisão lateral mesmo sentido;Com Vítimas Feridas;Pleno dia;Decrescente;Céu Claro;Dupla;Reta;-3,90496605;-38,50518756
23/10/2023;14:30:00;CARMOPOLIS DE MINAS;Velocidade Incompatível;Saída de leito carroçável;Com Vítimas Feridas;Pleno dia;Decrescente;Sol;Dupla;"Curva;Declive";-20,50796117;-44,61144676
01/09/2023;18:30:00;CACHOEIRINHA;Reação tardia ou ineficiente do condutor;Tombamento;Com Vítimas Feridas;Plena Noite;Decrescente;Céu Claro;Múltipla;Reta;-29,959141;-51,088791
23/10/2023;18:30:00;CURITIBA;Manobra de mudança de faixa;Colisão lateral mesmo sentido;Com Vítimas Feridas;Anoitecer;Decrescente;Nublado;Dupla;Reta;-25,461098;-49,21973
15/10/2023;15:00:00;PRIMAVERA DO LESTE;Acostamento em desnível;Capotamento;Com Vítimas Feridas;Pleno dia;Crescente;Céu Claro;Simples;Reta;-15,5779072;-54,378496
23/10/2023;19:20:00;NOVA LIMA;Ausência de reação do condutor;Tombamento;Com Vítimas Feridas;Plena Noite;Decrescente;Céu Claro;Dupla;Reta;-20,14451602;-43,95966007
09/09/2023;15:55:00;BENTO GONCALVES;Ausência de reação do condutor;Tombamento;Com Vítimas Feridas;Pleno dia;Decrescente;Garoa/Chuvisco;Dupla;"Curva;Aclive";-29,18766358;-51,52142721
23/10/2023;21:30:00;ITAPEVA;Manobra de mudança de faixa;Colisão com objeto;Com Vítimas Feridas;Plena Noite;Crescente;Céu Claro;Dupla;"Reta;Interseção de Vias;Declive";-22,766637;-46,219803
23/10/2023;21:00:00;JOAO PESSOA;Acumulo de areia ou detritos sobre o pavimento;Tombamento;Com Vítimas Feridas;Plena Noite;Decrescente;Céu Claro;Dupla;"Reta;Em Obras";-7,15348359;-34,90811348
23/10/2023;22:32:00;NATAL;Acumulo de areia ou detritos sobre o pavimento;Tombamento;Com Vítimas Feridas;Plena Noite;Crescente;Céu Claro;Dupla;"Retorno Regulamentado;Curva";-5,87359183;-35,22063023
24/10/2023;05:00:00;HORIZONTE;Velocidade Incompatível;Atropelamento de Pedestre;Com Vítimas Feridas;Pleno dia;Crescente;Nublado;Dupla;"Reta;Declive";-4,09496999;-38,50351984
24/10/2023;07:35:00;LINHARES;Objeto estático sobre o leito carroçável;Tombamento;Com Vítimas Feridas;Pleno dia;Crescente;Nublado;Dupla;Reta;-19,36990998;-40,06560718
24/10/2023;08:30:00;JABOATAO DOS GUARARAPES;Falta de elemento de contenção que evite a saída do leito carroçável;Saída de leito carroçável;Com Vítimas Feridas;Pleno dia;Decrescente;Céu Claro;Dupla;Reta;-8,07764447;-34,97863609
20/08/2023;11:40:00;CAREACU;Velocidade Incompatível;Saída de leito carroçável;Com Vítimas Fatais;Pleno dia;Decrescente;Chuva;Dupla;"Curva;Declive";-22,00563628;-45,67561926
22/10/2023;18:50:00;ARUJA;Iluminação deficiente;Eventos atípicos;Com Vítimas Feridas;Plena Noite;Crescente;Céu Claro;Dupla;Curva;-23,39721625;-46,29284287
24/10/2023;10:45:00;BETIM;Manobra de mudança de faixa;Colisão traseira;Com Vítimas Feridas;Pleno dia;Crescente;Céu Claro;Múltipla;Reta;-19,97670801;-44,19962698
24/10/2023;11:30:00;CANOAS;Reação tardia ou ineficiente do condutor;Tombamento;Com Vítimas Feridas;Pleno dia;Decrescente;Céu Claro;Dupla;Reta;-29,90545398;-51,17674031
24/10/2023;11:40:00;SERRA;Reação tardia ou ineficiente do condutor;Tombamento;Com Vítimas Feridas;Pleno dia;Crescente;Céu Claro;Múltipla;Reta;-20,1572331;-40,27678329
17/09/2023;21:20:00;PATOS;Velocidade Incompatível;Colisão traseira;Com Vítimas Fatais;Plena Noite;Crescente;Céu Claro;Simples;Reta;-7,03750454;-37,3199449
24/10/2023;10:20:00;JOINVILLE;Reação tardia ou ineficiente do condutor;Tombamento;Com Vítimas Feridas;Pleno dia;Crescente;Céu Claro;Dupla;Reta;-26,30357106;-48,88225609
24/10/2023;12:35:00;CAMPO MOURAO;Pista Escorregadia;Saída de leito carroçável;Sem Vítimas;Pleno dia;Decrescente;Chuva;Simples;Reta;-24,0928;-52,4229
24/10/2023;14:20:00;CATALAO;Acumulo de água sobre o pavimento;Saída de leito carroçável;Com Vítimas Feridas;Pleno dia;Crescente;Chuva;Dupla;"Curva;Aclive";-18,2476;-47,9941