data_inversa;horario;municipio;causa_acidente;tipo_acidente;classificacao_acidente;fase_dia;sentido_via;condicao_metereologica;tipo_pista;tracado_via;latitude;longitude
28/10/2023;11:00:00;TIJUCAS;Velocidade Incompatível;Saída de leito carroçável;Com Vítimas Feridas;Pleno dia;Decrescente;Chuva;Dupla;Reta;-27,25872119;-48,6314857
28/10/2023;19:30:00;CONGONHAS;Falta de acostamento;Atropelamento de Pedestre;Com Vítimas Feridas;Plena Noite;Crescente;Chuva;Simples;Reta;-20,528779;-43,824819
28/10/2023;07:05:00;IMPERATRIZ;Acumulo de areia ou detritos sobre o pavimento;Tombamento;Com Vítimas Feridas;Pleno dia;Crescente;Sol;Simples;Reta;-5,490634;-47,471973
28/10/2023;20:05:00;RONDONOPOLIS;Pista Escorregadia;Tombamento;Com Vítimas Feridas;Plena Noite;Decrescente;Céu Claro;Dupla;Reta;-16,49612525;-54,63849716
28/10/2023;18:43:00;PALMAS;Chuva;Colisão traseira;Com Vítimas Feridas;Plena Noite;Decrescente;Chuva;Múltipla;Reta;-10,20499186;-48,16363986
28/10/2023;21:30:00;ALVORADA;Ultrapassagem Indevida;Colisão lateral mesmo sentido;Com Vítimas Feridas;Plena Noite;Decrescente;Céu Claro;Simples;"Reta;Declive";-12,38391;-49,13674
28/10/2023;21:30:00;CABEDELO;Ausência de reação do condutor;Tombamento;Com Vítimas Feridas;Plena Noite;Crescente;Céu Claro;Dupla;"Reta;Em Obras";-7,0433;-34,8466
28/10/2023;15:00:00;IBIRAMA;Chuva;Atropelamento de Pedestre;Com Vítimas Fatais;Pleno dia;Decrescente;Chuva;Simples;"Curva;Declive";-27,09598072;-49,52735424
28/10/2023;22:00:00;TAUBATE;Ausência de reação do condutor;Tombamento;Com Vítimas Feridas;Plena Noite;Crescente;Céu Claro;Dupla;Reta;-23,03412614;-45,5526999
28/10/2023;22:30:00;INDAIAL;Ausência de reação do condutor;Tombamento;Com Vítimas Feridas;Plena Noite;Decrescente;Chuva;Dupla;Reta;-26,883745;-49,246704
28/10/2023;20:00:00;FRUTAL;Velocidade Incompatível;Colisão com objeto;Com Vítimas Feridas;Anoitecer;Crescente;Garoa/Chuvisco;Simples;"Reta;Rotatória";-20,07281424;-49,07299961
28/10/2023;21:40:00;CACOAL;Reação tardia ou ineficiente do condutor;Tombamento;Com Vítimas Feridas;Plena Noite;Crescente;Céu Claro;Simples;"Reta;Declive";-11,44341056;-61,44672787
29/10/2023;00:20:00;CONCEICAO DO JACUIPE;Velocidade Incompatível;Capotamento;Sem Vítimas;Plena Noite;Crescente;Céu Claro;Dupla;Curva;-12,35551436;-38,782478
28/10/2023;22:00:00;FLOR DA SERRA DO SUL;Velocidade Incompatível;Saída de leito carroçável;Com Vítimas Feridas;Plena Noite;Crescente;Chuva;Simples;Curva;-26,25026574;-53,33540044
28/10/2023;23:40:00;CAARAPO;Ultrapassagem Indevida;Colisão lateral mesmo sentido;Com Vítimas Feridas;Plena Noite;Crescente;Nublado;Simples;"Interseção de Vias;Reta";-22,63547511;-54,81721759
29/10/2023;02:15:00;ABADIA DE GOIAS;Velocidade Incompatível;Saída de leito carroçável;Sem Vítimas;Plena Noite;Crescente;Céu Claro;Dupla;Reta;-16,76501784;-49,46966754
29/10/2023;03:20:00;SANTO ESTEVAO;Velocidade Incompatível;Saída de leito carroçável;Com Vítimas Feridas;Plena Noite;Crescente;Céu Claro;Dupla;Reta;-12,48054442;-39,3110698
29/10/2023;02:20:00;SALTO GRANDE;Iluminação deficiente;Colisão traseira;Com Vítimas Feridas;Plena Noite;Crescente;Céu Claro;Simples;Reta;-22,890502;-49,88958063
29/10/2023;04:23:00;PAULISTANA;Ausência de reação do condutor;Tombamento;Com Vítimas Feridas;Plena Noite;Decrescente;Céu Claro;Simples;Reta;-8,23504908;-41,06658917
29/10/2023;05:50:00;PARAOPEBA;Ausência de reação do condutor;Tombamento;Com Vítimas Feridas;Amanhecer;Decrescente;Céu Claro;Dupla;Reta;-19,28815;-44,392
29/10/2023;06:15:00;BIGUACU;Ausência de reação do condutor;Tombamento;Com Vítimas Feridas;Pleno dia;Decrescente;Nublado;Dupla;Reta;-27,42536644;-48,62437248
29/10/2023;03:40:00;CACERES;Velocidade Incompatível;Colisão traseira;Com Vítimas Feridas;Amanhecer;Crescente;Céu Claro;Simples;Reta;-16,10349933;-57,67712188
29/10/2023;06:50:00;CAPIVARI DE BAIXO;Manobra de mudança de faixa;Colisão lateral mesmo sentido;Sem Vítimas;Amanhecer;Decrescente;Céu Claro;Múltipla;"Reta;Aclive";-28,43648094;-48,95989307
29/10/2023;07:45:00;ITAJAI;Pista Escorregadia;Tombamento;Com Vítimas Feridas;Pleno dia;Decrescente;Chuva;Dupla;Reta;-26,87905605;-48,72603512
10/07/2023;01:00:00;CAETE;Velocidade Incompatível;Tombamento;Com Vítimas Feridas;Plena Noite;Crescente;Ignorado;Dupla;Curva;-19,75644501;-43,63185883
29/10/2023;11:05:00;GUAPIMIRIM;Velocidade Incompatível;Colisão frontal;Com Vítimas Feridas;Pleno dia;Crescente;Nublado;Simples;Curva;-22,48408668;-42,99547577
29/10/2023;11:10:00;ARAUCARIA;Manobra de mudança de faixa;Saída de leito carroçável;Com Vítimas Feridas;Pleno dia;Crescente;Chuva;Dupla;Reta;-25,554628;-49,339268
29/10/2023;10:15:00;SANTAREM;Demais falhas mecânicas ou elétricas;Tombamento;Com Vítimas Feridas;Pleno dia;Crescente;Céu Claro;Simples;"Declive;Curva";-2,49783536;-54,73382218
29/10/2023;13:00:00;SAO JOSE;Manobra de mudança de faixa;Colisão traseira;Com Vítimas Feridas;Pleno dia;Decrescente;Céu Claro;Múltipla;Reta;-27,61515409;-48,64395261
29/10/2023;13:00:00;MARINGA;Velocidade Incompatível;Colisão com objeto;Com Vítimas Feridas;Pleno dia;Crescente;Nublado;Dupla;Reta;-23,41595855;-51,92226484
29/10/2023;13:20:00;PALMAS;Velocidade Incompatível;Saída de leito carroçável;Com Vítimas Feridas;Pleno dia;Decrescente;Céu Claro;Múltipla;Reta;-10,2241606;-48,1711112
29/10/2023;10:10:00;RIO DE JANEIRO;Pista Escorregadia;Saída de leito carroçável;Sem Vítimas;Pleno dia;Não Informado;Céu Claro;Dupla;Curva;-22,88688469;-43,60108316
29/10/2023;10:00:00;BRUNOPOLIS;Velocidade Incompatível;Saída de leito carroçável;Com Vítimas Fatais;Pleno dia;Crescente;Céu Claro;Simples;Reta;-27,318843;-50,767942
29/10/2023;13:39:00;ESTANCIA VELHA;Reação tardia ou ineficiente do condutor;Tombamento;Com Vítimas Feridas;Pleno dia;Decrescente;Céu Claro;Simples;"Curva;Aclive";-29,62743221;-51,13858608
29/10/2023;15:00:00;UBATUBA;Ausência de reação do condutor;Tombamento;Com Vítimas Feridas;Pleno dia;Crescente;Nublado;Simples;Reta;-23,4214462;-45,07170666
29/10/2023;17:10:00;DELMIRO GOUVEIA;Reação tardia ou ineficiente do condutor;Tombamento;Com Vítimas Feridas;Anoitecer;Decrescente;Céu Claro;Simples;Reta;-9,39859232;-38,17365983
29/10/2023;16:45:00;SANTO ANTONIO DO AMPARO;Velocidade Incompatível;Capotamento;Com Vítimas Feridas;Pleno dia;Decrescente;Chuva;Dupla;"Aclive;Curva";-20,98384831;-44,94479972
29/10/2023;18:15:00;MONTES CLAROS;Velocidade Incompatível;Capotamento;Com Vítimas Feridas;Anoitecer;Crescente;Céu Claro;Simples;"Reta;Declive";-16,87433198;-43,98487502
29/10/2023;09:50:00;PONTA GROSSA;Chuva;Saída de leito carroçável;Com Vítimas Feridas;Pleno dia;Crescente;Chuva;Dupla;Reta;-25,26550955;-49,95449282
29/10/2023;19:15:00;IRAUCUBA;Ultrapassagem Indevida;Colisão transversal;Com Vítimas Feridas;Plena Noite;Decrescente;Céu Claro;Simples;Reta;-3,75111608;-39,76402701
29/10/2023;18:10:00;APARECIDA;Chuva;Colisão lateral mesmo sentido;Com Vítimas Feridas;Plena Noite;Crescente;Chuva;Dupla;Reta;-22,84852898;-45,22705084
29/10/2023;17:46:00;ITABERABA;Ultrapassagem Indevida;Colisão frontal;Com Vítimas Feridas;Anoitecer;Crescente;Céu Claro;Simples;Curva;-12,51487091;-40,33051218
29/10/2023;21:10:00;LAJEADO;Afundamento ou ondulação no pavimento;Tombamento;Com Vítimas Feridas;Plena Noite;Crescente;Céu Claro;Múltipla;"Desvio Temporário;Em Obras";-29,443069;-51,984135
29/10/2023;17:10:00;NOVA IGUACU;Velocidade Incompatível;Colisão traseira;Com Vítimas Feridas;Anoitecer;Decrescente;Chuva;Múltipla;Reta;-22,73962339;-43,46276495
29/10/2023;20:30:00;CAPANEMA;Deficiência do Sistema de Iluminação/Sinalização;Colisão traseira;Com Vítimas Feridas;Plena Noite;Decrescente;Céu Claro;Simples;Reta;-1,23045296;-47,16186396
29/10/2023;21:00:00;DUQUE DE CAXIAS;Acumulo de água sobre o pavimento;Colisão traseira;Sem Vítimas;Plena Noite;Decrescente;Chuva;Múltipla;Reta;-22,67374628;-43,28638368
29/10/2023;19:50:00;CAMANDUCAIA;Acumulo de água sobre o pavimento;Saída de leito carroçável;Com Vítimas Feridas;Plena Noite;Crescente;Chuva;Dupla;"Curva;Declive";-22,76709023;-46,17890596
29/10/2023;18:30:00;MORRINHOS;Velocidade Incompatível;Saída de leito carroçável;Com Vítimas Feridas;Anoitecer;Crescente;Garoa/Chuvisco;Dupla;Reta;-17,8714;-49,2268
29/10/2023;19:45:00;ARIQUEMES;Reação tardia ou ineficiente do condutor;Tombamento;Com Vítimas Feridas;Plena Noite;Crescente;Céu Claro;Simples;Reta;-10,24639877;-62,72694195
29/10/2023;22:42:00;BRASILIA;Manobra de mudança de faixa;Colisão traseira;Sem Vítimas;Plena Noite;Crescente;Céu Claro;Dupla;Reta;-15,630189;-47,733288
29/10/2023;23:27:00;IGARASSU;Ultrapassagem Indevida;Colisão lateral mesmo sentido;Com Vítimas Feridas;Plena Noite;Crescente;Céu Claro;Dupla;Reta;-7,87406004;-34,90588126
29/10/2023;23:40:00;COLOMBO;Velocidade Incompatível;Colisão com objeto;Sem Vítimas;Plena Noite;Decrescente;Céu Claro;Dupla;"Declive;Interseção de Vias;Ponte";-25,3818;-49,1643
29/10/2023;22:30:00;TRES RIOS;Velocidade Incompatível;Colisão com objeto;Sem Vítimas;Plena Noite;Crescente;Chuva;Simples;Curva;-22,07485568;-43,03961024
29/10/2023;23:30:00;DUQUE DE CAXIAS;Chuva;Saída de leito carroçável;Com Vítimas Feridas;Plena Noite;Decrescente;Chuva;Múltipla;Reta;-22,79083113;-43,28611569
30/10/2023;00:00:00;MANGARATIBA;Pista Escorregadia;Saída de leito carroçável;Com Vítimas Feridas;Plena Noite;Crescente;Nublado;Simples;Curva;-22,93154625;-43,98133788
30/10/2023;01:20:00;SAO JOSE;Velocidade Incompatível;Colisão com objeto;Com Vítimas Feridas;Plena Noite;Decrescente;Nublado;Múltipla;Reta;-27,60001226;-48,6226467
30/10/2023;06:15:00;CAMPINA GRANDE;Ultrapassagem Indevida;Colisão lateral mesmo sentido;Com Vítimas Feridas;Pleno dia;Crescente;Céu Claro;Dupla;Curva;-7,27416069;-35,88878632
30/10/2023;07:30:00;BRASILIA;Manobra de mudança de faixa;Colisão lateral mesmo sentido;Com Vítimas Feridas;Pleno dia;Decrescente;Céu Claro;Dupla;Reta;-15,796144;-48,194225
30/10/2023;07:50:00;CURITIBA;Ultrapassagem Indevida;Colisão lateral mesmo sentido;Com Vítimas Feridas;Pleno dia;Crescente;Nublado;Dupla;Reta;-25,44587785;-49,23170507
30/10/2023;09:05:00;PORTO BELO;Manobra de mudança de faixa;Colisão lateral mesmo sentido;Com Vítimas Feridas;Pleno dia;Crescente;Nublado;Dupla;Retorno Regulamentado;-27,19096301;-48,61259017
30/10/2023;09:00:00;PASSO FUNDO;Chuva;Saída de leito carroçável;Com Vítimas Feridas;Pleno dia;Decrescente;Chuva;Simples;Declive;-28,269007;-52,610687
30/10/2023;09:45:00;ENTRE-IJUIS;Chuva;Saída de leito carroçável;Com Vítimas Feridas;Pleno dia;Crescente;Chuva;Simples;Reta;-28,374992;-54,227642
30/10/2023;09:45:00;BOM JESUS DO SUL;Ultrapassagem Indevida;Colisão transversal;Sem Vítimas;Pleno dia;Crescente;Nublado;Simples;Reta;-26,199508;-53,642652
21/10/2023;05:00:00;GUIA LOPES DA LAGUNA;Avarias e/ou desgaste excessivo no pneu;Tombamento;Com Vítimas Feridas;Amanhecer;Crescente;Céu Claro;Simples;Reta;-21,39729886;-56,03628159
30/10/2023;14:30:00;NOVA ITABERABA;Demais falhas na via;Colisão lateral mesmo sentido;Com Vítimas Feridas;Pleno dia;Decrescente;Chuva;Simples;Curva;-26,927135;-52,856205
04/01/2023;12:10:00;TERESINA;Manobra de mudança de faixa;Colisão transversal;Com Vítimas Feridas;Pleno dia;Crescente;Sol;Dupla;"Reta;Em Obras";-5,077812;-42,744255
30/10/2023;12:00:00;CORDILHEIRA ALTA;Ausência de sinalização;Colisão lateral mesmo sentido;Com Vítimas Feridas;Pleno dia;Decrescente;Chuva;Dupla;"Curva;Aclive";-26,986555;-52,60524
30/10/2023;17:30:00;PARATY;Pista Escorregadia;Colisão lateral mesmo sentido;Com Vítimas Feridas;Pleno dia;Decrescente;Chuva;Simples;Rotatória;-23,21978585;-44,73466957
30/10/2023;17:15:00;PORTO ALEGRE;Manobra de mudança de faixa;Colisão traseira;Com Vítimas Feridas;Pleno dia;Decrescente;Céu Claro;Dupla;Reta;-29,967531;-51,137264
30/10/2023;18:15:00;SANTA MARIA;Manobra de mudança de faixa;Colisão lateral mesmo sentido;Com Vítimas Feridas;Anoitecer;Crescente;Céu Claro;Múltipla;"Reta;Retorno Regulamentado;Aclive;Interseção de Vias;Em Obras";-29,71783116;-53,80861413
30/10/2023;17:40:00;TERESINA;Manobra de mudança de faixa;Colisão lateral mesmo sentido;Com Vítimas Feridas;Pleno dia;Decrescente;Céu Claro;Simples;"Curva;Aclive";-5,077812;-42,744255
30/10/2023;18:30:00;ITABUNA;Velocidade Incompatível;Colisão transversal;Com Vítimas Feridas;Plena Noite;Decrescente;Céu Claro;Simples;Reta;-14,80011083;-39,29126143
30/10/2023;18:20:00;SAO JOSE;Pista Escorregadia;Queda de ocupante de veículo;Com Vítimas Feridas;Plena Noite;Decrescente;Chuva;Dupla;Reta;-27,6167305;-48,6457265
30/10/2023;15:40:00;COMODORO;Chuva;Saída de leito carroçável;Com Vítimas Feridas;Pleno dia;Decrescente;Chuva;Simples;Reta;-13,19505501;-59,86471409
30/10/2023;17:50:00;CAMPO GRANDE;Ausência de reação do condutor;Tombamento;Com Vítimas Feridas;Anoitecer;Crescente;Céu Claro;Simples;Reta;-20,51191701;-54,56053019
30/10/2023;19:20:00;CAETE;Sinalização mal posicionada;Saída de leito carroçável;Com Vítimas Feridas;Plena Noite;Decrescente;Céu Claro;Simples;Curva;-19,75691958;-43,63310337
30/10/2023;19:45:00;PIRAI;Acumulo de óleo sobre o pavimento;Tombamento;Com Vítimas Feridas;Plena Noite;Crescente;Céu Claro;Dupla;"Curva;Aclive";-22,65208783;-43,82143902
30/10/2023;21:30:00;RIO BONITO;Ultrapassagem Indevida;Colisão lateral mesmo sentido;Com Vítimas Feridas;Plena Noite;Decrescente;Céu Claro;Dupla;Reta;-22,71367506;-42,62052996
30/10/2023;19:30:00;SAO GONCALO;Ausência de reação do condutor;Tombamento;Com Vítimas Feridas;Plena Noite;Crescente;Nublado;Dupla;Reta;-22,85411774;-43,1018014
30/10/2023;21:20:00;BRASILIA;Acumulo de areia ou detritos sobre o pavimento;Tombamento;Com Vítimas Feridas;Plena Noite;Decrescente;Céu Claro;Dupla;"Reta;Aclive";-15,580098;-47,403366
30/10/2023;21:35:00;PIRAQUARA;Chuva;Saída de leito carroçável;Com Vítimas Feridas;Plena Noite;Crescente;Chuva;Dupla;Reta;-25,45428705;-49,08817119
30/10/2023;22:50:00;SAO GONCALO DO PARA;Velocidade Incompatível;Capotamento;Com Vítimas Feridas;Plena Noite;Crescente;Nublado;Dupla;Reta;-19,88839281;-44,79613504
30/10/2023;22:20:00;CURITIBA;Ausência de sinalização;Saída de leito carroçável;Sem Vítimas;Plena Noite;Crescente;Chuva;Dupla;"Reta;Declive";-25,42989151;-49,31976736
30/10/2023;23:25:00;GUARAPUAVA;Acumulo de água sobre o pavimento;Saída de leito carroçável;Com Vítimas Feridas;Plena Noite;Crescente;Chuva;Dupla;Curva;-25,3631005;-51,4735924
31/10/2023;01:00:00;FOZ DO IGUACU;Velocidade Incompatível;Colisão com objeto;Com Vítimas Feridas;Plena Noite;Decrescente;Nublado;Simples;"Desvio Temporário;Reta;Em Obras";-25,5781;-54,5411
31/10/2023;04:45:00;TIBAGI;Acumulo de água sobre o pavimento;Saída de leito carroçável;Sem Vítimas;Amanhecer;Crescente;Chuva;Dupla;Curva;-24,851087;-50,461784
31/10/2023;06:32:00;CAXIAS DO SUL;Acumulo de água sobre o pavimento;Saída de leito carroçável;Com Vítimas Feridas;Amanhecer;Crescente;Chuva;Dupla;"Declive;Curva";-29,1829343;-51,16801501
31/10/2023;06:35:00;ALHANDRA;Demais falhas mecânicas ou elétricas;Tombamento;Com Vítimas Feridas;Pleno dia;Decrescente;Nublado;Dupla;Reta;-7,23846306;-34,9268519
31/10/2023;07:45:00;BRASILIA;Velocidade Incompatível;Colisão lateral mesmo sentido;Sem Vítimas;Pleno dia;Decrescente;Céu Claro;Dupla;Reta;-15,630189;-47,733288
31/10/2023;07:00:00;IBIRAPUA;Manobra de mudança de faixa;Colisão transversal;Com Vítimas Feridas;Pleno dia;Decrescente;Céu Claro;Simples;"Reta;Declive;Rotatória";-17,78966706;-39,77932178
31/10/2023;09:30:00;NOSSA SENHORA DO SOCORRO;Ausência de reação do condutor;Tombamento;Com Vítimas Feridas;Pleno dia;Crescente;Sol;Dupla;Curva;-10,89849802;-37,13176324
31/10/2023;10:50:00;PONTE ALTA;Velocidade Incompatível;Colisão traseira;Com Vítimas Feridas;Pleno dia;Crescente;Céu Claro;Simples;Reta;-27,49620462;-50,37008286
31/10/2023;13:30:00;BOZANO;Velocidade Incompatível;Saída de leito carroçável;Com Vítimas Feridas;Pleno dia;Crescente;Sol;Simples;Reta;-28,347002;-53,710854
11/10/2023;23:00:00;ITAJAI;Demais falhas na via;Tombamento;Sem Vítimas;Plena Noite;Decrescente;Chuva;Múltipla;Reta;-26,87064015;-48,72954134
31/10/2023;13:55:00;ITAJAI;Objeto estático sobre o leito carroçável;Tombamento;Com Vítimas Feridas;Pleno dia;Crescente;Céu Claro;Dupla;Reta;-26,92955916;-48,70499836
31/10/2023;10:10:00;ITAPEBI;Manobra de mudança de faixa;Colisão frontal;Com Vítimas Fatais;Pleno dia;Crescente;Sol;Simples;Reta;-16,014666;-39,60456
25/06/2023;16:40:00;PALMEIRA;Ultrapassagem Indevida;Saída de leito carroçável;Com Vítimas Fatais;Pleno dia;Crescente;Céu Claro;Simples;Curva;-25,465883;-50,235562
31/10/2023;10:30:00;CORRENTINA;Ultrapassagem Indevida;Saída de leito carroçável;Com Vítimas Feridas;Pleno dia;Crescente;Céu Claro;Simples;Reta;-13,59201577;-46,11820221
23/08/2023;17:25:00;MAGE;Ausência de reação do condutor;Tombamento;Com Vítimas Feridas;Pleno dia;Crescente;Ignorado;Simples;Reta;-22,6663848;-43,02770248
31/10/2023;16:50:00;CAJATI;Velocidade Incompatível;Colisão com objeto;Com Vítimas Feridas;Pleno dia;Crescente;Nublado;Dupla;Curva;-24,73097634;-48,09815591
31/10/2023;17:25:00;RIO NEGRINHO;Curva acentuada;Colisão transversal;Sem Vítimas;Pleno dia;Decrescente;Nublado;Simples;Curva;-26,23763684;-49,48434497
31/10/2023;17:45:00;CONSELHEIRO LAFAIETE;Ausência de reação do condutor;Tombamento;Com Vítimas Feridas;Anoitecer;Crescente;Chuva;Simples;Curva;-20,65275249;-43,80881295
31/10/2023;18:20:00;SAO LEOPOLDO;Manobra de mudança de faixa;Colisão traseira;Com Vítimas Feridas;Anoitecer;Decrescente;Céu Claro;Múltipla;"Viaduto;Reta;Aclive";-29,77605895;-51,15508618
31/10/2023;17:10:00;NITEROI;Mal súbito do condutor;Tombamento;Com Vítimas Feridas;Anoitecer;Crescente;Chuva;Simples;"Reta;Ponte";-22,87684786;-43,11728689
17/09/2023;14:45:00;GOIANIA;Velocidade Incompatível;Saída de leito carroçável;Com Vítimas Fatais;Pleno dia;Decrescente;Chuva;Simples;Reta;-16,7036;-49,342
31/10/2023;17:55:00;RIO DE JANEIRO;Ausência de reação do condutor;Tombamento;Com Vítimas Feridas;Plena Noite;Decrescente;Garoa/Chuvisco;Dupla;Reta;-22,86939305;-43,175642
31/10/2023;20:40:00;GUARULHOS;Pista Escorregadia;Colisão traseira;Com Vítimas Feridas;Plena Noite;Crescente;Garoa/Chuvisco;Múltipla;"Reta;Declive";-23,45056589;-46,46258105
31/10/2023;17:45:00;RONDONOPOLIS;Manobra de mudança de faixa;Colisão lateral mesmo sentido;Com Vítimas Feridas;Anoitecer;Crescente;Céu Claro;Dupla;Retorno Regulamentado;-16,467325;-54,657196
31/10/2023;20:00:00;OURO PRETO;Acumulo de água sobre o pavimento;Colisão com objeto;Com Vítimas Feridas;Plena Noite;Decrescente;Chuva;Simples;"Curva;Declive";-20,41665882;-43,89181007
31/10/2023;22:10:00;AQUIRAZ;Ausência de sinalização;Colisão com objeto;Com Vítimas Feridas;Plena Noite;Decrescente;Céu Claro;Múltipla;Retorno Regulamentado;-3,94905489;-38,51212845
31/10/2023;21:10:00;ITAPEVA;Velocidade Incompatível;Colisão com objeto;Com Vítimas Feridas;Plena Noite;Crescente;Chuva;Dupla;"Curva;Aclive";-22,77097;-46,19997
31/10/2023;11:00:00;MIRACATU;Pista Escorregadia;Saída de leito carroçável;Sem Vítimas;Pleno dia;Decrescente;Chuva;Múltipla;Curva;-24,10862227;-47,26589989
01/11/2023;01:10:00;CEU AZUL;Velocidade Incompatível;Saída de leito carroçável;Sem Vítimas;Plena Noite;Crescente;Céu Claro;Simples;"Reta;Interseção de Vias";-25,12482633;-53,8172096
01/11/2023;07:00:00;ARAQUARI;Ultrapassagem Indevida;Colisão transversal;Com Vítimas Feridas;Pleno dia;Crescente;Céu Claro;Simples;Reta;-26,40450077;-48,74561031
01/11/2023;07:45:00;CURITIBA;Manobra de mudança de faixa;Colisão traseira;Com Vítimas Feridas;Pleno dia;Crescente;Nublado;Dupla;Reta;-25,450015;-49,228336
01/11/2023;08:10:00;FORTALEZA;Manobra de mudança de faixa;Colisão lateral mesmo sentido;Com Vítimas Feridas;Pleno dia;Crescente;Céu Claro;Simples;Reta;-3,86088501;-38,49715296
01/11/2023;08:50:00;SAO JOAQUIM DE BICAS;Pista Escorregadia;Tombamento;Com Vítimas Feridas;Pleno dia;Decrescente;Céu Claro;Simples;"Curva;Rotatória";-20,0561251;-44,2854563
01/11/2023;15:30:00;BETIM;Ultrapassagem Indevida;Colisão lateral mesmo sentido;Com Vítimas Feridas;Pleno dia;Crescente;Céu Claro;Múltipla;"Reta;Declive";-19,95984638;-44,15451407
01/11/2023;03:15:00;RANCHO QUEIMADO;Velocidade Incompatível;Saída de leito carroçável;Com Vítimas Fatais;Plena Noite;Decrescente;Nublado;Simples;"Curva;Declive";-27,6940524;-49,0891185
01/11/2023;14:45:00;UBERLANDIA;Velocidade Incompatível;Colisão traseira;Com Vítimas Feridas;Pleno dia;Crescente;Sol;Dupla;Reta;-18,90659356;-48,33469405
01/11/2023;16:35:00;SAO JOSE;Objeto estático sobre o leito carroçável;Tombamento;Com Vítimas Feridas;Pleno dia;Crescente;Nublado;Múltipla;Reta;-27,61000542;-48,63895057
01/11/2023;10:15:00;ANAPOLIS;Demais falhas na via;Eventos atípicos;Sem Vítimas;Pleno dia;Crescente;Céu Claro;Dupla;Reta;-16,258045;-48,988403
01/11/2023;16:30:00;SAO GONCALO DO RIO ABAIXO;Acumulo de areia ou detritos sobre o pavimento;Capotamento;Com Vítimas Feridas;Pleno dia;Crescente;Céu Claro;Simples;Curva;-19,84955579;-43,25424839
26/06/2023;16:30:00;OEIRAS;Manobra de mudança de faixa;Colisão transversal;Com Vítimas Feridas;Pleno dia;Crescente;Céu Claro;Simples;Reta;-6,95248;-42,003965
01/11/2023;17:10:00;PARACAMBI;Chuva;Colisão frontal;Com Vítimas Feridas;Pleno dia;Decrescente;Chuva;Dupla;Curva;-22,69305776;-43,77362606
01/11/2023;17:45:00;PORTO ALEGRE;Ausência de reação do condutor;Tombamento;Com Vítimas Feridas;Pleno dia;Crescente;Céu Claro;Dupla;"Curva;Ponte";-29,99748098;-51,20563388
01/11/2023;16:15:00;PONTES E LACERDA;Reação tardia ou ineficiente do condutor;Tombamento;Com Vítimas Feridas;Pleno dia;Crescente;Céu Claro;Simples;Reta;-15,08374502;-59,29660595
01/11/2023;17:30:00;LUZ;Chuva;Saída de leito carroçável;Com Vítimas Feridas;Anoitecer;Decrescente;Chuva;Simples;"Curva;Declive";-19,74018668;-45,86034892
01/11/2023;14:00:00;MIRASSOL DOESTE;Falta de acostamento;Saída de leito carroçável;Com Vítimas Feridas;Pleno dia;Decrescente;Céu Claro;Simples;Declive;-15,83024186;-58,06617737
01/11/2023;18:50:00;FEIRA DE SANTANA;Acumulo de areia ou detritos sobre o pavimento;Tombamento;Com Vítimas Feridas;Anoitecer;Decrescente;Céu Claro;Dupla;Reta;-12,27376054;-38,93366564
01/11/2023;17:32:00;CHAPECO;Manobra de mudança de faixa;Colisão transversal;Sem Vítimas;Pleno dia;Decrescente;Nublado;Dupla;"Reta;Aclive";-27,020083;-52,636024
01/11/2023;19:30:00;LUZIANIA;Velocidade Incompatível;Colisão transversal;Com Vítimas Feridas;Plena Noite;Crescente;Céu Claro;Dupla;"Reta;Interseção de Vias";-16,2442805;-47,90739655
01/11/2023;19:00:00;CURITIBA;Manobra de mudança de faixa;Colisão lateral mesmo sentido;Sem Vítimas;Plena Noite;Decrescente;Nublado;Múltipla;Reta;-25,546787;-49,303618
01/11/2023;20:15:00;RANCHO QUEIMADO;Velocidade Incompatível;Capotamento;Com Vítimas Feridas;Plena Noite;Decrescente;Garoa/Chuvisco;Simples;Curva;-27,690931;-49,129143
01/11/2023;19:20:00;SANTA ROSA;Ultrapassagem Indevida;Colisão lateral sentido oposto;Sem Vítimas;Anoitecer;Crescente;Chuva;Simples;Reta;-27,83462181;-54,42899466
20/09/2023;16:30:00;JANDAIA DO SUL;Ausência de reação do condutor;Tombamento;Com Vítimas Feridas;Pleno dia;Crescente;Chuva;Simples;Curva;-23,60830855;-51,66777849
01/11/2023;21:30:00;RONDONOPOLIS;Deficiência do Sistema de Iluminação/Sinalização;Colisão traseira;Com Vítimas Fatais;Plena Noite;Decrescente;Céu Claro;Dupla;Reta;-16,5383706;-54,66802776
01/11/2023;22:45:00;VIANA;Manobra de mudança de faixa;Colisão lateral mesmo sentido;Com Vítimas Feridas;Plena Noite;Decrescente;Céu Claro;Dupla;Reta;-20,34529844;-40,41026774
01/11/2023;21:30:00;ANAPOLIS;Chuva;Saída de leito carroçável;Sem Vítimas;Plena Noite;Decrescente;Chuva;Simples;Reta;-16,271309;-48,939987
02/11/2023;00:00:00;BRASILIA;Velocidade Incompatível;Tombamento;Com Vítimas Feridas;Plena Noite;Crescente;Chuva;Dupla;"Reta;Declive";-16,038666;-47,979691
01/11/2023;23:00:00;UNIAO DA VITORIA;Avarias e/ou desgaste excessivo no pneu;Tombamento;Com Vítimas Feridas;Plena Noite;Crescente;Nublado;Simples;Reta;-26,198097;-51,052139