data_inversa;horario;municipio;causa_acidente;tipo_acidente;classificacao_acidente;fase_dia;sentido_via;condicao_metereologica;tipo_pista;tracado_via;latitude;longitude
02/11/2023;04:40:00;DIAMANTINO;Ultrapassagem Indevida;Queda de ocupante de veículo;Com Vítimas Feridas;Amanhecer;Crescente;Céu Claro;Simples;Reta;-14,43223601;-56,11612599
11/10/2023;16:00:00;INHAMBUPE;Ultrapassagem Indevida;Colisão frontal;Com Vítimas Feridas;Pleno dia;Crescente;Céu Claro;Simples;Curva;-11,78646;-38,348278
02/11/2023;06:30:00;ANAPOLIS;Velocidade Incompatível;Saída de leito carroçável;Sem Vítimas;Pleno dia;Decrescente;Céu Claro;Dupla;Reta;-16,3679;-48,939
02/11/2023;08:00:00;PIRATINI;Velocidade Incompatível;Capotamento;Com Vítimas Feridas;Pleno dia;Crescente;Nublado;Simples;"Reta;Ponte";-31,71814345;-52,90088654
02/11/2023;09:30:00;CURITIBA;Avarias e/ou desgaste excessivo no pneu;Tombamento;Com Vítimas Feridas;Pleno dia;Decrescente;Nublado;Dupla;Reta;-25,56857207;-49,31023179
02/11/2023;09:15:00;TIJUCAS DO SUL;Velocidade Incompatível;Saída de leito carroçável;Com Vítimas Feridas;Pleno dia;Decrescente;Chuva;Dupla;Reta;-25,8516758;-49,00332398
02/11/2023;12:00:00;RANCHO QUEIMADO;Reação tardia ou ineficiente do condutor;Tombamento;Com Vítimas Feridas;Pleno dia;Decrescente;Chuva;Simples;"Declive;Interseção de Vias;Curva";-27,688864;-48,998455
02/11/2023;12:00:00;AGUAS MORNAS;Reação tardia ou ineficiente do condutor;Tombamento;Com Vítimas Feridas;Pleno dia;Decrescente;Chuva;Simples;"Curva;Declive";-27,696936;-48,964138
02/11/2023;12:00:00;GANDU;Demais falhas mecânicas ou elétricas;Tombamento;Com Vítimas Feridas;Pleno dia;Crescente;Céu Claro;Simples;Reta;-13,90188896;-39,47959612
15/09/2023;15:00:00;CLARO DOS POCOES;Afundamento ou ondulação no pavimento;Tombamento;Com Vítimas Feridas;Pleno dia;Decrescente;Céu Claro;Simples;Curva;-16,85792727;-44,14937906
02/11/2023;10:25:00;SAO JOSE DO SUL;Afundamento ou ondulação no pavimento;Colisão frontal;Com Vítimas Feridas;Pleno dia;Decrescente;Nublado;Simples;Interseção de Vias;-29,57722498;-51,48087396
02/11/2023;13:15:00;IMBITUBA;Ingestão de álcool pelo condutor;Tombamento;Sem Vítimas;Pleno dia;Decrescente;Chuva;Múltipla;Interseção de Vias;-28,1813497;-48,69560122
02/11/2023;13:50:00;ITATIAIUCU;Acumulo de água sobre o pavimento;Saída de leito carroçável;Com Vítimas Feridas;Pleno dia;Decrescente;Chuva;Dupla;Curva;-20,27336801;-44,42585498
02/11/2023;14:10:00;ANAPOLIS;Acumulo de água sobre o pavimento;Capotamento;Com Vítimas Feridas;Pleno dia;Crescente;Garoa/Chuvisco;Dupla;Aclive;-16,221258;-49,013374
02/11/2023;15:11:00;RIBEIRAO DAS NEVES;Manobra de mudança de faixa;Colisão lateral mesmo sentido;Com Vítimas Feridas;Pleno dia;Crescente;Céu Claro;Dupla;Reta;-19,83957589;-44,07684485
02/11/2023;14:30:00;JUATUBA;Chuva;Saída de leito carroçável;Sem Vítimas;Pleno dia;Decrescente;Chuva;Dupla;"Curva;Declive";-19,947864;-44,381226
02/11/2023;14:55:00;OLIVEIRA;Acumulo de água sobre o pavimento;Saída de leito carroçável;Com Vítimas Feridas;Pleno dia;Crescente;Chuva;Dupla;Reta;-20,83304688;-44,8250553
02/11/2023;15:00:00;CAMPO ALEGRE DE GOIAS;Acumulo de água sobre o pavimento;Saída de leito carroçável;Com Vítimas Feridas;Pleno dia;Crescente;Chuva;Dupla;Reta;-17,3441;-47,791
02/11/2023;17:00:00;GUIMARANIA;Chuva;Saída de leito carroçável;Sem Vítimas;Pleno dia;Decrescente;Chuva;Dupla;Curva;-18,80833055;-46,76845551
02/11/2023;19:05:00;PORTO BELO;Velocidade Incompatível;Colisão traseira;Com Vítimas Feridas;Plena Noite;Decrescente;Ignorado;Múltipla;Reta;-27,181625;-48,6121179
02/11/2023;19:30:00;TIANGUA;Pista Escorregadia;Tombamento;Com Vítimas Feridas;Plena Noite;Decrescente;Nublado;Simples;"Curva;Declive;Em Obras";-3,67476286;-40,96798113
02/11/2023;19:30:00;SANTA MARIA;Iluminação deficiente;Colisão com objeto;Sem Vítimas;Plena Noite;Crescente;Chuva;Dupla;"Reta;Em Obras;Viaduto";-29,71252544;-53,80627155
02/11/2023;22:20:00;CAXIAS;Velocidade Incompatível;Colisão com objeto;Com Vítimas Feridas;Plena Noite;Crescente;Céu Claro;Simples;Rotatória;-4,882649;-43,345581
02/11/2023;20:25:00;BARRA DO RIBEIRO;Chuva;Saída de leito carroçável;Com Vítimas Feridas;Plena Noite;Decrescente;Chuva;Dupla;Reta;-30,37216496;-51,43111745
03/11/2023;02:15:00;FLORIANOPOLIS;Velocidade Incompatível;Saída de leito carroçável;Sem Vítimas;Plena Noite;Crescente;Chuva;Dupla;Curva;-27,59845;-48,571995
03/11/2023;05:40:00;ITAPEMA;Velocidade Incompatível;Colisão com objeto;Com Vítimas Feridas;Amanhecer;Crescente;Chuva;Múltipla;Reta;-27,11744799;-48,60940987
03/11/2023;05:40:00;PALHOCA;Acumulo de água sobre o pavimento;Saída de leito carroçável;Sem Vítimas;Pleno dia;Decrescente;Chuva;Múltipla;Reta;-27,62329313;-48,65245588
03/11/2023;06:00:00;RIO MANSO;Curva acentuada;Queda de ocupante de veículo;Com Vítimas Feridas;Amanhecer;Crescente;Nublado;Simples;Curva;-20,17327539;-44,37545454
02/11/2023;20:30:00;SAO MATEUS DO SUL;Chuva;Atropelamento de Pedestre;Com Vítimas Feridas;Plena Noite;Decrescente;Chuva;Simples;Reta;-25,868753;-50,396477
03/11/2023;08:05:00;BALNEARIO PICARRAS;Chuva;Tombamento;Com Vítimas Feridas;Pleno dia;Decrescente;Chuva;Dupla;Reta;-26,77383397;-48,68594062
03/11/2023;08:20:00;DUQUE DE CAXIAS;Manobra de mudança de faixa;Colisão lateral mesmo sentido;Com Vítimas Feridas;Pleno dia;Decrescente;Sol;Múltipla;Reta;-22,78185499;-43,28571273
03/11/2023;09:35:00;IGARASSU;Demais falhas mecânicas ou elétricas;Tombamento;Com Vítimas Feridas;Pleno dia;Decrescente;Céu Claro;Dupla;Curva;-7,8367835;-34,91235137
03/11/2023;05:55:00;CASSILANDIA;Ultrapassagem Indevida;Colisão frontal;Com Vítimas Feridas;Pleno dia;Crescente;Céu Claro;Simples;Reta;-19,12678656;-51,71566473
03/11/2023;07:20:00;SANTA INES;Ultrapassagem Indevida;Colisão frontal;Com Vítimas Feridas;Pleno dia;Decrescente;Céu Claro;Simples;Reta;-3,67710017;-45,39146935
03/11/2023;08:20:00;SANTO ANTONIO DO SUDOESTE;Chuva;Saída de leito carroçável;Sem Vítimas;Pleno dia;Decrescente;Chuva;Simples;"Reta;Aclive";-26,148305;-53,68516
03/11/2023;11:55:00;TRIUNFO;Acumulo de água sobre o pavimento;Colisão com objeto;Sem Vítimas;Pleno dia;Decrescente;Chuva;Dupla;"Reta;Rotatória";-29,80394;-51,509174
03/11/2023;12:00:00;SAO JOSE;Manobra de mudança de faixa;Colisão lateral mesmo sentido;Sem Vítimas;Pleno dia;Decrescente;Céu Claro;Dupla;Reta;-27,5650044;-48,61460082
12/10/2023;11:55:00;CAJATI;Chuva;Colisão com objeto;Com Vítimas Feridas;Pleno dia;Crescente;Chuva;Múltipla;Curva;-24,90503185;-48,2548732
03/11/2023;13:00:00;PORTO ALEGRE;Acumulo de água sobre o pavimento;Colisão lateral mesmo sentido;Com Vítimas Feridas;Pleno dia;Crescente;Chuva;Dupla;"Curva;Declive;Viaduto";-29,96926743;-51,1756897
03/11/2023;11:10:00;CONSELHEIRO LAFAIETE;Manobra de mudança de faixa;Colisão lateral mesmo sentido;Com Vítimas Feridas;Pleno dia;Crescente;Nublado;Simples;Reta;-20,74247789;-43,80096419
03/11/2023;13:05:00;ESTIVA;Velocidade Incompatível;Capotamento;Com Vítimas Feridas;Pleno dia;Crescente;Chuva;Dupla;Curva;-22,42057067;-45,96534204
03/11/2023;14:30:00;CASCAVEL;Velocidade Incompatível;Tombamento;Com Vítimas Feridas;Pleno dia;Decrescente;Nublado;Dupla;Curva;-24,9036;-53,5184
03/11/2023;15:40:00;REGISTRO;Chuva;Colisão com objeto;Com Vítimas Feridas;Pleno dia;Decrescente;Chuva;Dupla;Reta;-24,416593;-47,76187
03/11/2023;16:30:00;SENADOR JOSE BENTO;Velocidade Incompatível;Colisão frontal;Com Vítimas Feridas;Pleno dia;Crescente;Céu Claro;Simples;Curva;-22,13134391;-46,18119121
03/11/2023;16:40:00;ITABAIANA;Curva acentuada;Saída de leito carroçável;Com Vítimas Feridas;Pleno dia;Crescente;Céu Claro;Simples;Curva;-10,579587;-37,496868
03/11/2023;17:20:00;MANDIRITUBA;Pista Escorregadia;Saída de leito carroçável;Com Vítimas Feridas;Pleno dia;Decrescente;Chuva;Dupla;Reta;-25,724818;-49,317755
03/11/2023;17:30:00;SANTA RITA;Reação tardia ou ineficiente do condutor;Tombamento;Com Vítimas Feridas;Anoitecer;Crescente;Céu Claro;Dupla;"Viaduto;Curva";-7,1246;-34,9473
03/11/2023;15:50:00;TRES MARIAS;Ultrapassagem Indevida;Colisão lateral mesmo sentido;Com Vítimas Feridas;Pleno dia;Crescente;Céu Claro;Simples;Reta;-18,18834859;-45,25219384
03/11/2023;16:45:00;CAMPANHA;Chuva;Capotamento;Com Vítimas Feridas;Pleno dia;Decrescente;Chuva;Dupla;Reta;-21,76799733;-45,42028285
03/11/2023;18:15:00;PORTO ALEGRE;Manobra de mudança de faixa;Colisão lateral mesmo sentido;Com Vítimas Feridas;Anoitecer;Decrescente;Nublado;Dupla;Reta;-29,967892;-51,147331
03/11/2023;15:20:00;SAO SEBASTIAO DO PASSE;Velocidade Incompatível;Capotamento;Com Vítimas Feridas;Plena Noite;Decrescente;Céu Claro;Simples;Reta;-12,50766107;-38,49626949
03/11/2023;18:50:00;GENERAL CARNEIRO;Chuva;Saída de leito carroçável;Com Vítimas Feridas;Plena Noite;Crescente;Chuva;Simples;Curva;-15,58345394;-52,87296884
03/11/2023;19:40:00;OLIVEIRA;Velocidade Incompatível;Saída de leito carroçável;Com Vítimas Feridas;Plena Noite;Crescente;Chuva;Dupla;"Curva;Declive";-20,62306;-44,733568
03/11/2023;19:15:00;ALIANCA;Ultrapassagem Indevida;Colisão lateral sentido oposto;Com Vítimas Feridas;Plena Noite;Decrescente;Céu Claro;Simples;Reta;-7,61111798;-35,23973919
03/11/2023;17:20:00;MONTE NEGRO;Manobra de mudança de faixa;Colisão lateral sentido oposto;Com Vítimas Feridas;Pleno dia;Crescente;Garoa/Chuvisco;Simples;"Declive;Reta";-10,269178;-63,299809
03/11/2023;18:20:00;JOAO PINHEIRO;Ultrapassagem Indevida;Colisão frontal;Com Vítimas Feridas;Plena Noite;Decrescente;Céu Claro;Simples;Reta;-17,95652213;-45,67754
03/11/2023;20:30:00;CLAUDIA;Acumulo de água sobre o pavimento;Saída de leito carroçável;Sem Vítimas;Plena Noite;Crescente;Chuva;Simples;Reta;-11,50321582;-55,36888313
20/10/2023;19:05:00;CAMPINORTE;Velocidade Incompatível;Colisão traseira;Com Vítimas Feridas;Plena Noite;Crescente;Céu Claro;Simples;Reta;-14,168802;-49,124207
03/11/2023;20:30:00;BOA VISTA;Pista esburacada;Queda de ocupante de veículo;Com Vítimas Feridas;Plena Noite;Crescente;Céu Claro;Simples;Reta;3,044558;-60,791439
03/11/2023;19:20:00;CATANDUVAS;Falta de acostamento;Atropelamento de Pedestre;Com Vítimas Fatais;Plena Noite;Decrescente;Nublado;Simples;Curva;-27,0911732;-51,6610467
03/11/2023;21:40:00;MANGARATIBA;Demais Fenômenos da natureza;Queda de ocupante de veículo;Com Vítimas Feridas;Plena Noite;Decrescente;Chuva;Simples;Aclive;-22,98859004;-44,08493971
03/11/2023;20:18:00;SANTA VITORIA;Chuva;Tombamento;Com Vítimas Feridas;Plena Noite;Crescente;Chuva;Simples;Reta;-18,88297757;-50,14140179
04/11/2023;02:25:00;JUIZ DE FORA;Chuva;Colisão com objeto;Com Vítimas Feridas;Plena Noite;Decrescente;Chuva;Dupla;"Viaduto;Curva";-21,65017316;-43,43482311
04/11/2023;02:40:00;FOZ DO IGUACU;Velocidade Incompatível;Saída de leito carroçável;Sem Vítimas;Plena Noite;Decrescente;Céu Claro;Dupla;Reta;-25,50823541;-54,54619865
04/11/2023;03:30:00;SETE LAGOAS;Velocidade Incompatível;Saída de leito carroçável;Com Vítimas Feridas;Plena Noite;Decrescente;Chuva;Múltipla;Curva;-19,52968;-44,25849
04/11/2023;05:15:00;MARINGA;Velocidade Incompatível;Saída de leito carroçável;Com Vítimas Feridas;Amanhecer;Decrescente;Céu Claro;Dupla;"Declive;Rotatória";-23,37288806;-52,05544353
03/11/2023;20:10:00;QUATRO PONTES;Pista esburacada;Tombamento;Com Vítimas Feridas;Plena Noite;Decrescente;Nublado;Múltipla;Reta;-24,60576889;-53,97628605
04/11/2023;06:30:00;MEDIANEIRA;Demais Fenômenos da natureza;Incêndio;Sem Vítimas;Amanhecer;Decrescente;Céu Claro;Dupla;"Reta;Aclive";-25,31758044;-54,15684223
04/11/2023;07:15:00;CURITIBA;Pista esburacada;Tombamento;Com Vítimas Feridas;Pleno dia;Crescente;Céu Claro;Dupla;Reta;-25,47642706;-49,35092413
04/11/2023;06:40:00;SAO MATEUS DO SUL;Afundamento ou ondulação no pavimento;Colisão frontal;Com Vítimas Fatais;Pleno dia;Decrescente;Sol;Simples;Curva;-25,894287;-50,368565
07/10/2023;16:00:00;SAO JOSE;Velocidade Incompatível;Colisão com objeto;Sem Vítimas;Pleno dia;Decrescente;Garoa/Chuvisco;Dupla;Curva;-27,591936;-48,618244
04/11/2023;08:00:00;JABOATAO DOS GUARARAPES;Acumulo de areia ou detritos sobre o pavimento;Queda de ocupante de veículo;Com Vítimas Feridas;Pleno dia;Crescente;Céu Claro;Dupla;Interseção de Vias;-8,09025488;-35,02052302
04/11/2023;06:40:00;IMPERATRIZ;Avarias e/ou desgaste excessivo no pneu;Tombamento;Com Vítimas Feridas;Pleno dia;Crescente;Céu Claro;Simples;"Reta;Aclive";-5,356215;-47,483128
04/11/2023;06:35:00;ITAPEVA;Velocidade Incompatível;Saída de leito carroçável;Com Vítimas Feridas;Pleno dia;Crescente;Nublado;Dupla;Curva;-22,77050246;-46,23490598
04/11/2023;10:40:00;CARIACICA;Manobra de mudança de faixa;Colisão traseira;Com Vítimas Feridas;Pleno dia;Crescente;Sol;Dupla;Reta;-20,28029304;-40,39302931
04/11/2023;11:40:00;PAULISTA;Manobra de mudança de faixa;Colisão transversal;Com Vítimas Feridas;Pleno dia;Crescente;Céu Claro;Dupla;"Reta;Declive";-7,948233;-34,906585
17/10/2023;08:40:00;CACOAL;Acumulo de óleo sobre o pavimento;Tombamento;Com Vítimas Feridas;Pleno dia;Decrescente;Céu Claro;Simples;Reta;-11,45351399;-61,42724812
04/11/2023;12:50:00;BETIM;Manobra de mudança de faixa;Colisão lateral mesmo sentido;Com Vítimas Feridas;Pleno dia;Crescente;Céu Claro;Dupla;Reta;-20,00483625;-44,21367172
04/11/2023;14:30:00;FORTALEZA;Manobra de mudança de faixa;Colisão lateral mesmo sentido;Com Vítimas Feridas;Pleno dia;Crescente;Céu Claro;Dupla;Reta;-3,77866493;-38,51490171
04/11/2023;14:30:00;ESMERALDAS;Velocidade Incompatível;Capotamento;Com Vítimas Feridas;Pleno dia;Decrescente;Céu Claro;Dupla;Declive;-19,62850298;-44,20532179
04/11/2023;13:00:00;RANCHO QUEIMADO;Acumulo de água sobre o pavimento;Saída de leito carroçável;Com Vítimas Feridas;Pleno dia;Decrescente;Céu Claro;Simples;Curva;-27,688168;-49,120075
04/11/2023;15:35:00;RECIFE;Manobra de mudança de faixa;Colisão lateral mesmo sentido;Sem Vítimas;Pleno dia;Crescente;Céu Claro;Múltipla;Reta;-8,061732;-34,945399
04/11/2023;16:29:00;RECIFE;Manobra de mudança de faixa;Saída de leito carroçável;Com Vítimas Feridas;Pleno dia;Decrescente;Céu Claro;Dupla;Curva;-8,11813811;-34,94329214
04/11/2023;16:40:00;PALHOCA;Manobra de mudança de faixa;Colisão lateral mesmo sentido;Com Vítimas Feridas;Pleno dia;Crescente;Céu Claro;Dupla;Reta;-27,65981409;-48,67747798
04/11/2023;17:40:00;DIVINO;Chuva;Tombamento;Com Vítimas Feridas;Plena Noite;Decrescente;Chuva;Simples;Reta;-20,63872821;-42,23633766
04/11/2023;18:45:00;CAUCAIA;Manobra de mudança de faixa;Colisão traseira;Com Vítimas Feridas;Anoitecer;Decrescente;Céu Claro;Simples;Reta;-3,7740804;-38,6780848
04/11/2023;15:30:00;ANGRA DOS REIS;Reação tardia ou ineficiente do condutor;Tombamento;Com Vítimas Feridas;Pleno dia;Crescente;Nublado;Simples;Reta;-22,93155828;-44,38812093
04/11/2023;19:00:00;BETIM;Demais falhas mecânicas ou elétricas;Tombamento;Com Vítimas Feridas;Pleno dia;Crescente;Céu Claro;Múltipla;Reta;-19,95586853;-44,14609501
04/11/2023;18:40:00;LAJE;Ultrapassagem Indevida;Colisão lateral sentido oposto;Sem Vítimas;Plena Noite;Decrescente;Céu Claro;Simples;Reta;-13,15245374;-39,29946899
04/11/2023;20:16:00;GOIANA;Ausência de reação do condutor;Tombamento;Com Vítimas Feridas;Plena Noite;Decrescente;Céu Claro;Dupla;Reta;-7,5001955;-34,985073
04/11/2023;20:00:00;AGRONOMICA;Demais falhas na via;Tombamento;Com Vítimas Feridas;Plena Noite;Decrescente;Nublado;Simples;Reta;-27,260792;-49,719761
04/11/2023;21:20:00;SALDANHA MARINHO;Ultrapassagem Indevida;Colisão frontal;Com Vítimas Feridas;Plena Noite;Crescente;Céu Claro;Simples;Reta;-28,405064;-53,083088
04/11/2023;23:00:00;TUBARAO;Pista esburacada;Tombamento;Com Vítimas Feridas;Plena Noite;Crescente;Céu Claro;Múltipla;Curva;-28,43352489;-48,95713806
04/11/2023;22:30:00;JARU;Reação tardia ou ineficiente do condutor;Tombamento;Com Vítimas Feridas;Plena Noite;Não Informado;Céu Claro;Dupla;"Reta;Interseção de Vias";-10,432654;-62,479801
05/11/2023;00:35:00;ITAJAI;Acumulo de areia ou detritos sobre o pavimento;Tombamento;Com Vítimas Feridas;Plena Noite;Crescente;Céu Claro;Simples;Reta;-26,85311393;-48,72689927
05/11/2023;00:30:00;PACAJUS;Afundamento ou ondulação no pavimento;Queda de ocupante de veículo;Com Vítimas Feridas;Plena Noite;Decrescente;Céu Claro;Simples;"Reta;Aclive";-4,21228207;-38,47322379
05/11/2023;01:00:00;TUBARAO;Pista esburacada;Tombamento;Com Vítimas Feridas;Plena Noite;Crescente;Céu Claro;Dupla;Curva;-28,45567521;-48,9812689
04/11/2023;20:15:00;LUIS CORREIA;Reação tardia ou ineficiente do condutor;Tombamento;Com Vítimas Feridas;Plena Noite;Decrescente;Céu Claro;Simples;Reta;-3,05840328;-41,30940901
05/11/2023;01:39:00;GUARULHOS;Reação tardia ou ineficiente do condutor;Tombamento;Com Vítimas Feridas;Plena Noite;Decrescente;Nublado;Múltipla;"Reta;Interseção de Vias";-23,451903;-46,465625
05/11/2023;00:00:00;PORTO VELHO;Manobra de mudança de faixa;Colisão lateral mesmo sentido;Com Vítimas Feridas;Plena Noite;Decrescente;Nublado;Múltipla;"Reta;Interseção de Vias";-8,76743426;-63,88396382
05/11/2023;00:15:00;MAGE;Velocidade Incompatível;Colisão lateral mesmo sentido;Com Vítimas Feridas;Plena Noite;Decrescente;Nublado;Simples;Reta;-22,5943135;-43,02305931
05/11/2023;01:00:00;CRISTALINA;Ausência de reação do condutor;Tombamento;Com Vítimas Feridas;Plena Noite;Decrescente;Céu Claro;Dupla;"Reta;Em Obras;Desvio Temporário";-16,79840746;-47,64942907
04/11/2023;23:30:00;VILA PROPICIO;Velocidade Incompatível;Colisão frontal;Com Vítimas Feridas;Plena Noite;Decrescente;Céu Claro;Simples;Reta;-15,029072;-48,707677
05/11/2023;06:00:00;AMELIA RODRIGUES;Pista Escorregadia;Queda de ocupante de veículo;Com Vítimas Feridas;Pleno dia;Decrescente;Céu Claro;Dupla;Reta;-12,35775097;-38,82802597
24/10/2023;08:40:00;CHAPECO;Velocidade Incompatível;Colisão com objeto;Com Vítimas Feridas;Pleno dia;Crescente;Nublado;Dupla;"Curva;Viaduto";-27,04656607;-52,63577131
05/11/2023;07:45:00;SAO MIGUEL DOS CAMPOS;Velocidade Incompatível;Colisão traseira;Com Vítimas Feridas;Pleno dia;Crescente;Céu Claro;Simples;Curva;-9,77047189;-36,08833407
05/11/2023;08:30:00;PALHOCA;Pista esburacada;Capotamento;Com Vítimas Feridas;Pleno dia;Crescente;Sol;Dupla;Reta;-27,84260999;-48,63481164
30/08/2023;03:30:00;CAMPOS DOS GOYTACAZES;Velocidade Incompatível;Colisão com objeto;Com Vítimas Feridas;Plena Noite;Decrescente;Chuva;Simples;Curva;-21,816525;-41,397686
05/11/2023;09:00:00;TUBARAO;Avarias e/ou desgaste excessivo no pneu;Tombamento;Com Vítimas Feridas;Pleno dia;Crescente;Sol;Múltipla;Reta;-28,47311347;-49,02437375
05/11/2023;10:45:00;IGARASSU;Manobra de mudança de faixa;Colisão transversal;Com Vítimas Feridas;Pleno dia;Crescente;Céu Claro;Múltipla;Reta;-7,83887431;-34,91196739
05/11/2023;10:00:00;BRASILIA;Velocidade Incompatível;Capotamento;Sem Vítimas;Pleno dia;Crescente;Céu Claro;Dupla;Curva;-15,798888;-48,185043
05/11/2023;11:00:00;QUATRO BARRAS;Velocidade Incompatível;Saída de leito carroçável;Com Vítimas Feridas;Pleno dia;Decrescente;Céu Claro;Dupla;Curva;-25,3478;-49,0493
05/11/2023;11:05:00;PORTO BELO;Demais falhas mecânicas ou elétricas;Tombamento;Com Vítimas Feridas;Pleno dia;Crescente;Céu Claro;Múltipla;Reta;-27,16292;-48,61129
05/11/2023;03:00:00;LAGOA DO PIAUI;Velocidade Incompatível;Saída de leito carroçável;Com Vítimas Feridas;Plena Noite;Decrescente;Céu Claro;Simples;Reta;-5,42838588;-42,6368727
05/11/2023;10:50:00;DUQUE DE CAXIAS;Demais falhas mecânicas ou elétricas;Tombamento;Com Vítimas Feridas;Pleno dia;Crescente;Céu Claro;Múltipla;Reta;-22,67374628;-43,28638368
05/11/2023;11:00:00;SAO SEBASTIAO DA BELA VISTA;Velocidade Incompatível;Queda de ocupante de veículo;Com Vítimas Feridas;Pleno dia;Decrescente;Céu Claro;Dupla;Reta;-22,15138412;-45,82353661
05/11/2023;13:25:00;CAMANDUCAIA;Velocidade Incompatível;Tombamento;Com Vítimas Feridas;Pleno dia;Decrescente;Sol;Dupla;"Declive;Curva";-22,76164013;-46,1631554
04/11/2023;22:29:00;CUNHA PORA;Demais falhas na via;Queda de ocupante de veículo;Com Vítimas Feridas;Plena Noite;Decrescente;Céu Claro;Simples;Reta;-26,89286688;-53,18749666
05/11/2023;14:35:00;GUARAPARI;Velocidade Incompatível;Colisão lateral mesmo sentido;Com Vítimas Feridas;Pleno dia;Decrescente;Nublado;Dupla;Reta;-20,66063026;-40,60867306
05/11/2023;07:55:00;NOVA MUTUM;Reação tardia ou ineficiente do condutor;Tombamento;Sem Vítimas;Pleno dia;Decrescente;Céu Claro;Dupla;"Reta;Retorno Regulamentado";-13,861551;-56,086014
05/11/2023;14:30:00;AMELIA RODRIGUES;Pista esburacada;Tombamento;Com Vítimas Feridas;Pleno dia;Decrescente;Céu Claro;Dupla;Curva;-12,39373185;-38,77646394
05/11/2023;13:30:00;BRASILIA;Velocidade Incompatível;Colisão com objeto;Com Vítimas Feridas;Pleno dia;Crescente;Céu Claro;Simples;Reta;-15,941461;-47,77284622
05/11/2023;15:11:00;PIRACANJUBA;Manobra de mudança de faixa;Saída de leito carroçável;Com Vítimas Feridas;Pleno dia;Decrescente;Céu Claro;Múltipla;"Reta;Declive";-17,1682;-49,2117
05/11/2023;14:10:00;TUBARAO;Manobra de mudança de faixa;Colisão lateral mesmo sentido;Com Vítimas Feridas;Pleno dia;Decrescente;Céu Claro;Dupla;Reta;-28,44404822;-48,96611372
05/11/2023;15:00:00;ITAGIMIRIM;Acumulo de óleo sobre o pavimento;Colisão com objeto;Com Vítimas Feridas;Pleno dia;Decrescente;Chuva;Simples;Curva;-16,13745587;-39,60096763
05/11/2023;14:10:00;AURORA DO PARA;Velocidade Incompatível;Colisão lateral sentido oposto;Com Vítimas Feridas;Pleno dia;Crescente;Céu Claro;Simples;"Reta;Declive";-2,281196;-47,563364
05/11/2023;16:20:00;PALMEIRA DOS INDIOS;Velocidade Incompatível;Colisão traseira;Com Vítimas Feridas;Pleno dia;Crescente;Céu Claro;Simples;Reta;-9,42349915;-36,62144959
05/11/2023;17:05:00;RIBEIRAO DAS NEVES;Manobra de mudança de faixa;Colisão lateral mesmo sentido;Com Vítimas Feridas;Pleno dia;Crescente;Céu Claro;Dupla;Reta;-19,76061249;-44,1347544
05/11/2023;16:50:00;JOAO MONLEVADE;Velocidade Incompatível;Queda de ocupante de veículo;Com Vítimas Feridas;Pleno dia;Crescente;Céu Claro;Simples;Curva;-19,85985912;-43,22566968
05/11/2023;16:35:00;COCALZINHO DE GOIAS;Velocidade Incompatível;Saída de leito carroçável;Com Vítimas Feridas;Pleno dia;Crescente;Chuva;Simples;"Curva;Declive";-15,536167;-48,622824
05/11/2023;17:10:00;SAO JOSE DOS PINHAIS;Ausência de reação do condutor;Tombamento;Com Vítimas Feridas;Pleno dia;Crescente;Céu Claro;Múltipla;Reta;-25,555682;-49,272452
05/11/2023;17:25:00;PALHOCA;Animais na Pista;Tombamento;Com Vítimas Feridas;Pleno dia;Decrescente;Céu Claro;Dupla;"Reta;Declive";-27,71362208;-48,64996076
05/11/2023;15:00:00;ENGENHEIRO CALDAS;Trafegar com motocicleta (ou similar) entre as faixas;Tombamento;Com Vítimas Feridas;Pleno dia;Crescente;Sol;Simples;"Reta;Declive";-19,20791484;-42,05180168
05/11/2023;17:08:00;SERRA;Manobra de mudança de faixa;Queda de ocupante de veículo;Com Vítimas Feridas;Anoitecer;Crescente;Céu Claro;Múltipla;Reta;-20,1572331;-40,27678329
05/11/2023;14:30:00;CABO DE SANTO AGOSTINHO;Velocidade Incompatível;Saída de leito carroçável;Sem Vítimas;Pleno dia;Decrescente;Céu Claro;Dupla;Reta;-8,25099;-35,01426
05/11/2023;18:19:00;ABREU E LIMA;Ausência de reação do condutor;Tombamento;Sem Vítimas;Plena Noite;Decrescente;Céu Claro;Múltipla;Reta;-7,9169968;-34,89689272
05/11/2023;16:30:00;CAREACU;Velocidade Incompatível;Colisão lateral mesmo sentido;Com Vítimas Feridas;Pleno dia;Crescente;Céu Claro;Dupla;Reta;-22,12136648;-45,77006905
05/11/2023;18:15:00;CURITIBA;Manobra de mudança de faixa;Colisão traseira;Sem Vítimas;Pleno dia;Decrescente;Céu Claro;Dupla;"Viaduto;Declive";-25,54278996;-49,30284262
05/11/2023;19:00:00;SANTA RITA;Demais falhas na via;Saída de leito carroçável;Sem Vítimas;Plena Noite;Crescente;Céu Claro;Dupla;Reta;-7,04802898;-35,04348899
05/11/2023;19:00:00;CANINDE;Manobra de mudança de faixa;Colisão lateral mesmo sentido;Com Vítimas Feridas;Plena Noite;Decrescente;Céu Claro;Simples;Reta;-4,39149091;-39,31367636
05/11/2023;17:30:00;CAMPINA GRANDE;Avarias e/ou desgaste excessivo no pneu;Tombamento;Com Vítimas Feridas;Pleno dia;Crescente;Céu Claro;Dupla;Reta;-7,2573;-35,8131
05/11/2023;19:20:00;FORTALEZA;Velocidade Incompatível;Colisão traseira;Com Vítimas Feridas;Plena Noite;Decrescente;Céu Claro;Múltipla;Reta;-3,77019802;-38,51724508