data_inversa;horario;municipio;causa_acidente;tipo_acidente;classificacao_acidente;fase_dia;sentido_via;condicao_metereologica;tipo_pista;tracado_via;latitude;longitude
03/11/2023;02:00:00;UBERLANDIA;Velocidade Incompatível;Saída de leito carroçável;Com Vítimas Feridas;Plena Noite;Crescente;Céu Claro;Dupla;Viaduto;-18,91367554;-48,17187309
18/11/2023;15:50:00;PALMAS;Acumulo de água sobre o pavimento;Colisão lateral mesmo sentido;Sem Vítimas;Pleno dia;Crescente;Chuva;Múltipla;Reta;-10,27112436;-48,30525398
18/11/2023;13:05:00;FAXINAL DOS GUEDES;Acumulo de óleo sobre o pavimento;Colisão transversal;Com Vítimas Feridas;Pleno dia;Crescente;Garoa/Chuvisco;Simples;Curva;-26,872433;-52,291599
18/11/2023;15:00:00;ANGRA DOS REIS;Ingestão de álcool pelo condutor;Tombamento;Com Vítimas Feridas;Pleno dia;Crescente;Céu Claro;Simples;Curva;-22,93180313;-44,32178488
18/11/2023;16:23:00;CARIACICA;Avarias e/ou desgaste excessivo no pneu;Tombamento;Com Vítimas Feridas;Pleno dia;Crescente;Céu Claro;Dupla;Reta;-20,285937;-40,392402
18/11/2023;16:50:00;LINHARES;Pista Escorregadia;Queda de ocupante de veículo;Com Vítimas Feridas;Pleno dia;Decrescente;Céu Claro;Dupla;Reta;-19,36990998;-40,06560718
18/11/2023;16:05:00;SANTO AMARO DA IMPERATRIZ;Ultrapassagem Indevida;Colisão lateral mesmo sentido;Com Vítimas Feridas;Pleno dia;Decrescente;Nublado;Simples;Curva;-27,688507;-48,72739
18/11/2023;17:15:00;FOZ DO IGUACU;Acumulo de óleo sobre o pavimento;Saída de leito carroçável;Sem Vítimas;Pleno dia;Crescente;Nublado;Dupla;Viaduto;-25,51017487;-54,56454899
18/11/2023;18:20:00;TACAIMBO;Manobra de mudança de faixa;Colisão lateral sentido oposto;Com Vítimas Feridas;Pleno dia;Crescente;Céu Claro;Simples;Reta;-8,32994251;-36,22627296
18/11/2023;17:15:00;RONDONOPOLIS;Reação tardia ou ineficiente do condutor;Tombamento;Com Vítimas Feridas;Pleno dia;Crescente;Céu Claro;Dupla;Reta;-16,48347324;-54,64970354
18/11/2023;14:40:00;SANTA IZABEL DO PARA;Reação tardia ou ineficiente do condutor;Tombamento;Com Vítimas Feridas;Pleno dia;Decrescente;Nublado;Dupla;Reta;-1,304277;-48,04272
18/11/2023;20:02:00;ANAPOLIS;Demais falhas na via;Queda de ocupante de veículo;Com Vítimas Feridas;Plena Noite;Crescente;Céu Claro;Simples;Curva;-16,3611;-48,9328
18/11/2023;09:40:00;ITAPEBI;Velocidade Incompatível;Saída de leito carroçável;Com Vítimas Fatais;Pleno dia;Crescente;Céu Claro;Simples;Curva;-15,899152;-39,549758
18/11/2023;19:50:00;SAO JOAO DE MERITI;Chuva;Colisão lateral mesmo sentido;Com Vítimas Feridas;Plena Noite;Crescente;Céu Claro;Dupla;Reta;-22,78055198;-43,39208599
18/11/2023;16:00:00;MEDICILANDIA;Ultrapassagem Indevida;Colisão transversal;Com Vítimas Feridas;Pleno dia;Crescente;Céu Claro;Simples;"Reta;Declive";-3,44062176;-52,88165808
18/11/2023;20:55:00;ANAPOLIS;Manobra de mudança de faixa;Colisão lateral mesmo sentido;Com Vítimas Feridas;Plena Noite;Crescente;Céu Claro;Dupla;"Reta;Aclive";-16,325272;-48,922024
18/11/2023;21:10:00;PAULO LOPES;Velocidade Incompatível;Colisão com objeto;Com Vítimas Feridas;Plena Noite;Crescente;Nublado;Múltipla;"Curva;Interseção de Vias";-27,98075872;-48,67985129
18/11/2023;21:30:00;TRES LAGOAS;Velocidade Incompatível;Saída de leito carroçável;Com Vítimas Feridas;Plena Noite;Decrescente;Céu Claro;Simples;Reta;-20,66672544;-51,7919376
18/11/2023;23:00:00;MANGARATIBA;Curva acentuada;Queda de ocupante de veículo;Com Vítimas Feridas;Plena Noite;Decrescente;Céu Claro;Simples;Curva;-23,02615025;-44,12477186
19/11/2023;00:10:00;VALPARAISO DE GOIAS;Ausência de reação do condutor;Tombamento;Com Vítimas Feridas;Plena Noite;Crescente;Céu Claro;Dupla;Reta;-16,058273;-47,982655
18/11/2023;23:10:00;GRAO MOGOL;Chuva;Saída de leito carroçável;Com Vítimas Feridas;Plena Noite;Crescente;Chuva;Simples;Reta;-16,43296895;-43,27160208
19/11/2023;01:30:00;NOVA LIMA;Manobra de mudança de faixa;Colisão lateral mesmo sentido;Com Vítimas Feridas;Plena Noite;Decrescente;Ignorado;Simples;"Reta;Aclive";-20,16985101;-43,96554788
18/11/2023;19:40:00;PONTES E LACERDA;Ultrapassagem Indevida;Colisão frontal;Com Vítimas Fatais;Plena Noite;Crescente;Céu Claro;Simples;Reta;-15,20188279;-59,39918804
19/11/2023;06:00:00;EMBU DAS ARTES;Acumulo de água sobre o pavimento;Saída de leito carroçável;Com Vítimas Feridas;Pleno dia;Decrescente;Garoa/Chuvisco;Dupla;"Curva;Viaduto";-23,68570216;-46,85970975
19/11/2023;03:30:00;CONQUISTA DOESTE;Manobra de mudança de faixa;Colisão frontal;Com Vítimas Feridas;Plena Noite;Crescente;Céu Claro;Simples;Curva;-14,494263;-59,569708
19/11/2023;04:40:00;PIRANHAS;Ultrapassagem Indevida;Colisão frontal;Com Vítimas Fatais;Amanhecer;Crescente;Céu Claro;Simples;Declive;-16,42987211;-51,79622731
19/11/2023;07:30:00;CAMPINA GRANDE DO SUL;Velocidade Incompatível;Colisão com objeto;Com Vítimas Feridas;Pleno dia;Crescente;Garoa/Chuvisco;Dupla;Curva;-25,156168;-48,8613401
19/11/2023;07:45:00;ESTIVA;Curva acentuada;Saída de leito carroçável;Com Vítimas Feridas;Pleno dia;Decrescente;Chuva;Dupla;Curva;-22,4196772;-45,96473694
19/11/2023;08:50:00;BRASILIA;Acumulo de óleo sobre o pavimento;Queda de ocupante de veículo;Com Vítimas Feridas;Pleno dia;Crescente;Céu Claro;Dupla;Reta;-15,984798;-48,216904
19/11/2023;10:00:00;UBATUBA;Ultrapassagem Indevida;Colisão frontal;Com Vítimas Feridas;Pleno dia;Crescente;Garoa/Chuvisco;Simples;"Reta;Interseção de Vias";-23,4599001;-45,06739855
19/11/2023;10:00:00;NATAL;Afundamento ou ondulação no pavimento;Queda de ocupante de veículo;Com Vítimas Feridas;Pleno dia;Crescente;Céu Claro;Dupla;"Reta;Em Obras";-5,76791511;-35,27456305
19/11/2023;10:15:00;LIMA DUARTE;Velocidade Incompatível;Colisão frontal;Com Vítimas Fatais;Pleno dia;Crescente;Chuva;Simples;Curva;-21,81169158;-43,71605708
19/11/2023;10:30:00;ANTONINA;Velocidade Incompatível;Colisão com objeto;Com Vítimas Feridas;Pleno dia;Decrescente;Garoa/Chuvisco;Dupla;Curva;-25,10922624;-48,74659689
19/11/2023;09:30:00;ITAPERUNA;Ultrapassagem Indevida;Colisão com objeto;Sem Vítimas;Pleno dia;Decrescente;Céu Claro;Simples;"Reta;Declive";-21,28663997;-41,71935299
19/11/2023;07:30:00;ENGENHEIRO CALDAS;Velocidade Incompatível;Colisão com objeto;Com Vítimas Feridas;Pleno dia;Decrescente;Céu Claro;Simples;Curva;-19,12790814;-42,01327575
19/11/2023;08:50:00;ALFREDO WAGNER;Manobra de mudança de faixa;Saída de leito carroçável;Com Vítimas Feridas;Pleno dia;Crescente;Céu Claro;Simples;Reta;-27,770338;-49,404785
19/11/2023;11:25:00;BAYEUX;Avarias e/ou desgaste excessivo no pneu;Tombamento;Com Vítimas Feridas;Pleno dia;Crescente;Sol;Dupla;Reta;-7,14538184;-34,91662887
19/11/2023;11:09:00;SAO GONCALO;Reação tardia ou ineficiente do condutor;Tombamento;Com Vítimas Feridas;Pleno dia;Decrescente;Garoa/Chuvisco;Dupla;Reta;-22,85411774;-43,1018014
19/11/2023;10:25:00;SEBERI;Pista esburacada;Saída de leito carroçável;Com Vítimas Feridas;Pleno dia;Decrescente;Sol;Simples;Reta;-27,608656;-53,344784
19/11/2023;11:30:00;CASTANHAL;Falta de elemento de contenção que evite a saída do leito carroçável;Saída de leito carroçável;Com Vítimas Feridas;Pleno dia;Crescente;Céu Claro;Simples;Reta;-1,29157829;-47,86624498
19/11/2023;13:29:00;CAAPORA;Manobra de mudança de faixa;Colisão lateral mesmo sentido;Com Vítimas Feridas;Pleno dia;Decrescente;Céu Claro;Dupla;Reta;-7,46746892;-34,9772648
19/11/2023;12:30:00;PETROPOLIS;Acumulo de água sobre o pavimento;Saída de leito carroçável;Com Vítimas Feridas;Pleno dia;Crescente;Chuva;Dupla;Curva;-22,52145512;-43,23707996
19/11/2023;11:50:00;CANAPI;Demais falhas na via;Tombamento;Com Vítimas Feridas;Pleno dia;Decrescente;Sol;Simples;"Reta;Em Obras;Aclive";-9,17955542;-37,47168319
19/11/2023;13:40:00;RECIFE;Manobra de mudança de faixa;Colisão lateral mesmo sentido;Com Vítimas Feridas;Pleno dia;Decrescente;Céu Claro;Dupla;Reta;-7,96346213;-34,91513486
19/11/2023;14:43:00;GUARULHOS;Pista Escorregadia;Queda de ocupante de veículo;Com Vítimas Feridas;Pleno dia;Decrescente;Chuva;Múltipla;Reta;-23,49659264;-46,55648754
19/11/2023;12:40:00;PETROPOLIS;Acumulo de óleo sobre o pavimento;Colisão frontal;Com Vítimas Feridas;Pleno dia;Crescente;Céu Claro;Simples;"Curva;Declive";-22,34078181;-43,13392282
19/11/2023;15:40:00;CONCEICAO DO CASTELO;Velocidade Incompatível;Colisão frontal;Com Vítimas Feridas;Pleno dia;Crescente;Chuva;Simples;"Declive;Curva";-20,33105412;-41,20435975
19/11/2023;15:00:00;TERESINA;Manobra de mudança de faixa;Colisão lateral mesmo sentido;Sem Vítimas;Pleno dia;Decrescente;Sol;Dupla;Aclive;-5,15584638;-42,77173332
19/11/2023;13:50:00;SAO GONCALO DO ABAETE;Ultrapassagem Indevida;Colisão frontal;Com Vítimas Feridas;Pleno dia;Crescente;Chuva;Simples;Curva;-18,00627278;-45,55987996
19/11/2023;12:00:00;PETROPOLIS;Chuva;Saída de leito carroçável;Com Vítimas Feridas;Pleno dia;Decrescente;Chuva;Simples;"Aclive;Curva";-22,54903566;-43,24229724
19/11/2023;15:30:00;PORTO VELHO;Chuva;Saída de leito carroçável;Sem Vítimas;Pleno dia;Crescente;Chuva;Dupla;Reta;-8,80298977;-63,75179291
19/11/2023;11:00:00;DUQUE DE CAXIAS;Mal súbito do condutor;Tombamento;Com Vítimas Feridas;Pleno dia;Decrescente;Chuva;Dupla;"Curva;Aclive";-22,56876595;-43,27693723
19/11/2023;18:20:00;SIMAO PEREIRA;Velocidade Incompatível;Saída de leito carroçável;Com Vítimas Feridas;Anoitecer;Crescente;Chuva;Dupla;Curva;-21,96689732;-43,29126511
19/11/2023;18:30:00;BETIM;Velocidade Incompatível;Saída de leito carroçável;Com Vítimas Feridas;Pleno dia;Crescente;Chuva;Dupla;Reta;-19,98332234;-44,20214426
19/11/2023;14:45:00;PORTO VELHO;Acumulo de água sobre o pavimento;Saída de leito carroçável;Com Vítimas Fatais;Pleno dia;Crescente;Chuva;Simples;Reta;-9,67797012;-65,39095813
19/11/2023;19:10:00;CAETE;Sinalização mal posicionada;Saída de leito carroçável;Com Vítimas Feridas;Plena Noite;Crescente;Chuva;Dupla;"Aclive;Curva";-19,75691958;-43,63310337
19/11/2023;17:40:00;ABADIA DE GOIAS;Manobra de mudança de faixa;Colisão traseira;Com Vítimas Fatais;Pleno dia;Decrescente;Céu Claro;Dupla;"Aclive;Reta";-16,7333;-49,3996
19/11/2023;21:15:00;ANTONIO CARDOSO;Velocidade Incompatível;Tombamento;Com Vítimas Feridas;Plena Noite;Decrescente;Céu Claro;Dupla;Reta;-12,3907322;-39,14586782
19/11/2023;19:20:00;SANTO CRISTO;Ultrapassagem Indevida;Saída de leito carroçável;Com Vítimas Feridas;Anoitecer;Decrescente;Sol;Simples;Curva;-27,838734;-54,624632
19/11/2023;20:50:00;CASCAVEL;Manobra de mudança de faixa;Colisão lateral mesmo sentido;Com Vítimas Feridas;Plena Noite;Decrescente;Ignorado;Dupla;"Reta;Aclive";-24,897235;-53,533793
19/11/2023;20:50:00;BRASILIA;Velocidade Incompatível;Saída de leito carroçável;Com Vítimas Feridas;Plena Noite;Crescente;Nublado;Dupla;Reta;-15,598319;-47,621925
19/11/2023;22:30:00;NOSSA SENHORA DO SOCORRO;Ausência de sinalização;Saída de leito carroçável;Com Vítimas Feridas;Plena Noite;Decrescente;Céu Claro;Simples;"Viaduto;Curva";-10,88496751;-37,13502288
19/11/2023;22:30:00;ITAJAI;Demais falhas mecânicas ou elétricas;Tombamento;Com Vítimas Feridas;Plena Noite;Decrescente;Nublado;Dupla;Reta;-26,94802427;-48,68338515
19/11/2023;18:00:00;VARGEM BONITA;Manobra de mudança de faixa;Colisão transversal;Com Vítimas Feridas;Pleno dia;Decrescente;Céu Claro;Simples;Reta;-26,994884;-51,87051
19/11/2023;20:10:00;LAGOA SECA;Acessar a via sem observar a presença dos outros veículos;Tombamento;Com Vítimas Feridas;Plena Noite;Crescente;Céu Claro;Simples;Reta;-7,19637839;-35,87571339
19/11/2023;22:55:00;CAXIAS DO SUL;Velocidade Incompatível;Saída de leito carroçável;Sem Vítimas;Plena Noite;Crescente;Nublado;Simples;Curva;-29,24019404;-51,15933323
19/11/2023;21:25:00;CACHOEIRA PAULISTA;Velocidade Incompatível;Colisão com objeto;Com Vítimas Feridas;Plena Noite;Crescente;Chuva;Dupla;Reta;-22,68631027;-45,0146498
19/11/2023;22:00:00;DOM EXPEDITO LOPES;Acumulo de água sobre o pavimento;Saída de leito carroçável;Com Vítimas Feridas;Plena Noite;Crescente;Chuva;Simples;Aclive;-6,95268126;-41,69379841
20/11/2023;01:30:00;UBERLANDIA;Velocidade Incompatível;Saída de leito carroçável;Com Vítimas Feridas;Plena Noite;Decrescente;Nublado;Simples;"Reta;Declive";-18,89301829;-48,13943907
20/11/2023;02:15:00;CLARO DOS POCOES;Chuva;Saída de leito carroçável;Com Vítimas Feridas;Plena Noite;Decrescente;Chuva;Simples;Reta;-16,91338837;-44,20830575
20/11/2023;03:10:00;SANTO ANTONIO DO DESCOBERTO;Pista Escorregadia;Saída de leito carroçável;Com Vítimas Feridas;Plena Noite;Decrescente;Chuva;Dupla;Curva;-16,117239;-48,319999
20/11/2023;05:50:00;MATEUS LEME;Velocidade Incompatível;Capotamento;Com Vítimas Feridas;Amanhecer;Crescente;Céu Claro;Dupla;Reta;-19,93325094;-44,42077402
20/11/2023;07:15:00;RECIFE;Manobra de mudança de faixa;Colisão lateral mesmo sentido;Com Vítimas Feridas;Pleno dia;Decrescente;Céu Claro;Dupla;Rotatória;-8,05074296;-34,94580619
20/11/2023;06:50:00;SERRA;Manobra de mudança de faixa;Colisão lateral mesmo sentido;Com Vítimas Feridas;Pleno dia;Crescente;Céu Claro;Múltipla;Reta;-20,19930999;-40,26884609
20/11/2023;07:55:00;BETIM;Velocidade Incompatível;Atropelamento de Pedestre;Com Vítimas Feridas;Pleno dia;Decrescente;Nublado;Múltipla;"Reta;Declive";-19,95659361;-44,12622893
01/10/2023;10:30:00;ERECHIM;Avarias e/ou desgaste excessivo no pneu;Tombamento;Com Vítimas Feridas;Pleno dia;Decrescente;Nublado;Simples;Reta;-27,59755702;-52,2349289
08/11/2023;08:40:00;JUNQUEIRO;Ultrapassagem Indevida;Colisão frontal;Com Vítimas Feridas;Pleno dia;Crescente;Céu Claro;Simples;Curva;-9,93330214;-36,47155881
12/11/2023;15:30:00;VIANA;Demais falhas mecânicas ou elétricas;Tombamento;Com Vítimas Feridas;Pleno dia;Decrescente;Céu Claro;Dupla;Reta;-20,37695747;-40,44527144
20/11/2023;07:10:00;RECIFE;Ultrapassagem Indevida;Colisão lateral mesmo sentido;Sem Vítimas;Pleno dia;Decrescente;Nublado;Dupla;Reta;-8,064473;-34,936928
20/11/2023;06:00:00;RIO DE JANEIRO;Chuva;Colisão traseira;Com Vítimas Feridas;Pleno dia;Decrescente;Chuva;Dupla;Reta;-22,88810094;-43,65827302
19/11/2023;21:35:00;CONQUISTA DOESTE;Ausência de sinalização;Colisão frontal;Com Vítimas Fatais;Plena Noite;Crescente;Chuva;Simples;Reta;-14,482545;-59,58194
20/11/2023;09:40:00;JOAO MONLEVADE;Acumulo de areia ou detritos sobre o pavimento;Tombamento;Com Vítimas Feridas;Pleno dia;Crescente;Nublado;Simples;Curva;-19,84802152;-43,16257954
20/11/2023;08:50:00;PORTO VELHO;Acumulo de areia ou detritos sobre o pavimento;Queda de ocupante de veículo;Com Vítimas Feridas;Pleno dia;Crescente;Céu Claro;Dupla;Curva;-8,78573785;-63,89817015
20/11/2023;11:00:00;MIRACATU;Chuva;Saída de leito carroçável;Com Vítimas Feridas;Pleno dia;Crescente;Chuva;Dupla;Curva;-24,13038097;-47,27114281
20/11/2023;06:50:00;JOAO PINHEIRO;Acumulo de água sobre o pavimento;Colisão frontal;Com Vítimas Feridas;Pleno dia;Decrescente;Chuva;Simples;"Aclive;Reta";-17,73570757;-46,21099068
20/11/2023;11:10:00;MIRACATU;Pista Escorregadia;Tombamento;Com Vítimas Feridas;Pleno dia;Crescente;Chuva;Dupla;Reta;-24,13038097;-47,27114281
20/11/2023;11:30:00;NOVA SERRANA;Ultrapassagem Indevida;Colisão lateral sentido oposto;Com Vítimas Feridas;Pleno dia;Crescente;Céu Claro;Simples;Curva;-19,86755552;-44,9889018
02/10/2023;08:30:00;SANTA VITORIA;Afundamento ou ondulação no pavimento;Queda de ocupante de veículo;Com Vítimas Feridas;Pleno dia;Decrescente;Céu Claro;Simples;Reta;-18,88354892;-50,05268097
20/11/2023;06:40:00;TERESINA;Manobra de mudança de faixa;Colisão lateral mesmo sentido;Sem Vítimas;Pleno dia;Crescente;Sol;Simples;Reta;-5,061587;-42,60183
20/11/2023;07:15:00;FEIRA DE SANTANA;Manobra de mudança de faixa;Colisão com objeto;Com Vítimas Feridas;Pleno dia;Decrescente;Sol;Dupla;Reta;-12,2793618;-38,941779
20/11/2023;12:15:00;BARRA DO GARCAS;Manobra de mudança de faixa;Saída de leito carroçável;Com Vítimas Feridas;Pleno dia;Decrescente;Céu Claro;Simples;Reta;-15,78485714;-52,28769374
09/11/2023;17:40:00;LUZIANIA;Manobra de mudança de faixa;Colisão transversal;Com Vítimas Feridas;Pleno dia;Crescente;Céu Claro;Dupla;Reta;-16,131285;-47,957923
12/08/2023;12:30:00;SAO PAULO;Velocidade Incompatível;Saída de leito carroçável;Com Vítimas Feridas;Pleno dia;Crescente;Nublado;Dupla;Curva;-23,388839;-46,5693478
20/11/2023;14:00:00;ITAPEMA;Avarias e/ou desgaste excessivo no pneu;Tombamento;Com Vítimas Feridas;Pleno dia;Decrescente;Céu Claro;Dupla;"Reta;Aclive";-27,08139206;-48,60130993
20/11/2023;15:40:00;JARDIM;Manobra de mudança de faixa;Colisão lateral mesmo sentido;Com Vítimas Feridas;Pleno dia;Crescente;Nublado;Dupla;Rotatória;-21,48542331;-56,15040947
20/11/2023;17:00:00;SAPUCAIA DO SUL;Manobra de mudança de faixa;Colisão lateral mesmo sentido;Com Vítimas Feridas;Pleno dia;Crescente;Sol;Múltipla;Reta;-29,80035406;-51,16550365
20/11/2023;17:35:00;SAO JOAO DE MERITI;Chuva;Colisão com objeto;Com Vítimas Feridas;Anoitecer;Crescente;Chuva;Múltipla;Reta;-22,7839538;-43,38195488
20/11/2023;07:20:00;COLOMBO;Velocidade Incompatível;Saída de leito carroçável;Sem Vítimas;Plena Noite;Decrescente;Ignorado;Simples;Curva;-25,311363;-49,145245
20/11/2023;16:50:00;CAMPINA GRANDE DO SUL;Chuva;Capotamento;Com Vítimas Feridas;Pleno dia;Crescente;Chuva;Dupla;Curva;-25,08235366;-48,61499799
20/11/2023;18:20:00;ITAPEMA;Manobra de mudança de faixa;Colisão lateral mesmo sentido;Com Vítimas Feridas;Plena Noite;Decrescente;Nublado;Dupla;Reta;-27,13563503;-48,61004665
08/11/2023;11:30:00;SAO JOSE DOS PINHAIS;Reação tardia ou ineficiente do condutor;Tombamento;Com Vítimas Feridas;Pleno dia;Decrescente;Ignorado;Simples;Viaduto;-25,60034699;-49,17355691
20/11/2023;19:00:00;FORQUILHA;Avarias e/ou desgaste excessivo no pneu;Tombamento;Com Vítimas Feridas;Plena Noite;Crescente;Céu Claro;Simples;"Declive;Curva";-3,79654314;-40,25649726
20/11/2023;18:30:00;GOIANINHA;Velocidade Incompatível;Capotamento;Com Vítimas Feridas;Plena Noite;Crescente;Céu Claro;Dupla;Reta;-6,30228615;-35,19185327
20/11/2023;19:59:00;MARECHAL CANDIDO RONDON;Falta de acostamento;Tombamento;Com Vítimas Feridas;Plena Noite;Crescente;Céu Claro;Simples;Reta;-24,57864514;-53,99236214
20/11/2023;10:00:00;CAMPOS DOS GOYTACAZES;Declive acentuado;Tombamento;Com Vítimas Feridas;Pleno dia;Decrescente;Nublado;Dupla;"Curva;Aclive";-21,82667291;-41,48736902
20/11/2023;20:50:00;NOVA LIMA;Manobra de mudança de faixa;Colisão com objeto;Com Vítimas Feridas;Pleno dia;Crescente;Chuva;Simples;Declive;-20,19509609;-43,97360482
20/11/2023;20:45:00;CRUZEIRO;Chuva;Colisão lateral mesmo sentido;Com Vítimas Feridas;Plena Noite;Decrescente;Chuva;Dupla;Reta;-22,66128426;-44,97738361
20/11/2023;21:40:00;FRUTAL;Avarias e/ou desgaste excessivo no pneu;Tombamento;Com Vítimas Feridas;Plena Noite;Crescente;Nublado;Simples;Reta;-20,0133491;-48,91987681
10/09/2023;19:30:00;TIMON;Ausência de sinalização;Colisão traseira;Com Vítimas Fatais;Plena Noite;Crescente;Céu Claro;Simples;"Reta;Aclive;Em Obras";-5,139048;-43,142427
20/11/2023;23:30:00;CASCAVEL;Velocidade Incompatível;Saída de leito carroçável;Com Vítimas Feridas;Plena Noite;Decrescente;Céu Claro;Simples;Reta;-24,88516151;-53,34795177
20/11/2023;22:25:00;CAMBUI;Velocidade Incompatível;Colisão com objeto;Sem Vítimas;Plena Noite;Crescente;Garoa/Chuvisco;Dupla;"Declive;Curva";-22,67474864;-46,09654718
20/11/2023;14:00:00;SAPUCAIA;Trafegar com motocicleta (ou similar) entre as faixas;Tombamento;Com Vítimas Feridas;Pleno dia;Crescente;Nublado;Dupla;Reta;-21,94148988;-42,82319999
20/11/2023;11:00:00;CASA NOVA;Ausência de sinalização;Colisão frontal;Com Vítimas Fatais;Pleno dia;Crescente;Céu Claro;Simples;Reta;-9,15742773;-40,94752397
20/11/2023;23:30:00;JUIZ DE FORA;Velocidade Incompatível;Colisão traseira;Sem Vítimas;Plena Noite;Decrescente;Chuva;Dupla;Curva;-21,72733544;-43,4385309
21/11/2023;05:20:00;CAMPOS DOS GOYTACAZES;Velocidade Incompatível;Saída de leito carroçável;Com Vítimas Feridas;Pleno dia;Decrescente;Céu Claro;Dupla;Curva;-21,82626899;-41,49641201
20/11/2023;08:20:00;SAO GONCALO DO RIO ABAIXO;Acumulo de água sobre o pavimento;Saída de leito carroçável;Com Vítimas Feridas;Pleno dia;Decrescente;Chuva;Simples;Curva;-19,83666149;-43,33681685
20/11/2023;19:55:00;GUAPIMIRIM;Velocidade Incompatível;Colisão com objeto;Com Vítimas Feridas;Plena Noite;Decrescente;Chuva;Simples;Curva;-22,47811419;-42,99603471
21/11/2023;05:27:00;PALMAS;Velocidade Incompatível;Tombamento;Com Vítimas Fatais;Amanhecer;Crescente;Céu Claro;Múltipla;"Reta;Declive";-10,21491133;-48,15620573
20/11/2023;09:35:00;FEIRA DE SANTANA;Avarias e/ou desgaste excessivo no pneu;Tombamento;Com Vítimas Feridas;Pleno dia;Decrescente;Céu Claro;Dupla;Reta;-12,30106981;-38,8977869
20/11/2023;23:15:00;MONTE ALEGRE DE MINAS;Avarias e/ou desgaste excessivo no pneu;Tombamento;Com Vítimas Feridas;Plena Noite;Decrescente;Céu Claro;Dupla;Reta;-18,89100473;-48,67040895
21/11/2023;07:10:00;GUARULHOS;Manobra de mudança de faixa;Colisão traseira;Com Vítimas Feridas;Pleno dia;Decrescente;Céu Claro;Dupla;Reta;-23,48071896;-46,53271603
21/11/2023;07:45:00;RIBEIRAO DAS NEVES;Acumulo de areia ou detritos sobre o pavimento;Colisão traseira;Com Vítimas Feridas;Pleno dia;Crescente;Céu Claro;Dupla;Interseção de Vias;-19,78164295;-44,11733194
21/11/2023;01:50:00;PARATY;Velocidade Incompatível;Saída de leito carroçável;Com Vítimas Feridas;Plena Noite;Decrescente;Garoa/Chuvisco;Simples;"Declive;Curva";-23,13693615;-44,70218804
02/11/2023;15:40:00;BRASILIA;Pista Escorregadia;Saída de leito carroçável;Com Vítimas Feridas;Pleno dia;Decrescente;Chuva;Dupla;Declive;-15,650243;-47,773872
21/11/2023;07:30:00;MIRACATU;Velocidade Incompatível;Colisão traseira;Sem Vítimas;Pleno dia;Decrescente;Nublado;Dupla;Reta;-24,2823606;-47,4330272
21/11/2023;12:00:00;RECIFE;Velocidade Incompatível;Colisão com objeto;Sem Vítimas;Pleno dia;Decrescente;Chuva;Dupla;"Reta;Aclive";-8,093106;-34,946893
21/11/2023;12:35:00;NATAL;Acumulo de água sobre o pavimento;Tombamento;Com Vítimas Feridas;Pleno dia;Decrescente;Chuva;Dupla;"Curva;Túnel;Declive;Retorno Regulamentado";-5,836827;-35,211312
21/11/2023;12:30:00;LINHARES;Velocidade Incompatível;Colisão lateral mesmo sentido;Com Vítimas Feridas;Pleno dia;Crescente;Céu Claro;Dupla;Reta;-19,36990998;-40,06560718
21/11/2023;07:30:00;LUZ;Ultrapassagem Indevida;Saída de leito carroçável;Sem Vítimas;Pleno dia;Crescente;Céu Claro;Simples;"Declive;Reta";-19,78323056;-45,65745094
21/11/2023;09:00:00;COLORADO DO OESTE;Afundamento ou ondulação no pavimento;Colisão lateral sentido oposto;Com Vítimas Feridas;Pleno dia;Crescente;Nublado;Simples;Curva;-13,19332204;-60,64301697
21/11/2023;07:20:00;DOMINGOS MARTINS;Acumulo de areia ou detritos sobre o pavimento;Queda de ocupante de veículo;Com Vítimas Feridas;Pleno dia;Crescente;Céu Claro;Simples;Reta;-20,37841035;-41,03346335
21/08/2023;19:30:00;TEOFILO OTONI;Demais Fenômenos da natureza;Eventos atípicos;Sem Vítimas;Plena Noite;Crescente;Granizo;Simples;Curva;-17,86846089;-41,5171394
21/11/2023;15:00:00;RIO DE JANEIRO;Manobra de mudança de faixa;Colisão lateral mesmo sentido;Com Vítimas Feridas;Pleno dia;Decrescente;Céu Claro;Dupla;Reta;-22,88537839;-43,64965688
21/11/2023;14:20:00;CARATINGA;Desrespeitar a preferência no cruzamento;Tombamento;Com Vítimas Feridas;Pleno dia;Decrescente;Sol;Simples;"Reta;Interseção de Vias";-19,77940465;-42,13289022
21/11/2023;15:05:00;IGARASSU;Manobra de mudança de faixa;Colisão lateral mesmo sentido;Com Vítimas Feridas;Pleno dia;Crescente;Céu Claro;Dupla;Reta;-7,87406004;-34,90588126
21/11/2023;16:00:00;LINHARES;Velocidade Incompatível;Colisão transversal;Sem Vítimas;Pleno dia;Crescente;Céu Claro;Simples;"Reta;Interseção de Vias";-19,32655693;-40,07192387
21/11/2023;15:20:00;RIBAS DO RIO PARDO;Acumulo de água sobre o pavimento;Saída de leito carroçável;Com Vítimas Feridas;Pleno dia;Decrescente;Chuva;Simples;Curva;-20,46760326;-52,94149387
21/11/2023;16:15:00;SANTA BARBARA DO LESTE;Demais falhas na via;Eventos atípicos;Com Vítimas Feridas;Pleno dia;Crescente;Céu Claro;Simples;Curva;-19,91601;-42,131546