data_inversa;horario;municipio;causa_acidente;tipo_acidente;classificacao_acidente;fase_dia;sentido_via;condicao_metereologica;tipo_pista;tracado_via;latitude;longitude
25/11/2023;19:30:00;ERECHIM;Ultrapassagem Indevida;Colisão frontal;Com Vítimas Fatais;Plena Noite;Decrescente;Céu Claro;Múltipla;Reta;-27,58864996;-52,23302717
25/11/2023;18:45:00;GARANHUNS;Manobra de mudança de faixa;Colisão frontal;Com Vítimas Feridas;Plena Noite;Decrescente;Céu Claro;Simples;"Reta;Declive";-8,88021822;-36,48651678
10/11/2023;18:00:00;PALMAS;Manobra de mudança de faixa;Colisão transversal;Sem Vítimas;Anoitecer;Crescente;Céu Claro;Dupla;Rotatória;-10,32820633;-48,29775117
25/11/2023;15:00:00;SAO FELIX DO CORIBE;Ultrapassagem Indevida;Colisão frontal;Com Vítimas Fatais;Pleno dia;Decrescente;Sol;Simples;"Reta;Ponte";-13,396971;-44,138649
25/11/2023;20:50:00;LONDRINA;Manobra de mudança de faixa;Colisão lateral mesmo sentido;Com Vítimas Feridas;Plena Noite;Crescente;Céu Claro;Dupla;"Reta;Interseção de Vias";-23,29799899;-51,19719028
25/11/2023;18:55:00;SAO JOAO DO SUL;Demais falhas mecânicas ou elétricas;Tombamento;Com Vítimas Feridas;Plena Noite;Crescente;Céu Claro;Dupla;"Reta;Aclive";-29,19759996;-49,75264078
25/11/2023;12:15:00;PATROCINIO;Ultrapassagem Indevida;Tombamento;Com Vítimas Feridas;Pleno dia;Crescente;Céu Claro;Simples;"Aclive;Reta";-18,95419274;-47,26436391
25/11/2023;18:00:00;JOAO PINHEIRO;Pista Escorregadia;Saída de leito carroçável;Com Vítimas Feridas;Anoitecer;Crescente;Chuva;Simples;Reta;-18,1772191;-45,79392997
25/11/2023;20:50:00;CAXIAS DO SUL;Reação tardia ou ineficiente do condutor;Tombamento;Com Vítimas Feridas;Plena Noite;Crescente;Céu Claro;Dupla;Curva;-29,1267449;-51,12768983
25/11/2023;21:50:00;OURINHOS;Pista esburacada;Tombamento;Com Vítimas Feridas;Plena Noite;Crescente;Céu Claro;Dupla;Reta;-22,94053093;-49,91226196
25/11/2023;23:55:00;SAO JOAO DA BARRA;Velocidade Incompatível;Saída de leito carroçável;Com Vítimas Feridas;Plena Noite;Crescente;Céu Claro;Simples;"Interseção de Vias;Curva;Retorno Regulamentado";-21,718195;-41,057464
26/11/2023;00:40:00;NOSSA SENHORA DO SOCORRO;Iluminação deficiente;Colisão com objeto;Com Vítimas Feridas;Plena Noite;Decrescente;Garoa/Chuvisco;Dupla;Reta;-10,90644924;-37,1145308
26/11/2023;00:00:00;SAO PAULO;Reação tardia ou ineficiente do condutor;Tombamento;Com Vítimas Feridas;Plena Noite;Decrescente;Garoa/Chuvisco;Dupla;Reta;-23,37208014;-46,55700294
25/11/2023;23:30:00;CUIABA;Acumulo de água sobre o pavimento;Queda de ocupante de veículo;Com Vítimas Feridas;Plena Noite;Decrescente;Chuva;Simples;"Declive;Reta";-15,699635;-56,036549
26/11/2023;01:00:00;ARAGUARI;Velocidade Incompatível;Saída de leito carroçável;Sem Vítimas;Plena Noite;Decrescente;Céu Claro;Dupla;Reta;-18,63251728;-48,11918755
26/11/2023;02:36:00;PONTES E LACERDA;Ausência de sinalização;Colisão traseira;Com Vítimas Fatais;Plena Noite;Crescente;Nevoeiro/Neblina;Simples;Reta;-14,91435293;-59,29237257
26/11/2023;06:20:00;UBERABA;Velocidade Incompatível;Colisão com objeto;Sem Vítimas;Pleno dia;Crescente;Céu Claro;Simples;"Viaduto;Curva";-19,74554892;-47,98382166
26/11/2023;07:00:00;MARINGA;Velocidade Incompatível;Colisão com objeto;Com Vítimas Feridas;Pleno dia;Crescente;Nublado;Dupla;"Curva;Viaduto";-23,40843621;-51,98627472
26/11/2023;07:35:00;PRUDENTOPOLIS;Afundamento ou ondulação no pavimento;Tombamento;Com Vítimas Feridas;Pleno dia;Decrescente;Céu Claro;Simples;Reta;-25,2041811;-50,98977506
26/11/2023;08:40:00;DOM CAVATI;Ausência de reação do condutor;Tombamento;Com Vítimas Feridas;Pleno dia;Crescente;Céu Claro;Simples;"Viaduto;Curva";-19,45138982;-42,12752114
22/11/2023;12:30:00;CHORROCHO;Ultrapassagem Indevida;Colisão lateral mesmo sentido;Sem Vítimas;Pleno dia;Crescente;Céu Claro;Simples;Reta;-9,34339997;-39,07972817
26/11/2023;10:00:00;MACAU;Velocidade Incompatível;Saída de leito carroçável;Com Vítimas Feridas;Pleno dia;Crescente;Céu Claro;Simples;Reta;-5,2038749;-36,47644896
26/11/2023;11:35:00;MANHUACU;Velocidade Incompatível;Tombamento;Com Vítimas Feridas;Pleno dia;Crescente;Nublado;Simples;Curva;-20,27018211;-42,14428578
26/11/2023;13:50:00;PRATA;Acumulo de água sobre o pavimento;Colisão lateral sentido oposto;Com Vítimas Feridas;Pleno dia;Decrescente;Chuva;Simples;"Reta;Declive";-19,1858341;-48,94751032
26/11/2023;08:00:00;SAO MATEUS;Ultrapassagem Indevida;Saída de leito carroçável;Com Vítimas Feridas;Pleno dia;Decrescente;Céu Claro;Simples;Reta;-18,74453703;-39,86164665
26/11/2023;14:45:00;BANDEIRANTES;Ausência de reação do condutor;Tombamento;Com Vítimas Feridas;Pleno dia;Crescente;Nublado;Simples;Reta;-19,752187;-54,35692
26/11/2023;15:00:00;BRASILIA;Velocidade Incompatível;Colisão traseira;Com Vítimas Feridas;Pleno dia;Decrescente;Céu Claro;Dupla;"Retorno Regulamentado;Reta";-15,650243;-47,773872
26/11/2023;16:10:00;ITAJAI;Reação tardia ou ineficiente do condutor;Tombamento;Com Vítimas Feridas;Pleno dia;Crescente;Nublado;Múltipla;Reta;-26,86192886;-48,7286704
26/11/2023;14:50:00;BEZERROS;Manobra de mudança de faixa;Capotamento;Com Vítimas Feridas;Pleno dia;Decrescente;Sol;Dupla;Reta;-8,2367277;-35,73401605
26/11/2023;17:09:00;RECIFE;Acostamento em desnível;Queda de ocupante de veículo;Com Vítimas Feridas;Pleno dia;Decrescente;Céu Claro;Dupla;Reta;-8,11813811;-34,94329214
26/11/2023;17:10:00;IBIPORA;Reação tardia ou ineficiente do condutor;Tombamento;Com Vítimas Feridas;Pleno dia;Decrescente;Céu Claro;Dupla;Rotatória;-23,285637;-51,074218
26/11/2023;16:00:00;TIBAGI;Ultrapassagem Indevida;Colisão frontal;Com Vítimas Feridas;Pleno dia;Crescente;Nublado;Simples;"Declive;Curva";-24,77119468;-50,46625078
26/11/2023;17:45:00;CABEDELO;Demais falhas na via;Colisão com objeto;Com Vítimas Feridas;Anoitecer;Crescente;Céu Claro;Dupla;"Interseção de Vias;Reta;Em Obras";-7,05087248;-34,84989882
26/11/2023;16:16:00;SAO LUIS;Manobra de mudança de faixa;Colisão lateral mesmo sentido;Com Vítimas Feridas;Pleno dia;Crescente;Céu Claro;Dupla;Reta;-2,53073;-44,3068
26/11/2023;18:25:00;PALHOCA;Manobra de mudança de faixa;Colisão transversal;Com Vítimas Feridas;Anoitecer;Decrescente;Nublado;Dupla;Reta;-27,74200001;-48,63806504
26/11/2023;17:00:00;ATALAIA;Ultrapassagem Indevida;Colisão frontal;Com Vítimas Feridas;Pleno dia;Decrescente;Céu Claro;Dupla;Reta;-9,56369581;-35,97111969
26/11/2023;19:00:00;SALVADOR;Pista esburacada;Queda de ocupante de veículo;Com Vítimas Feridas;Plena Noite;Crescente;Céu Claro;Dupla;Reta;-12,87957905;-38,43213893
26/11/2023;19:00:00;GUARULHOS;Pista esburacada;Tombamento;Com Vítimas Feridas;Plena Noite;Decrescente;Céu Claro;Múltipla;Reta;-23,48469299;-46,55983288
26/11/2023;19:00:00;ARAGUAINA;Pista esburacada;Queda de ocupante de veículo;Com Vítimas Feridas;Plena Noite;Crescente;Céu Claro;Simples;Reta;-7,24812605;-48,25533885
26/11/2023;18:10:00;SAO MATEUS;Ultrapassagem Indevida;Colisão frontal;Com Vítimas Feridas;Plena Noite;Decrescente;Céu Claro;Simples;Reta;-18,83616999;-39,91775501
26/11/2023;19:20:00;SAO GONCALO DO AMARANTE;Manobra de mudança de faixa;Colisão lateral sentido oposto;Com Vítimas Feridas;Plena Noite;Crescente;Céu Claro;Dupla;Reta;-5,76791511;-35,27456305
26/11/2023;19:45:00;SAO LOURENCO DO SUL;Ausência de reação do condutor;Tombamento;Com Vítimas Feridas;Plena Noite;Crescente;Céu Claro;Dupla;Reta;-31,19584196;-52,02180486
26/11/2023;18:15:00;ANGRA DOS REIS;Chuva;Saída de leito carroçável;Com Vítimas Feridas;Plena Noite;Crescente;Chuva;Simples;"Reta;Aclive";-23,02314418;-44,50045173
26/11/2023;20:00:00;MAIRIPORA;Ausência de reação do condutor;Tombamento;Com Vítimas Feridas;Plena Noite;Crescente;Nublado;Múltipla;"Curva;Aclive";-23,36553404;-46,55253934
26/11/2023;19:20:00;SAO JOAO DO MANHUACU;Transitar no Acostamento;Tombamento;Com Vítimas Feridas;Plena Noite;Decrescente;Céu Claro;Simples;Reta;-20,42135001;-42,15728099
26/11/2023;20:15:00;ITANHANDU;Velocidade Incompatível;Saída de leito carroçável;Sem Vítimas;Plena Noite;Crescente;Chuva;Simples;Curva;-22,26374472;-44,89067792
26/11/2023;18:50:00;BREJO SANTO;Ultrapassagem Indevida;Colisão traseira;Com Vítimas Feridas;Plena Noite;Crescente;Céu Claro;Simples;Reta;-7,47977281;-38,9815676
26/11/2023;15:40:00;IPIAU;Velocidade Incompatível;Colisão frontal;Com Vítimas Fatais;Pleno dia;Decrescente;Chuva;Simples;Curva;-14,05617432;-39,80408506
26/11/2023;22:15:00;GUARULHOS;Afundamento ou ondulação no pavimento;Tombamento;Com Vítimas Feridas;Plena Noite;Decrescente;Ignorado;Múltipla;Reta;-23,46527628;-46,49958112
26/11/2023;20:00:00;JATAI;Velocidade Incompatível;Saída de leito carroçável;Com Vítimas Feridas;Plena Noite;Crescente;Chuva;Dupla;"Curva;Declive";-17,8715;-51,6163
26/11/2023;15:30:00;MONTE ALEGRE DE MINAS;Acumulo de água sobre o pavimento;Saída de leito carroçável;Com Vítimas Feridas;Pleno dia;Crescente;Chuva;Dupla;Reta;-18,89100473;-48,67040895
26/11/2023;17:30:00;CAMPOS NOVOS;Pista esburacada;Queda de ocupante de veículo;Com Vítimas Feridas;Pleno dia;Crescente;Sol;Simples;Reta;-27,392469;-51,135845
26/11/2023;22:44:00;MACAPA;Falta de elemento de contenção que evite a saída do leito carroçável;Saída de leito carroçável;Com Vítimas Feridas;Plena Noite;Decrescente;Céu Claro;Simples;Curva;0,11354905;-51,12709092
27/11/2023;02:25:00;BALNEARIO PICARRAS;Acumulo de areia ou detritos sobre o pavimento;Colisão com objeto;Com Vítimas Feridas;Plena Noite;Crescente;Garoa/Chuvisco;Dupla;Reta;-26,7471002;-48,69654831
26/11/2023;22:00:00;VITORIA DA CONQUISTA;Faixas de trânsito com largura insuficiente;Colisão lateral sentido oposto;Com Vítimas Feridas;Plena Noite;Crescente;Nevoeiro/Neblina;Simples;Reta;-14,68813082;-40,5593791
04/09/2023;09:10:00;NOVA IGUACU;Manobra de mudança de faixa;Colisão lateral mesmo sentido;Com Vítimas Feridas;Pleno dia;Decrescente;Céu Claro;Simples;Reta;-22,74151051;-43,45351823
27/11/2023;05:30:00;SANTIAGO;Velocidade Incompatível;Atropelamento de Animal;Sem Vítimas;Amanhecer;Decrescente;Céu Claro;Simples;Reta;-29,16794191;-54,86705298
27/11/2023;05:30:00;SAO MATEUS DO SUL;Velocidade Incompatível;Saída de leito carroçável;Com Vítimas Feridas;Pleno dia;Decrescente;Céu Claro;Simples;Curva;-26,020008;-50,65263
27/11/2023;07:25:00;AGUAS LINDAS DE GOIAS;Manobra de mudança de faixa;Tombamento;Com Vítimas Feridas;Pleno dia;Crescente;Céu Claro;Múltipla;Reta;-15,73738129;-48,29228118
27/11/2023;07:15:00;PETROLINA;Ultrapassagem Indevida;Colisão traseira;Com Vítimas Feridas;Pleno dia;Crescente;Céu Claro;Simples;"Reta;Em Obras";-9,3908678;-40,52038627
16/09/2023;18:00:00;JUIZ DE FORA;Curva acentuada;Capotamento;Com Vítimas Feridas;Anoitecer;Crescente;Céu Claro;Simples;"Curva;Declive";-21,77269778;-43,61024615
27/11/2023;08:50:00;CANAPOLIS;Velocidade Incompatível;Saída de leito carroçável;Com Vítimas Feridas;Pleno dia;Decrescente;Céu Claro;Dupla;"Reta;Declive";-18,7557052;-49,07788634
27/11/2023;09:30:00;SAO JOSE;Manobra de mudança de faixa;Colisão traseira;Com Vítimas Feridas;Pleno dia;Crescente;Garoa/Chuvisco;Dupla;Reta;-27,55662999;-48,619169
27/11/2023;10:00:00;BARRA DO GARCAS;Velocidade Incompatível;Saída de leito carroçável;Com Vítimas Feridas;Pleno dia;Crescente;Céu Claro;Simples;Curva;-15,18154098;-52,18080293
18/08/2023;14:35:00;SAO CRISTOVAO;Manobra de mudança de faixa;Colisão lateral mesmo sentido;Com Vítimas Feridas;Pleno dia;Crescente;Céu Claro;Dupla;Reta;-10,94880037;-37,21099182
27/11/2023;10:05:00;GOVERNADOR VALADARES;Ultrapassagem Indevida;Colisão frontal;Com Vítimas Feridas;Pleno dia;Crescente;Nublado;Simples;Reta;-18,91099925;-42,00762101
27/11/2023;09:00:00;ITAJAI;Avarias e/ou desgaste excessivo no pneu;Tombamento;Com Vítimas Feridas;Pleno dia;Decrescente;Garoa/Chuvisco;Dupla;Reta;-26,895859;-48,71903
24/11/2023;06:30:00;SANTA ROSA DO SUL;Acumulo de areia ou detritos sobre o pavimento;Tombamento;Com Vítimas Feridas;Amanhecer;Decrescente;Nublado;Múltipla;"Reta;Interseção de Vias;Viaduto";-29,13223626;-49,69660393
27/11/2023;07:40:00;JOACABA;Velocidade Incompatível;Saída de leito carroçável;Com Vítimas Feridas;Pleno dia;Crescente;Céu Claro;Simples;"Reta;Aclive";-27,18566;-51,518942
27/11/2023;15:00:00;EXTREMA;Chuva;Saída de leito carroçável;Com Vítimas Feridas;Pleno dia;Crescente;Chuva;Dupla;Reta;-22,83909203;-46,32850893
27/11/2023;15:30:00;ARAQUARI;Chuva;Saída de leito carroçável;Com Vítimas Feridas;Pleno dia;Decrescente;Chuva;Dupla;Curva;-26,44025049;-48,80129043
27/11/2023;15:50:00;QUELUZ;Manobra de mudança de faixa;Colisão com objeto;Com Vítimas Feridas;Pleno dia;Crescente;Nublado;Dupla;Reta;-22,51857322;-44,70793587
27/11/2023;15:30:00;NATAL;Manobra de mudança de faixa;Colisão lateral mesmo sentido;Com Vítimas Feridas;Pleno dia;Decrescente;Chuva;Múltipla;Reta;-5,84949622;-35,20890752
27/11/2023;15:05:00;JEQUIE;Afundamento ou ondulação no pavimento;Tombamento;Com Vítimas Feridas;Pleno dia;Decrescente;Céu Claro;Simples;Reta;-13,88612634;-40,13920695
27/11/2023;17:45:00;NOSSA SENHORA DO SOCORRO;Pista Escorregadia;Tombamento;Com Vítimas Feridas;Plena Noite;Crescente;Chuva;Simples;"Reta;Aclive";-10,834111;-37,221916
27/11/2023;09:00:00;SANTA ROSA DO SUL;Avarias e/ou desgaste excessivo no pneu;Tombamento;Com Vítimas Feridas;Pleno dia;Crescente;Céu Claro;Dupla;Reta;-29,14529081;-49,72240128
27/11/2023;19:20:00;TAUBATE;Reação tardia ou ineficiente do condutor;Tombamento;Com Vítimas Feridas;Pleno dia;Crescente;Chuva;Dupla;Reta;-23,0496047;-45,59973712
27/11/2023;17:30:00;SAO JOSE;Pista Escorregadia;Queda de ocupante de veículo;Com Vítimas Feridas;Plena Noite;Crescente;Chuva;Múltipla;Reta;-27,6167305;-48,6457265
27/11/2023;18:40:00;ANTONINA;Pista Escorregadia;Saída de leito carroçável;Com Vítimas Feridas;Plena Noite;Crescente;Chuva;Dupla;Reta;-25,10052421;-48,72981603
27/11/2023;15:20:00;MINADOR DO NEGRAO;Acumulo de água sobre o pavimento;Colisão com objeto;Sem Vítimas;Pleno dia;Decrescente;Chuva;Simples;Reta;-9,39352708;-36,87591699
27/11/2023;22:10:00;ANGRA DOS REIS;Velocidade Incompatível;Saída de leito carroçável;Com Vítimas Feridas;Plena Noite;Crescente;Garoa/Chuvisco;Simples;Reta;-22,93752781;-44,3185162
28/11/2023;00:00:00;ITATIAIA;Chuva;Colisão com objeto;Com Vítimas Feridas;Plena Noite;Crescente;Chuva;Dupla;Curva;-22,49106419;-44,56183985
28/11/2023;00:10:00;GOIANINHA;Chuva;Saída de leito carroçável;Sem Vítimas;Plena Noite;Decrescente;Chuva;Dupla;Reta;-6,23449707;-35,21637886
28/11/2023;04:40:00;ITAJAI;Chuva;Colisão com objeto;Com Vítimas Feridas;Amanhecer;Crescente;Chuva;Dupla;Reta;-26,9043179;-48,71555481
28/11/2023;07:00:00;CAXIAS DO SUL;Avarias e/ou desgaste excessivo no pneu;Tombamento;Com Vítimas Feridas;Pleno dia;Decrescente;Chuva;Dupla;Reta;-29,14228897;-51,13622202
20/08/2023;10:40:00;CONCEICAO DO CASTELO;Ultrapassagem Indevida;Colisão lateral mesmo sentido;Com Vítimas Feridas;Pleno dia;Crescente;Céu Claro;Simples;Curva;-20,30782485;-41,23182431
28/11/2023;06:15:00;SERRA;Falta de acostamento;Colisão lateral mesmo sentido;Com Vítimas Feridas;Pleno dia;Crescente;Chuva;Dupla;Reta;-20,190199;-40,26828891
28/11/2023;06:50:00;MOSSORO;Neblina;Tombamento;Com Vítimas Feridas;Pleno dia;Decrescente;Garoa/Chuvisco;Dupla;"Interseção de Vias;Rotatória";-5,21849;-37,327952
28/11/2023;07:05:00;SERRA TALHADA;Reação tardia ou ineficiente do condutor;Tombamento;Com Vítimas Feridas;Pleno dia;Crescente;Sol;Simples;"Reta;Declive";-7,98371447;-38,28047709
28/11/2023;08:30:00;TEOFILO OTONI;Reação tardia ou ineficiente do condutor;Tombamento;Com Vítimas Feridas;Pleno dia;Crescente;Nublado;Simples;Reta;-17,85105696;-41,51454492
28/11/2023;10:00:00;GUARULHOS;Manobra de mudança de faixa;Colisão traseira;Com Vítimas Feridas;Pleno dia;Crescente;Céu Claro;Múltipla;Reta;-23,48079989;-46,53330624
28/11/2023;11:25:00;JOAO PESSOA;Manobra de mudança de faixa;Colisão com objeto;Com Vítimas Feridas;Pleno dia;Crescente;Sol;Dupla;"Curva;Viaduto";-7,165559;-34,89755273
28/11/2023;10:10:00;MOGEIRO;Chuva;Saída de leito carroçável;Sem Vítimas;Pleno dia;Decrescente;Chuva;Dupla;Reta;-7,2075;-35,5248
28/11/2023;11:10:00;CAPIVARI DE BAIXO;Acumulo de água sobre o pavimento;Saída de leito carroçável;Com Vítimas Feridas;Pleno dia;Decrescente;Chuva;Múltipla;"Aclive;Curva";-28,43648094;-48,95989307
28/11/2023;10:30:00;ANGRA DOS REIS;Demais falhas mecânicas ou elétricas;Tombamento;Com Vítimas Feridas;Pleno dia;Decrescente;Nublado;Simples;Reta;-22,91383999;-44,337147
28/11/2023;12:44:00;IMBITUBA;Ausência de sinalização;Colisão com objeto;Sem Vítimas;Pleno dia;Crescente;Chuva;Múltipla;Reta;-28,18793595;-48,69652041
12/11/2023;17:50:00;CURITIBA;Velocidade Incompatível;Colisão lateral mesmo sentido;Com Vítimas Feridas;Pleno dia;Decrescente;Céu Claro;Dupla;Reta;-25,557926;-49,358585
28/11/2023;09:15:00;GRAVATAI;Chuva;Capotamento;Com Vítimas Feridas;Pleno dia;Decrescente;Chuva;Dupla;Reta;-29,955027;-51,027363
28/11/2023;12:55:00;OSORIO;Velocidade Incompatível;Saída de leito carroçável;Com Vítimas Feridas;Pleno dia;Crescente;Chuva;Dupla;Curva;-29,88794606;-50,27691364
28/11/2023;14:30:00;CARMO DA CACHOEIRA;Pista Escorregadia;Saída de leito carroçável;Sem Vítimas;Pleno dia;Crescente;Chuva;Dupla;Reta;-21,52361199;-45,22481701
04/11/2023;21:20:00;DUQUE DE CAXIAS;Reação tardia ou ineficiente do condutor;Tombamento;Com Vítimas Feridas;Plena Noite;Crescente;Céu Claro;Dupla;Reta;-22,76375592;-43,28683062
28/11/2023;14:40:00;CASCAVEL;Manobra de mudança de faixa;Queda de ocupante de veículo;Com Vítimas Feridas;Pleno dia;Decrescente;Céu Claro;Dupla;Reta;-24,984741;-53,368952
28/11/2023;16:30:00;CURITIBA;Ultrapassagem Indevida;Colisão lateral mesmo sentido;Com Vítimas Feridas;Pleno dia;Crescente;Nublado;Dupla;Reta;-25,44678852;-49,23099697
28/11/2023;13:45:00;VILHENA;Ultrapassagem Indevida;Colisão transversal;Com Vítimas Feridas;Pleno dia;Crescente;Céu Claro;Simples;Reta;-12,75881009;-60,1001711
28/11/2023;14:20:00;POUSO REDONDO;Velocidade Incompatível;Saída de leito carroçável;Com Vítimas Feridas;Pleno dia;Decrescente;Chuva;Simples;Reta;-27,24883049;-49,98264313
28/11/2023;17:00:00;FORTALEZA;Manobra de mudança de faixa;Colisão lateral mesmo sentido;Com Vítimas Feridas;Pleno dia;Crescente;Nublado;Múltipla;Reta;-3,8192799;-38,50268337
28/11/2023;16:00:00;RONDONOPOLIS;Avarias e/ou desgaste excessivo no pneu;Tombamento;Com Vítimas Feridas;Pleno dia;Decrescente;Chuva;Dupla;Reta;-16,486688;-54,648266
28/11/2023;17:45:00;MAIRIPORA;Chuva;Queda de ocupante de veículo;Com Vítimas Feridas;Pleno dia;Crescente;Chuva;Dupla;Reta;-23,27438497;-46,58530615
28/11/2023;18:12:00;DARCINOPOLIS;Velocidade Incompatível;Colisão transversal;Com Vítimas Feridas;Anoitecer;Crescente;Céu Claro;Simples;Reta;-6,705505;-47,753178
11/10/2023;18:00:00;MOSSORO;Pista esburacada;Tombamento;Com Vítimas Feridas;Plena Noite;Crescente;Céu Claro;Simples;"Reta;Em Obras";-5,298047;-37,33073
28/11/2023;18:15:00;SAO JOSE DOS PINHAIS;Manobra de mudança de faixa;Colisão lateral mesmo sentido;Com Vítimas Feridas;Pleno dia;Crescente;Chuva;Dupla;Reta;-25,5559756;-49,149711
28/11/2023;20:12:00;IGARAPE;Ultrapassagem Indevida;Colisão frontal;Com Vítimas Feridas;Plena Noite;Decrescente;Céu Claro;Dupla;Reta;-20,099993;-44,318903
28/11/2023;19:40:00;CAXIAS DO SUL;Velocidade Incompatível;Colisão frontal;Com Vítimas Feridas;Plena Noite;Decrescente;Chuva;Dupla;"Declive;Curva";-29,12849043;-51,12738848
28/11/2023;19:35:00;RIO LARGO;Velocidade Incompatível;Queda de ocupante de veículo;Com Vítimas Feridas;Plena Noite;Crescente;Chuva;Dupla;Reta;-9,42231892;-35,83907761
28/11/2023;17:50:00;CAPITAO LEONIDAS MARQUES;Manobra de mudança de faixa;Colisão lateral mesmo sentido;Com Vítimas Feridas;Pleno dia;Decrescente;Céu Claro;Simples;Curva;-25,49765306;-53,59938318
28/11/2023;21:15:00;IMBAU;Avarias e/ou desgaste excessivo no pneu;Tombamento;Com Vítimas Feridas;Plena Noite;Decrescente;Nublado;Dupla;Reta;-24,54584833;-50,69101639
28/11/2023;13:15:00;PORTO SEGURO;Ultrapassagem Indevida;Saída de leito carroçável;Com Vítimas Feridas;Pleno dia;Crescente;Sol;Simples;Reta;-16,39110057;-39,42665978
29/11/2023;09:00:00;RECIFE;Curva acentuada;Tombamento;Com Vítimas Feridas;Pleno dia;Decrescente;Céu Claro;Dupla;Curva;-8,067038;-34,939997
29/11/2023;08:05:00;URUGUAIANA;Manobra de mudança de faixa;Colisão lateral mesmo sentido;Com Vítimas Feridas;Pleno dia;Crescente;Céu Claro;Simples;Reta;-29,7671399;-57,018372
24/05/2023;03:30:00;CURITIBA;Velocidade Incompatível;Colisão com objeto;Com Vítimas Feridas;Plena Noite;Decrescente;Nublado;Dupla;Viaduto;-25,54098781;-49,31147218
29/11/2023;09:55:00;JOAO PESSOA;Demais falhas mecânicas ou elétricas;Tombamento;Com Vítimas Feridas;Pleno dia;Decrescente;Céu Claro;Dupla;Curva;-7,1281;-34,8466
28/11/2023;13:20:00;GOIANIA;Manobra de mudança de faixa;Colisão com objeto;Com Vítimas Feridas;Pleno dia;Crescente;Céu Claro;Dupla;Reta;-16,639;-49,2063
29/11/2023;08:40:00;MAIRIPORA;Ausência de reação do condutor;Tombamento;Com Vítimas Feridas;Pleno dia;Crescente;Garoa/Chuvisco;Dupla;Curva;-23,29216;-46,575468
29/11/2023;11:20:00;VALPARAISO DE GOIAS;Velocidade Incompatível;Colisão traseira;Com Vítimas Feridas;Pleno dia;Decrescente;Céu Claro;Dupla;"Aclive;Reta";-16,058273;-47,982655
29/11/2023;07:15:00;LAVRAS;Velocidade Incompatível;Saída de leito carroçável;Com Vítimas Feridas;Pleno dia;Crescente;Chuva;Dupla;"Declive;Curva";-21,17772313;-45,1243509
02/11/2023;21:30:00;PORTO VELHO;Iluminação deficiente;Saída de leito carroçável;Com Vítimas Fatais;Plena Noite;Crescente;Céu Claro;Simples;"Reta;Em Obras";-8,45166803;-63,97086881
02/07/2023;21:50:00;BRASILIA;Ultrapassagem Indevida;Capotamento;Com Vítimas Feridas;Plena Noite;Decrescente;Céu Claro;Dupla;Reta;-15,948113;-47,845235
02/09/2023;18:44:00;GUAPIMIRIM;Manobra de mudança de faixa;Colisão frontal;Com Vítimas Feridas;Plena Noite;Decrescente;Céu Claro;Simples;Reta;-22,6687122;-43,01862696
29/11/2023;13:00:00;DOM PEDRITO;Acostamento em desnível;Saída de leito carroçável;Com Vítimas Feridas;Pleno dia;Crescente;Céu Claro;Simples;Reta;-31,12486977;-54,39635488
29/11/2023;14:00:00;BAYEUX;Manobra de mudança de faixa;Colisão lateral mesmo sentido;Com Vítimas Feridas;Pleno dia;Decrescente;Céu Claro;Dupla;Reta;-7,14538184;-34,91662887
12/08/2023;15:45:00;JOAO PESSOA;Manobra de mudança de faixa;Colisão lateral mesmo sentido;Com Vítimas Feridas;Pleno dia;Decrescente;Céu Claro;Dupla;Interseção de Vias;-7,14538184;-34,91662887
29/11/2023;16:20:00;RECIFE;Manobra de mudança de faixa;Colisão lateral mesmo sentido;Sem Vítimas;Pleno dia;Decrescente;Céu Claro;Dupla;Interseção de Vias;-8,070341;-34,94228482
29/11/2023;16:20:00;SAO LOURENCO DA SERRA;Avarias e/ou desgaste excessivo no pneu;Tombamento;Com Vítimas Feridas;Pleno dia;Crescente;Céu Claro;Dupla;Reta;-23,84287313;-46,93238591
21/11/2023;17:50:00;VILHENA;Demais falhas na via;Saída de leito carroçável;Sem Vítimas;Anoitecer;Crescente;Chuva;Simples;Reta;-12,49360298;-60,49190893
29/11/2023;10:00:00;MAGE;Reação tardia ou ineficiente do condutor;Tombamento;Com Vítimas Feridas;Pleno dia;Decrescente;Garoa/Chuvisco;Dupla;Curva;-22,66471224;-43,11056004
29/11/2023;15:30:00;ITAQUIRAI;Ausência de reação do condutor;Tombamento;Com Vítimas Feridas;Pleno dia;Crescente;Nublado;Dupla;"Retorno Regulamentado;Reta;Interseção de Vias";-23,47441924;-54,18829399
29/11/2023;17:45:00;CEU AZUL;Ultrapassagem Indevida;Saída de leito carroçável;Com Vítimas Feridas;Pleno dia;Crescente;Céu Claro;Simples;Curva;-25,14132201;-53,83069038
29/11/2023;12:00:00;TRES CORACOES;Velocidade Incompatível;Saída de leito carroçável;Com Vítimas Feridas;Pleno dia;Crescente;Nublado;Dupla;Curva;-21,6193566;-45,24913194
29/11/2023;18:25:00;ESTEIO;Ausência de reação do condutor;Tombamento;Com Vítimas Feridas;Anoitecer;Crescente;Céu Claro;Dupla;Reta;-29,84633809;-51,20620153
29/11/2023;16:50:00;DUQUE DE CAXIAS;Velocidade Incompatível;Colisão traseira;Com Vítimas Feridas;Pleno dia;Decrescente;Céu Claro;Múltipla;Reta;-22,68289906;-43,28549346