data_inversa;horario;municipio;causa_acidente;tipo_acidente;classificacao_acidente;fase_dia;sentido_via;condicao_metereologica;tipo_pista;tracado_via;latitude;longitude
29/11/2023;14:30:00;GOVERNADOR NEWTON BELLO;Manobra de mudança de faixa;Colisão frontal;Com Vítimas Fatais;Pleno dia;Crescente;Céu Claro;Simples;Reta;-3,430644;-45,669838
29/11/2023;17:30:00;MAGE;Ultrapassagem Indevida;Colisão frontal;Com Vítimas Feridas;Pleno dia;Crescente;Nublado;Simples;Curva;-22,659311;-43,053303
29/11/2023;21:00:00;GUARULHOS;Pista Escorregadia;Queda de ocupante de veículo;Com Vítimas Feridas;Plena Noite;Crescente;Nublado;Múltipla;Reta;-23,45769012;-46,4806856
29/11/2023;19:20:00;CONCEICAO DO JACUIPE;Ausência de sinalização;Saída de leito carroçável;Com Vítimas Feridas;Plena Noite;Decrescente;Céu Claro;Múltipla;"Reta;Interseção de Vias";-12,35551436;-38,782478
29/11/2023;19:00:00;BARRA DO GARCAS;Velocidade Incompatível;Colisão traseira;Com Vítimas Feridas;Plena Noite;Crescente;Céu Claro;Dupla;Declive;-15,893;-52,2599
29/11/2023;23:19:00;ITAITINGA;Velocidade Incompatível;Queda de ocupante de veículo;Com Vítimas Feridas;Plena Noite;Crescente;Céu Claro;Dupla;Reta;-3,95998972;-38,51454735
18/11/2023;06:30:00;EPITACIOLANDIA;Velocidade Incompatível;Saída de leito carroçável;Com Vítimas Feridas;Pleno dia;Decrescente;Céu Claro;Simples;Reta;-10,97321012;-68,63324298
29/11/2023;21:50:00;CORONEL BARROS;Deficiência do Sistema de Iluminação/Sinalização;Colisão traseira;Com Vítimas Feridas;Plena Noite;Decrescente;Céu Claro;Simples;Reta;-28,383673;-54,020966
30/11/2023;00:25:00;CURITIBA;Pista esburacada;Tombamento;Com Vítimas Feridas;Plena Noite;Decrescente;Céu Claro;Dupla;Reta;-25,52629711;-49,32958412
30/11/2023;06:05:00;BRASILIA;Manobra de mudança de faixa;Colisão lateral mesmo sentido;Com Vítimas Feridas;Amanhecer;Decrescente;Céu Claro;Dupla;"Reta;Viaduto";-16,003145;-47,983944
26/11/2023;10:35:00;LAGOA GRANDE;Acumulo de areia ou detritos sobre o pavimento;Eventos atípicos;Sem Vítimas;Pleno dia;Decrescente;Sol;Simples;"Reta;Declive;Em Obras";-8,93583422;-40,13171992
29/11/2023;17:30:00;DUQUE DE CAXIAS;Pista Escorregadia;Tombamento;Com Vítimas Feridas;Pleno dia;Decrescente;Céu Claro;Dupla;Curva;-22,66476979;-43,28495144
26/10/2023;07:10:00;MOSSORO;Manobra de mudança de faixa;Colisão transversal;Com Vítimas Feridas;Pleno dia;Decrescente;Céu Claro;Simples;"Reta;Interseção de Vias";-5,18717768;-37,30390524
30/11/2023;07:19:00;BETIM;Ausência de reação do condutor;Tombamento;Com Vítimas Feridas;Pleno dia;Decrescente;Céu Claro;Múltipla;"Reta;Declive";-19,95531717;-44,11722196
30/11/2023;08:20:00;MACAE;Velocidade Incompatível;Colisão traseira;Com Vítimas Feridas;Pleno dia;Decrescente;Céu Claro;Simples;Reta;-22,35125958;-41,9221205
30/11/2023;07:50:00;VILHENA;Acumulo de óleo sobre o pavimento;Tombamento;Com Vítimas Feridas;Pleno dia;Crescente;Céu Claro;Simples;Reta;-12,74828039;-60,10874033
30/11/2023;07:30:00;GUARAMIRIM;Manobra de mudança de faixa;Colisão transversal;Sem Vítimas;Pleno dia;Crescente;Céu Claro;Múltipla;Reta;-26,47947677;-49,00298702
25/11/2023;22:30:00;SAO JOSE DO CERRITO;Acumulo de areia ou detritos sobre o pavimento;Tombamento;Com Vítimas Feridas;Plena Noite;Decrescente;Céu Claro;Simples;"Reta;Em Obras";-27,614183;-50,71295592
16/08/2023;10:00:00;SABARA;Declive acentuado;Tombamento;Com Vítimas Feridas;Pleno dia;Crescente;Céu Claro;Simples;"Curva;Declive";-19,80043184;-43,75031407
30/11/2023;13:30:00;MORRETES;Manobra de mudança de faixa;Queda de ocupante de veículo;Com Vítimas Feridas;Pleno dia;Decrescente;Céu Claro;Dupla;Reta;-25,57361239;-48,84469597
30/11/2023;15:15:00;SAO PAULO;Manobra de mudança de faixa;Colisão lateral mesmo sentido;Com Vítimas Feridas;Pleno dia;Decrescente;Céu Claro;Múltipla;Reta;-23,52251783;-46,5855702
20/11/2023;02:30:00;ANGRA DOS REIS;Chuva;Capotamento;Com Vítimas Feridas;Plena Noite;Decrescente;Chuva;Simples;Reta;-23,01331268;-44,28361913
30/11/2023;13:55:00;IMPERATRIZ;Acumulo de óleo sobre o pavimento;Derramamento de carga;Com Vítimas Feridas;Pleno dia;Decrescente;Céu Claro;Simples;Reta;-5,526911;-47,471455
07/10/2023;06:30:00;CANOAS;Manobra de mudança de faixa;Colisão lateral mesmo sentido;Sem Vítimas;Amanhecer;Decrescente;Garoa/Chuvisco;Dupla;Reta;-29,90545398;-51,17674031
30/11/2023;14:55:00;SAO GONCALO;Demais falhas na via;Eventos atípicos;Com Vítimas Feridas;Pleno dia;Decrescente;Sol;Dupla;Reta;-22,79309326;-43,02479595
30/11/2023;17:20:00;SAO JOSE DO RIO PRETO;Manobra de mudança de faixa;Saída de leito carroçável;Com Vítimas Feridas;Pleno dia;Crescente;Céu Claro;Dupla;Reta;-20,76991095;-49,34982212
30/11/2023;15:40:00;SAO FRANCISCO DO SUL;Demais falhas mecânicas ou elétricas;Tombamento;Com Vítimas Feridas;Pleno dia;Crescente;Céu Claro;Simples;Reta;-26,33868901;-48,65489598
30/11/2023;18:10:00;ITAPEMA;Manobra de mudança de faixa;Colisão lateral mesmo sentido;Com Vítimas Feridas;Plena Noite;Decrescente;Nublado;Múltipla;Reta;-27,11744799;-48,60940987
30/11/2023;19:07:00;JOAO PESSOA;Reação tardia ou ineficiente do condutor;Tombamento;Com Vítimas Feridas;Plena Noite;Decrescente;Céu Claro;Dupla;Reta;-7,15886802;-34,90628504
30/11/2023;14:50:00;FLORES;Ultrapassagem Indevida;Colisão frontal;Com Vítimas Feridas;Pleno dia;Decrescente;Céu Claro;Simples;Reta;-8,03487532;-37,9570271
30/11/2023;18:40:00;GOVERNADOR VALADARES;Ultrapassagem Indevida;Colisão frontal;Com Vítimas Feridas;Plena Noite;Crescente;Chuva;Simples;Reta;-18,81054997;-41,98453386
30/11/2023;19:40:00;EMBU DAS ARTES;Manobra de mudança de faixa;Colisão lateral mesmo sentido;Com Vítimas Feridas;Plena Noite;Crescente;Nublado;Múltipla;"Curva;Declive";-23,64870535;-46,84395469
30/11/2023;19:10:00;CUSTODIA;Deficiência do Sistema de Iluminação/Sinalização;Colisão traseira;Com Vítimas Feridas;Plena Noite;Decrescente;Céu Claro;Simples;Reta;-8,11502317;-37,5492901
30/11/2023;19:59:00;IBIRACU;Velocidade Incompatível;Colisão com objeto;Com Vítimas Feridas;Plena Noite;Crescente;Céu Claro;Dupla;Curva;-19,847186;-40,384266
30/11/2023;20:00:00;FOZ DO IGUACU;Iluminação deficiente;Atropelamento de Pedestre;Com Vítimas Fatais;Plena Noite;Crescente;Céu Claro;Dupla;Reta;-25,50749887;-54,58379896
30/11/2023;21:50:00;FUNDAO;Reação tardia ou ineficiente do condutor;Tombamento;Com Vítimas Feridas;Plena Noite;Decrescente;Céu Claro;Simples;Curva;-19,96973516;-40,40766379
30/11/2023;22:27:00;SERRA;Semáforo com defeito;Colisão transversal;Com Vítimas Feridas;Plena Noite;Crescente;Céu Claro;Simples;Interseção de Vias;-20,1572331;-40,27678329
30/11/2023;21:45:00;PALHOCA;Acumulo de areia ou detritos sobre o pavimento;Tombamento;Com Vítimas Feridas;Plena Noite;Crescente;Nublado;Múltipla;Retorno Regulamentado;-27,7509149;-48,63460277
30/11/2023;21:50:00;LAJEADO;Acumulo de areia ou detritos sobre o pavimento;Tombamento;Com Vítimas Feridas;Plena Noite;Decrescente;Céu Claro;Dupla;"Curva;Viaduto;Aclive";-29,44666755;-51,97462505
30/11/2023;23:00:00;CORREIA PINTO;Velocidade Incompatível;Capotamento;Com Vítimas Feridas;Plena Noite;Crescente;Céu Claro;Simples;"Reta;Declive";-27,57012897;-50,37318791
30/11/2023;20:30:00;COMODORO;Ultrapassagem Indevida;Colisão frontal;Com Vítimas Fatais;Plena Noite;Decrescente;Céu Claro;Simples;Reta;-13,51225201;-59,83464505
01/12/2023;01:06:00;BETIM;Velocidade Incompatível;Colisão com objeto;Com Vítimas Feridas;Plena Noite;Crescente;Céu Claro;Dupla;Reta;-19,964553;-44,171439
01/12/2023;00:30:00;UBATUBA;Manobra de mudança de faixa;Colisão transversal;Com Vítimas Feridas;Plena Noite;Decrescente;Nublado;Simples;Reta;-23,44410908;-45,08375708
01/12/2023;02:00:00;UBATUBA;Ingestão de álcool pelo condutor;Tombamento;Com Vítimas Feridas;Plena Noite;Decrescente;Nublado;Simples;Curva;-23,38790115;-44,98068892
01/12/2023;00:15:00;MAGE;Velocidade Incompatível;Saída de leito carroçável;Sem Vítimas;Amanhecer;Crescente;Nublado;Dupla;Reta;-22,65703272;-43,13458092
01/12/2023;07:36:00;GOIANIA;Manobra de mudança de faixa;Colisão lateral mesmo sentido;Com Vítimas Feridas;Pleno dia;Crescente;Céu Claro;Dupla;Reta;-16,6461;-49,2114
01/12/2023;01:15:00;ANAPU;Pista Escorregadia;Colisão com objeto;Sem Vítimas;Plena Noite;Crescente;Garoa/Chuvisco;Simples;"Reta;Declive";-3,299765;-51,425296
01/12/2023;07:54:00;PARNAMIRIM;Manobra de mudança de faixa;Colisão lateral mesmo sentido;Com Vítimas Feridas;Pleno dia;Decrescente;Céu Claro;Dupla;Viaduto;-5,89034022;-35,24894996
01/12/2023;07:30:00;PORTO BELO;Demais falhas mecânicas ou elétricas;Tombamento;Com Vítimas Feridas;Pleno dia;Decrescente;Céu Claro;Dupla;Reta;-27,20831288;-48,61987922
01/12/2023;07:40:00;PENHA;Manobra de mudança de faixa;Colisão lateral mesmo sentido;Com Vítimas Feridas;Pleno dia;Crescente;Céu Claro;Dupla;Reta;-26,80215497;-48,67891041
01/12/2023;07:18:00;RECIFE;Manobra de mudança de faixa;Colisão lateral mesmo sentido;Com Vítimas Feridas;Pleno dia;Decrescente;Sol;Dupla;Reta;-8,08493106;-34,9450639
01/12/2023;08:15:00;NEPOMUCENO;Velocidade Incompatível;Capotamento;Com Vítimas Feridas;Pleno dia;Decrescente;Céu Claro;Dupla;Reta;-21,38614615;-45,1948603
01/12/2023;09:00:00;CANTA;Manobra de mudança de faixa;Saída de leito carroçável;Com Vítimas Feridas;Pleno dia;Crescente;Céu Claro;Simples;Reta;2,73598004;-60,60845226
06/11/2023;09:30:00;SANTO ANTONIO DA PATRULHA;Acumulo de areia ou detritos sobre o pavimento;Capotamento;Com Vítimas Feridas;Pleno dia;Decrescente;Sol;Múltipla;Reta;-29,884836;-50,576054
01/12/2023;10:00:00;FLORIANOPOLIS;Manobra de mudança de faixa;Colisão lateral mesmo sentido;Com Vítimas Feridas;Pleno dia;Decrescente;Céu Claro;Múltipla;Reta;-27,602955;-48,580509
01/12/2023;14:00:00;RIBEIRAO DAS NEVES;Demais falhas mecânicas ou elétricas;Tombamento;Com Vítimas Feridas;Pleno dia;Crescente;Nublado;Dupla;"Aclive;Reta";-19,78946999;-44,11290699
01/12/2023;15:15:00;PORTO SEGURO;Demais falhas na via;Colisão transversal;Com Vítimas Feridas;Pleno dia;Crescente;Sol;Simples;"Reta;Interseção de Vias;Em Obras";-16,43599232;-39,07585992
01/12/2023;16:00:00;CABEDELO;Ausência de reação do condutor;Tombamento;Com Vítimas Feridas;Pleno dia;Crescente;Céu Claro;Múltipla;Reta;-7,02912937;-34,84012485
01/12/2023;17:20:00;BETIM;Manobra de mudança de faixa;Colisão lateral mesmo sentido;Com Vítimas Feridas;Anoitecer;Crescente;Céu Claro;Dupla;"Reta;Declive";-19,97018187;-44,18210416
01/12/2023;17:00:00;SAO SEBASTIAO DA BELA VISTA;Velocidade Incompatível;Colisão com objeto;Com Vítimas Feridas;Pleno dia;Decrescente;Sol;Dupla;"Reta;Interseção de Vias";-22,12362394;-45,79487203
24/10/2023;18:25:00;MARINGA;Velocidade Incompatível;Colisão lateral mesmo sentido;Com Vítimas Feridas;Anoitecer;Decrescente;Sol;Dupla;"Declive;Reta";-23,41595703;-51,97950402
01/12/2023;17:30:00;EMBU DAS ARTES;Manobra de mudança de faixa;Colisão lateral mesmo sentido;Com Vítimas Feridas;Pleno dia;Decrescente;Nublado;Dupla;Reta;-23,66233697;-46,85292907
01/12/2023;17:40:00;BRAGANCA PAULISTA;Pista esburacada;Tombamento;Com Vítimas Feridas;Anoitecer;Crescente;Sol;Dupla;Reta;-22,99140199;-46,50878201
01/12/2023;18:30:00;MARINGA;Manobra de mudança de faixa;Colisão lateral mesmo sentido;Com Vítimas Feridas;Pleno dia;Decrescente;Céu Claro;Dupla;Reta;-23,39038641;-52,01421918
01/12/2023;17:45:00;IMBITUBA;Ultrapassagem Indevida;Colisão lateral mesmo sentido;Com Vítimas Feridas;Pleno dia;Crescente;Nublado;Múltipla;"Reta;Declive";-28,19626005;-48,69739859
01/12/2023;16:00:00;MANHUACU;Ultrapassagem Indevida;Colisão lateral mesmo sentido;Com Vítimas Feridas;Pleno dia;Decrescente;Nublado;Simples;Reta;-20,25748975;-42,03048732
01/12/2023;22:05:00;PARNAMIRIM;Manobra de mudança de faixa;Colisão lateral mesmo sentido;Com Vítimas Feridas;Plena Noite;Crescente;Céu Claro;Múltipla;Reta;-5,92825102;-35,26465683
01/12/2023;19:40:00;MANGARATIBA;Ausência de reação do condutor;Tombamento;Com Vítimas Feridas;Plena Noite;Decrescente;Céu Claro;Simples;"Reta;Túnel";-22,9178274;-43,90471593
01/12/2023;21:50:00;TUBARAO;Ultrapassagem Indevida;Colisão transversal;Com Vítimas Feridas;Plena Noite;Crescente;Céu Claro;Múltipla;Reta;-28,501444;-49,04690399
01/12/2023;18:00:00;MANHUACU;Ausência de sinalização;Colisão traseira;Com Vítimas Feridas;Plena Noite;Decrescente;Chuva;Simples;"Declive;Curva";-20,25556389;-41,99814902
01/12/2023;22:55:00;RIO DE JANEIRO;Manobra de mudança de faixa;Colisão lateral mesmo sentido;Com Vítimas Feridas;Plena Noite;Crescente;Céu Claro;Dupla;Reta;-22,81113183;-43,3336729
01/12/2023;23:00:00;SANTO ANTONIO DO DESCOBERTO;Manobra de mudança de faixa;Colisão traseira;Com Vítimas Feridas;Plena Noite;Crescente;Nublado;Dupla;Reta;-16,098505;-48,285782
01/12/2023;23:30:00;RIO LARGO;Pista Escorregadia;Queda de ocupante de veículo;Com Vítimas Feridas;Plena Noite;Decrescente;Nublado;Dupla;Curva;-9,39312274;-35,83607934
01/12/2023;23:05:00;SENADOR GUIOMARD;Pista esburacada;Saída de leito carroçável;Com Vítimas Feridas;Plena Noite;Crescente;Céu Claro;Simples;"Reta;Em Obras";-10,15762329;-67,71746572
02/12/2023;01:50:00;PARANAGUA;Reação tardia ou ineficiente do condutor;Tombamento;Com Vítimas Feridas;Plena Noite;Decrescente;Nublado;Dupla;Reta;-25,559327;-48,576222
02/12/2023;01:50:00;NOVA IGUACU;Iluminação deficiente;Atropelamento de Pedestre;Com Vítimas Feridas;Plena Noite;Crescente;Céu Claro;Simples;Reta;-22,854782;-43,601933
01/12/2023;22:59:00;REGISTRO;Ausência de reação do condutor;Tombamento;Com Vítimas Feridas;Plena Noite;Crescente;Céu Claro;Dupla;Reta;-24,50467087;-47,84772743
02/12/2023;04:00:00;SAO LEOPOLDO;Demais falhas mecânicas ou elétricas;Tombamento;Com Vítimas Feridas;Plena Noite;Crescente;Céu Claro;Dupla;Reta;-29,80035406;-51,16550365
02/12/2023;05:40:00;BLUMENAU;Pista esburacada;Tombamento;Com Vítimas Feridas;Amanhecer;Decrescente;Nublado;Dupla;"Curva;Viaduto;Declive";-26,86176839;-49,06952262
02/12/2023;07:40:00;ANGRA DOS REIS;Acumulo de areia ou detritos sobre o pavimento;Saída de leito carroçável;Com Vítimas Feridas;Pleno dia;Crescente;Céu Claro;Simples;Curva;-23,02483585;-44,50876994
02/12/2023;07:10:00;SAO LUIS;Pista Escorregadia;Tombamento;Com Vítimas Feridas;Pleno dia;Crescente;Céu Claro;Dupla;"Reta;Aclive";-2,53073;-44,3068
11/11/2023;12:20:00;CONCEICAO DA FEIRA;Ultrapassagem Indevida;Saída de leito carroçável;Com Vítimas Feridas;Pleno dia;Crescente;Céu Claro;Simples;"Reta;Declive";-12,519078;-38,970829
02/12/2023;10:30:00;ARAPONGAS;Velocidade Incompatível;Saída de leito carroçável;Com Vítimas Feridas;Pleno dia;Crescente;Nublado;Dupla;Reta;-23,507023;-51,425243
02/12/2023;09:30:00;SEABRA;Velocidade Incompatível;Colisão traseira;Com Vítimas Feridas;Pleno dia;Crescente;Céu Claro;Simples;Reta;-12,41538607;-41,84550506
02/12/2023;11:15:00;BIGUACU;Ultrapassagem Indevida;Colisão lateral mesmo sentido;Com Vítimas Feridas;Pleno dia;Crescente;Céu Claro;Dupla;Reta;-27,52658712;-48,63506019
02/12/2023;13:50:00;RECIFE;Manobra de mudança de faixa;Colisão lateral mesmo sentido;Com Vítimas Fatais;Pleno dia;Crescente;Céu Claro;Dupla;Reta;-8,06795766;-34,94535414
02/12/2023;13:50:00;MACAPA;Manobra de mudança de faixa;Colisão lateral mesmo sentido;Sem Vítimas;Pleno dia;Decrescente;Céu Claro;Múltipla;Reta;0,07816717;-51,06998693
02/12/2023;15:00:00;VALPARAISO DE GOIAS;Manobra de mudança de faixa;Colisão lateral mesmo sentido;Com Vítimas Feridas;Pleno dia;Crescente;Céu Claro;Dupla;Reta;-16,058245;-47,982825
02/12/2023;15:15:00;ITATIAIA;Avarias e/ou desgaste excessivo no pneu;Tombamento;Com Vítimas Feridas;Pleno dia;Crescente;Céu Claro;Dupla;Reta;-22,46045833;-44,47218299
02/12/2023;16:45:00;BALNEARIO CAMBORIU;Ultrapassagem Indevida;Colisão lateral mesmo sentido;Com Vítimas Feridas;Pleno dia;Crescente;Céu Claro;Dupla;Reta;-27,00218;-48,636433
02/12/2023;16:16:00;MACAIBA;Ausência de sinalização;Capotamento;Com Vítimas Feridas;Pleno dia;Decrescente;Céu Claro;Simples;"Reta;Em Obras";-5,88956382;-35,48954405
02/12/2023;15:15:00;PIMENTA BUENO;Reação tardia ou ineficiente do condutor;Tombamento;Com Vítimas Feridas;Pleno dia;Crescente;Céu Claro;Simples;"Reta;Declive";-11,972506;-60,95616399
02/12/2023;17:00:00;BETIM;Ausência de reação do condutor;Tombamento;Com Vítimas Fatais;Pleno dia;Crescente;Céu Claro;Múltipla;"Declive;Curva";-19,95586853;-44,14609501
02/12/2023;13:10:00;RIO DOS BOIS;Ultrapassagem Indevida;Saída de leito carroçável;Com Vítimas Feridas;Pleno dia;Decrescente;Chuva;Simples;"Reta;Aclive";-9,36820327;-48,55326257
02/12/2023;17:10:00;NOVA IGUACU;Manobra de mudança de faixa;Colisão lateral mesmo sentido;Com Vítimas Feridas;Pleno dia;Crescente;Céu Claro;Dupla;Reta;-22,74421443;-43,509822
02/12/2023;17:30:00;PARANAGUA;Demais falhas mecânicas ou elétricas;Tombamento;Com Vítimas Feridas;Pleno dia;Crescente;Sol;Dupla;"Aclive;Reta";-25,56464594;-48,59984636
02/12/2023;17:10:00;PIRAQUARA;Ausência de reação do condutor;Tombamento;Com Vítimas Feridas;Pleno dia;Crescente;Sol;Dupla;Reta;-25,51813867;-49,13288176
02/12/2023;19:48:00;SERRA;Velocidade Incompatível;Colisão traseira;Com Vítimas Feridas;Plena Noite;Decrescente;Céu Claro;Dupla;Reta;-20,190199;-40,26828891
02/12/2023;18:30:00;CAMPOS NOVOS;Manobra de mudança de faixa;Colisão frontal;Com Vítimas Feridas;Pleno dia;Decrescente;Sol;Simples;Curva;-27,39238323;-51,17641926
02/12/2023;21:00:00;IGARASSU;Manobra de mudança de faixa;Colisão lateral mesmo sentido;Com Vítimas Feridas;Plena Noite;Crescente;Nublado;Múltipla;"Reta;Declive";-7,84753808;-34,90977038
02/12/2023;23:00:00;GUARULHOS;Ultrapassagem Indevida;Colisão traseira;Com Vítimas Feridas;Plena Noite;Decrescente;Céu Claro;Múltipla;Reta;-23,42222263;-46,3932771
02/12/2023;21:00:00;RECIFE;Ausência de reação do condutor;Tombamento;Com Vítimas Fatais;Plena Noite;Crescente;Céu Claro;Simples;Reta;-8,05951606;-34,94581024
02/12/2023;22:50:00;ITUMBIARA;Velocidade Incompatível;Saída de leito carroçável;Sem Vítimas;Plena Noite;Crescente;Nublado;Simples;Reta;-18,3945;-49,2051
02/12/2023;22:45:00;VITORIA DE SANTO ANTAO;Fumaça;Incêndio;Sem Vítimas;Plena Noite;Decrescente;Nublado;Dupla;"Reta;Declive";-8,14106223;-35,32322707
03/12/2023;00:20:00;TABOAO DA SERRA;Ausência de reação do condutor;Tombamento;Com Vítimas Feridas;Plena Noite;Decrescente;Nublado;Dupla;Reta;-23,62809795;-46,81870306
03/12/2023;01:30:00;RECIFE;Manobra de mudança de faixa;Queda de ocupante de veículo;Com Vítimas Feridas;Plena Noite;Decrescente;Céu Claro;Múltipla;Reta;-8,044705;-34,944094
03/12/2023;02:00:00;JOINVILLE;Velocidade Incompatível;Saída de leito carroçável;Com Vítimas Feridas;Plena Noite;Decrescente;Nublado;Dupla;Reta;-26,15679993;-48,90786269
03/12/2023;03:56:00;IBATIBA;Velocidade Incompatível;Colisão lateral sentido oposto;Com Vítimas Feridas;Plena Noite;Crescente;Céu Claro;Simples;"Aclive;Reta";-20,21979331;-41,45006235
03/12/2023;04:45:00;CASCAVEL;Ultrapassagem Indevida;Colisão frontal;Com Vítimas Fatais;Plena Noite;Crescente;Céu Claro;Simples;"Aclive;Reta";-25,02047875;-53,27935696
03/12/2023;02:43:00;CAMPOS DOS GOYTACAZES;Ultrapassagem Indevida;Colisão frontal;Com Vítimas Fatais;Plena Noite;Crescente;Nublado;Simples;Reta;-21,62508006;-41,31411242
03/12/2023;06:20:00;JACAREZINHO;Velocidade Incompatível;Saída de leito carroçável;Com Vítimas Feridas;Pleno dia;Crescente;Céu Claro;Simples;Reta;-23,05854894;-49,93062828
03/12/2023;07:28:00;BRASILIA;Manobra de mudança de faixa;Colisão lateral mesmo sentido;Com Vítimas Feridas;Pleno dia;Crescente;Céu Claro;Múltipla;"Reta;Aclive";-15,665888;-47,808308
03/12/2023;09:00:00;PETROPOLIS;Velocidade Incompatível;Colisão traseira;Com Vítimas Feridas;Pleno dia;Crescente;Céu Claro;Dupla;Curva;-22,43038811;-43,16805124
03/12/2023;07:05:00;CANTA;Manobra de mudança de faixa;Saída de leito carroçável;Com Vítimas Feridas;Pleno dia;Crescente;Céu Claro;Simples;Reta;2,67803291;-60,59554924
03/12/2023;10:10:00;CARIACICA;Manobra de mudança de faixa;Colisão lateral mesmo sentido;Com Vítimas Feridas;Pleno dia;Decrescente;Sol;Dupla;Reta;-20,26493528;-40,38471702
03/12/2023;10:40:00;SETE LAGOAS;Animais na Pista;Tombamento;Com Vítimas Feridas;Pleno dia;Decrescente;Céu Claro;Dupla;Reta;-19,59064511;-44,22670625
03/12/2023;10:55:00;APARECIDA;Manobra de mudança de faixa;Colisão lateral mesmo sentido;Com Vítimas Feridas;Pleno dia;Decrescente;Céu Claro;Dupla;"Aclive;Curva";-22,86354218;-45,23746093
03/12/2023;11:20:00;URUGUAIANA;Velocidade Incompatível;Saída de leito carroçável;Com Vítimas Feridas;Pleno dia;Crescente;Chuva;Simples;Reta;-29,879225;-56,771877
03/12/2023;12:10:00;PARANAGUA;Reação tardia ou ineficiente do condutor;Tombamento;Com Vítimas Feridas;Pleno dia;Crescente;Nublado;Dupla;Viaduto;-25,568198;-48,615292
03/12/2023;10:30:00;ALEM PARAIBA;Reação tardia ou ineficiente do condutor;Tombamento;Com Vítimas Feridas;Pleno dia;Decrescente;Nublado;Simples;Reta;-21,79939622;-42,70870435
03/12/2023;12:00:00;VIANA;Mal súbito do condutor;Tombamento;Com Vítimas Feridas;Pleno dia;Decrescente;Céu Claro;Simples;Curva;-20,38398959;-40,55226465
03/12/2023;11:30:00;BARREIRAS;Acostamento em desnível;Saída de leito carroçável;Com Vítimas Feridas;Pleno dia;Crescente;Céu Claro;Simples;Reta;-12,04796112;-44,9630617
03/12/2023;13:30:00;VASSOURAS;Ultrapassagem Indevida;Colisão lateral mesmo sentido;Com Vítimas Feridas;Pleno dia;Crescente;Sol;Simples;Reta;-22,414053;-43,676039
03/12/2023;13:00:00;MARILANDIA DO SUL;Velocidade Incompatível;Colisão com objeto;Com Vítimas Feridas;Pleno dia;Decrescente;Nublado;Dupla;"Declive;Viaduto";-23,73390825;-51,28327917
03/12/2023;13:00:00;VITORIA DE SANTO ANTAO;Velocidade Incompatível;Colisão traseira;Com Vítimas Feridas;Pleno dia;Decrescente;Céu Claro;Dupla;"Reta;Viaduto";-8,12026;-35,265373
03/12/2023;13:00:00;ANGRA DOS REIS;Avarias e/ou desgaste excessivo no pneu;Tombamento;Com Vítimas Feridas;Pleno dia;Decrescente;Céu Claro;Simples;Reta;-22,99820396;-44,26554599
03/12/2023;14:50:00;BIGUACU;Manobra de mudança de faixa;Colisão lateral mesmo sentido;Com Vítimas Feridas;Pleno dia;Decrescente;Céu Claro;Múltipla;Reta;-27,5047092;-48,65010819
03/12/2023;15:12:00;DUQUE DE CAXIAS;Acumulo de areia ou detritos sobre o pavimento;Queda de ocupante de veículo;Com Vítimas Feridas;Pleno dia;Decrescente;Céu Claro;Múltipla;Curva;-22,67374628;-43,28638368
03/12/2023;15:40:00;ITAPEMA;Velocidade Incompatível;Colisão traseira;Com Vítimas Feridas;Pleno dia;Decrescente;Nublado;Dupla;"Curva;Interseção de Vias";-27,056089;-48,599449
03/12/2023;16:10:00;SAPUCAIA;Curva acentuada;Tombamento;Com Vítimas Feridas;Pleno dia;Decrescente;Céu Claro;Simples;Curva;-21,90846963;-42,73541595
03/12/2023;16:00:00;GUARULHOS;Velocidade Incompatível;Colisão traseira;Com Vítimas Feridas;Pleno dia;Crescente;Nublado;Múltipla;Aclive;-23,48586772;-46,54075317
03/12/2023;13:45:00;ITAGUAI;Ausência de reação do condutor;Tombamento;Com Vítimas Feridas;Pleno dia;Decrescente;Céu Claro;Dupla;Reta;-22,90433243;-43,88181398
03/12/2023;16:00:00;SAO JOSE DOS CAMPOS;Velocidade Incompatível;Colisão lateral mesmo sentido;Com Vítimas Feridas;Pleno dia;Decrescente;Sol;Dupla;Reta;-23,23262274;-45,91372624
03/12/2023;16:20:00;SAO JOSE DOS PINHAIS;Ausência de reação do condutor;Tombamento;Com Vítimas Feridas;Pleno dia;Crescente;Céu Claro;Dupla;Reta;-25,58123713;-48,96273806
03/12/2023;16:35:00;SAO JOSE DOS PINHAIS;Manobra de mudança de faixa;Saída de leito carroçável;Com Vítimas Feridas;Pleno dia;Não Informado;Céu Claro;Dupla;Reta;-25,52566152;-49,09629643
03/12/2023;17:20:00;SANTA MARIA;Pista Escorregadia;Colisão com objeto;Com Vítimas Feridas;Pleno dia;Decrescente;Chuva;Dupla;"Reta;Declive";-29,69545704;-53,78094662
03/12/2023;17:01:00;POUSO ALEGRE;Demais falhas mecânicas ou elétricas;Tombamento;Com Vítimas Feridas;Pleno dia;Decrescente;Nublado;Dupla;Reta;-22,29539012;-45,89890565
03/12/2023;18:30:00;AGUAS MORNAS;Chuva;Colisão frontal;Com Vítimas Feridas;Pleno dia;Crescente;Garoa/Chuvisco;Simples;Curva;-27,714352;-48,938072