data_inversa;horario;municipio;causa_acidente;tipo_acidente;classificacao_acidente;fase_dia;sentido_via;condicao_metereologica;tipo_pista;tracado_via;latitude;longitude
03/12/2023;18:40:00;AGUAS MORNAS;Chuva;Capotamento;Com Vítimas Feridas;Plena Noite;Decrescente;Garoa/Chuvisco;Simples;"Curva;Declive";-27,70116;-48,800175
03/12/2023;22:10:00;MAGE;Reação tardia ou ineficiente do condutor;Tombamento;Com Vítimas Feridas;Plena Noite;Crescente;Céu Claro;Dupla;Reta;-22,5943135;-43,02305931
03/12/2023;14:30:00;CHOPINZINHO;Curva acentuada;Colisão transversal;Com Vítimas Feridas;Pleno dia;Decrescente;Chuva;Simples;Curva;-25,76110804;-52,2554565
03/12/2023;20:56:00;SANTA LUZIA DO PARA;Iluminação deficiente;Colisão traseira;Com Vítimas Fatais;Plena Noite;Decrescente;Céu Claro;Simples;"Reta;Declive";-1,53261003;-46,89144403
03/12/2023;22:08:00;BELEM DE SAO FRANCISCO;Ausência de reação do condutor;Tombamento;Com Vítimas Fatais;Plena Noite;Crescente;Céu Claro;Simples;Reta;-8,70166228;-38,8611809
03/12/2023;20:00:00;PORTO UNIAO;Velocidade Incompatível;Colisão frontal;Com Vítimas Feridas;Plena Noite;Crescente;Céu Claro;Simples;Reta;-26,28733189;-50,98370597
04/12/2023;05:00:00;AGUA CLARA;Ultrapassagem Indevida;Colisão frontal;Com Vítimas Fatais;Pleno dia;Crescente;Nublado;Simples;Reta;-20,49917;-52,70746
04/12/2023;05:30:00;BAYEUX;Condutor deixou de manter distância do veículo da frente;Tombamento;Com Vítimas Feridas;Pleno dia;Crescente;Céu Claro;Dupla;Curva;-7,11753704;-34,94951428
04/12/2023;05:50:00;MESSIAS;Chuva;Queda de ocupante de veículo;Com Vítimas Feridas;Pleno dia;Crescente;Chuva;Dupla;Curva;-9,38720792;-35,8364428
04/12/2023;06:00:00;PLANALTO;Transitar no Acostamento;Derramamento de carga;Com Vítimas Feridas;Pleno dia;Decrescente;Céu Claro;Simples;Reta;-14,59897899;-40,43763203
04/12/2023;01:00:00;PEIXOTO DE AZEVEDO;Velocidade Incompatível;Colisão traseira;Com Vítimas Feridas;Plena Noite;Crescente;Céu Claro;Simples;Reta;-10,22597519;-54,97426294
04/12/2023;06:55:00;BALSA NOVA;Acumulo de areia ou detritos sobre o pavimento;Colisão com objeto;Com Vítimas Feridas;Pleno dia;Decrescente;Nublado;Dupla;Curva;-25,476041;-49,710779
04/12/2023;07:15:00;PONTA GROSSA;Velocidade Incompatível;Colisão com objeto;Com Vítimas Feridas;Pleno dia;Decrescente;Nublado;Dupla;"Curva;Ponte";-25,12277799;-50,18361282
30/11/2023;00:20:00;SAO MIGUEL DO OESTE;Velocidade Incompatível;Saída de leito carroçável;Sem Vítimas;Plena Noite;Decrescente;Nublado;Simples;Curva;-26,768974;-53,469772
04/12/2023;06:30:00;MORRINHOS;Acumulo de água sobre o pavimento;Saída de leito carroçável;Com Vítimas Feridas;Amanhecer;Decrescente;Chuva;Dupla;"Reta;Declive";-17,4675;-49,2187
04/12/2023;08:30:00;BOM DESPACHO;Velocidade Incompatível;Saída de leito carroçável;Sem Vítimas;Pleno dia;Crescente;Céu Claro;Simples;Reta;-19,80696129;-45,12497507
04/12/2023;09:25:00;DUQUE DE CAXIAS;Ausência de reação do condutor;Tombamento;Com Vítimas Feridas;Pleno dia;Decrescente;Céu Claro;Simples;"Curva;Aclive";-22,55763285;-43,26574352
21/10/2023;18:20:00;JI-PARANA;Manobra de mudança de faixa;Colisão lateral mesmo sentido;Com Vítimas Feridas;Anoitecer;Decrescente;Céu Claro;Múltipla;Retorno Regulamentado;-10,87376391;-61,95256893
04/12/2023;10:12:00;TRES RIOS;Ultrapassagem Indevida;Colisão lateral mesmo sentido;Com Vítimas Feridas;Pleno dia;Crescente;Céu Claro;Simples;Curva;-22,12586166;-43,21215519
04/12/2023;07:40:00;RIBEIRAO DAS NEVES;Manobra de mudança de faixa;Colisão lateral mesmo sentido;Com Vítimas Feridas;Pleno dia;Crescente;Céu Claro;Dupla;Reta;-19,82351202;-44,08438913
04/12/2023;10:50:00;SAO PAULO;Pista esburacada;Queda de ocupante de veículo;Com Vítimas Feridas;Pleno dia;Decrescente;Céu Claro;Múltipla;Reta;-23,43937;-46,56807
04/12/2023;06:30:00;DUQUE DE CAXIAS;Manobra de mudança de faixa;Colisão traseira;Com Vítimas Feridas;Pleno dia;Crescente;Céu Claro;Dupla;Reta;-22,79907687;-43,29015739
07/09/2023;13:15:00;TEOTONIO VILELA;Acumulo de água sobre o pavimento;Capotamento;Com Vítimas Feridas;Pleno dia;Crescente;Chuva;Dupla;Reta;-9,88962;-36,382435
04/12/2023;08:55:00;UBERABA;Velocidade Incompatível;Tombamento;Com Vítimas Feridas;Pleno dia;Decrescente;Céu Claro;Dupla;Viaduto;-19,779175;-47,944964
04/12/2023;07:50:00;BARAO DE COCAIS;Velocidade Incompatível;Saída de leito carroçável;Com Vítimas Feridas;Pleno dia;Decrescente;Céu Claro;Simples;Curva;-19,8051994;-43,4027619
04/12/2023;08:00:00;POUSO ALEGRE;Acumulo de água sobre o pavimento;Capotamento;Com Vítimas Feridas;Pleno dia;Decrescente;Chuva;Simples;Curva;-22,184677;-45,988678
25/10/2023;09:47:00;BELO HORIZONTE;Reação tardia ou ineficiente do condutor;Tombamento;Com Vítimas Feridas;Pleno dia;Crescente;Ignorado;Dupla;"Curva;Declive";-19,92275841;-44,02106523
04/12/2023;15:20:00;RECIFE;Manobra de mudança de faixa;Colisão lateral mesmo sentido;Com Vítimas Feridas;Pleno dia;Crescente;Céu Claro;Múltipla;Curva;-8,02478597;-34,94276635
04/12/2023;15:15:00;CANOAS;Pista Escorregadia;Queda de ocupante de veículo;Com Vítimas Feridas;Pleno dia;Decrescente;Chuva;Dupla;Reta;-29,96839095;-51,17623895
04/12/2023;15:08:00;CAREACU;Velocidade Incompatível;Saída de leito carroçável;Com Vítimas Feridas;Pleno dia;Decrescente;Céu Claro;Dupla;Reta;-22,08082995;-45,70131507
04/12/2023;15:40:00;BRASILIA;Velocidade Incompatível;Saída de leito carroçável;Com Vítimas Feridas;Pleno dia;Crescente;Céu Claro;Dupla;"Aclive;Reta";-15,580098;-47,403366
04/12/2023;16:10:00;ANGRA DOS REIS;Ultrapassagem Indevida;Colisão lateral mesmo sentido;Com Vítimas Feridas;Pleno dia;Crescente;Céu Claro;Simples;Reta;-22,95605138;-44,30404997
04/12/2023;14:30:00;PORTO VELHO;Manobra de mudança de faixa;Colisão lateral mesmo sentido;Com Vítimas Feridas;Pleno dia;Crescente;Céu Claro;Dupla;Reta;-8,7770354;-63,87316466
04/12/2023;15:23:00;CANOAS;Falta de acostamento;Atropelamento de Pedestre;Com Vítimas Fatais;Pleno dia;Crescente;Nublado;Dupla;Reta;-29,94142398;-51,17697062
04/12/2023;16:45:00;JOAO PESSOA;Manobra de mudança de faixa;Colisão lateral mesmo sentido;Com Vítimas Feridas;Pleno dia;Decrescente;Céu Claro;Simples;"Reta;Retorno Regulamentado";-7,1710694;-34,89765372
04/12/2023;17:00:00;SAO JOSE;Manobra de mudança de faixa;Colisão lateral mesmo sentido;Com Vítimas Feridas;Pleno dia;Decrescente;Nublado;Múltipla;Reta;-27,54836599;-48,61977975
04/12/2023;17:20:00;ARACAJU;Manobra de mudança de faixa;Colisão traseira;Com Vítimas Feridas;Plena Noite;Crescente;Céu Claro;Dupla;Reta;-10,9087;-37,0855
04/12/2023;14:38:00;ITIQUIRA;Chuva;Capotamento;Com Vítimas Feridas;Pleno dia;Crescente;Chuva;Dupla;Reta;-17,43965802;-54,74570613
04/12/2023;16:40:00;MACAPA;Velocidade Incompatível;Saída de leito carroçável;Com Vítimas Feridas;Pleno dia;Crescente;Chuva;Simples;Reta;0,285809;-51,082493
04/12/2023;16:25:00;PORTO ALEGRE;Pista Escorregadia;Colisão com objeto;Sem Vítimas;Pleno dia;Não Informado;Chuva;Dupla;Reta;-29,99119443;-51,19098609
04/12/2023;18:00:00;FORTALEZA;Ausência de reação do condutor;Tombamento;Com Vítimas Feridas;Plena Noite;Crescente;Céu Claro;Dupla;Reta;-3,8192799;-38,50268337
04/12/2023;18:16:00;PALHOCA;Manobra de mudança de faixa;Colisão transversal;Com Vítimas Feridas;Anoitecer;Crescente;Nublado;Múltipla;Reta;-27,66779034;-48,67393586
04/12/2023;18:20:00;UBERLANDIA;Velocidade Incompatível;Colisão traseira;Com Vítimas Feridas;Anoitecer;Crescente;Chuva;Dupla;Reta;-18,90409408;-48,2846117
30/11/2023;19:30:00;BALNEARIO CAMBORIU;Acessar a via sem observar a presença dos outros veículos;Tombamento;Com Vítimas Feridas;Plena Noite;Crescente;Céu Claro;Dupla;Reta;-26,9639319;-48,68328024
04/12/2023;19:40:00;BETIM;Objeto estático sobre o leito carroçável;Tombamento;Com Vítimas Feridas;Plena Noite;Decrescente;Céu Claro;Múltipla;"Reta;Declive";-19,95749597;-44,07899901
04/12/2023;20:00:00;NATAL;Manobra de mudança de faixa;Colisão lateral mesmo sentido;Com Vítimas Feridas;Plena Noite;Crescente;Céu Claro;Múltipla;Reta;-5,84049393;-35,21065408
11/09/2023;15:40:00;IBATIBA;Manobra de mudança de faixa;Queda de ocupante de veículo;Com Vítimas Feridas;Pleno dia;Crescente;Céu Claro;Simples;Curva;-20,22996768;-41,49970032
04/12/2023;16:30:00;ITABIRITO;Acumulo de água sobre o pavimento;Tombamento;Com Vítimas Feridas;Pleno dia;Crescente;Chuva;Simples;"Curva;Declive";-20,34858326;-43,92200604
04/12/2023;17:50:00;SEROPEDICA;Manobra de mudança de faixa;Colisão lateral mesmo sentido;Com Vítimas Feridas;Pleno dia;Decrescente;Céu Claro;Simples;Reta;-22,791252;-43,651257
04/12/2023;21:39:00;NOVA VICOSA;Manobra de mudança de faixa;Colisão traseira;Com Vítimas Feridas;Plena Noite;Crescente;Céu Claro;Simples;Interseção de Vias;-17,8835563;-39,85006398
04/12/2023;16:10:00;LAPA;Velocidade Incompatível;Saída de leito carroçável;Com Vítimas Feridas;Pleno dia;Crescente;Nublado;Simples;"Reta;Declive";-25,855972;-49,968269
05/12/2023;00:01:00;JUTI;Ausência de reação do condutor;Tombamento;Sem Vítimas;Plena Noite;Crescente;Céu Claro;Simples;Reta;-22,82799837;-54,6870281
05/12/2023;04:25:00;BIGUACU;Velocidade Incompatível;Colisão com objeto;Com Vítimas Feridas;Plena Noite;Crescente;Garoa/Chuvisco;Dupla;Reta;-27,459393;-48,638914
05/12/2023;00:07:00;CARIACICA;Pista Escorregadia;Tombamento;Com Vítimas Feridas;Plena Noite;Crescente;Céu Claro;Múltipla;Reta;-20,3363257;-40,40214323
05/12/2023;05:00:00;BARREIRAS;Manobra de mudança de faixa;Colisão frontal;Com Vítimas Fatais;Amanhecer;Decrescente;Céu Claro;Simples;Reta;-12,0717621;-45,6471108
05/12/2023;06:30:00;VIANA;Manobra de mudança de faixa;Colisão traseira;Com Vítimas Feridas;Pleno dia;Crescente;Sol;Dupla;Reta;-20,3800645;-40,45431391
05/12/2023;06:10:00;SENADOR JOSE BENTO;Velocidade Incompatível;Saída de leito carroçável;Com Vítimas Feridas;Pleno dia;Crescente;Céu Claro;Simples;"Curva;Declive";-22,138563;-46,146851
05/12/2023;06:40:00;ALFREDO VASCONCELOS;Manobra de mudança de faixa;Colisão lateral mesmo sentido;Com Vítimas Feridas;Pleno dia;Crescente;Sol;Simples;Reta;-21,123928;-43,758476
05/12/2023;07:26:00;CANOAS;Manobra de mudança de faixa;Colisão lateral mesmo sentido;Com Vítimas Feridas;Pleno dia;Crescente;Céu Claro;Dupla;Reta;-29,92342302;-51,17780944
05/12/2023;07:30:00;SAO JOSE DA VITORIA;Velocidade Incompatível;Saída de leito carroçável;Com Vítimas Feridas;Pleno dia;Decrescente;Chuva;Simples;Curva;-15,16120642;-39,41897771
05/12/2023;08:15:00;SAO JOSE;Manobra de mudança de faixa;Colisão lateral mesmo sentido;Com Vítimas Feridas;Pleno dia;Crescente;Garoa/Chuvisco;Dupla;Reta;-27,55711595;-48,61897889
05/12/2023;07:25:00;BETIM;Manobra de mudança de faixa;Colisão lateral mesmo sentido;Com Vítimas Feridas;Pleno dia;Decrescente;Céu Claro;Dupla;Reta;-19,95618874;-44,10997009
05/12/2023;08:15:00;PORTO VELHO;Manobra de mudança de faixa;Colisão lateral mesmo sentido;Com Vítimas Feridas;Pleno dia;Crescente;Céu Claro;Dupla;Reta;-8,80021523;-63,79557792
08/11/2023;19:20:00;CURITIBANOS;Ultrapassagem Indevida;Tombamento;Com Vítimas Feridas;Anoitecer;Decrescente;Ignorado;Simples;Reta;-27,302788;-50,701061
01/12/2023;20:20:00;POCONE;Chuva;Saída de leito carroçável;Com Vítimas Feridas;Plena Noite;Crescente;Chuva;Simples;Curva;-15,89206796;-56,89337907
05/12/2023;12:30:00;SEABRA;Ultrapassagem Indevida;Saída de leito carroçável;Com Vítimas Feridas;Pleno dia;Decrescente;Céu Claro;Simples;Reta;-12,42107802;-41,83842802
05/12/2023;15:00:00;EXTREMA;Velocidade Incompatível;Saída de leito carroçável;Com Vítimas Feridas;Pleno dia;Crescente;Nublado;Dupla;Curva;-22,8076393;-46,27636971
05/12/2023;15:30:00;SANTO ANTONIO DA BARRA;Acumulo de água sobre o pavimento;Colisão com objeto;Com Vítimas Feridas;Pleno dia;Decrescente;Céu Claro;Dupla;Declive;-17,598;-50,7337
05/12/2023;16:08:00;BIGUACU;Pista Escorregadia;Tombamento;Com Vítimas Feridas;Pleno dia;Crescente;Chuva;Dupla;Interseção de Vias;-27,53396604;-48,63040209
05/12/2023;15:20:00;DUQUE DE CAXIAS;Manobra de mudança de faixa;Queda de ocupante de veículo;Com Vítimas Feridas;Pleno dia;Decrescente;Nublado;Dupla;Reta;-22,76375592;-43,28683062
05/12/2023;17:05:00;URAI;Velocidade Incompatível;Saída de leito carroçável;Com Vítimas Feridas;Pleno dia;Crescente;Chuva;Dupla;"Curva;Declive";-23,2783;-50,858156
05/12/2023;15:40:00;ITUIUTABA;Velocidade Incompatível;Colisão com objeto;Com Vítimas Feridas;Pleno dia;Crescente;Sol;Simples;"Aclive;Reta";-18,947495;-49,45934
05/12/2023;17:00:00;TAUBATE;Demais falhas mecânicas ou elétricas;Tombamento;Com Vítimas Feridas;Pleno dia;Decrescente;Nublado;Dupla;"Reta;Declive";-23,01250593;-45,52256005
05/12/2023;16:40:00;PERDOES;Acumulo de água sobre o pavimento;Saída de leito carroçável;Com Vítimas Feridas;Pleno dia;Crescente;Chuva;Dupla;Curva;-21,09966091;-45,08510908
05/12/2023;09:40:00;DOM PEDRO;Ultrapassagem Indevida;Colisão frontal;Com Vítimas Fatais;Pleno dia;Crescente;Céu Claro;Simples;Curva;-4,98507084;-44,42191337
05/12/2023;18:25:00;MORRETES;Acumulo de água sobre o pavimento;Colisão com objeto;Com Vítimas Feridas;Anoitecer;Crescente;Chuva;Dupla;Curva;-25,52874613;-48,73512603
05/12/2023;18:40:00;SANTA ISABEL;Acumulo de areia ou detritos sobre o pavimento;Queda de ocupante de veículo;Com Vítimas Feridas;Plena Noite;Decrescente;Céu Claro;Simples;"Retorno Regulamentado;Curva";-23,3523229;-46,19873285
05/12/2023;18:15:00;MORRETES;Chuva;Colisão com objeto;Com Vítimas Feridas;Anoitecer;Crescente;Chuva;Dupla;"Curva;Aclive";-25,56584471;-48,81116269
05/12/2023;17:00:00;SAO JOSE DOS CAMPOS;Frear bruscamente;Tombamento;Com Vítimas Feridas;Pleno dia;Crescente;Céu Claro;Múltipla;Reta;-23,23262274;-45,91372624
05/12/2023;19:05:00;INDAIAL;Ausência de reação do condutor;Tombamento;Com Vítimas Feridas;Anoitecer;Crescente;Céu Claro;Simples;"Retorno Regulamentado;Curva";-26,870407;-49,221844
05/12/2023;19:00:00;UBERLANDIA;Manobra de mudança de faixa;Colisão lateral mesmo sentido;Com Vítimas Feridas;Anoitecer;Decrescente;Nublado;Dupla;"Reta;Viaduto";-18,8852848;-48,26476336
05/12/2023;10:30:00;DUQUE DE CAXIAS;Reação tardia ou ineficiente do condutor;Tombamento;Com Vítimas Feridas;Pleno dia;Crescente;Nublado;Dupla;Reta;-22,59404803;-43,28079889
05/12/2023;18:02:00;FLORIANO;Manobra de mudança de faixa;Colisão transversal;Com Vítimas Feridas;Anoitecer;Decrescente;Céu Claro;Simples;Reta;-6,788374;-43,044399
05/12/2023;20:05:00;UBERABA;Ausência de reação do condutor;Tombamento;Com Vítimas Feridas;Plena Noite;Decrescente;Céu Claro;Dupla;Reta;-19,77920263;-47,955319
05/12/2023;20:40:00;ITAJAI;Reação tardia ou ineficiente do condutor;Tombamento;Com Vítimas Feridas;Plena Noite;Decrescente;Chuva;Dupla;Reta;-26,9043179;-48,71555481
05/12/2023;21:05:00;TRES LAGOAS;Acumulo de areia ou detritos sobre o pavimento;Tombamento;Com Vítimas Feridas;Plena Noite;Crescente;Nublado;Simples;Rotatória;-20,81105192;-51,73282743
05/12/2023;18:15:00;CARATINGA;Manobra de mudança de faixa;Colisão lateral mesmo sentido;Com Vítimas Feridas;Amanhecer;Decrescente;Nublado;Simples;Reta;-19,76833785;-42,13105238
05/12/2023;18:50:00;MANHUACU;Falta de acostamento;Colisão transversal;Com Vítimas Feridas;Plena Noite;Crescente;Nublado;Simples;Rotatória;-20,25692664;-42,01099203
05/12/2023;23:10:00;SANTAREM;Velocidade Incompatível;Saída de leito carroçável;Com Vítimas Feridas;Plena Noite;Crescente;Céu Claro;Simples;Curva;-2,60702251;-54,72032547
06/12/2023;05:45:00;CONTAGEM;Ausência de reação do condutor;Tombamento;Com Vítimas Feridas;Amanhecer;Crescente;Céu Claro;Dupla;Reta;-19,78946999;-44,11290699
06/12/2023;06:15:00;CURITIBA;Velocidade Incompatível;Colisão traseira;Com Vítimas Feridas;Pleno dia;Crescente;Céu Claro;Múltipla;Reta;-25,389;-49,1867
05/12/2023;18:30:00;MANAUS;Deficiência do Sistema de Iluminação/Sinalização;Atropelamento de Pedestre;Com Vítimas Feridas;Plena Noite;Crescente;Céu Claro;Simples;Curva;-2,96034732;-60,03160432
05/12/2023;23:00:00;PIRIPIRI;Ingestão de álcool pelo condutor;Tombamento;Com Vítimas Fatais;Plena Noite;Crescente;Céu Claro;Simples;"Reta;Declive";-4,2395321;-41,70672489
06/12/2023;07:55:00;CONTAGEM;Transitar no Acostamento;Tombamento;Com Vítimas Feridas;Pleno dia;Crescente;Céu Claro;Dupla;Reta;-19,84761911;-44,07276144
06/12/2023;07:10:00;FLORIANOPOLIS;Manobra de mudança de faixa;Colisão lateral mesmo sentido;Com Vítimas Feridas;Pleno dia;Decrescente;Chuva;Dupla;Reta;-27,602955;-48,580509
06/12/2023;07:45:00;SAO JOSE DO INHACORA;Velocidade Incompatível;Saída de leito carroçável;Com Vítimas Fatais;Pleno dia;Crescente;Nublado;Simples;"Aclive;Curva";-27,69262191;-54,16408508
06/12/2023;07:10:00;BLUMENAU;Manobra de mudança de faixa;Colisão lateral mesmo sentido;Com Vítimas Feridas;Pleno dia;Crescente;Garoa/Chuvisco;Dupla;Curva;-26,8615004;-49,06800985
17/09/2023;15:40:00;ANCHIETA;Velocidade Incompatível;Saída de leito carroçável;Com Vítimas Feridas;Pleno dia;Crescente;Céu Claro;Múltipla;"Curva;Aclive;Viaduto";-20,68939658;-40,69515524
30/11/2023;10:30:00;BALSAS;Manobra de mudança de faixa;Colisão frontal;Com Vítimas Feridas;Pleno dia;Decrescente;Céu Claro;Simples;Reta;-7,51919168;-46,06740888
06/12/2023;08:20:00;TERESINA;Manobra de mudança de faixa;Colisão lateral mesmo sentido;Com Vítimas Feridas;Pleno dia;Decrescente;Nublado;Múltipla;"Reta;Retorno Regulamentado";-5,12861853;-42,80706778
02/12/2023;16:00:00;PETROPOLIS;Acumulo de óleo sobre o pavimento;Queda de ocupante de veículo;Com Vítimas Feridas;Pleno dia;Decrescente;Céu Claro;Dupla;Curva;-22,52145512;-43,23707996
06/12/2023;10:00:00;PELOTAS;Velocidade Incompatível;Saída de leito carroçável;Com Vítimas Feridas;Pleno dia;Crescente;Chuva;Simples;Curva;-31,48595911;-52,61864613
06/12/2023;09:45:00;OLIVEIRA;Velocidade Incompatível;Saída de leito carroçável;Com Vítimas Feridas;Pleno dia;Decrescente;Nublado;Simples;Curva;-20,76156591;-44,77700024
06/12/2023;11:15:00;BARRA VELHA;Reação tardia ou ineficiente do condutor;Tombamento;Com Vítimas Feridas;Pleno dia;Crescente;Nublado;Dupla;"Declive;Reta";-26,70876413;-48,70221065
06/12/2023;12:20:00;LORENA;Ultrapassagem Indevida;Colisão lateral mesmo sentido;Com Vítimas Feridas;Pleno dia;Decrescente;Céu Claro;Simples;Rotatória;-22,686485;-45,128445
06/12/2023;09:30:00;DUQUE DE CAXIAS;Reação tardia ou ineficiente do condutor;Tombamento;Com Vítimas Feridas;Pleno dia;Crescente;Céu Claro;Dupla;Curva;-22,66476979;-43,28495144
02/12/2023;06:00:00;SERTANIA;Acumulo de areia ou detritos sobre o pavimento;Colisão com objeto;Sem Vítimas;Pleno dia;Crescente;Céu Claro;Simples;Curva;-8,151299;-37,51921
06/12/2023;14:40:00;IGARASSU;Manobra de mudança de faixa;Colisão lateral mesmo sentido;Com Vítimas Feridas;Pleno dia;Crescente;Céu Claro;Múltipla;"Reta;Declive";-7,85637001;-34,90842109
06/12/2023;15:38:00;SAO JOSE DOS CAMPOS;Acumulo de areia ou detritos sobre o pavimento;Queda de ocupante de veículo;Com Vítimas Feridas;Pleno dia;Decrescente;Céu Claro;Dupla;Reta;-23,23903999;-45,92061901
06/12/2023;16:40:00;RECIFE;Velocidade Incompatível;Colisão traseira;Com Vítimas Feridas;Pleno dia;Crescente;Céu Claro;Dupla;Viaduto;-8,06776119;-34,94265074
06/12/2023;17:25:00;UBATUBA;Ausência de reação do condutor;Tombamento;Com Vítimas Feridas;Pleno dia;Decrescente;Céu Claro;Simples;Curva;-23,4623355;-45,06476561
06/12/2023;18:15:00;CURITIBA;Manobra de mudança de faixa;Colisão lateral mesmo sentido;Com Vítimas Feridas;Pleno dia;Decrescente;Nublado;Dupla;Reta;-25,46896513;-49,21329975
06/12/2023;17:30:00;CONTAGEM;Manobra de mudança de faixa;Colisão traseira;Com Vítimas Feridas;Anoitecer;Decrescente;Céu Claro;Dupla;Reta;-19,88361702;-44,05039336
06/12/2023;19:30:00;SALVADOR;Demais falhas mecânicas ou elétricas;Tombamento;Com Vítimas Feridas;Anoitecer;Decrescente;Céu Claro;Múltipla;Reta;-12,95791957;-38,47265124
06/12/2023;21:20:00;IRATI;Manobra de mudança de faixa;Colisão traseira;Com Vítimas Feridas;Plena Noite;Decrescente;Céu Claro;Dupla;Reta;-25,3831825;-50,85631993
07/12/2023;02:30:00;PIRIPIRI;Manobra de mudança de faixa;Colisão frontal;Sem Vítimas;Plena Noite;Decrescente;Céu Claro;Simples;Reta;-4,221304;-41,911667
06/12/2023;13:30:00;MAGE;Reação tardia ou ineficiente do condutor;Tombamento;Com Vítimas Feridas;Pleno dia;Crescente;Céu Claro;Dupla;Reta;-22,65368834;-43,153534
07/12/2023;07:30:00;GUARULHOS;Sinalização mal posicionada;Colisão com objeto;Com Vítimas Feridas;Pleno dia;Decrescente;Sol;Múltipla;"Reta;Interseção de Vias;Declive;Desvio Temporário;Em Obras";-23,45056589;-46,46258105
07/12/2023;06:28:00;SAPUCAIA DO SUL;Desvio temporário;Colisão com objeto;Com Vítimas Feridas;Pleno dia;Decrescente;Nublado;Dupla;"Reta;Desvio Temporário";-29,80913395;-51,1675292
07/12/2023;08:08:00;PATOS DE MINAS;Pista Escorregadia;Queda de ocupante de veículo;Com Vítimas Feridas;Pleno dia;Decrescente;Céu Claro;Simples;"Reta;Rotatória";-18,64392302;-46,49892399
07/12/2023;09:10:00;PONTA GROSSA;Manobra de mudança de faixa;Saída de leito carroçável;Com Vítimas Feridas;Pleno dia;Decrescente;Céu Claro;Dupla;Curva;-25,04050891;-50,25140203
25/09/2023;16:20:00;AGUAS MORNAS;Velocidade Incompatível;Saída de leito carroçável;Sem Vítimas;Pleno dia;Crescente;Chuva;Simples;Reta;-27,712931;-48,943741
06/11/2023;08:40:00;TEOFILO OTONI;Manobra de mudança de faixa;Colisão lateral mesmo sentido;Com Vítimas Feridas;Pleno dia;Crescente;Céu Claro;Simples;Reta;-17,73929595;-41,50092126
07/12/2023;09:00:00;APUCARANA;Velocidade Incompatível;Queda de ocupante de veículo;Com Vítimas Feridas;Pleno dia;Decrescente;Nublado;Simples;"Reta;Interseção de Vias";-23,55913878;-51,43817067
07/12/2023;10:10:00;CANUTAMA;Pista Escorregadia;Capotamento;Com Vítimas Feridas;Pleno dia;Decrescente;Sol;Simples;Curva;-7,50380829;-63,37044284
07/12/2023;12:50:00;IBIRAMA;Chuva;Saída de leito carroçável;Com Vítimas Feridas;Pleno dia;Decrescente;Chuva;Simples;Reta;-27,09701;-49,462887
07/12/2023;13:03:00;GOIANIA;Velocidade Incompatível;Capotamento;Sem Vítimas;Pleno dia;Decrescente;Céu Claro;Dupla;"Reta;Declive";-16,6777;-49,2676
07/12/2023;12:30:00;ANGRA DOS REIS;Ultrapassagem Indevida;Colisão lateral mesmo sentido;Com Vítimas Feridas;Pleno dia;Crescente;Céu Claro;Simples;Curva;-22,99719001;-44,30136205
07/12/2023;10:50:00;BEZERROS;Pista esburacada;Saída de leito carroçável;Com Vítimas Feridas;Pleno dia;Crescente;Céu Claro;Dupla;Declive;-8,29906533;-35,8402169
07/12/2023;13:10:00;SAO LUIS;Acumulo de óleo sobre o pavimento;Saída de leito carroçável;Com Vítimas Feridas;Pleno dia;Decrescente;Céu Claro;Dupla;"Aclive;Reta";-2,53073;-44,3068
07/12/2023;15:35:00;ITAPEMA;Reação tardia ou ineficiente do condutor;Tombamento;Com Vítimas Feridas;Pleno dia;Crescente;Nublado;Dupla;Reta;-27,1089649;-48,61277586
25/11/2023;22:00:00;JOINVILLE;Iluminação deficiente;Queda de ocupante de veículo;Com Vítimas Fatais;Plena Noite;Decrescente;Nublado;Dupla;"Curva;Aclive";-26,4198762;-48,8312684
07/12/2023;17:10:00;JOAO PESSOA;Ausência de reação do condutor;Tombamento;Com Vítimas Feridas;Pleno dia;Decrescente;Céu Claro;Dupla;Curva;-7,1337;-34,8544
07/12/2023;17:30:00;RECIFE;Manobra de mudança de faixa;Colisão lateral mesmo sentido;Com Vítimas Feridas;Anoitecer;Decrescente;Céu Claro;Dupla;Reta;-8,06776119;-34,94265074
07/12/2023;19:55:00;VALPARAISO DE GOIAS;Manobra de mudança de faixa;Tombamento;Com Vítimas Feridas;Plena Noite;Decrescente;Céu Claro;Dupla;Reta;-16,100814;-47,977351
07/12/2023;18:25:00;BONFIM;Deficiência do Sistema de Iluminação/Sinalização;Colisão traseira;Com Vítimas Feridas;Plena Noite;Decrescente;Céu Claro;Simples;Reta;2,91236386;-60,48129277
07/12/2023;19:19:00;SAO JOSE DOS CAMPOS;Ausência de reação do condutor;Tombamento;Com Vítimas Feridas;Plena Noite;Crescente;Céu Claro;Múltipla;Reta;-23,18274416;-45,84633592
07/12/2023;10:00:00;ITAPEBI;Pista Escorregadia;Colisão frontal;Com Vítimas Feridas;Pleno dia;Decrescente;Chuva;Simples;Curva;-15,971146;-39,562001
07/12/2023;21:00:00;BEZERROS;Ausência de sinalização;Saída de leito carroçável;Com Vítimas Feridas;Plena Noite;Crescente;Céu Claro;Dupla;Curva;-8,28036785;-35,81085313