data_inversa;horario;municipio;causa_acidente;tipo_acidente;classificacao_acidente;fase_dia;sentido_via;condicao_metereologica;tipo_pista;tracado_via;latitude;longitude
11/12/2023;16:30:00;GUARULHOS;Reação tardia ou ineficiente do condutor;Tombamento;Com Vítimas Feridas;Pleno dia;Crescente;Nublado;Múltipla;Reta;-23,46472809;-46,49793962
11/12/2023;16:10:00;DUQUE DE CAXIAS;Pista Escorregadia;Tombamento;Com Vítimas Feridas;Pleno dia;Decrescente;Céu Claro;Dupla;Reta;-22,68289906;-43,28549346
11/12/2023;17:00:00;FEIRA DE SANTANA;Manobra de mudança de faixa;Colisão traseira;Com Vítimas Feridas;Pleno dia;Crescente;Céu Claro;Dupla;Reta;-12,23257586;-38,97248506
11/12/2023;16:20:00;JUIZ DE FORA;Chuva;Colisão frontal;Com Vítimas Feridas;Pleno dia;Decrescente;Chuva;Simples;Reta;-21,58240015;-43,46596328
11/12/2023;17:20:00;CARUARU;Manobra de mudança de faixa;Colisão traseira;Com Vítimas Feridas;Anoitecer;Crescente;Céu Claro;Dupla;"Retorno Regulamentado;Reta";-8,2529;-35,9751
11/12/2023;17:10:00;BETIM;Manobra de mudança de faixa;Colisão lateral mesmo sentido;Com Vítimas Feridas;Anoitecer;Decrescente;Céu Claro;Dupla;Reta;-20,0118574;-44,219637
11/12/2023;17:25:00;PORTO BELO;Demais falhas mecânicas ou elétricas;Tombamento;Com Vítimas Feridas;Pleno dia;Decrescente;Céu Claro;Dupla;Reta;-27,20831288;-48,61987922
08/12/2023;05:00:00;JARDIM;Condutor Dormindo;Tombamento;Com Vítimas Feridas;Amanhecer;Crescente;Nublado;Simples;"Reta;Declive";-21,55001198;-56,16849329
11/12/2023;17:45:00;NAVEGANTES;Manobra de mudança de faixa;Colisão lateral mesmo sentido;Com Vítimas Feridas;Pleno dia;Decrescente;Nublado;Múltipla;Reta;-26,868551;-48,674831
11/12/2023;19:20:00;GARANHUNS;Deficiência do Sistema de Iluminação/Sinalização;Colisão transversal;Com Vítimas Feridas;Plena Noite;Crescente;Céu Claro;Simples;"Reta;Declive";-8,914223;-36,488603
11/12/2023;19:20:00;NOVA ERECHIM;Velocidade Incompatível;Saída de leito carroçável;Com Vítimas Feridas;Anoitecer;Crescente;Céu Claro;Simples;Reta;-26,89006;-52,93306
11/12/2023;22:15:00;BETIM;Ausência de reação do condutor;Tombamento;Com Vítimas Feridas;Plena Noite;Decrescente;Céu Claro;Dupla;Curva;-19,98986014;-44,19311068
11/12/2023;22:15:00;SAO JOSE DOS PINHAIS;Ausência de reação do condutor;Tombamento;Com Vítimas Feridas;Plena Noite;Crescente;Céu Claro;Simples;Reta;-25,48227693;-49,10588805
11/12/2023;22:00:00;ICARA;Avarias e/ou desgaste excessivo no pneu;Tombamento;Com Vítimas Feridas;Plena Noite;Decrescente;Nublado;Múltipla;Reta;-28,75478409;-49,27732095
11/12/2023;20:25:00;SENADOR GUIOMARD;Ausência de reação do condutor;Tombamento;Com Vítimas Feridas;Plena Noite;Decrescente;Céu Claro;Simples;Curva;-10,2212353;-67,70247852
11/12/2023;17:30:00;PAULO AFONSO;Deficiência do Sistema de Iluminação/Sinalização;Colisão traseira;Com Vítimas Feridas;Anoitecer;Crescente;Céu Claro;Simples;Reta;-9,60364715;-38,22352828
12/12/2023;06:00:00;NAVEGANTES;Velocidade Incompatível;Colisão transversal;Com Vítimas Feridas;Pleno dia;Decrescente;Céu Claro;Simples;"Em Obras;Viaduto;Reta";-26,84499;-48,71505
12/12/2023;07:15:00;AGUAS MORNAS;Velocidade Incompatível;Queda de ocupante de veículo;Com Vítimas Feridas;Pleno dia;Crescente;Nublado;Simples;Curva;-27,714352;-48,938072
16/09/2023;05:30:00;MARINGA;Acumulo de água sobre o pavimento;Tombamento;Com Vítimas Feridas;Amanhecer;Crescente;Chuva;Dupla;Rotatória;-23,409725;-51,987636
12/12/2023;07:30:00;MARECHAL FLORIANO;Velocidade Incompatível;Colisão frontal;Com Vítimas Fatais;Pleno dia;Decrescente;Nublado;Simples;Curva;-20,41430381;-40,82492709
12/12/2023;08:00:00;BRASILIA;Manobra de mudança de faixa;Colisão traseira;Com Vítimas Feridas;Pleno dia;Decrescente;Nublado;Múltipla;Reta;-15,794558;-48,166584
09/11/2023;18:30:00;RECIFE;Iluminação deficiente;Colisão com objeto;Sem Vítimas;Plena Noite;Não Informado;Céu Claro;Simples;Reta;-8,11443984;-34,89817357
12/12/2023;05:45:00;PADRE BERNARDO;Demais falhas na via;Tombamento;Com Vítimas Feridas;Amanhecer;Crescente;Céu Claro;Simples;"Interseção de Vias;Declive";-15,502505;-48,21132
12/12/2023;07:00:00;SAO GONCALO;Avarias e/ou desgaste excessivo no pneu;Tombamento;Com Vítimas Feridas;Pleno dia;Crescente;Nublado;Dupla;Reta;-22,80546555;-43,06156967
30/11/2023;06:50:00;PALHOCA;Afundamento ou ondulação no pavimento;Tombamento;Com Vítimas Feridas;Pleno dia;Crescente;Sol;Múltipla;"Reta;Aclive";-27,7688932;-48,63205379
12/12/2023;06:30:00;SAO JOSE DOS PINHAIS;Reação tardia ou ineficiente do condutor;Tombamento;Com Vítimas Feridas;Amanhecer;Crescente;Nublado;Dupla;Reta;-25,56982986;-49,22068119
12/12/2023;09:00:00;BETIM;Demais falhas na via;Saída de leito carroçável;Com Vítimas Feridas;Pleno dia;Crescente;Céu Claro;Dupla;Reta;-19,98332234;-44,20214426
12/12/2023;07:50:00;CAMPO MAIOR;Reação tardia ou ineficiente do condutor;Tombamento;Com Vítimas Feridas;Pleno dia;Crescente;Céu Claro;Simples;Interseção de Vias;-4,827128;-42,162348
12/12/2023;09:00:00;PARAISO DAS AGUAS;Ausência de reação do condutor;Tombamento;Com Vítimas Feridas;Pleno dia;Crescente;Céu Claro;Simples;Reta;-19,32752931;-53,32859895
12/12/2023;09:00:00;RIO GRANDE;Afundamento ou ondulação no pavimento;Tombamento;Com Vítimas Feridas;Pleno dia;Decrescente;Céu Claro;Dupla;Reta;-31,92816308;-52,31293137
12/12/2023;10:00:00;GUARULHOS;Manobra de mudança de faixa;Colisão traseira;Com Vítimas Feridas;Pleno dia;Crescente;Céu Claro;Dupla;Reta;-23,46802395;-46,50704901
12/12/2023;10:25:00;LUZIANIA;Demais falhas mecânicas ou elétricas;Tombamento;Com Vítimas Feridas;Pleno dia;Crescente;Sol;Dupla;Reta;-16,13536043;-47,95441461
12/12/2023;10:40:00;EMBU DAS ARTES;Velocidade Incompatível;Colisão traseira;Com Vítimas Feridas;Pleno dia;Decrescente;Sol;Dupla;Reta;-23,63445084;-46,82418514
11/12/2023;15:20:00;VACARIA;Manobra de mudança de faixa;Colisão com objeto;Sem Vítimas;Pleno dia;Crescente;Céu Claro;Simples;Reta;-28,52089279;-50,9422985
12/12/2023;10:10:00;PARATY;Chuva;Tombamento;Com Vítimas Feridas;Pleno dia;Decrescente;Chuva;Simples;Curva;-23,054666;-44,59037997
12/12/2023;08:10:00;LONDRINA;Manobra de mudança de faixa;Colisão traseira;Com Vítimas Feridas;Pleno dia;Decrescente;Céu Claro;Dupla;Reta;-23,29299999;-51,15366876
27/11/2023;20:50:00;MARINGA;Velocidade Incompatível;Colisão traseira;Com Vítimas Feridas;Plena Noite;Crescente;Céu Claro;Dupla;Reta;-23,38150629;-52,03480212
12/12/2023;12:20:00;FOZ DO IGUACU;Velocidade Incompatível;Colisão lateral mesmo sentido;Sem Vítimas;Pleno dia;Crescente;Sol;Dupla;"Curva;Declive";-25,50731632;-54,59166527
10/08/2023;13:30:00;SOBRADO;Manobra de mudança de faixa;Colisão lateral mesmo sentido;Com Vítimas Feridas;Pleno dia;Crescente;Céu Claro;Dupla;Reta;-7,19008873;-35,25048718
12/12/2023;13:30:00;ERECHIM;Velocidade Incompatível;Saída de leito carroçável;Com Vítimas Feridas;Pleno dia;Crescente;Céu Claro;Simples;"Reta;Declive;Interseção de Vias;Rotatória";-27,62312752;-52,23687793
12/12/2023;13:00:00;CRUZ DAS ALMAS;Ultrapassagem Indevida;Colisão frontal;Com Vítimas Fatais;Pleno dia;Decrescente;Céu Claro;Simples;Reta;-12,704778;-39,158208
12/12/2023;10:30:00;IBIRAMA;Ultrapassagem Indevida;Colisão transversal;Com Vítimas Feridas;Pleno dia;Crescente;Céu Claro;Múltipla;"Curva;Declive";-27,095861;-49,526859
12/12/2023;14:52:00;COLATINA;Velocidade Incompatível;Capotamento;Com Vítimas Feridas;Pleno dia;Crescente;Nublado;Simples;"Reta;Declive";-19,53240916;-40,68791339
08/12/2023;21:30:00;SAO JOSE DOS PINHAIS;Velocidade Incompatível;Capotamento;Sem Vítimas;Plena Noite;Crescente;Nublado;Dupla;Reta;-25,5690786;-49,17961121
12/12/2023;17:00:00;JOAO PESSOA;Manobra de mudança de faixa;Colisão traseira;Com Vítimas Feridas;Anoitecer;Decrescente;Céu Claro;Dupla;"Aclive;Reta";-7,1198;-34,8453
12/12/2023;19:35:00;NATAL;Ausência de sinalização;Saída de leito carroçável;Com Vítimas Feridas;Plena Noite;Decrescente;Céu Claro;Dupla;"Interseção de Vias;Rotatória;Em Obras";-5,74071896;-35,29021064
12/12/2023;17:35:00;CACERES;Ultrapassagem Indevida;Saída de leito carroçável;Com Vítimas Feridas;Pleno dia;Decrescente;Céu Claro;Simples;Reta;-16,072309;-57,704658
12/12/2023;19:00:00;CAMPO GRANDE;Ausência de reação do condutor;Tombamento;Com Vítimas Feridas;Plena Noite;Crescente;Nublado;Simples;Reta;-20,564069;-54,607119
12/12/2023;19:30:00;FORTALEZA;Manobra de mudança de faixa;Colisão traseira;Com Vítimas Feridas;Plena Noite;Decrescente;Céu Claro;Dupla;Reta;-3,852077;-38,495525
12/12/2023;19:20:00;BRASILIA;Velocidade Incompatível;Colisão traseira;Com Vítimas Feridas;Anoitecer;Crescente;Nublado;Dupla;"Reta;Aclive";-15,658386;-47,791534
12/12/2023;21:30:00;GUARULHOS;Manobra de mudança de faixa;Colisão lateral mesmo sentido;Com Vítimas Feridas;Plena Noite;Decrescente;Ignorado;Múltipla;"Interseção de Vias;Reta";-23,47093408;-46,51631097
12/12/2023;14:05:00;COMODORO;Acumulo de água sobre o pavimento;Saída de leito carroçável;Com Vítimas Feridas;Pleno dia;Crescente;Céu Claro;Simples;Curva;-13,968508;-59,755607
12/12/2023;21:25:00;GOIANIA;Velocidade Incompatível;Colisão traseira;Com Vítimas Feridas;Plena Noite;Crescente;Céu Claro;Dupla;"Curva;Aclive";-16,7333;-49,3996
12/12/2023;22:10:00;SANTA RITA DE CALDAS;Demais falhas mecânicas ou elétricas;Tombamento;Com Vítimas Feridas;Plena Noite;Decrescente;Céu Claro;Simples;"Curva;Aclive";-21,998268;-46,313184
12/12/2023;18:00:00;MARIPA DE MINAS;Reação tardia ou ineficiente do condutor;Tombamento;Com Vítimas Feridas;Anoitecer;Crescente;Nublado;Simples;Curva;-21,69577022;-42,98279189
13/12/2023;00:30:00;SAO JOSE DOS CAMPOS;Avarias e/ou desgaste excessivo no pneu;Tombamento;Com Vítimas Feridas;Plena Noite;Decrescente;Céu Claro;Dupla;Reta;-23,20067421;-45,8795018
13/12/2023;03:30:00;JOSE BONIFACIO;Afundamento ou ondulação no pavimento;Tombamento;Com Vítimas Feridas;Plena Noite;Crescente;Céu Claro;Simples;Declive;-21,10480404;-49,68274492
12/12/2023;16:20:00;PARANAIBA;Pista Escorregadia;Tombamento;Com Vítimas Feridas;Pleno dia;Decrescente;Garoa/Chuvisco;Dupla;Reta;-19,69914535;-51,16781244
09/12/2023;16:00:00;CORDILHEIRA ALTA;Velocidade Incompatível;Queda de ocupante de veículo;Com Vítimas Feridas;Pleno dia;Decrescente;Céu Claro;Simples;Reta;-26,982185;-52,59734
13/12/2023;07:25:00;APARECIDA DE GOIANIA;Manobra de mudança de faixa;Colisão lateral mesmo sentido;Com Vítimas Feridas;Pleno dia;Decrescente;Céu Claro;Dupla;Reta;-16,7537;-49,2411
13/12/2023;08:50:00;GUARATINGUETA;Frear bruscamente;Tombamento;Com Vítimas Feridas;Pleno dia;Decrescente;Céu Claro;Dupla;Reta;-22,81942006;-45,18421298
13/12/2023;08:30:00;TERESINA;Demais falhas mecânicas ou elétricas;Tombamento;Com Vítimas Feridas;Pleno dia;Crescente;Céu Claro;Múltipla;Reta;-5,14702095;-42,77438982
13/12/2023;08:40:00;JACAREI;Manobra de mudança de faixa;Colisão lateral mesmo sentido;Com Vítimas Feridas;Pleno dia;Decrescente;Céu Claro;Dupla;Reta;-23,26072137;-45,95179176
13/12/2023;12:50:00;SAO JOSE DOS PINHAIS;Velocidade Incompatível;Colisão traseira;Com Vítimas Feridas;Pleno dia;Crescente;Céu Claro;Dupla;Aclive;-25,52124342;-49,10648119
13/12/2023;12:30:00;FOZ DO IGUACU;Velocidade Incompatível;Saída de leito carroçável;Com Vítimas Feridas;Pleno dia;Decrescente;Céu Claro;Simples;"Rotatória;Desvio Temporário;Em Obras";-25,57401434;-54,55177546
12/10/2023;20:50:00;AGUAS LINDAS DE GOIAS;Manobra de mudança de faixa;Colisão lateral mesmo sentido;Com Vítimas Feridas;Plena Noite;Decrescente;Céu Claro;Múltipla;Reta;-15,73738129;-48,29228118
13/12/2023;11:40:00;PARACATU;Manobra de mudança de faixa;Colisão traseira;Com Vítimas Feridas;Pleno dia;Crescente;Céu Claro;Simples;"Interseção de Vias;Reta";-17,22598002;-46,86163701
13/12/2023;12:35:00;PORTO VELHO;Velocidade Incompatível;Colisão traseira;Com Vítimas Feridas;Pleno dia;Crescente;Céu Claro;Dupla;"Aclive;Curva;Viaduto";-8,766685;-63,884052
13/12/2023;14:50:00;CAMPO FLORIDO;Acumulo de água sobre o pavimento;Saída de leito carroçável;Com Vítimas Feridas;Pleno dia;Decrescente;Chuva;Simples;"Reta;Aclive";-19,78186132;-48,53534315
13/12/2023;15:20:00;RESENDE;Ultrapassagem Indevida;Capotamento;Com Vítimas Feridas;Pleno dia;Crescente;Céu Claro;Dupla;Reta;-22,46301346;-44,48160416
13/12/2023;16:50:00;GUARULHOS;Manobra de mudança de faixa;Queda de ocupante de veículo;Com Vítimas Feridas;Pleno dia;Decrescente;Céu Claro;Múltipla;"Aclive;Reta";-23,4255945;-46,40318155
13/12/2023;16:30:00;RIBEIRAO DAS NEVES;Demais falhas na via;Colisão transversal;Com Vítimas Feridas;Pleno dia;Crescente;Céu Claro;Dupla;Reta;-19,82351202;-44,08438913
13/12/2023;17:20:00;JABOATAO DOS GUARARAPES;Velocidade Incompatível;Colisão com objeto;Sem Vítimas;Anoitecer;Crescente;Céu Claro;Dupla;Reta;-8,08831567;-35,01203806
30/11/2023;21:55:00;BOA VISTA;Velocidade Incompatível;Capotamento;Sem Vítimas;Plena Noite;Crescente;Céu Claro;Simples;"Em Obras;Reta";3,20299;-60,83588
13/12/2023;19:20:00;PORTO ALEGRE;Reação tardia ou ineficiente do condutor;Tombamento;Com Vítimas Feridas;Plena Noite;Crescente;Céu Claro;Múltipla;Reta;-29,968412;-51,117138
13/12/2023;18:45:00;FOZ DO IGUACU;Velocidade Incompatível;Saída de leito carroçável;Com Vítimas Fatais;Pleno dia;Crescente;Céu Claro;Dupla;Reta;-25,489238;-54,507203
13/12/2023;19:50:00;UBERABA;Demais falhas na via;Tombamento;Com Vítimas Feridas;Plena Noite;Decrescente;Céu Claro;Dupla;Reta;-19,77827047;-47,93140998
13/12/2023;18:00:00;BALNEARIO CAMBORIU;Ultrapassagem Indevida;Colisão lateral mesmo sentido;Com Vítimas Feridas;Anoitecer;Decrescente;Céu Claro;Simples;Retorno Regulamentado;-27,02982303;-48,60115006
13/12/2023;18:35:00;PORANGATU;Reação tardia ou ineficiente do condutor;Tombamento;Com Vítimas Feridas;Plena Noite;Crescente;Céu Claro;Simples;"Aclive;Reta";-13,020571;-49,164959
13/12/2023;19:45:00;PIMENTA BUENO;Deficiência do Sistema de Iluminação/Sinalização;Colisão traseira;Com Vítimas Feridas;Plena Noite;Crescente;Céu Claro;Simples;Curva;-11,69979812;-61,17114216
13/12/2023;21:15:00;RIBEIRAO DAS NEVES;Demais falhas mecânicas ou elétricas;Tombamento;Com Vítimas Feridas;Plena Noite;Crescente;Céu Claro;Dupla;Reta;-19,83542682;-44,08023834
13/12/2023;23:00:00;SAO JOSE DOS PINHAIS;Demais falhas mecânicas ou elétricas;Tombamento;Com Vítimas Feridas;Plena Noite;Crescente;Céu Claro;Dupla;Curva;-25,58811106;-49,17241752
15/11/2023;15:40:00;CARIACICA;Afundamento ou ondulação no pavimento;Queda de ocupante de veículo;Com Vítimas Feridas;Pleno dia;Crescente;Céu Claro;Dupla;Curva;-20,29755744;-40,39445616
14/12/2023;02:15:00;CURITIBA;Demais falhas na via;Queda de ocupante de veículo;Com Vítimas Feridas;Plena Noite;Crescente;Céu Claro;Dupla;Reta;-25,52629711;-49,32958412
14/12/2023;03:00:00;CURITIBA;Velocidade Incompatível;Saída de leito carroçável;Sem Vítimas;Plena Noite;Decrescente;Céu Claro;Dupla;"Curva;Interseção de Vias";-25,54209011;-49,31192458
14/12/2023;07:00:00;GUARAPARI;Ausência de reação do condutor;Tombamento;Com Vítimas Feridas;Pleno dia;Crescente;Céu Claro;Dupla;Reta;-20,61464111;-40,51385389
14/12/2023;06:55:00;JOINVILLE;Manobra de mudança de faixa;Colisão lateral mesmo sentido;Com Vítimas Feridas;Pleno dia;Decrescente;Sol;Dupla;Reta;-26,28215489;-48,88973081
14/12/2023;06:50:00;BETIM;Reação tardia ou ineficiente do condutor;Tombamento;Com Vítimas Feridas;Pleno dia;Decrescente;Céu Claro;Dupla;"Aclive;Reta";-19,95979596;-44,08332825
14/12/2023;08:00:00;CASCAVEL;Semáforo com defeito;Colisão transversal;Com Vítimas Feridas;Pleno dia;Decrescente;Céu Claro;Simples;Viaduto;-24,98285697;-53,47319399
21/11/2023;08:10:00;CAPIVARI DE BAIXO;Demais falhas na via;Tombamento;Com Vítimas Feridas;Pleno dia;Crescente;Céu Claro;Dupla;Reta;-28,42524483;-48,94302707
14/12/2023;09:30:00;RECIFE;Manobra de mudança de faixa;Tombamento;Com Vítimas Feridas;Pleno dia;Crescente;Céu Claro;Dupla;Curva;-8,093369;-34,947464
14/12/2023;08:00:00;RANCHO QUEIMADO;Velocidade Incompatível;Saída de leito carroçável;Com Vítimas Feridas;Pleno dia;Decrescente;Céu Claro;Simples;Curva;-27,690931;-49,129143
14/12/2023;06:20:00;VARGEM;Manobra de mudança de faixa;Queda de ocupante de veículo;Com Vítimas Feridas;Pleno dia;Decrescente;Sol;Dupla;Reta;-22,8826217;-46,40779515
26/09/2023;18:30:00;CANGUARETAMA;Ultrapassagem Indevida;Colisão lateral sentido oposto;Com Vítimas Feridas;Plena Noite;Decrescente;Céu Claro;Múltipla;Reta;-6,44861299;-35,10983015
14/12/2023;10:20:00;NOSSA SENHORA DO SOCORRO;Afundamento ou ondulação no pavimento;Queda de ocupante de veículo;Com Vítimas Feridas;Pleno dia;Crescente;Céu Claro;Dupla;Reta;-10,835002;-37,13775504
14/12/2023;08:30:00;SAO JOSE;Manobra de mudança de faixa;Colisão lateral mesmo sentido;Com Vítimas Feridas;Pleno dia;Crescente;Céu Claro;Dupla;Reta;-27,54836599;-48,61977975
14/12/2023;11:15:00;ITAPORANGA DAJUDA;Velocidade Incompatível;Colisão com objeto;Com Vítimas Feridas;Pleno dia;Decrescente;Céu Claro;Dupla;Aclive;-11,03730971;-37,3646369
14/12/2023;12:05:00;MAIRIPORA;Ultrapassagem Indevida;Colisão traseira;Sem Vítimas;Pleno dia;Decrescente;Céu Claro;Dupla;Reta;-23,316547;-46,58251
14/12/2023;10:50:00;SATUBA;Velocidade Incompatível;Colisão frontal;Com Vítimas Fatais;Pleno dia;Decrescente;Céu Claro;Simples;Curva;-9,61883739;-35,86604832
14/12/2023;11:35:00;DUQUE DE CAXIAS;Reação tardia ou ineficiente do condutor;Tombamento;Com Vítimas Feridas;Pleno dia;Decrescente;Céu Claro;Múltipla;Reta;-22,77280597;-43,28626763
14/12/2023;11:35:00;DUQUE DE CAXIAS;Pedestre cruzava a pista fora da faixa;Tombamento;Com Vítimas Feridas;Pleno dia;Decrescente;Céu Claro;Dupla;Reta;-22,65581497;-43,28378546
14/12/2023;13:40:00;CARUARU;Ultrapassagem Indevida;Colisão frontal;Com Vítimas Feridas;Pleno dia;Decrescente;Céu Claro;Simples;Aclive;-8,30610303;-35,96342301
14/12/2023;09:00:00;CAMPANARIO;Demais falhas na via;Tombamento;Com Vítimas Feridas;Pleno dia;Decrescente;Céu Claro;Simples;Reta;-18,23813927;-41,72898363
14/12/2023;10:40:00;TRES BARRAS;Ultrapassagem Indevida;Colisão lateral mesmo sentido;Com Vítimas Feridas;Pleno dia;Crescente;Céu Claro;Simples;"Declive;Reta";-26,18222028;-50,21677704
14/12/2023;13:40:00;GENERAL CARNEIRO;Demais falhas na via;Saída de leito carroçável;Com Vítimas Feridas;Pleno dia;Crescente;Céu Claro;Simples;"Curva;Declive";-15,67421693;-52,81408803
14/12/2023;17:30:00;PINDAMONHANGABA;Ausência de reação do condutor;Tombamento;Com Vítimas Feridas;Pleno dia;Crescente;Céu Claro;Dupla;Reta;-22,96083987;-45,42156507
14/12/2023;18:40:00;ITATIAIA;Ausência de reação do condutor;Tombamento;Com Vítimas Feridas;Plena Noite;Crescente;Céu Claro;Dupla;Reta;-22,46708478;-44,50067002
14/12/2023;17:00:00;IMPERATRIZ;Pista Escorregadia;Capotamento;Com Vítimas Feridas;Pleno dia;Decrescente;Chuva;Simples;Reta;-5,19816;-47,519409
14/12/2023;19:30:00;VALPARAISO DE GOIAS;Desvio temporário;Saída de leito carroçável;Com Vítimas Feridas;Plena Noite;Decrescente;Céu Claro;Dupla;Aclive;-16,058273;-47,982655
14/12/2023;20:10:00;MONTENEGRO;Velocidade Incompatível;Colisão lateral sentido oposto;Com Vítimas Feridas;Plena Noite;Decrescente;Chuva;Simples;"Curva;Retorno Regulamentado";-29,818958;-51,452934
14/12/2023;17:30:00;VILHENA;Manobra de mudança de faixa;Saída de leito carroçável;Com Vítimas Feridas;Plena Noite;Decrescente;Céu Claro;Simples;Reta;-12,68196465;-60,28911173
14/12/2023;21:20:00;CACHOEIRO DE ITAPEMIRIM;Manobra de mudança de faixa;Colisão lateral sentido oposto;Com Vítimas Feridas;Plena Noite;Crescente;Céu Claro;Simples;Reta;-20,841324;-41,15929
14/12/2023;19:50:00;NOVA IGUACU;Manobra de mudança de faixa;Colisão lateral mesmo sentido;Com Vítimas Feridas;Plena Noite;Crescente;Céu Claro;Dupla;Reta;-22,7567755;-43,43107234
14/12/2023;23:10:00;BALNEARIO CAMBORIU;Manobra de mudança de faixa;Colisão lateral mesmo sentido;Com Vítimas Feridas;Plena Noite;Crescente;Céu Claro;Dupla;Reta;-27,0157238;-48,61192763
14/12/2023;23:45:00;TRES RIOS;Velocidade Incompatível;Colisão com objeto;Com Vítimas Feridas;Plena Noite;Decrescente;Céu Claro;Simples;Curva;-22,12182263;-43,18837166
14/12/2023;23:00:00;ITAPERUNA;Ultrapassagem Indevida;Colisão lateral mesmo sentido;Com Vítimas Fatais;Plena Noite;Decrescente;Céu Claro;Simples;"Declive;Reta";-21,14747369;-42,16443672
15/12/2023;02:25:00;QUATRO BARRAS;Velocidade Incompatível;Colisão traseira;Com Vítimas Fatais;Plena Noite;Decrescente;Nevoeiro/Neblina;Dupla;Reta;-25,30264645;-48,96353197
15/12/2023;06:30:00;AGRESTINA;Manobra de mudança de faixa;Colisão lateral sentido oposto;Com Vítimas Feridas;Pleno dia;Crescente;Nublado;Simples;Interseção de Vias;-8,454104;-35,945515
15/12/2023;06:00:00;BARRA DO GARCAS;Pista Escorregadia;Queda de ocupante de veículo;Com Vítimas Feridas;Amanhecer;Decrescente;Céu Claro;Dupla;"Reta;Declive";-15,878268;-52,306705
15/12/2023;07:10:00;SAO JOSE DOS CAMPOS;Avarias e/ou desgaste excessivo no pneu;Tombamento;Com Vítimas Feridas;Pleno dia;Decrescente;Céu Claro;Múltipla;Reta;-23,23903999;-45,92061901
15/12/2023;06:05:00;PAULISTA;Chuva;Capotamento;Com Vítimas Feridas;Pleno dia;Decrescente;Chuva;Dupla;Curva;-7,92358799;-34,89607201
15/12/2023;06:55:00;CUIABA;Manobra de mudança de faixa;Colisão lateral mesmo sentido;Com Vítimas Feridas;Pleno dia;Crescente;Sol;Dupla;"Reta;Retorno Regulamentado";-15,68642489;-55,91347495
15/12/2023;07:50:00;PONTA GROSSA;Acessar a via sem observar a presença dos outros veículos;Tombamento;Com Vítimas Feridas;Pleno dia;Crescente;Sol;Dupla;"Interseção de Vias;Reta";-25,08128454;-50,19090056
15/12/2023;09:00:00;CONTAGEM;Manobra de mudança de faixa;Colisão lateral mesmo sentido;Com Vítimas Feridas;Pleno dia;Decrescente;Céu Claro;Múltipla;Reta;-19,9583525;-44,0679787
15/12/2023;09:15:00;RIO GRANDE;Acumulo de água sobre o pavimento;Saída de leito carroçável;Sem Vítimas;Pleno dia;Crescente;Chuva;Dupla;Reta;-32,08769775;-52,20709106
15/12/2023;10:30:00;RIO LARGO;Manobra de mudança de faixa;Colisão lateral mesmo sentido;Com Vítimas Feridas;Pleno dia;Crescente;Nublado;Dupla;Reta;-9,52891696;-35,79807693
15/12/2023;10:10:00;CACOAL;Pista esburacada;Queda de ocupante de veículo;Com Vítimas Feridas;Pleno dia;Crescente;Céu Claro;Simples;Reta;-11,476321;-61,393789
15/12/2023;11:50:00;ALTO PARANA;Manobra de mudança de faixa;Saída de leito carroçável;Com Vítimas Feridas;Pleno dia;Crescente;Céu Claro;Dupla;"Aclive;Reta";-23,147023;-52,277805
15/12/2023;11:13:00;URUGUAIANA;Chuva;Queda de ocupante de veículo;Com Vítimas Feridas;Pleno dia;Crescente;Chuva;Simples;Reta;-29,873632;-56,823204
15/12/2023;12:15:00;MARINGA;Manobra de mudança de faixa;Colisão lateral mesmo sentido;Com Vítimas Feridas;Pleno dia;Crescente;Céu Claro;Múltipla;"Reta;Interseção de Vias";-23,4113569;-51,9407767
15/12/2023;14:20:00;PACAJUS;Ausência de reação do condutor;Tombamento;Com Vítimas Feridas;Pleno dia;Crescente;Céu Claro;Dupla;Reta;-4,14770874;-38,47797623
15/12/2023;15:10:00;MAFRA;Manobra de mudança de faixa;Colisão lateral mesmo sentido;Com Vítimas Feridas;Pleno dia;Decrescente;Céu Claro;Simples;Rotatória;-26,1170929;-49,78694917
15/12/2023;15:45:00;GUARULHOS;Manobra de mudança de faixa;Engavetamento;Com Vítimas Feridas;Pleno dia;Crescente;Céu Claro;Múltipla;Reta;-23,45423824;-46,47119028
15/12/2023;14:45:00;SANTANA DO LIVRAMENTO;Acumulo de água sobre o pavimento;Saída de leito carroçável;Com Vítimas Feridas;Pleno dia;Decrescente;Chuva;Simples;"Curva;Declive";-30,60810106;-55,09715386
15/12/2023;08:00:00;BARRO ALTO;Velocidade Incompatível;Colisão traseira;Com Vítimas Feridas;Pleno dia;Decrescente;Céu Claro;Simples;Retorno Regulamentado;-14,982776;-48,927203
15/12/2023;16:30:00;GRAVATAI;Acumulo de areia ou detritos sobre o pavimento;Tombamento;Com Vítimas Feridas;Pleno dia;Decrescente;Nublado;Dupla;"Curva;Declive";-29,953354;-50,996696
15/12/2023;16:40:00;EXTREMA;Reação tardia ou ineficiente do condutor;Tombamento;Com Vítimas Feridas;Pleno dia;Crescente;Céu Claro;Dupla;Curva;-22,81198015;-46,28431295
15/12/2023;17:20:00;JABOATAO DOS GUARARAPES;Ultrapassagem Indevida;Colisão lateral mesmo sentido;Com Vítimas Feridas;Anoitecer;Decrescente;Céu Claro;Dupla;Reta;-8,18470013;-34,96816895