data_inversa;horario;municipio;causa_acidente;tipo_acidente;classificacao_acidente;fase_dia;sentido_via;condicao_metereologica;tipo_pista;tracado_via;latitude;longitude
15/12/2023;17:15:00;MASSARANDUBA;Chuva;Saída de leito carroçável;Com Vítimas Feridas;Anoitecer;Crescente;Chuva;Dupla;Curva;-7,2766;-35,7739
15/12/2023;16:10:00;NOVA LIMA;Velocidade Incompatível;Saída de leito carroçável;Com Vítimas Fatais;Pleno dia;Decrescente;Céu Claro;Dupla;Reta;-20,11861708;-43,96783926
15/12/2023;18:10:00;BRASILIA;Manobra de mudança de faixa;Colisão traseira;Com Vítimas Feridas;Anoitecer;Crescente;Céu Claro;Dupla;Reta;-15,784966;-48,122108
15/12/2023;17:30:00;CURITIBA;Trafegar com motocicleta (ou similar) entre as faixas;Tombamento;Com Vítimas Feridas;Anoitecer;Crescente;Céu Claro;Dupla;Reta;-25,56885181;-49,22724597
15/12/2023;19:00:00;IBIPORA;Ausência de reação do condutor;Tombamento;Com Vítimas Feridas;Plena Noite;Crescente;Céu Claro;Dupla;Reta;-23,260296;-51,009506
15/12/2023;18:50:00;FAZENDA VILANOVA;Chuva;Saída de leito carroçável;Sem Vítimas;Plena Noite;Crescente;Chuva;Dupla;"Reta;Rotatória;Retorno Regulamentado";-29,575304;-51,846645
15/12/2023;18:20:00;PICADA CAFE;Ultrapassagem Indevida;Colisão frontal;Com Vítimas Feridas;Anoitecer;Crescente;Chuva;Simples;Curva;-29,49113279;-51,14998489
15/12/2023;18:50:00;CACOAL;Pista esburacada;Tombamento;Com Vítimas Feridas;Anoitecer;Crescente;Céu Claro;Simples;Reta;-11,476318;-61,393788
15/12/2023;19:30:00;MARINGA;Velocidade Incompatível;Tombamento;Com Vítimas Feridas;Plena Noite;Decrescente;Céu Claro;Dupla;"Reta;Declive";-23,39663206;-52,00514304
15/12/2023;19:30:00;DUQUE DE CAXIAS;Manobra de mudança de faixa;Colisão lateral mesmo sentido;Com Vítimas Feridas;Plena Noite;Decrescente;Céu Claro;Múltipla;Reta;-22,71853604;-43,28993324
15/12/2023;19:10:00;JABOATAO DOS GUARARAPES;Manobra de mudança de faixa;Colisão lateral mesmo sentido;Sem Vítimas;Plena Noite;Crescente;Céu Claro;Dupla;Curva;-8,15112589;-34,9428866
15/12/2023;19:00:00;MUNDO NOVO;Manobra de mudança de faixa;Colisão transversal;Com Vítimas Feridas;Plena Noite;Crescente;Céu Claro;Simples;Reta;-23,93343598;-54,28168073
15/12/2023;19:30:00;ALEGRETE;Acumulo de areia ou detritos sobre o pavimento;Saída de leito carroçável;Com Vítimas Feridas;Anoitecer;Decrescente;Garoa/Chuvisco;Simples;Curva;-29,94013;-55,500866
15/12/2023;16:20:00;TIMON;Desrespeitar a preferência no cruzamento;Tombamento;Com Vítimas Fatais;Pleno dia;Decrescente;Céu Claro;Simples;Reta;-5,052005;-42,907932
11/12/2023;02:40:00;GENERAL CARNEIRO;Curva acentuada;Saída de leito carroçável;Com Vítimas Feridas;Plena Noite;Crescente;Nublado;Simples;Curva;-15,67923765;-52,81780243
15/12/2023;22:00:00;ALEGRETE;Acumulo de areia ou detritos sobre o pavimento;Saída de leito carroçável;Com Vítimas Feridas;Plena Noite;Crescente;Garoa/Chuvisco;Simples;"Em Obras;Declive;Curva";-29,93737212;-55,50629586
15/12/2023;21:25:00;CAMPOS NOVOS;Deficiência do Sistema de Iluminação/Sinalização;Tombamento;Com Vítimas Feridas;Plena Noite;Decrescente;Céu Claro;Simples;Reta;-27,392731;-51,195118
15/12/2023;22:40:00;BRASILIA;Velocidade Incompatível;Capotamento;Com Vítimas Feridas;Plena Noite;Decrescente;Céu Claro;Dupla;"Reta;Interseção de Vias";-15,638944;-48,20079
16/12/2023;00:25:00;CANOAS;Velocidade Incompatível;Colisão com objeto;Sem Vítimas;Plena Noite;Crescente;Nublado;Dupla;Reta;-29,879208;-51,18045622
15/12/2023;17:30:00;ALEGRETE;Acumulo de areia ou detritos sobre o pavimento;Saída de leito carroçável;Com Vítimas Feridas;Pleno dia;Crescente;Garoa/Chuvisco;Simples;Curva;-29,94013;-55,500866
15/12/2023;22:00:00;JUAZEIRO;Velocidade Incompatível;Colisão traseira;Sem Vítimas;Plena Noite;Decrescente;Céu Claro;Simples;Reta;-9,461477;-40,483895
15/12/2023;23:30:00;PIRAI;Velocidade Incompatível;Colisão com objeto;Com Vítimas Feridas;Plena Noite;Decrescente;Céu Claro;Dupla;Reta;-22,58476877;-44,05026905
16/12/2023;01:00:00;BENTO GONCALVES;Reação tardia ou ineficiente do condutor;Tombamento;Sem Vítimas;Plena Noite;Decrescente;Céu Claro;Simples;"Declive;Curva";-29,06782259;-51,57710695
15/12/2023;17:00:00;TACARATU;Afundamento ou ondulação no pavimento;Queda de ocupante de veículo;Com Vítimas Fatais;Pleno dia;Decrescente;Céu Claro;Simples;Reta;-8,86623883;-38,06279316
15/12/2023;23:20:00;MAQUINE;Pista Escorregadia;Saída de leito carroçável;Com Vítimas Feridas;Plena Noite;Decrescente;Chuva;Dupla;Curva;-29,666702;-50,135489
16/12/2023;03:25:00;SAO JOSE;Ingestão de álcool pelo condutor;Tombamento;Com Vítimas Feridas;Plena Noite;Crescente;Nublado;Múltipla;Curva;-27,591936;-48,618244
16/12/2023;03:54:00;SERRA;Reação tardia ou ineficiente do condutor;Tombamento;Sem Vítimas;Amanhecer;Crescente;Garoa/Chuvisco;Múltipla;"Reta;Interseção de Vias";-20,17292791;-40,26736384
16/12/2023;01:10:00;HERVAL DOESTE;Manobra de mudança de faixa;Colisão transversal;Com Vítimas Feridas;Plena Noite;Decrescente;Céu Claro;Dupla;"Interseção de Vias;Rotatória;Retorno Regulamentado";-27,2146021;-51,48598909
16/12/2023;07:20:00;POCOS DE CALDAS;Velocidade Incompatível;Saída de leito carroçável;Sem Vítimas;Pleno dia;Crescente;Céu Claro;Simples;"Aclive;Curva";-21,79909274;-46,44564629
16/12/2023;08:10:00;JEQUIE;Velocidade Incompatível;Saída de leito carroçável;Com Vítimas Feridas;Pleno dia;Crescente;Céu Claro;Simples;Curva;-13,92326817;-40,00455215
16/12/2023;11:30:00;CAPIVARI DE BAIXO;Demais falhas mecânicas ou elétricas;Tombamento;Com Vítimas Feridas;Pleno dia;Crescente;Sol;Dupla;Declive;-28,42664403;-48,94572794
16/12/2023;12:30:00;LONTRAS;Manobra de mudança de faixa;Colisão traseira;Com Vítimas Feridas;Pleno dia;Decrescente;Sol;Simples;Curva;-27,143742;-49,548897
16/12/2023;13:45:00;SAO JOSE;Manobra de mudança de faixa;Colisão lateral mesmo sentido;Com Vítimas Feridas;Pleno dia;Crescente;Sol;Dupla;Reta;-27,54836599;-48,61977975
16/12/2023;12:30:00;TUBARAO;Manobra de mudança de faixa;Colisão lateral mesmo sentido;Sem Vítimas;Pleno dia;Crescente;Chuva;Dupla;Reta;-28,46630107;-48,99653096
16/12/2023;10:40:00;ITAGIMIRIM;Pista Escorregadia;Saída de leito carroçável;Com Vítimas Feridas;Pleno dia;Crescente;Céu Claro;Simples;"Curva;Declive";-16,172822;-39,595366
16/12/2023;14:10:00;PINDAMONHANGABA;Demais falhas mecânicas ou elétricas;Tombamento;Com Vítimas Feridas;Pleno dia;Crescente;Sol;Dupla;Reta;-22,96514512;-45,43013094
16/12/2023;13:30:00;ANAPOLIS;Velocidade Incompatível;Colisão com objeto;Sem Vítimas;Pleno dia;Decrescente;Céu Claro;Dupla;Reta;-16,353;-48,9178
16/12/2023;13:40:00;PARATY;Velocidade Incompatível;Saída de leito carroçável;Com Vítimas Feridas;Pleno dia;Decrescente;Céu Claro;Simples;Curva;-23,13775543;-44,69967842
16/12/2023;14:30:00;CAMPO GRANDE;Velocidade Incompatível;Saída de leito carroçável;Com Vítimas Fatais;Pleno dia;Crescente;Céu Claro;Simples;Curva;-20,382007;-54,540279
16/12/2023;13:05:00;FAXINAL DOS GUEDES;Reação tardia ou ineficiente do condutor;Tombamento;Com Vítimas Feridas;Pleno dia;Decrescente;Céu Claro;Simples;Reta;-26,871534;-52,300915
16/12/2023;16:10:00;POMBAL;Ultrapassagem Indevida;Colisão lateral sentido oposto;Com Vítimas Feridas;Pleno dia;Decrescente;Céu Claro;Simples;Reta;-6,779668;-37,798733
16/12/2023;16:23:00;PARATY;Ausência de reação do condutor;Tombamento;Com Vítimas Feridas;Pleno dia;Crescente;Céu Claro;Simples;Curva;-23,151162;-44,69967999
16/12/2023;16:20:00;JOINVILLE;Demais falhas mecânicas ou elétricas;Tombamento;Com Vítimas Feridas;Pleno dia;Crescente;Sol;Dupla;Reta;-26,31238996;-48,87458997
16/12/2023;15:50:00;DUQUE DE CAXIAS;Manobra de mudança de faixa;Colisão lateral mesmo sentido;Com Vítimas Feridas;Pleno dia;Decrescente;Céu Claro;Dupla;Curva;-22,556263;-43,23718
16/12/2023;14:30:00;TIANGUA;Velocidade Incompatível;Colisão com objeto;Com Vítimas Feridas;Pleno dia;Crescente;Céu Claro;Dupla;Retorno Regulamentado;-3,73110045;-41,00095099
16/12/2023;17:30:00;CONTAGEM;Avarias e/ou desgaste excessivo no pneu;Tombamento;Com Vítimas Feridas;Pleno dia;Crescente;Céu Claro;Dupla;Curva;-19,85651501;-44,07213222
16/12/2023;17:00:00;IBIPORA;Demais Fenômenos da natureza;Colisão transversal;Com Vítimas Feridas;Pleno dia;Crescente;Céu Claro;Simples;Rotatória;-23,27081594;-51,0442239
16/12/2023;18:30:00;BETIM;Conversão proibida;Tombamento;Com Vítimas Feridas;Anoitecer;Decrescente;Céu Claro;Dupla;Reta;-20,01172662;-44,21976041
16/12/2023;18:19:00;SAO PAULO;Avarias e/ou desgaste excessivo no pneu;Tombamento;Com Vítimas Feridas;Anoitecer;Decrescente;Nublado;Múltipla;Reta;-23,42399;-46,575112
16/12/2023;18:50:00;GRAVATAI;Avarias e/ou desgaste excessivo no pneu;Tombamento;Com Vítimas Feridas;Pleno dia;Decrescente;Céu Claro;Múltipla;Reta;-29,955839;-51,079105
16/12/2023;19:00:00;NOVA SERRANA;Desvio temporário;Colisão com objeto;Com Vítimas Feridas;Plena Noite;Crescente;Vento;Dupla;"Reta;Em Obras";-19,89197285;-44,88685183
16/12/2023;16:30:00;IRANI;Velocidade Incompatível;Saída de leito carroçável;Com Vítimas Feridas;Pleno dia;Decrescente;Chuva;Simples;Curva;-27,097824;-51,899704
16/12/2023;17:50:00;ITAJAI;Manobra de mudança de faixa;Colisão traseira;Com Vítimas Feridas;Pleno dia;Crescente;Céu Claro;Dupla;Aclive;-26,95564404;-48,67978366
16/12/2023;17:35:00;IRANI;Chuva;Saída de leito carroçável;Com Vítimas Feridas;Pleno dia;Crescente;Chuva;Simples;Curva;-27,065798;-51,893486
16/12/2023;18:17:00;BARRA MANSA;Velocidade Incompatível;Colisão com objeto;Com Vítimas Feridas;Anoitecer;Decrescente;Céu Claro;Dupla;Reta;-22,46511993;-44,28491095
16/12/2023;13:20:00;CACERES;Ultrapassagem Indevida;Colisão frontal;Com Vítimas Fatais;Pleno dia;Decrescente;Céu Claro;Simples;Reta;-16,06383102;-57,27074894
16/12/2023;19:18:00;VITORIA DA CONQUISTA;Ultrapassagem Indevida;Colisão frontal;Com Vítimas Feridas;Plena Noite;Crescente;Céu Claro;Simples;Aclive;-14,83996821;-40,81850789
16/12/2023;19:00:00;GOVERNADOR VALADARES;Manobra de mudança de faixa;Colisão lateral mesmo sentido;Com Vítimas Feridas;Plena Noite;Decrescente;Nublado;Simples;Curva;-18,84728423;-41,98284024
16/12/2023;17:45:00;FEIRA DE SANTANA;Pista esburacada;Tombamento;Com Vítimas Feridas;Anoitecer;Decrescente;Nublado;Dupla;Reta;-12,267113;-38,966988
16/12/2023;21:05:00;ITAJAI;Manobra de mudança de faixa;Colisão traseira;Com Vítimas Feridas;Plena Noite;Crescente;Céu Claro;Múltipla;Reta;-26,93668609;-48,69876905
16/12/2023;20:00:00;BRASILIA;Manobra de mudança de faixa;Colisão frontal;Com Vítimas Feridas;Plena Noite;Decrescente;Céu Claro;Simples;Reta;-15,933754;-47,817089
16/12/2023;19:55:00;SAO FRANCISCO DO SUL;Ausência de reação do condutor;Tombamento;Com Vítimas Feridas;Plena Noite;Crescente;Céu Claro;Simples;Reta;-26,246599;-48,615271
16/12/2023;21:20:00;ITABORAI;Ausência de sinalização;Queda de ocupante de veículo;Com Vítimas Feridas;Plena Noite;Decrescente;Céu Claro;Dupla;Reta;-22,73124198;-42,95145305
16/12/2023;19:30:00;ESTRELA DO NORTE;Reação tardia ou ineficiente do condutor;Tombamento;Com Vítimas Feridas;Plena Noite;Decrescente;Céu Claro;Simples;Interseção de Vias;-13,875472;-49,053455
16/12/2023;23:25:00;JUIZ DE FORA;Demais falhas mecânicas ou elétricas;Tombamento;Com Vítimas Feridas;Plena Noite;Decrescente;Céu Claro;Dupla;Curva;-21,72733544;-43,4385309
16/12/2023;23:00:00;IGARATINGA;Reação tardia ou ineficiente do condutor;Tombamento;Com Vítimas Feridas;Plena Noite;Crescente;Céu Claro;Dupla;"Curva;Declive";-19,88464192;-44,61618402
16/12/2023;16:20:00;PORTO VELHO;Acumulo de água sobre o pavimento;Colisão lateral sentido oposto;Com Vítimas Feridas;Pleno dia;Decrescente;Chuva;Simples;Reta;-9,79633742;-66,51384493
17/12/2023;01:10:00;CAMPOS DOS GOYTACAZES;Deficiência do Sistema de Iluminação/Sinalização;Colisão transversal;Com Vítimas Feridas;Plena Noite;Decrescente;Céu Claro;Simples;"Reta;Interseção de Vias";-21,70488703;-41,30979616
16/12/2023;22:40:00;CACERES;Acostamento em desnível;Queda de ocupante de veículo;Sem Vítimas;Plena Noite;Crescente;Céu Claro;Simples;Reta;-15,83767801;-57,877233
17/12/2023;01:00:00;BALNEARIO CAMBORIU;Velocidade Incompatível;Colisão traseira;Sem Vítimas;Plena Noite;Decrescente;Ignorado;Dupla;Reta;-27,02982303;-48,60115006
17/12/2023;02:00:00;BRASILIA;Falta de elemento de contenção que evite a saída do leito carroçável;Saída de leito carroçável;Com Vítimas Feridas;Plena Noite;Crescente;Céu Claro;Dupla;Reta;-15,80054347;-48,07724476
17/12/2023;01:40:00;ICARA;Demais falhas mecânicas ou elétricas;Tombamento;Com Vítimas Feridas;Plena Noite;Decrescente;Céu Claro;Dupla;Reta;-28,71319953;-49,21675444
16/12/2023;17:10:00;NITEROI;Manobra de mudança de faixa;Colisão lateral mesmo sentido;Com Vítimas Feridas;Pleno dia;Decrescente;Céu Claro;Múltipla;Reta;-22,87028692;-43,16579699
17/12/2023;03:00:00;LONDRINA;Velocidade Incompatível;Tombamento;Com Vítimas Feridas;Plena Noite;Decrescente;Céu Claro;Dupla;"Reta;Declive";-23,29328181;-51,12453037
17/12/2023;06:10:00;RECIFE;Manobra de mudança de faixa;Colisão lateral mesmo sentido;Com Vítimas Feridas;Pleno dia;Decrescente;Sol;Dupla;Reta;-7,94806621;-34,9062148
16/12/2023;19:10:00;CUIABA;Manobra de mudança de faixa;Queda de ocupante de veículo;Com Vítimas Feridas;Plena Noite;Crescente;Céu Claro;Dupla;Reta;-15,69004774;-55,90523988
17/12/2023;01:00:00;CASTANHAL;Ingestão de álcool pelo condutor;Tombamento;Com Vítimas Feridas;Plena Noite;Decrescente;Céu Claro;Dupla;Declive;-1,298051;-47,95957
17/12/2023;06:50:00;GUARANIACU;Demais falhas mecânicas ou elétricas;Tombamento;Com Vítimas Feridas;Pleno dia;Decrescente;Céu Claro;Simples;Reta;-25,121351;-52,79285
17/12/2023;08:56:00;PALHOCA;Reação tardia ou ineficiente do condutor;Tombamento;Com Vítimas Feridas;Pleno dia;Crescente;Céu Claro;Dupla;Reta;-27,795666;-48,638153
17/12/2023;07:40:00;NOVO HAMBURGO;Avarias e/ou desgaste excessivo no pneu;Tombamento;Com Vítimas Fatais;Pleno dia;Decrescente;Céu Claro;Simples;"Reta;Declive";-29,64206007;-51,14268362
16/12/2023;15:00:00;JAPERI;Velocidade Incompatível;Saída de leito carroçável;Com Vítimas Feridas;Pleno dia;Crescente;Céu Claro;Dupla;Reta;-22,68815174;-43,67992401
17/12/2023;08:45:00;LEOPOLDINA;Velocidade Incompatível;Saída de leito carroçável;Com Vítimas Feridas;Pleno dia;Crescente;Céu Claro;Simples;Curva;-21,60159985;-42,69912624
17/12/2023;11:50:00;UBERLANDIA;Demais falhas na via;Tombamento;Com Vítimas Feridas;Pleno dia;Crescente;Céu Claro;Dupla;"Curva;Declive";-18,91030585;-48,30557585
17/12/2023;12:00:00;SAO MIGUEL DO IGUACU;Manobra de mudança de faixa;Saída de leito carroçável;Com Vítimas Feridas;Pleno dia;Decrescente;Céu Claro;Dupla;Curva;-25,33864563;-54,19917133
17/12/2023;10:00:00;DUQUE DE CAXIAS;Acumulo de óleo sobre o pavimento;Queda de ocupante de veículo;Com Vítimas Feridas;Pleno dia;Decrescente;Céu Claro;Dupla;Curva;-22,55763285;-43,26574352
16/12/2023;20:00:00;RIBEIRAO DAS NEVES;Manobra de mudança de faixa;Colisão traseira;Sem Vítimas;Plena Noite;Crescente;Céu Claro;Dupla;"Curva;Declive;Retorno Regulamentado";-19,747879;-44,14769
17/12/2023;14:10:00;RIO TINTO;Velocidade Incompatível;Tombamento;Com Vítimas Feridas;Pleno dia;Decrescente;Sol;Dupla;"Reta;Retorno Regulamentado";-6,73315199;-35,12593202
17/12/2023;15:00:00;CANGUCU;Acumulo de água sobre o pavimento;Saída de leito carroçável;Com Vítimas Feridas;Pleno dia;Crescente;Chuva;Simples;Curva;-31,42456531;-52,66149946
17/12/2023;11:10:00;JOAO PINHEIRO;Ausência de reação do condutor;Tombamento;Com Vítimas Feridas;Pleno dia;Crescente;Céu Claro;Simples;"Aclive;Reta";-17,83407503;-46,13138322
17/12/2023;17:05:00;ITATIAIA;Curva acentuada;Capotamento;Com Vítimas Feridas;Pleno dia;Decrescente;Céu Claro;Simples;Curva;-22,488885;-44,552696
17/12/2023;14:00:00;ILHEUS;Ausência de sinalização;Colisão traseira;Com Vítimas Feridas;Pleno dia;Crescente;Céu Claro;Simples;Curva;-14,8482;-39,281986
17/12/2023;17:00:00;NOVA LIMA;Ingestão de álcool pelo condutor;Tombamento;Com Vítimas Feridas;Pleno dia;Decrescente;Nublado;Simples;"Reta;Aclive";-20,16086012;-43,96464349
17/12/2023;10:30:00;COLORADO DO OESTE;Ultrapassagem Indevida;Colisão traseira;Com Vítimas Fatais;Pleno dia;Decrescente;Céu Claro;Simples;Reta;-13,1054688;-60,44437601
17/12/2023;16:55:00;GOVERNADOR VALADARES;Reação tardia ou ineficiente do condutor;Tombamento;Com Vítimas Feridas;Pleno dia;Decrescente;Céu Claro;Dupla;Reta;-18,84228859;-41,98390961
10/12/2023;01:30:00;SAO DESIDERIO;Iluminação deficiente;Incêndio;Sem Vítimas;Plena Noite;Decrescente;Céu Claro;Simples;Reta;-12,80108828;-45,95306396
17/12/2023;19:30:00;NOSSA SENHORA DO SOCORRO;Velocidade Incompatível;Colisão traseira;Com Vítimas Feridas;Plena Noite;Decrescente;Céu Claro;Simples;Reta;-10,883585;-37,13908
17/12/2023;16:55:00;GUARATINGUETA;Avarias e/ou desgaste excessivo no pneu;Tombamento;Com Vítimas Feridas;Pleno dia;Crescente;Céu Claro;Dupla;Reta;-22,77454618;-45,13807087
17/12/2023;18:05:00;PARATY;Acostamento em desnível;Queda de ocupante de veículo;Com Vítimas Feridas;Anoitecer;Decrescente;Céu Claro;Simples;Reta;-23,04505073;-44,64600895
17/12/2023;20:25:00;CORONEL BARROS;Ausência de sinalização;Colisão com objeto;Com Vítimas Feridas;Plena Noite;Decrescente;Céu Claro;Simples;"Retorno Regulamentado;Reta;Declive";-28,38274504;-54,05651093
17/12/2023;18:05:00;CAMBARA;Demais falhas na via;Colisão com objeto;Com Vítimas Feridas;Pleno dia;Crescente;Sol;Simples;Reta;-23,03528232;-50,06545478
17/12/2023;18:15:00;BRASILIA;Manobra de mudança de faixa;Colisão lateral mesmo sentido;Sem Vítimas;Plena Noite;Crescente;Céu Claro;Simples;"Retorno Regulamentado;Reta";-15,64246092;-47,75712848
17/12/2023;21:00:00;CONTAGEM;Velocidade Incompatível;Colisão traseira;Com Vítimas Feridas;Plena Noite;Crescente;Céu Claro;Múltipla;"Aclive;Reta";-19,91007214;-44,04373884
17/12/2023;18:40:00;BARRA VELHA;Avarias e/ou desgaste excessivo no pneu;Tombamento;Com Vítimas Feridas;Anoitecer;Crescente;Céu Claro;Dupla;Ponte;-26,59441996;-48,72183309
17/12/2023;10:20:00;GRAO MOGOL;Reação tardia ou ineficiente do condutor;Tombamento;Com Vítimas Feridas;Pleno dia;Decrescente;Céu Claro;Simples;Reta;-16,29386277;-42,78356689
17/12/2023;13:05:00;TERESOPOLIS;Velocidade Incompatível;Tombamento;Com Vítimas Feridas;Pleno dia;Crescente;Céu Claro;Simples;Curva;-22,17771398;-42,84707003
17/12/2023;19:40:00;ARAGUARI;Reação tardia ou ineficiente do condutor;Tombamento;Sem Vítimas;Plena Noite;Crescente;Céu Claro;Dupla;Reta;-18,53076495;-48,04214724
17/12/2023;20:30:00;LUCAS DO RIO VERDE;Reação tardia ou ineficiente do condutor;Tombamento;Sem Vítimas;Plena Noite;Crescente;Céu Claro;Simples;Reta;-13,437624;-56,082157
17/12/2023;18:38:00;ROSARIO;Ultrapassagem Indevida;Colisão lateral mesmo sentido;Com Vítimas Feridas;Plena Noite;Decrescente;Céu Claro;Simples;Reta;-2,943427;-44,23711
17/12/2023;21:50:00;SAO PAULO;Velocidade Incompatível;Colisão traseira;Com Vítimas Feridas;Pleno dia;Decrescente;Céu Claro;Múltipla;Reta;-23,49659264;-46,55648754
17/12/2023;17:30:00;LENCOIS;Ultrapassagem Indevida;Colisão frontal;Com Vítimas Feridas;Pleno dia;Crescente;Céu Claro;Simples;Reta;-12,51224338;-41,24153888
17/12/2023;21:40:00;SEROPEDICA;Iluminação deficiente;Atropelamento de Pedestre;Com Vítimas Fatais;Plena Noite;Decrescente;Ignorado;Dupla;Reta;-22,71981759;-43,69099294
17/12/2023;21:00:00;IMPERATRIZ;Manobra de mudança de faixa;Colisão lateral sentido oposto;Com Vítimas Feridas;Plena Noite;Crescente;Chuva;Simples;Reta;-5,321293;-47,492573
17/12/2023;20:00:00;SAO LUIS;Manobra de mudança de faixa;Colisão lateral mesmo sentido;Com Vítimas Feridas;Plena Noite;Decrescente;Céu Claro;Simples;Reta;-2,5804565;-44,241947
17/12/2023;23:30:00;DUQUE DE CAXIAS;Reação tardia ou ineficiente do condutor;Tombamento;Com Vítimas Feridas;Plena Noite;Decrescente;Céu Claro;Múltipla;Reta;-22,66978425;-43,27286493
17/12/2023;23:50:00;PILAR;Chuva;Queda de ocupante de veículo;Com Vítimas Feridas;Plena Noite;Decrescente;Chuva;Dupla;Reta;-9,58714551;-35,98027797
18/12/2023;00:00:00;SANTA IZABEL DO PARA;Manobra de mudança de faixa;Colisão lateral mesmo sentido;Sem Vítimas;Plena Noite;Decrescente;Céu Claro;Dupla;Reta;-1,3025866;-48,1965672
18/12/2023;01:00:00;NOVA SERRANA;Velocidade Incompatível;Saída de leito carroçável;Sem Vítimas;Plena Noite;Crescente;Céu Claro;Simples;"Interseção de Vias;Curva";-19,85134569;-45,02712619
18/12/2023;05:00:00;CAMPO GRANDE;Acumulo de óleo sobre o pavimento;Tombamento;Com Vítimas Feridas;Amanhecer;Crescente;Céu Claro;Dupla;Interseção de Vias;-20,487322;-54,55929095
18/12/2023;06:10:00;PALHOCA;Avarias e/ou desgaste excessivo no pneu;Tombamento;Com Vítimas Feridas;Pleno dia;Decrescente;Céu Claro;Múltipla;"Reta;Declive";-27,65981409;-48,67747798
18/12/2023;06:54:00;LINHARES;Manobra de mudança de faixa;Colisão lateral mesmo sentido;Com Vítimas Feridas;Pleno dia;Crescente;Céu Claro;Múltipla;Reta;-19,32655693;-40,07192387
18/12/2023;06:50:00;GUARULHOS;Manobra de mudança de faixa;Colisão traseira;Com Vítimas Feridas;Pleno dia;Crescente;Céu Claro;Dupla;Reta;-23,42870023;-46,41085991
18/12/2023;06:45:00;RIBEIRAO DAS NEVES;Acessar a via sem observar a presença dos outros veículos;Tombamento;Com Vítimas Feridas;Pleno dia;Crescente;Céu Claro;Dupla;Reta;-19,79024724;-44,11276817
18/12/2023;07:19:00;PARNAIBA;Ausência de sinalização;Queda de ocupante de veículo;Com Vítimas Feridas;Pleno dia;Crescente;Nublado;Simples;Reta;-2,899382;-41,723724
18/12/2023;07:50:00;CONTAGEM;Acessar a via sem observar a presença dos outros veículos;Tombamento;Com Vítimas Feridas;Pleno dia;Crescente;Céu Claro;Dupla;Reta;-19,86408638;-44,06779289
18/12/2023;06:50:00;PORTO VELHO;Manobra de mudança de faixa;Colisão lateral mesmo sentido;Com Vítimas Fatais;Pleno dia;Crescente;Céu Claro;Dupla;Reta;-8,824206;-63,929973
18/12/2023;08:20:00;CONSELHEIRO LAFAIETE;Manobra de mudança de faixa;Colisão lateral mesmo sentido;Com Vítimas Feridas;Pleno dia;Decrescente;Céu Claro;Dupla;Reta;-20,64410984;-43,81128176
18/12/2023;10:15:00;PARNAMIRIM;Manobra de mudança de faixa;Colisão lateral mesmo sentido;Com Vítimas Feridas;Pleno dia;Crescente;Céu Claro;Dupla;"Retorno Regulamentado;Reta";-5,87359183;-35,22063023
18/12/2023;10:40:00;ALIANCA DO TOCANTINS;Reação tardia ou ineficiente do condutor;Tombamento;Com Vítimas Feridas;Pleno dia;Crescente;Sol;Simples;Reta;-11,34411498;-48,95423704
18/12/2023;11:15:00;CAUCAIA;Ultrapassagem Indevida;Colisão lateral mesmo sentido;Com Vítimas Feridas;Pleno dia;Crescente;Céu Claro;Simples;Reta;-3,86034807;-38,79324995
18/12/2023;09:35:00;DOURADOS;Manobra de mudança de faixa;Colisão lateral mesmo sentido;Com Vítimas Feridas;Pleno dia;Crescente;Céu Claro;Dupla;Reta;-22,27184267;-54,81657129
18/12/2023;11:30:00;SERRA BRANCA;Manobra de mudança de faixa;Colisão frontal;Com Vítimas Feridas;Pleno dia;Crescente;Céu Claro;Simples;Reta;-7,509246;-36,695545
18/12/2023;12:30:00;FLORIANOPOLIS;Velocidade Incompatível;Colisão lateral mesmo sentido;Com Vítimas Feridas;Pleno dia;Crescente;Céu Claro;Dupla;Curva;-27,58313237;-48,61532885
01/12/2023;14:30:00;GUARATINGUETA;Ausência de sinalização;Colisão transversal;Com Vítimas Feridas;Pleno dia;Decrescente;Céu Claro;Simples;Reta;-22,78005511;-45,14572791
18/12/2023;14:55:00;PALMAS;Velocidade Incompatível;Colisão com objeto;Sem Vítimas;Pleno dia;Crescente;Chuva;Dupla;Aclive;-10,17313214;-48,17139957
18/12/2023;14:20:00;SALVADOR;Manobra de mudança de faixa;Tombamento;Com Vítimas Feridas;Pleno dia;Crescente;Céu Claro;Múltipla;Curva;-12,91233708;-38,45956983
18/12/2023;13:30:00;SAO JOSE;Manobra de mudança de faixa;Colisão lateral mesmo sentido;Sem Vítimas;Pleno dia;Crescente;Céu Claro;Dupla;Reta;-27,57413014;-48,61363083
18/12/2023;17:10:00;CARIACICA;Reação tardia ou ineficiente do condutor;Tombamento;Com Vítimas Feridas;Pleno dia;Crescente;Nublado;Dupla;Reta;-20,29755744;-40,39445616
18/12/2023;15:00:00;VALENCA DO PIAUI;Acumulo de água sobre o pavimento;Capotamento;Com Vítimas Feridas;Pleno dia;Crescente;Chuva;Simples;Curva;-6,27986853;-41,9457755