data_inversa;horario;municipio;causa_acidente;tipo_acidente;classificacao_acidente;fase_dia;sentido_via;condicao_metereologica;tipo_pista;tracado_via;latitude;longitude
18/12/2023;18:48:00;SEROPEDICA;Sinalização encoberta;Colisão com objeto;Com Vítimas Feridas;Anoitecer;Crescente;Céu Claro;Simples;Reta;-22,713438;-43,734085
18/12/2023;11:20:00;JUATUBA;Mal súbito do condutor;Tombamento;Com Vítimas Feridas;Pleno dia;Crescente;Céu Claro;Dupla;"Aclive;Reta";-19,97856934;-44,25336717
18/12/2023;15:00:00;ITAMONTE;Ultrapassagem Indevida;Colisão traseira;Com Vítimas Feridas;Pleno dia;Decrescente;Céu Claro;Simples;Reta;-22,30074263;-44,86208652
18/12/2023;18:00:00;VACARIA;Ultrapassagem Indevida;Colisão frontal;Com Vítimas Feridas;Pleno dia;Crescente;Céu Claro;Simples;"Reta;Declive";-28,54710586;-50,97549817
18/12/2023;18:40:00;SAO LOURENCO DA MATA;Demais falhas na via;Queda de ocupante de veículo;Com Vítimas Feridas;Plena Noite;Decrescente;Céu Claro;Dupla;"Reta;Em Obras";-7,975604;-35,084905
18/12/2023;19:15:00;PARA DE MINAS;Velocidade Incompatível;Saída de leito carroçável;Com Vítimas Fatais;Plena Noite;Crescente;Céu Claro;Dupla;Reta;-19,88394321;-44,75418091
18/12/2023;19:50:00;GUARULHOS;Sinalização mal posicionada;Colisão traseira;Com Vítimas Feridas;Plena Noite;Crescente;Céu Claro;Múltipla;Reta;-23,46143954;-46,48885316
18/12/2023;13:45:00;JOAO PESSOA;Acumulo de areia ou detritos sobre o pavimento;Tombamento;Com Vítimas Feridas;Pleno dia;Crescente;Céu Claro;Dupla;Curva;-7,1281;-34,8466
18/12/2023;19:15:00;CONSELHEIRO LAFAIETE;Chuva;Colisão lateral mesmo sentido;Com Vítimas Feridas;Plena Noite;Crescente;Chuva;Simples;Curva;-20,61943389;-43,80624635
18/12/2023;19:20:00;BURITI DOS LOPES;Ultrapassagem Indevida;Colisão frontal;Com Vítimas Feridas;Plena Noite;Decrescente;Chuva;Simples;Reta;-3,136565;-41,792385
18/12/2023;17:40:00;SAO FRANCISCO DO GLORIA;Pista Escorregadia;Queda de ocupante de veículo;Com Vítimas Feridas;Pleno dia;Crescente;Céu Claro;Simples;Reta;-20,79372285;-42,30204025
18/12/2023;19:30:00;ITATIAIUCU;Avarias e/ou desgaste excessivo no pneu;Tombamento;Com Vítimas Feridas;Plena Noite;Crescente;Céu Claro;Dupla;Declive;-20,160736;-44,329843
19/12/2023;00:42:00;JUATUBA;Iluminação deficiente;Atropelamento de Pedestre;Com Vítimas Fatais;Plena Noite;Crescente;Céu Claro;Dupla;Reta;-19,9491;-44,3805
19/12/2023;04:40:00;NATAL;Velocidade Incompatível;Saída de leito carroçável;Sem Vítimas;Pleno dia;Decrescente;Céu Claro;Múltipla;Reta;-5,843898;-35,209197
14/12/2023;10:55:00;MAGE;Ausência de reação do condutor;Tombamento;Com Vítimas Feridas;Pleno dia;Decrescente;Céu Claro;Simples;"Aclive;Viaduto";-22,65703272;-43,13458092
18/12/2023;15:30:00;MAGE;Ausência de reação do condutor;Tombamento;Com Vítimas Feridas;Pleno dia;Crescente;Sol;Dupla;Reta;-22,66137035;-43,09295957
19/12/2023;07:25:00;PASSO FUNDO;Velocidade Incompatível;Saída de leito carroçável;Sem Vítimas;Pleno dia;Decrescente;Nublado;Simples;Interseção de Vias;-28,239017;-52,365276
18/12/2023;22:00:00;ARAXA;Redutor de velocidade em desacordo;Saída de leito carroçável;Com Vítimas Feridas;Plena Noite;Decrescente;Céu Claro;Simples;Reta;-19,59226631;-47,10943711
19/12/2023;06:35:00;JARU;Ultrapassagem Indevida;Colisão lateral mesmo sentido;Com Vítimas Feridas;Pleno dia;Decrescente;Céu Claro;Simples;Reta;-10,46729967;-62,45088748
19/12/2023;07:45:00;ITABAIANA;Avarias e/ou desgaste excessivo no pneu;Tombamento;Com Vítimas Feridas;Pleno dia;Crescente;Sol;Simples;Reta;-10,766954;-37,381672
19/12/2023;07:30:00;GUARULHOS;Manobra de mudança de faixa;Colisão traseira;Com Vítimas Feridas;Pleno dia;Crescente;Céu Claro;Múltipla;Reta;-23,46802395;-46,50704901
19/12/2023;06:20:00;DUQUE DE CAXIAS;Manobra de mudança de faixa;Colisão lateral mesmo sentido;Com Vítimas Feridas;Pleno dia;Crescente;Céu Claro;Múltipla;Reta;-22,77280597;-43,28626763
19/12/2023;06:46:00;RECIFE;Acumulo de água sobre o pavimento;Tombamento;Com Vítimas Feridas;Pleno dia;Decrescente;Chuva;Dupla;Reta;-7,97708575;-34,92607318
19/12/2023;08:50:00;BALNEARIO CAMBORIU;Manobra de mudança de faixa;Queda de ocupante de veículo;Com Vítimas Feridas;Pleno dia;Crescente;Céu Claro;Múltipla;Aclive;-27,02397426;-48,60761649
19/12/2023;05:43:00;ITIQUIRA;Demais falhas mecânicas ou elétricas;Tombamento;Com Vítimas Feridas;Pleno dia;Crescente;Céu Claro;Dupla;Reta;-17,32505699;-54,76070288
19/12/2023;09:15:00;SAO JOSE;Reação tardia ou ineficiente do condutor;Tombamento;Com Vítimas Feridas;Pleno dia;Crescente;Nublado;Dupla;"Curva;Viaduto";-27,58480952;-48,61656189
06/10/2023;06:15:00;BRASILIA;Manobra de mudança de faixa;Queda de ocupante de veículo;Com Vítimas Feridas;Pleno dia;Decrescente;Céu Claro;Dupla;Declive;-15,791093;-48,21096
19/12/2023;07:25:00;DUQUE DE CAXIAS;Demais falhas mecânicas ou elétricas;Tombamento;Com Vítimas Feridas;Pleno dia;Crescente;Céu Claro;Dupla;Reta;-22,73662299;-43,28858785
19/12/2023;10:30:00;FEIRA DE SANTANA;Demais falhas mecânicas ou elétricas;Tombamento;Com Vítimas Feridas;Pleno dia;Decrescente;Céu Claro;Dupla;"Curva;Aclive";-12,32646656;-39,05847632
16/12/2023;20:00:00;ITABORAI;Iluminação deficiente;Queda de ocupante de veículo;Com Vítimas Feridas;Plena Noite;Decrescente;Céu Claro;Múltipla;Reta;-22,73124198;-42,95145305
19/12/2023;12:35:00;SANTO ANTONIO DA PATRULHA;Manobra de mudança de faixa;Colisão lateral mesmo sentido;Sem Vítimas;Pleno dia;Decrescente;Nublado;Dupla;Reta;-29,882015;-50,493973
19/12/2023;13:20:00;MAIRIPORA;Reação tardia ou ineficiente do condutor;Tombamento;Com Vítimas Feridas;Pleno dia;Decrescente;Céu Claro;Dupla;"Reta;Declive";-23,34043796;-46,57433588
19/12/2023;12:05:00;BOA VIAGEM;Manobra de mudança de faixa;Colisão transversal;Sem Vítimas;Pleno dia;Crescente;Céu Claro;Simples;Rotatória;-5,128491;-39,738
19/12/2023;11:40:00;TERESOPOLIS;Pista Escorregadia;Tombamento;Com Vítimas Feridas;Pleno dia;Decrescente;Céu Claro;Simples;"Curva;Rotatória";-22,46416302;-42,99215699
19/12/2023;14:25:00;FORTALEZA;Manobra de mudança de faixa;Colisão transversal;Com Vítimas Feridas;Pleno dia;Crescente;Céu Claro;Múltipla;Reta;-3,737804;-38,578061
19/12/2023;13:21:00;PICOS;Pista Escorregadia;Capotamento;Com Vítimas Feridas;Pleno dia;Crescente;Nublado;Simples;"Curva;Declive";-7,02245207;-41,56280109
19/12/2023;17:40:00;SENADOR ELOI DE SOUZA;Ausência de sinalização;Colisão traseira;Sem Vítimas;Anoitecer;Crescente;Céu Claro;Simples;Reta;-6,05016006;-35,67466683
19/12/2023;18:20:00;RECIFE;Ausência de reação do condutor;Tombamento;Com Vítimas Feridas;Plena Noite;Decrescente;Nublado;Dupla;Reta;-7,96346213;-34,91513486
19/12/2023;19:30:00;SERRA;Deficiência do Sistema de Iluminação/Sinalização;Colisão com objeto;Com Vítimas Feridas;Plena Noite;Decrescente;Céu Claro;Múltipla;"Reta;Aclive";-20,218122;-40,339325
19/12/2023;19:00:00;CANAS;Demais falhas mecânicas ou elétricas;Tombamento;Com Vítimas Feridas;Plena Noite;Decrescente;Céu Claro;Dupla;Reta;-22,72573145;-45,06977708
19/12/2023;21:35:00;ARAQUARI;Afundamento ou ondulação no pavimento;Tombamento;Com Vítimas Feridas;Plena Noite;Crescente;Nublado;Simples;Reta;-26,37043169;-48,69219602
19/12/2023;17:30:00;CARAVELAS;Pista Escorregadia;Colisão frontal;Com Vítimas Fatais;Plena Noite;Crescente;Chuva;Simples;Curva;-17,68818485;-39,77334023
19/12/2023;15:00:00;PARANAIBA;Manobra de mudança de faixa;Colisão lateral mesmo sentido;Com Vítimas Feridas;Pleno dia;Decrescente;Céu Claro;Simples;Reta;-19,41687985;-51,39039285
19/12/2023;22:10:00;SAO MATEUS;Velocidade Incompatível;Tombamento;Com Vítimas Feridas;Plena Noite;Crescente;Garoa/Chuvisco;Dupla;"Curva;Aclive";-18,69020499;-39,86154403
19/12/2023;21:45:00;NOVA SANTA RITA;Manobra de mudança de faixa;Colisão traseira;Com Vítimas Feridas;Plena Noite;Decrescente;Garoa/Chuvisco;Dupla;Reta;-29,85803;-51,261227
03/12/2023;18:35:00;CANTA;Manobra de mudança de faixa;Eventos atípicos;Com Vítimas Feridas;Anoitecer;Crescente;Céu Claro;Simples;Reta;2,79638488;-60,6693095
19/12/2023;23:00:00;FEIRA DE SANTANA;Velocidade Incompatível;Colisão com objeto;Com Vítimas Feridas;Plena Noite;Decrescente;Céu Claro;Simples;Reta;-12,267113;-38,966988
19/12/2023;19:40:00;JI-PARANA;Acumulo de areia ou detritos sobre o pavimento;Colisão com objeto;Com Vítimas Feridas;Plena Noite;Não Informado;Céu Claro;Simples;Curva;-10,885468;-61,936473
19/12/2023;15:10:00;POCONE;Acumulo de água sobre o pavimento;Saída de leito carroçável;Sem Vítimas;Pleno dia;Crescente;Chuva;Simples;Curva;-15,92881289;-56,95132256
20/12/2023;05:42:00;SIDROLANDIA;Acumulo de água sobre o pavimento;Tombamento;Com Vítimas Feridas;Pleno dia;Crescente;Céu Claro;Simples;Curva;-20,90170052;-54,93478954
20/12/2023;06:00:00;ALFREDO WAGNER;Velocidade Incompatível;Saída de leito carroçável;Com Vítimas Feridas;Amanhecer;Decrescente;Sol;Simples;Curva;-27,755424;-49,39444
20/12/2023;07:45:00;PORTO ALEGRE;Manobra de mudança de faixa;Colisão lateral mesmo sentido;Com Vítimas Feridas;Pleno dia;Decrescente;Nublado;Dupla;Reta;-29,988646;-51,236553
20/12/2023;06:30:00;BRASILIA;Pista Escorregadia;Saída de leito carroçável;Com Vítimas Feridas;Amanhecer;Crescente;Chuva;Dupla;"Reta;Aclive";-15,675484;-47,823761
25/07/2023;09:30:00;MARTINS SOARES;Acumulo de areia ou detritos sobre o pavimento;Saída de leito carroçável;Com Vítimas Fatais;Pleno dia;Decrescente;Céu Claro;Simples;"Declive;Curva";-20,25054582;-41,83493898
20/12/2023;08:00:00;TRES DE MAIO;Velocidade Incompatível;Saída de leito carroçável;Com Vítimas Feridas;Pleno dia;Crescente;Chuva;Simples;Curva;-27,7743927;-54,30885315
20/12/2023;05:30:00;POMBAL;Reação tardia ou ineficiente do condutor;Tombamento;Com Vítimas Feridas;Amanhecer;Crescente;Chuva;Simples;Reta;-6,7359;-37,9238
20/12/2023;07:30:00;PROFESSOR JAMIL;Chuva;Saída de leito carroçável;Com Vítimas Feridas;Pleno dia;Crescente;Chuva;Dupla;"Reta;Declive";-17,2013;-49,2083
20/12/2023;09:00:00;CONSELHEIRO LAFAIETE;Conversão proibida;Tombamento;Com Vítimas Feridas;Pleno dia;Decrescente;Sol;Simples;"Declive;Reta";-20,703504;-43,792678
20/12/2023;06:00:00;GRAO MOGOL;Chuva;Colisão traseira;Com Vítimas Feridas;Amanhecer;Crescente;Chuva;Simples;Reta;-16,47078134;-43,40805531
20/12/2023;11:16:00;GARANHUNS;Ultrapassagem Indevida;Colisão frontal;Sem Vítimas;Pleno dia;Crescente;Nublado;Simples;"Reta;Interseção de Vias";-8,8796227;-36,49484286
20/12/2023;07:30:00;VARZEA DA PALMA;Velocidade Incompatível;Saída de leito carroçável;Com Vítimas Feridas;Amanhecer;Crescente;Chuva;Simples;Curva;-17,14942873;-44,77300029
20/12/2023;11:50:00;NOSSA SENHORA DO SOCORRO;Manobra de mudança de faixa;Colisão lateral mesmo sentido;Com Vítimas Feridas;Pleno dia;Decrescente;Sol;Dupla;Reta;-10,9041;-37,1278
20/12/2023;09:05:00;ALVORADA DO NORTE;Velocidade Incompatível;Saída de leito carroçável;Com Vítimas Feridas;Pleno dia;Decrescente;Nublado;Simples;Reta;-14,654471;-46,639088
20/12/2023;12:15:00;NOBRES;Chuva;Capotamento;Sem Vítimas;Pleno dia;Crescente;Chuva;Dupla;Reta;-14,76386003;-56,34804297
20/12/2023;12:30:00;PARATY;Velocidade Incompatível;Colisão com objeto;Com Vítimas Feridas;Pleno dia;Crescente;Céu Claro;Simples;"Curva;Aclive";-23,14344223;-44,69851328
20/12/2023;12:15:00;GANDU;Curva acentuada;Saída de leito carroçável;Com Vítimas Feridas;Pleno dia;Decrescente;Nublado;Simples;"Curva;Declive";-13,795806;-39,495607
20/12/2023;11:30:00;SALINAS;Manobra de mudança de faixa;Colisão frontal;Com Vítimas Fatais;Pleno dia;Crescente;Chuva;Simples;"Reta;Declive";-16,13540391;-42,27795196
20/12/2023;14:15:00;LONDRINA;Manobra de mudança de faixa;Colisão lateral mesmo sentido;Com Vítimas Feridas;Pleno dia;Decrescente;Céu Claro;Dupla;Reta;-23,29298578;-51,09773105
20/12/2023;14:20:00;BIGUACU;Avarias e/ou desgaste excessivo no pneu;Tombamento;Com Vítimas Feridas;Pleno dia;Decrescente;Sol;Múltipla;Reta;-27,5047092;-48,65010819
20/12/2023;14:25:00;NATAL;Manobra de mudança de faixa;Colisão traseira;Com Vítimas Feridas;Pleno dia;Crescente;Céu Claro;Dupla;Reta;-5,826932;-35,210953
20/12/2023;13:00:00;PALMITAL;Ultrapassagem Indevida;Colisão lateral mesmo sentido;Com Vítimas Feridas;Pleno dia;Decrescente;Sol;Simples;"Curva;Aclive";-24,87922442;-52,22111944
20/12/2023;15:30:00;ARAGUAINA;Demais falhas mecânicas ou elétricas;Tombamento;Com Vítimas Feridas;Pleno dia;Crescente;Céu Claro;Dupla;Reta;-7,22175693;-48,24826214
20/12/2023;16:00:00;MAGE;Acumulo de areia ou detritos sobre o pavimento;Colisão traseira;Com Vítimas Feridas;Pleno dia;Crescente;Garoa/Chuvisco;Simples;Reta;-22,65705297;-43,061742
20/12/2023;15:30:00;JOAO PESSOA;Demais falhas mecânicas ou elétricas;Tombamento;Com Vítimas Feridas;Pleno dia;Decrescente;Céu Claro;Dupla;Reta;-7,1281;-34,8466
20/12/2023;16:20:00;SAO JOSE DOS PINHAIS;Ausência de reação do condutor;Tombamento;Com Vítimas Feridas;Pleno dia;Crescente;Céu Claro;Dupla;Reta;-25,59168398;-49,17197705
20/12/2023;16:00:00;PIMENTA BUENO;Ultrapassagem Indevida;Colisão frontal;Com Vítimas Feridas;Pleno dia;Crescente;Chuva;Simples;Reta;-11,98740675;-60,94744778
10/11/2023;19:30:00;TANQUINHO;Ultrapassagem Indevida;Colisão frontal;Com Vítimas Feridas;Plena Noite;Decrescente;Céu Claro;Simples;"Aclive;Reta";-11,96238;-39,1496248
20/12/2023;16:30:00;DUQUE DE CAXIAS;Manobra de mudança de faixa;Colisão lateral mesmo sentido;Com Vítimas Feridas;Pleno dia;Crescente;Céu Claro;Múltipla;Reta;-22,76375592;-43,28683062
20/12/2023;17:40:00;ITABAIANA;Acostamento em desnível;Tombamento;Com Vítimas Feridas;Plena Noite;Decrescente;Chuva;Simples;Reta;-10,731889;-37,411335
20/12/2023;14:00:00;MASCOTE;Velocidade Incompatível;Saída de leito carroçável;Com Vítimas Feridas;Pleno dia;Decrescente;Chuva;Simples;Curva;-15,858785;-39,520394
20/12/2023;17:40:00;BETIM;Acumulo de óleo sobre o pavimento;Queda de ocupante de veículo;Com Vítimas Feridas;Anoitecer;Decrescente;Nublado;Múltipla;Reta;-19,95644414;-44,13611598
20/12/2023;18:50:00;CANOAS;Manobra de mudança de faixa;Colisão lateral mesmo sentido;Com Vítimas Feridas;Anoitecer;Decrescente;Céu Claro;Múltipla;Reta;-29,93079733;-51,17747605
20/12/2023;18:10:00;SAO JOAO DE MERITI;Manobra de mudança de faixa;Colisão lateral mesmo sentido;Com Vítimas Fatais;Pleno dia;Crescente;Nublado;Múltipla;Reta;-22,79810324;-43,35726614
20/12/2023;18:30:00;SAO JOAO DE MERITI;Manobra de mudança de faixa;Colisão lateral mesmo sentido;Com Vítimas Feridas;Pleno dia;Crescente;Céu Claro;Dupla;Reta;-22,78923555;-43,37275272
20/12/2023;20:15:00;JOAO PESSOA;Manobra de mudança de faixa;Queda de ocupante de veículo;Com Vítimas Feridas;Plena Noite;Crescente;Nublado;Dupla;Curva;-7,1198;-34,8453
09/10/2023;19:36:00;PORTO ALEGRE;Manobra de mudança de faixa;Colisão com objeto;Com Vítimas Feridas;Plena Noite;Crescente;Céu Claro;Múltipla;"Reta;Ponte;Em Obras";-29,96376;-51,097771
20/12/2023;18:40:00;CABROBO;Ultrapassagem Indevida;Colisão frontal;Com Vítimas Feridas;Plena Noite;Decrescente;Céu Claro;Simples;Reta;-8,417872;-39,172592
20/12/2023;21:00:00;ANGRA DOS REIS;Manobra de mudança de faixa;Colisão transversal;Com Vítimas Feridas;Plena Noite;Decrescente;Nublado;Simples;Reta;-22,92894705;-44,37879998
20/12/2023;22:10:00;BETIM;Velocidade Incompatível;Colisão com objeto;Com Vítimas Feridas;Plena Noite;Crescente;Chuva;Múltipla;Reta;-19,97670801;-44,19962698
20/12/2023;20:00:00;ESMERALDAS;Chuva;Saída de leito carroçável;Sem Vítimas;Plena Noite;Crescente;Chuva;Dupla;"Reta;Declive";-19,70735708;-44,16736508
20/12/2023;20:40:00;PIRAI;Velocidade Incompatível;Queda de ocupante de veículo;Com Vítimas Feridas;Plena Noite;Decrescente;Céu Claro;Dupla;Declive;-22,65208783;-43,82143902
20/12/2023;22:45:00;CASCAVEL;Ultrapassagem Indevida;Saída de leito carroçável;Com Vítimas Feridas;Plena Noite;Crescente;Céu Claro;Simples;Reta;-25,05866119;-53,22275924
21/12/2023;00:55:00;GUARANIACU;Velocidade Incompatível;Saída de leito carroçável;Com Vítimas Feridas;Plena Noite;Crescente;Céu Claro;Simples;"Curva;Declive";-25,091649;-52,949265
21/12/2023;04:30:00;GOIANIA;Acumulo de água sobre o pavimento;Saída de leito carroçável;Com Vítimas Feridas;Plena Noite;Crescente;Chuva;Múltipla;Reta;-16,7033;-49,2311
21/12/2023;07:00:00;EMBU DAS ARTES;Ausência de sinalização;Colisão lateral mesmo sentido;Com Vítimas Feridas;Pleno dia;Decrescente;Céu Claro;Múltipla;Reta;-23,66233697;-46,85292907
21/12/2023;07:10:00;SAO PAULO;Manobra de mudança de faixa;Colisão lateral mesmo sentido;Com Vítimas Feridas;Pleno dia;Crescente;Céu Claro;Múltipla;Reta;-23,457972;-46,479927
21/12/2023;05:15:00;ORTIGUEIRA;Pista Escorregadia;Tombamento;Com Vítimas Feridas;Amanhecer;Decrescente;Céu Claro;Simples;"Reta;Declive";-24,27135947;-50,88884354
21/12/2023;06:04:00;NITEROI;Ausência de reação do condutor;Tombamento;Com Vítimas Feridas;Pleno dia;Decrescente;Céu Claro;Dupla;Reta;-22,87117393;-43,15595099
20/12/2023;19:30:00;JACAREI;Reação tardia ou ineficiente do condutor;Tombamento;Com Vítimas Fatais;Plena Noite;Crescente;Céu Claro;Dupla;"Reta;Declive";-23,31527532;-46,07231796
21/12/2023;07:00:00;GUAPO;Acumulo de água sobre o pavimento;Colisão traseira;Com Vítimas Feridas;Pleno dia;Crescente;Chuva;Dupla;Reta;-16,8068;-49,5257
21/12/2023;07:00:00;MARUIM;Acumulo de água sobre o pavimento;Capotamento;Com Vítimas Feridas;Pleno dia;Crescente;Chuva;Dupla;Reta;-10,76273662;-37,11145231
21/12/2023;08:00:00;MARAVILHA;Manobra de mudança de faixa;Colisão transversal;Com Vítimas Feridas;Pleno dia;Decrescente;Céu Claro;Simples;Reta;-26,795523;-53,192974
21/12/2023;07:50:00;JACAREI;Manobra de mudança de faixa;Colisão lateral mesmo sentido;Com Vítimas Feridas;Pleno dia;Decrescente;Sol;Dupla;Reta;-23,27617003;-45,97592098
21/12/2023;08:30:00;BRASILIA;Trafegar com motocicleta (ou similar) entre as faixas;Tombamento;Com Vítimas Feridas;Pleno dia;Decrescente;Chuva;Dupla;Reta;-15,78698833;-48,11676979
21/12/2023;07:30:00;BALNEARIO PICARRAS;Ausência de reação do condutor;Tombamento;Com Vítimas Feridas;Pleno dia;Decrescente;Sol;Múltipla;Reta;-26,79281742;-48,68080819
21/12/2023;09:00:00;ANAPOLIS;Chuva;Colisão com objeto;Com Vítimas Feridas;Pleno dia;Crescente;Chuva;Dupla;"Curva;Declive";-16,2967;-48,8039
18/12/2023;03:15:00;MAGE;Ausência de reação do condutor;Tombamento;Com Vítimas Feridas;Plena Noite;Crescente;Céu Claro;Dupla;Reta;-22,66791406;-43,00902598
21/12/2023;08:30:00;ABADIANIA;Manobra de mudança de faixa;Colisão frontal;Com Vítimas Feridas;Pleno dia;Crescente;Chuva;Simples;Reta;-16,05858626;-48,85401759
21/12/2023;07:50:00;PORTO REAL DO COLEGIO;Velocidade Incompatível;Colisão traseira;Sem Vítimas;Pleno dia;Decrescente;Nublado;Simples;Reta;-10,18344196;-36,82898037
21/12/2023;10:00:00;GRAVATA;Chuva;Saída de leito carroçável;Com Vítimas Feridas;Pleno dia;Crescente;Chuva;Dupla;"Reta;Declive";-8,19466678;-35,51728814
21/12/2023;10:35:00;LAVRAS;Velocidade Incompatível;Colisão com objeto;Com Vítimas Feridas;Pleno dia;Decrescente;Céu Claro;Dupla;"Curva;Declive";-21,225698;-45,130486
21/12/2023;10:10:00;SERRINHA;Acumulo de água sobre o pavimento;Colisão frontal;Com Vítimas Feridas;Pleno dia;Decrescente;Chuva;Simples;Aclive;-11,80572287;-38,98109457
21/12/2023;11:45:00;VIANA;Velocidade Incompatível;Saída de leito carroçável;Com Vítimas Feridas;Pleno dia;Crescente;Céu Claro;Dupla;"Reta;Declive";-20,34529844;-40,41026774
21/12/2023;12:10:00;CABEDELO;Pista Escorregadia;Tombamento;Com Vítimas Feridas;Pleno dia;Crescente;Céu Claro;Dupla;Reta;-7,0772;-34,8494
21/12/2023;11:20:00;JOACABA;Curva acentuada;Tombamento;Com Vítimas Feridas;Pleno dia;Decrescente;Céu Claro;Simples;Curva;-27,115656;-51,631065
21/12/2023;12:30:00;MONTES CLAROS;Acumulo de água sobre o pavimento;Colisão com objeto;Com Vítimas Feridas;Pleno dia;Decrescente;Chuva;Simples;Curva;-16,85144573;-44,06967486
21/12/2023;13:17:00;DEMERVAL LOBAO;Velocidade Incompatível;Tombamento;Com Vítimas Feridas;Pleno dia;Crescente;Céu Claro;Simples;Reta;-5,351835;-42,678434
21/12/2023;14:45:00;RIO NOVO DO SUL;Velocidade Incompatível;Saída de leito carroçável;Com Vítimas Feridas;Pleno dia;Crescente;Chuva;Simples;Curva;-20,82072713;-40,84702482
21/12/2023;12:10:00;RIO VERDE;Acumulo de água sobre o pavimento;Colisão com objeto;Sem Vítimas;Pleno dia;Decrescente;Chuva;Dupla;"Curva;Declive";-17,5988;-50,7248
21/12/2023;12:25:00;SAO GONCALO DO ABAETE;Chuva;Saída de leito carroçável;Com Vítimas Feridas;Pleno dia;Crescente;Chuva;Simples;"Curva;Declive";-18,1662113;-45,290626
21/12/2023;13:30:00;RECIFE;Acumulo de areia ou detritos sobre o pavimento;Tombamento;Com Vítimas Feridas;Pleno dia;Decrescente;Nublado;Dupla;Declive;-8,11813811;-34,94329214
21/12/2023;15:00:00;JOAO PINHEIRO;Chuva;Saída de leito carroçável;Com Vítimas Feridas;Pleno dia;Decrescente;Chuva;Simples;Reta;-18,27540395;-45,89263002
21/12/2023;13:40:00;JABOATAO DOS GUARARAPES;Ultrapassagem Indevida;Colisão com objeto;Com Vítimas Feridas;Pleno dia;Crescente;Nublado;Dupla;Curva;-8,175172;-34,942642
21/12/2023;16:24:00;BRASILIA;Ultrapassagem Indevida;Colisão lateral mesmo sentido;Com Vítimas Feridas;Pleno dia;Decrescente;Céu Claro;Dupla;"Interseção de Vias;Reta";-16,02749023;-47,97927976
21/12/2023;16:00:00;CASCAVEL;Manobra de mudança de faixa;Colisão lateral mesmo sentido;Com Vítimas Feridas;Pleno dia;Crescente;Céu Claro;Dupla;Reta;-24,98510305;-53,33984701
21/12/2023;16:25:00;CARMO DA CACHOEIRA;Velocidade Incompatível;Saída de leito carroçável;Com Vítimas Feridas;Pleno dia;Decrescente;Nublado;Dupla;Curva;-21,55413799;-45,24499427
21/12/2023;16:45:00;CAXIAS DO SUL;Manobra de mudança de faixa;Colisão traseira;Com Vítimas Feridas;Pleno dia;Decrescente;Céu Claro;Simples;Reta;-29,1829343;-51,16801501
21/12/2023;16:00:00;JUATUBA;Velocidade Incompatível;Saída de leito carroçável;Com Vítimas Feridas;Pleno dia;Crescente;Sol;Dupla;"Curva;Aclive";-19,95652262;-44,3648278
21/12/2023;17:10:00;CANOAS;Manobra de mudança de faixa;Tombamento;Com Vítimas Feridas;Pleno dia;Crescente;Sol;Dupla;Reta;-29,879208;-51,18045622
21/12/2023;15:10:00;TERESINA;Manobra de mudança de faixa;Colisão traseira;Com Vítimas Feridas;Pleno dia;Decrescente;Céu Claro;Múltipla;"Reta;Declive";-5,14169858;-42,78157276
21/12/2023;14:30:00;MORENO;Velocidade Incompatível;Saída de leito carroçável;Com Vítimas Feridas;Pleno dia;Decrescente;Céu Claro;Dupla;Reta;-8,09580234;-35,08012588
21/12/2023;16:10:00;BAYEUX;Velocidade Incompatível;Saída de leito carroçável;Sem Vítimas;Pleno dia;Decrescente;Céu Claro;Dupla;Retorno Regulamentado;-7,15032192;-34,91079569
21/12/2023;17:50:00;SAO PAULO;Reação tardia ou ineficiente do condutor;Tombamento;Sem Vítimas;Pleno dia;Decrescente;Nublado;Múltipla;Reta;-23,5290581;-46,59398303
21/12/2023;18:00:00;BRASILIA;Manobra de mudança de faixa;Colisão lateral mesmo sentido;Com Vítimas Feridas;Anoitecer;Crescente;Nublado;Dupla;Reta;-15,787066;-48,140709
21/12/2023;17:15:00;TUBARAO;Reação tardia ou ineficiente do condutor;Tombamento;Com Vítimas Feridas;Pleno dia;Crescente;Céu Claro;Dupla;Reta;-28,50999405;-49,05070686
21/12/2023;18:25:00;LAJEADO;Reação tardia ou ineficiente do condutor;Tombamento;Com Vítimas Feridas;Pleno dia;Decrescente;Céu Claro;Dupla;Curva;-29,451736;-51,965893
21/12/2023;16:30:00;VILHENA;Carga excessiva e/ou mal acondicionada;Derramamento de carga;Com Vítimas Feridas;Anoitecer;Decrescente;Nublado;Simples;Aclive;-12,31718194;-60,63547962
21/12/2023;16:28:00;ZE DOCA;Manobra de mudança de faixa;Capotamento;Com Vítimas Feridas;Pleno dia;Crescente;Céu Claro;Simples;Reta;-3,178833;-45,647865
21/12/2023;20:00:00;CONTAGEM;Manobra de mudança de faixa;Colisão lateral mesmo sentido;Com Vítimas Feridas;Plena Noite;Decrescente;Céu Claro;Dupla;Reta;-19,86606411;-44,06461716
21/12/2023;20:15:00;PONTA GROSSA;Manobra de mudança de faixa;Colisão lateral mesmo sentido;Com Vítimas Feridas;Plena Noite;Decrescente;Céu Claro;Dupla;Reta;-25,11971969;-50,18486023
21/12/2023;11:50:00;RIO DE JANEIRO;Avarias e/ou desgaste excessivo no pneu;Tombamento;Com Vítimas Feridas;Pleno dia;Decrescente;Céu Claro;Dupla;Reta;-22,87133305;-43,20407695