data_inversa;horario;municipio;causa_acidente;tipo_acidente;classificacao_acidente;fase_dia;sentido_via;condicao_metereologica;tipo_pista;tracado_via;latitude;longitude
21/12/2023;21:20:00;BOM DESPACHO;Transitar no Acostamento;Tombamento;Com Vítimas Feridas;Pleno dia;Decrescente;Nublado;Simples;Reta;-19,78469479;-45,25529265
21/12/2023;20:30:00;SAO GONCALO;Demais falhas mecânicas ou elétricas;Tombamento;Com Vítimas Feridas;Plena Noite;Decrescente;Céu Claro;Dupla;Reta;-22,82262092;-43,08460805
21/12/2023;18:00:00;RIO CRESPO;Desvio temporário;Saída de leito carroçável;Com Vítimas Feridas;Anoitecer;Decrescente;Nublado;Simples;Reta;-9,51679303;-63,0778104
06/12/2023;08:00:00;VITORIA DA CONQUISTA;Velocidade Incompatível;Tombamento;Com Vítimas Feridas;Pleno dia;Crescente;Céu Claro;Simples;"Reta;Declive";-14,88993;-40,81662
21/12/2023;23:20:00;POUSO ALTO;Velocidade Incompatível;Saída de leito carroçável;Com Vítimas Feridas;Plena Noite;Crescente;Céu Claro;Simples;"Curva;Declive";-22,21739825;-44,94656131
22/12/2023;00:15:00;TERESOPOLIS;Pista Escorregadia;Colisão com objeto;Com Vítimas Feridas;Plena Noite;Decrescente;Nublado;Simples;"Curva;Declive";-22,46035934;-42,96568206
22/12/2023;02:20:00;SANTO ANTONIO DO AMPARO;Chuva;Colisão com objeto;Com Vítimas Feridas;Plena Noite;Decrescente;Chuva;Dupla;"Curva;Declive";-20,89141186;-44,8525565
21/12/2023;23:40:00;SANTO ANTONIO DO AMPARO;Velocidade Incompatível;Saída de leito carroçável;Com Vítimas Feridas;Plena Noite;Decrescente;Chuva;Dupla;"Curva;Declive";-20,99437964;-44,96041633
22/12/2023;05:30:00;MATELANDIA;Velocidade Incompatível;Saída de leito carroçável;Com Vítimas Fatais;Amanhecer;Decrescente;Céu Claro;Simples;Curva;-25,230625;-53,9526216
22/12/2023;06:20:00;UBATUBA;Demais falhas mecânicas ou elétricas;Tombamento;Com Vítimas Feridas;Pleno dia;Decrescente;Céu Claro;Simples;Reta;-23,41495528;-45,03516778
22/12/2023;04:50:00;PRESIDENTE MEDICI;Manobra de mudança de faixa;Saída de leito carroçável;Com Vítimas Feridas;Amanhecer;Crescente;Céu Claro;Simples;Reta;-11,35603304;-61,85208404
22/12/2023;06:00:00;CAMBUI;Velocidade Incompatível;Capotamento;Com Vítimas Feridas;Pleno dia;Crescente;Céu Claro;Dupla;Reta;-22,64449994;-46,08499311
22/12/2023;05:30:00;ITATIM;Manobra de mudança de faixa;Saída de leito carroçável;Com Vítimas Feridas;Pleno dia;Decrescente;Céu Claro;Simples;Reta;-12,70416029;-39,72039081
22/12/2023;08:10:00;ARAGUARI;Acumulo de água sobre o pavimento;Colisão com objeto;Com Vítimas Feridas;Pleno dia;Crescente;Chuva;Dupla;"Reta;Declive";-18,57876301;-48,06009904
22/12/2023;07:30:00;PENHA;Reação tardia ou ineficiente do condutor;Tombamento;Com Vítimas Feridas;Pleno dia;Crescente;Céu Claro;Dupla;"Reta;Declive";-26,8333519;-48,69632106
22/12/2023;09:10:00;ITATIAIUCU;Pista Escorregadia;Saída de leito carroçável;Com Vítimas Fatais;Pleno dia;Decrescente;Chuva;Dupla;"Aclive;Curva";-20,19896036;-44,38641307
22/12/2023;10:25:00;ITUMBIARA;Acumulo de areia ou detritos sobre o pavimento;Queda de ocupante de veículo;Com Vítimas Feridas;Pleno dia;Decrescente;Céu Claro;Dupla;Curva;-18,411018;-49,195927
22/12/2023;09:20:00;NOVA SERRANA;Chuva;Queda de ocupante de veículo;Com Vítimas Feridas;Pleno dia;Decrescente;Chuva;Dupla;Curva;-19,89622194;-44,86972815
22/03/2023;23:20:00;BALNEARIO CAMBORIU;Manobra de mudança de faixa;Colisão traseira;Com Vítimas Feridas;Plena Noite;Decrescente;Chuva;Dupla;Reta;-26,99064209;-48,66310912
22/12/2023;12:50:00;CAMBUI;Velocidade Incompatível;Saída de leito carroçável;Com Vítimas Feridas;Pleno dia;Decrescente;Chuva;Dupla;"Curva;Declive";-22,6799624;-46,10012596
22/12/2023;10:45:00;NOVA IGUACU;Manobra de mudança de faixa;Colisão lateral mesmo sentido;Com Vítimas Feridas;Pleno dia;Decrescente;Céu Claro;Dupla;Reta;-22,73962339;-43,46276495
22/12/2023;12:50:00;LUZ;Acumulo de água sobre o pavimento;Saída de leito carroçável;Com Vítimas Feridas;Pleno dia;Crescente;Chuva;Simples;"Curva;Declive";-19,76268587;-45,79506296
22/12/2023;11:20:00;AGUAS MORNAS;Velocidade Incompatível;Colisão frontal;Com Vítimas Feridas;Pleno dia;Crescente;Céu Claro;Simples;"Aclive;Curva";-27,71929705;-48,9220398
22/12/2023;13:40:00;CONGONHAL;Velocidade Incompatível;Colisão frontal;Com Vítimas Feridas;Pleno dia;Crescente;Chuva;Simples;Curva;-22,14956969;-46,01760864
22/12/2023;14:00:00;GENERAL CARNEIRO;Demais falhas na via;Queda de ocupante de veículo;Com Vítimas Feridas;Pleno dia;Crescente;Céu Claro;Simples;"Reta;Ponte";-26,37212;-51,25678
22/12/2023;14:35:00;GUARULHOS;Acumulo de areia ou detritos sobre o pavimento;Tombamento;Com Vítimas Feridas;Pleno dia;Crescente;Céu Claro;Simples;Interseção de Vias;-23,41972188;-46,38419203
22/12/2023;08:00:00;SAO GONCALO DO ABAETE;Manobra de mudança de faixa;Colisão frontal;Com Vítimas Feridas;Pleno dia;Decrescente;Chuva;Simples;Reta;-18,2608821;-45,88303083
22/12/2023;14:50:00;SAO JOSE;Manobra de mudança de faixa;Colisão traseira;Com Vítimas Feridas;Pleno dia;Crescente;Nublado;Dupla;Reta;-27,61000542;-48,63895057
22/12/2023;13:00:00;PERDOES;Manobra de mudança de faixa;Colisão transversal;Com Vítimas Feridas;Pleno dia;Decrescente;Chuva;Dupla;"Curva;Retorno Regulamentado";-21,0712663;-45,05173874
22/12/2023;09:00:00;PATOS DE MINAS;Ultrapassagem Indevida;Colisão lateral mesmo sentido;Com Vítimas Feridas;Amanhecer;Crescente;Chuva;Simples;Reta;-18,53922123;-46,20036603
22/12/2023;14:25:00;ITAGUARA;Chuva;Saída de leito carroçável;Com Vítimas Feridas;Pleno dia;Crescente;Chuva;Dupla;Curva;-20,42649228;-44,54458383
22/12/2023;15:20:00;JOAO PESSOA;Ausência de reação do condutor;Tombamento;Com Vítimas Feridas;Pleno dia;Decrescente;Céu Claro;Dupla;Reta;-7,1637;-34,8618
22/12/2023;15:30:00;DELTA;Pista Escorregadia;Tombamento;Com Vítimas Feridas;Pleno dia;Crescente;Céu Claro;Dupla;Reta;-19,87187797;-47,85892196
22/12/2023;16:25:00;CAMBUI;Velocidade Incompatível;Saída de leito carroçável;Com Vítimas Feridas;Pleno dia;Decrescente;Nublado;Dupla;Curva;-22,53187421;-46,02792514
15/01/2023;19:30:00;JAGUARARI;Curva acentuada;Colisão frontal;Com Vítimas Fatais;Plena Noite;Decrescente;Céu Claro;Simples;Curva;-10,27224235;-40,17748348
22/12/2023;16:45:00;CAMPANHA;Velocidade Incompatível;Saída de leito carroçável;Com Vítimas Feridas;Pleno dia;Decrescente;Chuva;Dupla;Reta;-21,81543894;-45,49238809
22/12/2023;13:00:00;ITAGUARA;Velocidade Incompatível;Saída de leito carroçável;Sem Vítimas;Pleno dia;Crescente;Chuva;Dupla;Curva;-20,45206504;-44,5689098
22/12/2023;17:00:00;RECIFE;Manobra de mudança de faixa;Colisão lateral mesmo sentido;Com Vítimas Feridas;Pleno dia;Decrescente;Céu Claro;Dupla;Reta;-8,013572;-34,938876
22/12/2023;18:20:00;PALMAS;Acumulo de areia ou detritos sobre o pavimento;Eventos atípicos;Com Vítimas Feridas;Anoitecer;Decrescente;Céu Claro;Dupla;"Retorno Regulamentado;Reta";-10,24255;-48,31236
22/12/2023;17:15:00;SALVADOR;Manobra de mudança de faixa;Saída de leito carroçável;Com Vítimas Fatais;Anoitecer;Crescente;Céu Claro;Múltipla;Reta;-12,901657;-38,452905
22/12/2023;17:24:00;MAGE;Avarias e/ou desgaste excessivo no pneu;Tombamento;Com Vítimas Feridas;Pleno dia;Decrescente;Céu Claro;Dupla;Reta;-22,65608024;-43,12511494
22/12/2023;18:20:00;RIO DE JANEIRO;Manobra de mudança de faixa;Colisão lateral mesmo sentido;Com Vítimas Feridas;Anoitecer;Crescente;Céu Claro;Múltipla;Reta;-22,81113183;-43,3336729
22/12/2023;19:00:00;JEQUIE;Ultrapassagem Indevida;Colisão frontal;Com Vítimas Fatais;Plena Noite;Crescente;Céu Claro;Simples;Reta;-13,87800034;-40,0368184
22/12/2023;12:10:00;PRATA;Chuva;Saída de leito carroçável;Com Vítimas Feridas;Pleno dia;Crescente;Chuva;Simples;Reta;-19,12589594;-48,96661173
22/12/2023;18:30:00;ORTIGUEIRA;Velocidade Incompatível;Saída de leito carroçável;Sem Vítimas;Anoitecer;Crescente;Céu Claro;Simples;Curva;-24,18874499;-50,96096996
25/11/2023;19:00:00;ANGRA DOS REIS;Pista Escorregadia;Saída de leito carroçável;Com Vítimas Feridas;Plena Noite;Decrescente;Nublado;Simples;Reta;-22,91478203;-44,34596302
22/12/2023;16:30:00;PORTO GRANDE;Velocidade Incompatível;Colisão com objeto;Com Vítimas Fatais;Anoitecer;Crescente;Nublado;Simples;Reta;0,35321199;-51,09019898
22/12/2023;20:30:00;SETE LAGOAS;Ausência de reação do condutor;Tombamento;Com Vítimas Feridas;Plena Noite;Crescente;Chuva;Dupla;Reta;-19,5511262;-44,24459038
22/12/2023;20:17:00;CONDE;Ausência de reação do condutor;Tombamento;Com Vítimas Feridas;Plena Noite;Crescente;Céu Claro;Dupla;Reta;-7,23846306;-34,9268519
22/12/2023;20:35:00;GUARULHOS;Pista Escorregadia;Colisão com objeto;Com Vítimas Feridas;Plena Noite;Crescente;Chuva;Múltipla;"Reta;Declive";-23,457886;-46,480956
22/12/2023;20:00:00;ARAUCARIA;Manobra de mudança de faixa;Colisão lateral mesmo sentido;Com Vítimas Feridas;Plena Noite;Crescente;Céu Claro;Dupla;Reta;-25,563601;-49,377041
22/12/2023;16:00:00;POSSE;Acumulo de água sobre o pavimento;Saída de leito carroçável;Com Vítimas Feridas;Pleno dia;Crescente;Chuva;Simples;Reta;-14,153014;-46,325546
22/12/2023;17:55:00;SABARA;Velocidade Incompatível;Saída de leito carroçável;Com Vítimas Feridas;Pleno dia;Crescente;Céu Claro;Simples;Curva;-19,78831547;-43,73175712
19/12/2023;08:00:00;BARREIRAS;Ultrapassagem Indevida;Saída de leito carroçável;Com Vítimas Feridas;Pleno dia;Crescente;Chuva;Simples;Reta;-12,03181479;-44,95663949
22/12/2023;18:20:00;BURITIZEIRO;Ultrapassagem Indevida;Colisão frontal;Com Vítimas Feridas;Anoitecer;Decrescente;Nublado;Simples;Curva;-17,403406;-45,018622
23/12/2023;00:15:00;JOAO PESSOA;Ausência de reação do condutor;Tombamento;Com Vítimas Feridas;Plena Noite;Crescente;Céu Claro;Dupla;Reta;-7,12905636;-34,84930515
23/12/2023;00:20:00;CAMANDUCAIA;Velocidade Incompatível;Colisão com objeto;Com Vítimas Feridas;Plena Noite;Crescente;Chuva;Dupla;Curva;-22,77005513;-46,19413203
23/12/2023;01:00:00;PALHOCA;Velocidade Incompatível;Capotamento;Com Vítimas Feridas;Plena Noite;Crescente;Chuva;Simples;Curva;-27,68392194;-48,66710085
23/12/2023;02:45:00;BALNEARIO CAMBORIU;Velocidade Incompatível;Saída de leito carroçável;Com Vítimas Feridas;Plena Noite;Decrescente;Chuva;Dupla;Curva;-27,02397426;-48,60761649
23/12/2023;01:50:00;PALHOCA;Chuva;Saída de leito carroçável;Com Vítimas Feridas;Plena Noite;Crescente;Chuva;Dupla;Aclive;-27,74200001;-48,63806504
23/12/2023;00:32:00;TRES LAGOAS;Acumulo de óleo sobre o pavimento;Eventos atípicos;Com Vítimas Feridas;Plena Noite;Decrescente;Nublado;Simples;Curva;-20,72031366;-52,13433266
23/12/2023;02:50:00;CLARO DOS POCOES;Velocidade Incompatível;Saída de leito carroçável;Com Vítimas Feridas;Plena Noite;Crescente;Nublado;Simples;"Reta;Declive";-16,93034973;-44,22810598
23/12/2023;06:30:00;GUARULHOS;Velocidade Incompatível;Colisão com objeto;Com Vítimas Feridas;Pleno dia;Decrescente;Céu Claro;Múltipla;Reta;-23,46143954;-46,48885316
22/12/2023;19:20:00;TIMON;Ausência de sinalização;Colisão frontal;Com Vítimas Feridas;Plena Noite;Crescente;Céu Claro;Simples;Curva;-5,12834;-42,821602
22/12/2023;11:00:00;ILHEUS;Velocidade Incompatível;Colisão lateral mesmo sentido;Com Vítimas Feridas;Pleno dia;Crescente;Sol;Dupla;Curva;-14,794539;-39,205324
22/12/2023;20:15:00;OURO PRETO DO OESTE;Demais falhas na via;Colisão frontal;Com Vítimas Feridas;Plena Noite;Crescente;Céu Claro;Simples;"Em Obras;Reta";-10,569027;-62,371756
23/12/2023;00:30:00;MACAPA;Iluminação deficiente;Colisão lateral mesmo sentido;Com Vítimas Feridas;Plena Noite;Crescente;Céu Claro;Simples;Interseção de Vias;0,08282017;-51,07776189
23/12/2023;08:30:00;LAVRINHAS;Velocidade Incompatível;Saída de leito carroçável;Com Vítimas Feridas;Pleno dia;Decrescente;Céu Claro;Dupla;Curva;-22,58978112;-44,88535587
22/12/2023;22:00:00;DUQUE DE CAXIAS;Manobra de mudança de faixa;Capotamento;Com Vítimas Feridas;Plena Noite;Decrescente;Céu Claro;Múltipla;Reta;-22,807953;-43,289124
23/12/2023;04:45:00;CAMACAN;Condutor deixou de manter distância do veículo da frente;Saída de leito carroçável;Com Vítimas Feridas;Amanhecer;Decrescente;Nevoeiro/Neblina;Simples;"Reta;Declive";-15,3853068;-39,48541982
22/12/2023;18:15:00;DUQUE DE CAXIAS;Manobra de mudança de faixa;Colisão lateral mesmo sentido;Com Vítimas Feridas;Pleno dia;Decrescente;Céu Claro;Dupla;Reta;-22,76375592;-43,28683062
23/12/2023;09:40:00;BETIM;Velocidade Incompatível;Engavetamento;Com Vítimas Feridas;Pleno dia;Crescente;Chuva;Dupla;Reta;-19,95531717;-44,11722196
23/12/2023;08:45:00;PATOS DE MINAS;Ultrapassagem Indevida;Colisão frontal;Com Vítimas Feridas;Pleno dia;Decrescente;Chuva;Simples;Reta;-18,77706055;-46,68754335
23/12/2023;10:35:00;TROMBUDO CENTRAL;Demais falhas na via;Saída de leito carroçável;Com Vítimas Feridas;Pleno dia;Crescente;Céu Claro;Simples;Curva;-27,285877;-49,788143
23/12/2023;11:20:00;FLORESTAL;Velocidade Incompatível;Saída de leito carroçável;Com Vítimas Feridas;Pleno dia;Crescente;Chuva;Dupla;Curva;-19,91783936;-44,49403882
22/12/2023;21:00:00;GENERAL CARNEIRO;Curva acentuada;Saída de leito carroçável;Com Vítimas Feridas;Plena Noite;Crescente;Céu Claro;Simples;Curva;-15,70691541;-52,72299004
04/12/2023;10:00:00;SANTA LUZ;Chuva;Saída de leito carroçável;Com Vítimas Feridas;Pleno dia;Crescente;Nublado;Simples;Curva;-9,00230706;-44,3022549
23/12/2023;11:00:00;LAPA;Velocidade Incompatível;Saída de leito carroçável;Sem Vítimas;Pleno dia;Crescente;Chuva;Simples;Curva;-25,709007;-49,600727
23/12/2023;07:30:00;BELA VISTA DE MINAS;Velocidade Incompatível;Saída de leito carroçável;Com Vítimas Feridas;Pleno dia;Crescente;Nublado;Simples;Curva;-19,85663904;-43,10916603
23/12/2023;09:45:00;PATOS DE MINAS;Pista Escorregadia;Saída de leito carroçável;Com Vítimas Feridas;Pleno dia;Decrescente;Chuva;Simples;Curva;-18,7790282;-46,70568801
23/12/2023;11:30:00;ITAGIMIRIM;Acumulo de areia ou detritos sobre o pavimento;Tombamento;Com Vítimas Feridas;Pleno dia;Decrescente;Sol;Simples;"Curva;Declive";-16,03904942;-39,6096611
23/12/2023;12:30:00;BETIM;Manobra de mudança de faixa;Colisão traseira;Com Vítimas Feridas;Pleno dia;Decrescente;Chuva;Dupla;"Reta;Aclive";-20,03146447;-44,2377893
23/12/2023;13:02:00;JUATUBA;Velocidade Incompatível;Saída de leito carroçável;Com Vítimas Feridas;Pleno dia;Decrescente;Chuva;Dupla;"Curva;Declive";-19,98399662;-44,24263
23/12/2023;12:50:00;CURITIBA;Avarias e/ou desgaste excessivo no pneu;Tombamento;Com Vítimas Feridas;Pleno dia;Crescente;Céu Claro;Dupla;Reta;-25,4306359;-49,3169876
23/12/2023;12:50:00;TIBAGI;Chuva;Colisão com objeto;Com Vítimas Feridas;Pleno dia;Crescente;Chuva;Dupla;Curva;-24,94239016;-50,40224704
23/12/2023;13:50:00;PARATY;Chuva;Capotamento;Com Vítimas Feridas;Pleno dia;Decrescente;Chuva;Simples;Curva;-23,13149696;-44,70949387
23/12/2023;13:00:00;SEROPEDICA;Ausência de reação do condutor;Tombamento;Sem Vítimas;Pleno dia;Crescente;Céu Claro;Dupla;"Aclive;Ponte;Reta";-22,72297475;-43,67131596
23/12/2023;13:30:00;PARATY;Pista Escorregadia;Tombamento;Com Vítimas Feridas;Pleno dia;Decrescente;Chuva;Simples;Curva;-23,18216501;-44,71777595
23/12/2023;12:15:00;IBIA;Velocidade Incompatível;Saída de leito carroçável;Com Vítimas Feridas;Pleno dia;Decrescente;Chuva;Simples;Reta;-19,571631;-46,556852
23/12/2023;12:30:00;SANTO ANTONIO DO AMPARO;Chuva;Colisão com objeto;Com Vítimas Feridas;Pleno dia;Decrescente;Chuva;Dupla;"Curva;Aclive";-20,99437964;-44,96041633
23/12/2023;13:20:00;MONTES CLAROS;Chuva;Tombamento;Com Vítimas Feridas;Pleno dia;Decrescente;Chuva;Simples;"Declive;Curva";-16,74574399;-43,88392402
23/12/2023;14:50:00;BETIM;Demais falhas mecânicas ou elétricas;Tombamento;Com Vítimas Feridas;Pleno dia;Crescente;Garoa/Chuvisco;Múltipla;"Reta;Declive";-19,985563;-44,20318
23/12/2023;15:00:00;CURITIBA;Velocidade Incompatível;Colisão lateral mesmo sentido;Sem Vítimas;Pleno dia;Crescente;Céu Claro;Dupla;"Interseção de Vias;Reta";-25,385775;-49,203377
23/12/2023;11:40:00;SEROPEDICA;Manobra de mudança de faixa;Colisão lateral mesmo sentido;Com Vítimas Feridas;Pleno dia;Crescente;Céu Claro;Dupla;Reta;-22,72669699;-43,71348012
23/12/2023;15:36:00;JOAO PESSOA;Velocidade Incompatível;Tombamento;Com Vítimas Feridas;Pleno dia;Decrescente;Céu Claro;Simples;Curva;-7,16470016;-34,89993643
23/12/2023;12:30:00;AGUAS MORNAS;Velocidade Incompatível;Saída de leito carroçável;Com Vítimas Feridas;Pleno dia;Decrescente;Sol;Simples;Reta;-27,712439;-48,860607
23/12/2023;12:51:00;RIO BRANCO;Manobra de mudança de faixa;Saída de leito carroçável;Com Vítimas Feridas;Pleno dia;Decrescente;Chuva;Dupla;"Aclive;Curva";-10,01594689;-67,84093848
23/12/2023;16:30:00;MONTE ALEGRE DE MINAS;Chuva;Saída de leito carroçável;Com Vítimas Feridas;Pleno dia;Crescente;Chuva;Dupla;Reta;-18,79619901;-49,08247601
23/12/2023;16:00:00;CORRENTINA;Ultrapassagem Indevida;Colisão frontal;Com Vítimas Fatais;Pleno dia;Decrescente;Nublado;Simples;Reta;-13,469394;-46,095397
23/12/2023;15:20:00;SOUSA;Velocidade Incompatível;Saída de leito carroçável;Com Vítimas Feridas;Pleno dia;Crescente;Céu Claro;Simples;Curva;-6,7817;-38,2695
23/12/2023;12:30:00;SAO JOSE DA VITORIA;Manobra de mudança de faixa;Colisão frontal;Com Vítimas Fatais;Pleno dia;Crescente;Sol;Simples;Reta;-15,133;-39,378
23/12/2023;15:55:00;UBERABA;Acumulo de água sobre o pavimento;Colisão com objeto;Com Vítimas Feridas;Pleno dia;Decrescente;Chuva;Dupla;"Reta;Declive";-19,607995;-48,022216
23/12/2023;16:20:00;TRES RIOS;Acumulo de água sobre o pavimento;Queda de ocupante de veículo;Com Vítimas Feridas;Pleno dia;Crescente;Chuva;Simples;Curva;-22,125063;-43,155872
23/12/2023;17:10:00;LINHARES;Manobra de mudança de faixa;Queda de ocupante de veículo;Com Vítimas Feridas;Pleno dia;Crescente;Nublado;Simples;Reta;-19,51849683;-40,13730526
23/12/2023;15:22:00;NOVA IGUACU;Reação tardia ou ineficiente do condutor;Tombamento;Com Vítimas Feridas;Pleno dia;Decrescente;Garoa/Chuvisco;Múltipla;Reta;-22,73962339;-43,46276495
23/12/2023;17:00:00;BELA VISTA DE MINAS;Velocidade Incompatível;Saída de leito carroçável;Com Vítimas Feridas;Pleno dia;Crescente;Chuva;Simples;"Curva;Declive";-19,8529461;-43,11198235
23/12/2023;10:30:00;TROMBUDO CENTRAL;Chuva;Saída de leito carroçável;Com Vítimas Feridas;Pleno dia;Crescente;Chuva;Simples;Curva;-27,285425;-49,76881
23/12/2023;12:40:00;JOAO PINHEIRO;Chuva;Saída de leito carroçável;Com Vítimas Feridas;Pleno dia;Decrescente;Chuva;Simples;Reta;-18,17906961;-45,80321109
23/12/2023;18:00:00;INAJA;Demais falhas na via;Capotamento;Com Vítimas Feridas;Plena Noite;Crescente;Céu Claro;Simples;Reta;-8,6809546;-37,85637938
23/12/2023;13:40:00;AURORA DO PARA;Manobra de mudança de faixa;Colisão traseira;Com Vítimas Fatais;Pleno dia;Decrescente;Sol;Simples;Reta;-2,22259399;-47,56226424
23/12/2023;17:00:00;PARATY;Chuva;Colisão traseira;Sem Vítimas;Pleno dia;Decrescente;Chuva;Simples;Curva;-23,04128085;-44,59583503
23/12/2023;16:30:00;PATROCINIO;Chuva;Saída de leito carroçável;Com Vítimas Feridas;Pleno dia;Crescente;Chuva;Simples;Reta;-18,90337754;-46,95936631
23/12/2023;18:30:00;UBERABA;Chuva;Saída de leito carroçável;Com Vítimas Feridas;Plena Noite;Crescente;Chuva;Dupla;Reta;-19,53778804;-48,03695932
23/12/2023;13:30:00;TIBAGI;Chuva;Colisão com objeto;Com Vítimas Feridas;Pleno dia;Crescente;Chuva;Dupla;Curva;-24,84975558;-50,46706404
23/12/2023;14:35:00;CASCAVEL;Velocidade Incompatível;Saída de leito carroçável;Sem Vítimas;Pleno dia;Crescente;Ignorado;Dupla;Reta;-24,93469703;-53,5379247
23/12/2023;16:30:00;TOLEDO;Chuva;Saída de leito carroçável;Com Vítimas Feridas;Pleno dia;Crescente;Chuva;Dupla;Curva;-24,68980596;-53,759096
23/12/2023;17:30:00;DUQUE DE CAXIAS;Chuva;Queda de ocupante de veículo;Com Vítimas Feridas;Pleno dia;Decrescente;Nublado;Simples;"Aclive;Reta";-22,57773682;-43,27329036
23/12/2023;19:25:00;ITAPEMA;Manobra de mudança de faixa;Colisão traseira;Com Vítimas Feridas;Plena Noite;Crescente;Nublado;Dupla;Reta;-27,11744799;-48,60940987
23/12/2023;16:05:00;ITAJAI;Manobra de mudança de faixa;Colisão lateral mesmo sentido;Com Vítimas Feridas;Pleno dia;Crescente;Céu Claro;Dupla;Reta;-26,93668609;-48,69876905
23/12/2023;19:50:00;JOAO PINHEIRO;Ausência de reação do condutor;Tombamento;Com Vítimas Feridas;Plena Noite;Decrescente;Chuva;Simples;Reta;-17,7457975;-46,17842682
23/12/2023;13:00:00;ITATIAIUCU;Velocidade Incompatível;Saída de leito carroçável;Com Vítimas Feridas;Pleno dia;Crescente;Chuva;Dupla;Curva;-20,18182886;-44,37895835
23/12/2023;21:44:00;BETIM;Velocidade Incompatível;Capotamento;Com Vítimas Feridas;Plena Noite;Crescente;Céu Claro;Dupla;Curva;-19,98141539;-44,16400909
23/12/2023;19:20:00;UBAPORANGA;Demais falhas mecânicas ou elétricas;Tombamento;Com Vítimas Feridas;Plena Noite;Crescente;Nublado;Simples;Ponte;-19,69079897;-42,11724758
23/12/2023;21:00:00;LUZIANIA;Chuva;Saída de leito carroçável;Sem Vítimas;Plena Noite;Crescente;Chuva;Dupla;Reta;-16,273718;-47,871456
23/12/2023;22:10:00;MAGE;Reação tardia ou ineficiente do condutor;Tombamento;Com Vítimas Feridas;Plena Noite;Crescente;Céu Claro;Simples;Reta;-22,65705297;-43,061742
23/12/2023;22:05:00;SERRA;Chuva;Colisão com objeto;Com Vítimas Feridas;Plena Noite;Decrescente;Chuva;Múltipla;"Reta;Declive";-20,05454495;-40,38189997
23/12/2023;22:10:00;SERRA;Pista Escorregadia;Saída de leito carroçável;Com Vítimas Feridas;Pleno dia;Decrescente;Chuva;Simples;Reta;-20,06746339;-40,37085006
23/12/2023;20:00:00;PETROPOLIS;Chuva;Colisão com objeto;Com Vítimas Feridas;Plena Noite;Decrescente;Chuva;Dupla;"Aclive;Curva";-22,34399896;-43,13243691
23/12/2023;18:46:00;GOVERNADOR NUNES FREIRE;Ausência de reação do condutor;Tombamento;Com Vítimas Fatais;Plena Noite;Crescente;Céu Claro;Simples;Reta;-2,173095;-45,875149
23/12/2023;21:10:00;LEOPOLDINA;Ultrapassagem Indevida;Colisão traseira;Sem Vítimas;Plena Noite;Crescente;Chuva;Simples;Reta;-21,52887723;-42,62360898
23/12/2023;23:50:00;CASCAVEL;Reação tardia ou ineficiente do condutor;Tombamento;Com Vítimas Feridas;Plena Noite;Crescente;Nublado;Simples;Curva;-24,98193805;-53,47478989
24/12/2023;00:30:00;ANGRA DOS REIS;Velocidade Incompatível;Colisão com objeto;Com Vítimas Feridas;Plena Noite;Crescente;Chuva;Dupla;Curva;-22,97997014;-44,44098498
23/12/2023;23:46:00;TIMBAUBA;Ultrapassagem Indevida;Colisão frontal;Com Vítimas Feridas;Plena Noite;Decrescente;Céu Claro;Simples;Aclive;-7,52257159;-35,29948406
24/12/2023;01:50:00;SAO JOSE DO RIO PRETO;Velocidade Incompatível;Saída de leito carroçável;Com Vítimas Feridas;Plena Noite;Crescente;Céu Claro;Simples;Curva;-20,82919401;-49,36046325
24/12/2023;01:00:00;CUSTODIA;Manobra de mudança de faixa;Colisão com objeto;Com Vítimas Fatais;Plena Noite;Crescente;Ignorado;Simples;Reta;-8,0843408;-37,64570494
24/12/2023;00:30:00;RIO BRILHANTE;Demais falhas mecânicas ou elétricas;Tombamento;Com Vítimas Feridas;Plena Noite;Decrescente;Céu Claro;Simples;Reta;-21,72527713;-54,50959564
24/12/2023;03:00:00;NOVA VICOSA;Velocidade Incompatível;Colisão traseira;Com Vítimas Fatais;Plena Noite;Crescente;Céu Claro;Simples;Reta;-17,84590546;-39,71127176
24/12/2023;04:07:00;MOSSORO;Velocidade Incompatível;Capotamento;Com Vítimas Feridas;Plena Noite;Crescente;Céu Claro;Simples;Rotatória;-5,06488233;-37,33287055
24/12/2023;05:00:00;PORTO ALEGRE;Manobra de mudança de faixa;Colisão lateral mesmo sentido;Sem Vítimas;Pleno dia;Decrescente;Céu Claro;Múltipla;Reta;-29,955839;-51,079105
24/12/2023;05:30:00;SERRA;Velocidade Incompatível;Saída de leito carroçável;Com Vítimas Fatais;Amanhecer;Decrescente;Nublado;Múltipla;Curva;-20,21307738;-40,32125972
24/12/2023;04:20:00;CARATINGA;Velocidade Incompatível;Colisão com objeto;Sem Vítimas;Amanhecer;Decrescente;Nublado;Dupla;Curva;-19,77654011;-42,13327989
24/12/2023;04:15:00;PARATY;Chuva;Capotamento;Com Vítimas Feridas;Amanhecer;Crescente;Chuva;Simples;Curva;-23,30840813;-44,70725998
23/12/2023;23:30:00;VERA;Acumulo de água sobre o pavimento;Saída de leito carroçável;Sem Vítimas;Plena Noite;Decrescente;Chuva;Simples;Reta;-12,32082282;-55,58270237
23/12/2023;23:30:00;PATOS DE MINAS;Acumulo de água sobre o pavimento;Saída de leito carroçável;Com Vítimas Feridas;Plena Noite;Decrescente;Chuva;Simples;Reta;-18,63130925;-46,41738594