data_inversa;horario;municipio;causa_acidente;tipo_acidente;classificacao_acidente;fase_dia;sentido_via;condicao_metereologica;tipo_pista;tracado_via;latitude;longitude
31/12/2023;05:30:00;DARIO MEIRA;Velocidade Incompatível;Colisão com objeto;Com Vítimas Fatais;Pleno dia;Crescente;Céu Claro;Simples;Reta;-14,441287;-40,000818
31/12/2023;09:40:00;CORUPA;Pista Escorregadia;Saída de leito carroçável;Com Vítimas Feridas;Pleno dia;Decrescente;Chuva;Simples;"Curva;Declive";-26,39004364;-49,30448413
31/12/2023;11:30:00;CANDEIAS;Manobra de mudança de faixa;Colisão lateral mesmo sentido;Com Vítimas Feridas;Pleno dia;Crescente;Sol;Dupla;Reta;-12,64715411;-38,47504041
31/12/2023;12:10:00;EXTREMA;Velocidade Incompatível;Saída de leito carroçável;Com Vítimas Feridas;Pleno dia;Crescente;Chuva;Dupla;Curva;-22,81238927;-46,28511256
31/12/2023;13:35:00;BARRA DO TURVO;Pista Escorregadia;Saída de leito carroçável;Com Vítimas Feridas;Pleno dia;Crescente;Garoa/Chuvisco;Dupla;Curva;-25,02045097;-48,51586004
31/12/2023;12:48:00;NOVA ANDRADINA;Reação tardia ou ineficiente do condutor;Tombamento;Com Vítimas Feridas;Pleno dia;Crescente;Céu Claro;Simples;Reta;-22,32412833;-53,44868191
31/12/2023;11:35:00;BARAO;Conversão proibida;Tombamento;Com Vítimas Feridas;Pleno dia;Crescente;Céu Claro;Simples;"Curva;Interseção de Vias;Declive";-29,37593098;-51,49908082
15/07/2023;15:30:00;CEU AZUL;Reação tardia ou ineficiente do condutor;Tombamento;Com Vítimas Feridas;Pleno dia;Decrescente;Céu Claro;Simples;Retorno Regulamentado;-25,12509832;-53,81726325
31/12/2023;15:40:00;MORRETES;Chuva;Colisão com objeto;Com Vítimas Feridas;Pleno dia;Decrescente;Chuva;Dupla;Curva;-25,547373;-48,790559
31/12/2023;14:30:00;PATOS DE MINAS;Chuva;Saída de leito carroçável;Com Vítimas Feridas;Pleno dia;Decrescente;Chuva;Simples;Reta;-18,62732902;-46,30441699
31/12/2023;15:50:00;CANDEIAS;Manobra de mudança de faixa;Queda de ocupante de veículo;Com Vítimas Feridas;Pleno dia;Decrescente;Céu Claro;Dupla;Curva;-12,72850579;-38,44885046
31/12/2023;09:30:00;AGUAS VERMELHAS;Acumulo de água sobre o pavimento;Saída de leito carroçável;Com Vítimas Feridas;Pleno dia;Crescente;Chuva;Simples;"Curva;Declive";-15,89034786;-41,52849197
31/12/2023;13:00:00;BOCAIUVA DO SUL;Velocidade Incompatível;Colisão transversal;Com Vítimas Feridas;Pleno dia;Crescente;Chuva;Simples;Curva;-25,155199;-49,110208
31/12/2023;15:30:00;CURVELO;Reação tardia ou ineficiente do condutor;Tombamento;Com Vítimas Feridas;Pleno dia;Decrescente;Céu Claro;Dupla;"Reta;Interseção de Vias";-19,15337404;-44,538155
31/12/2023;16:30:00;UBERABA;Velocidade Incompatível;Saída de leito carroçável;Com Vítimas Feridas;Pleno dia;Crescente;Nublado;Dupla;"Reta;Declive";-19,54676795;-48,03584554
31/12/2023;23:45:00;JUATUBA;Chuva;Tombamento;Com Vítimas Feridas;Plena Noite;Crescente;Chuva;Dupla;"Reta;Declive";-19,9781888;-44,25567627
31/12/2023;23:30:00;BARRA VELHA;Velocidade Incompatível;Tombamento;Com Vítimas Feridas;Plena Noite;Crescente;Garoa/Chuvisco;Dupla;Curva;-26,70876413;-48,70221065
30/12/2023;14:00:00;SAO GONCALO;Manobra de mudança de faixa;Queda de ocupante de veículo;Com Vítimas Fatais;Pleno dia;Crescente;Nublado;Dupla;Curva;-22,82262092;-43,08460805
27/10/2023;18:00:00;COLOMBO;Chuva;Colisão lateral mesmo sentido;Com Vítimas Feridas;Anoitecer;Crescente;Céu Claro;Dupla;Reta;-25,3891;-49,1966
25/12/2023;01:10:00;OURO PRETO DO OESTE;Velocidade Incompatível;Colisão traseira;Com Vítimas Feridas;Plena Noite;Crescente;Céu Claro;Simples;"Reta;Declive";-10,72104014;-62,24385208
25/11/2023;22:10:00;CANOINHAS;Velocidade Incompatível;Saída de leito carroçável;Com Vítimas Feridas;Plena Noite;Decrescente;Céu Claro;Simples;Reta;-26,18601731;-50,35213894
29/12/2023;20:25:00;SAO JOSE DE MIPIBU;Manobra de mudança de faixa;Colisão lateral mesmo sentido;Com Vítimas Feridas;Plena Noite;Crescente;Céu Claro;Dupla;Reta;-6,07054896;-35,23785797
16/12/2023;12:30:00;BETIM;Manobra de mudança de faixa;Colisão lateral mesmo sentido;Sem Vítimas;Pleno dia;Crescente;Céu Claro;Dupla;Reta;-20,01792651;-44,2261448
04/03/2023;18:30:00;NOVA OLINDA DO MARANHAO;Pista esburacada;Colisão frontal;Com Vítimas Feridas;Plena Noite;Crescente;Chuva;Simples;Reta;-2,869326;-45,687477
20/12/2023;00:34:00;SAO JOSE;Manobra de mudança de faixa;Queda de ocupante de veículo;Sem Vítimas;Plena Noite;Crescente;Ignorado;Simples;Curva;-27,588425;-48,612919
14/11/2023;02:40:00;ONDA VERDE;Velocidade Incompatível;Colisão traseira;Com Vítimas Feridas;Plena Noite;Decrescente;Céu Claro;Simples;Reta;-20,605145;-49,323185
23/11/2023;06:30:00;NOVA SERRANA;Animais na Pista;Tombamento;Com Vítimas Feridas;Pleno dia;Crescente;Céu Claro;Simples;Reta;-19,88065393;-44,92197102
19/12/2023;17:45:00;APARECIDA DE GOIANIA;Acumulo de óleo sobre o pavimento;Queda de ocupante de veículo;Com Vítimas Feridas;Anoitecer;Decrescente;Nublado;Dupla;Reta;-16,77561664;-49,23797607
06/12/2023;20:30:00;CACHOEIRA ALTA;Ausência de reação do condutor;Tombamento;Com Vítimas Feridas;Plena Noite;Crescente;Céu Claro;Simples;Reta;-18,323978;-51,135818
31/12/2023;17:19:00;ELDORADO DO SUL;Ausência de reação do condutor;Tombamento;Sem Vítimas;Pleno dia;Não Informado;Sol;Dupla;Interseção de Vias;-30,00038836;-51,3119496
14/11/2023;16:44:00;SINOP;Manobra de mudança de faixa;Queda de ocupante de veículo;Com Vítimas Feridas;Pleno dia;Decrescente;Céu Claro;Dupla;"Retorno Regulamentado;Reta";-11,86571298;-55,49651384
10/06/2023;08:30:00;PERITORO;Acumulo de areia ou detritos sobre o pavimento;Colisão com objeto;Sem Vítimas;Pleno dia;Crescente;Céu Claro;Simples;"Reta;Em Obras";-4,346691;-44,379074
19/12/2023;16:00:00;FEIRA DE SANTANA;Chuva;Queda de ocupante de veículo;Com Vítimas Feridas;Pleno dia;Crescente;Céu Claro;Dupla;Reta;-12,32818491;-38,86174193
29/12/2023;07:45:00;OROCO;Manobra de mudança de faixa;Colisão traseira;Com Vítimas Feridas;Pleno dia;Decrescente;Céu Claro;Simples;Reta;-8,58333522;-39,58547861
12/03/2023;11:00:00;BALNEARIO CAMBORIU;Demais falhas na via;Tombamento;Com Vítimas Feridas;Pleno dia;Crescente;Céu Claro;Múltipla;Declive;-27,008113;-48,617245
20/11/2023;16:20:00;VENDA NOVA DO IMIGRANTE;Velocidade Incompatível;Colisão com objeto;Com Vítimas Feridas;Pleno dia;Crescente;Chuva;Simples;"Reta;Viaduto";-20,34263;-41,111439
29/07/2023;16:40:00;SAO LUIS;Manobra de mudança de faixa;Saída de leito carroçável;Sem Vítimas;Pleno dia;Crescente;Céu Claro;Dupla;"Declive;Curva";-2,606802;-44,247512
03/02/2023;13:50:00;GUARULHOS;Manobra de mudança de faixa;Colisão transversal;Com Vítimas Feridas;Pleno dia;Crescente;Nublado;Múltipla;Reta;-23,47093408;-46,51631097
24/11/2023;20:38:00;PORTO VELHO;Falta de elemento de contenção que evite a saída do leito carroçável;Saída de leito carroçável;Com Vítimas Feridas;Plena Noite;Crescente;Garoa/Chuvisco;Simples;Reta;-8,77396262;-63,87816668
11/09/2023;10:40:00;BARRA DO GARCAS;Reação tardia ou ineficiente do condutor;Tombamento;Com Vítimas Feridas;Pleno dia;Crescente;Céu Claro;Simples;Rotatória;-15,895538;-52,25599
21/10/2023;16:00:00;LONDRINA;Velocidade Incompatível;Colisão com objeto;Com Vítimas Feridas;Pleno dia;Crescente;Céu Claro;Dupla;Reta;-23,29322372;-51,10304475
29/12/2023;00:00:00;JOAO PESSOA;Ausência de reação do condutor;Tombamento;Com Vítimas Feridas;Plena Noite;Crescente;Céu Claro;Simples;Reta;-7,1707;-34,8684
30/12/2023;09:15:00;PAULO LOPES;Manobra de mudança de faixa;Saída de leito carroçável;Com Vítimas Fatais;Pleno dia;Decrescente;Céu Claro;Dupla;Reta;-27,94186028;-48,66644267
15/10/2023;03:30:00;ITAPEMIRIM;Chuva;Colisão com objeto;Sem Vítimas;Plena Noite;Não Informado;Chuva;Simples;Reta;-20,9242096;-41,07792562
06/11/2023;21:30:00;MONTE ALEGRE DO PIAUI;Velocidade Incompatível;Saída de leito carroçável;Com Vítimas Feridas;Plena Noite;Crescente;Chuva;Simples;"Curva;Declive";-9,76706471;-45,31747017
02/11/2023;23:30:00;PARANAVAI;Iluminação deficiente;Tombamento;Com Vítimas Feridas;Plena Noite;Decrescente;Céu Claro;Simples;Reta;-23,0656934;-52,4276475
25/12/2023;15:30:00;AGUA DOCE;Manobra de mudança de faixa;Engavetamento;Com Vítimas Feridas;Pleno dia;Decrescente;Céu Claro;Simples;"Reta;Declive";-26,647688;-51,519227
27/12/2023;10:00:00;ARAPONGAS;Pista esburacada;Tombamento;Com Vítimas Feridas;Pleno dia;Crescente;Céu Claro;Dupla;Reta;-23,38727403;-51,42007113
11/11/2023;15:05:00;NOVA SERRANA;Acesso irregular;Tombamento;Com Vítimas Feridas;Pleno dia;Crescente;Céu Claro;Simples;"Declive;Interseção de Vias";-19,8806236;-44,91232265
19/11/2023;11:55:00;ANAPOLIS;Manobra de mudança de faixa;Colisão traseira;Com Vítimas Feridas;Pleno dia;Crescente;Céu Claro;Dupla;"Reta;Aclive";-16,291595;-48,934811
05/12/2023;17:35:00;JOAO MONLEVADE;Afundamento ou ondulação no pavimento;Tombamento;Com Vítimas Fatais;Pleno dia;Crescente;Nublado;Simples;Reta;-19,85985912;-43,22566968
12/06/2023;20:30:00;ARAPONGAS;Ausência de reação do condutor;Tombamento;Com Vítimas Feridas;Plena Noite;Crescente;Céu Claro;Múltipla;Reta;-23,36177485;-51,39983654
01/11/2023;12:45:00;ALAGOINHAS;Demais falhas mecânicas ou elétricas;Tombamento;Com Vítimas Fatais;Pleno dia;Crescente;Céu Claro;Simples;Reta;-12,10465212;-38,37729591
17/12/2023;03:45:00;CANOAS;Velocidade Incompatível;Saída de leito carroçável;Com Vítimas Fatais;Plena Noite;Decrescente;Céu Claro;Dupla;"Reta;Declive;Viaduto";-29,90341773;-51,17660165
10/12/2023;10:40:00;CARACARAI;Manobra de mudança de faixa;Colisão transversal;Com Vítimas Fatais;Pleno dia;Crescente;Céu Claro;Simples;Reta;1,481293;-60,905197
22/10/2023;12:48:00;SIMOES FILHO;Velocidade Incompatível;Capotamento;Com Vítimas Feridas;Pleno dia;Crescente;Céu Claro;Dupla;Curva;-12,69890302;-38,46419428
29/10/2023;13:15:00;CEU AZUL;Ultrapassagem Indevida;Colisão frontal;Com Vítimas Feridas;Pleno dia;Decrescente;Sol;Simples;"Reta;Declive";-25,07577788;-53,69271805
11/11/2023;13:45:00;BAGE;Acumulo de água sobre o pavimento;Saída de leito carroçável;Com Vítimas Feridas;Pleno dia;Decrescente;Chuva;Simples;"Curva;Aclive";-31,09428727;-53,73220672
18/12/2023;22:20:00;SERRA;Pista Escorregadia;Tombamento;Com Vítimas Feridas;Plena Noite;Crescente;Garoa/Chuvisco;Dupla;Reta;-20,218122;-40,339325
22/12/2023;13:40:00;SAO LUIS;Ultrapassagem Indevida;Colisão transversal;Com Vítimas Feridas;Pleno dia;Crescente;Céu Claro;Simples;Reta;-2,53073;-44,3068
15/03/2023;17:35:00;NITEROI;Reação tardia ou ineficiente do condutor;Tombamento;Com Vítimas Feridas;Anoitecer;Crescente;Nublado;Múltipla;"Reta;Ponte;Aclive";-22,87190481;-43,14614296
22/12/2023;17:50:00;ANAPOLIS;Demais falhas mecânicas ou elétricas;Tombamento;Com Vítimas Feridas;Pleno dia;Decrescente;Céu Claro;Dupla;Reta;-16,371;-48,9422
17/12/2023;05:50:00;TABOAO DA SERRA;Manobra de mudança de faixa;Colisão traseira;Sem Vítimas;Amanhecer;Crescente;Céu Claro;Dupla;Reta;-23,61799728;-46,79677694
22/05/2023;20:00:00;ARAUJOS;Acumulo de óleo sobre o pavimento;Tombamento;Com Vítimas Feridas;Plena Noite;Crescente;Céu Claro;Simples;Reta;-19,81413516;-45,09767404
16/10/2023;12:10:00;VITORIA DA CONQUISTA;Reação tardia ou ineficiente do condutor;Tombamento;Com Vítimas Feridas;Pleno dia;Decrescente;Ignorado;Simples;"Reta;Interseção de Vias";-14,82358;-40,81866
12/12/2023;17:00:00;MAMBORE;Ultrapassagem Indevida;Saída de leito carroçável;Sem Vítimas;Pleno dia;Crescente;Céu Claro;Simples;Reta;-24,236516;-52,520928
01/11/2023;17:40:00;CURITIBA;Manobra de mudança de faixa;Colisão lateral mesmo sentido;Com Vítimas Feridas;Pleno dia;Crescente;Nublado;Dupla;"Reta;Declive";-25,59712929;-49,31677401
21/10/2023;17:37:00;DUQUE DE CAXIAS;Pista Escorregadia;Saída de leito carroçável;Com Vítimas Feridas;Plena Noite;Crescente;Garoa/Chuvisco;Dupla;"Declive;Curva";-22,55763285;-43,26574352
29/12/2023;08:00:00;RIO DE JANEIRO;Ultrapassagem Indevida;Colisão lateral mesmo sentido;Com Vítimas Feridas;Pleno dia;Decrescente;Céu Claro;Dupla;Reta;-22,77610237;-43,39897871
24/12/2023;17:51:00;JARU;Ausência de sinalização;Colisão com objeto;Com Vítimas Feridas;Pleno dia;Decrescente;Céu Claro;Simples;Curva;-10,52249251;-62,4003499
25/06/2023;05:00:00;PATOS DE MINAS;Chuva;Queda de ocupante de veículo;Com Vítimas Feridas;Amanhecer;Decrescente;Céu Claro;Simples;Reta;-18,7983917;-46,74343004
06/10/2023;11:30:00;PORTO VELHO;Ultrapassagem Indevida;Colisão lateral mesmo sentido;Com Vítimas Feridas;Pleno dia;Decrescente;Céu Claro;Múltipla;Interseção de Vias;-8,74380897;-63,91287804
21/12/2023;06:42:00;TERESINA;Pista Escorregadia;Queda de ocupante de veículo;Com Vítimas Feridas;Amanhecer;Decrescente;Garoa/Chuvisco;Múltipla;Reta;-5,27552796;-42,72607975
21/10/2023;16:10:00;CAMPANHA;Acumulo de óleo sobre o pavimento;Saída de leito carroçável;Com Vítimas Feridas;Pleno dia;Decrescente;Céu Claro;Dupla;Reta;-21,81543894;-45,49238809
30/12/2023;20:00:00;SALVADOR;Manobra de mudança de faixa;Colisão lateral mesmo sentido;Com Vítimas Feridas;Plena Noite;Crescente;Céu Claro;Múltipla;Reta;-12,9144;-38,4609
29/12/2023;05:50:00;SAO JOSE DOS PINHAIS;Reação tardia ou ineficiente do condutor;Tombamento;Com Vítimas Feridas;Amanhecer;Decrescente;Céu Claro;Dupla;Reta;-25,506765;-49,138858
31/12/2023;17:20:00;BRUMADINHO;Velocidade Incompatível;Saída de leito carroçável;Com Vítimas Feridas;Pleno dia;Crescente;Chuva;Dupla;"Curva;Declive";-20,15239249;-44,32592755
26/09/2023;15:52:00;PONTAL DO ARAGUAIA;Frear bruscamente;Tombamento;Com Vítimas Feridas;Pleno dia;Decrescente;Céu Claro;Simples;"Interseção de Vias;Reta";-15,89542468;-52,25625515
20/11/2023;09:28:00;MARINGA;Reação tardia ou ineficiente do condutor;Tombamento;Com Vítimas Feridas;Pleno dia;Decrescente;Céu Claro;Múltipla;Reta;-23,4212237;-51,9070282
30/12/2023;06:00:00;CAJATI;Reação tardia ou ineficiente do condutor;Tombamento;Com Vítimas Feridas;Pleno dia;Decrescente;Céu Claro;Dupla;Curva;-24,82178987;-48,21419034
18/04/2023;18:00:00;SAO JOAO DO CARIRI;Pista esburacada;Tombamento;Com Vítimas Feridas;Anoitecer;Decrescente;Céu Claro;Simples;Reta;-7,342181;-36,454914
11/12/2023;05:30:00;GUARULHOS;Afundamento ou ondulação no pavimento;Queda de ocupante de veículo;Com Vítimas Feridas;Amanhecer;Crescente;Céu Claro;Dupla;Reta;-23,48071896;-46,53271603
05/06/2023;10:55:00;JOAO PINHEIRO;Ultrapassagem Indevida;Saída de leito carroçável;Com Vítimas Fatais;Pleno dia;Crescente;Sol;Simples;Reta;-17,996894;-45,910929
18/12/2023;17:15:00;XANXERE;Acumulo de água sobre o pavimento;Colisão traseira;Com Vítimas Feridas;Pleno dia;Decrescente;Chuva;Simples;Reta;-26,922623;-52,496132
27/12/2023;11:30:00;SAO PAULO;Velocidade Incompatível;Colisão lateral mesmo sentido;Com Vítimas Feridas;Pleno dia;Crescente;Nublado;Dupla;Reta;-23,51637561;-46,58000251
26/12/2023;06:50:00;PALMITOS;Pista esburacada;Queda de ocupante de veículo;Com Vítimas Feridas;Pleno dia;Decrescente;Céu Claro;Simples;Curva;-27,06371182;-53,22120667
28/05/2023;01:30:00;ARACAJU;Velocidade Incompatível;Saída de leito carroçável;Sem Vítimas;Plena Noite;Decrescente;Chuva;Dupla;"Interseção de Vias;Reta";-10,9087;-37,0855
18/09/2023;05:30:00;PORTO VELHO;Afundamento ou ondulação no pavimento;Saída de leito carroçável;Com Vítimas Feridas;Amanhecer;Decrescente;Céu Claro;Simples;Reta;-9,672885;-65,059506
07/07/2023;18:20:00;CEARA-MIRIM;Ultrapassagem Indevida;Engavetamento;Com Vítimas Feridas;Plena Noite;Decrescente;Céu Claro;Simples;Aclive;-5,70664001;-35,37775755
10/10/2023;11:55:00;MARINGA;Reação tardia ou ineficiente do condutor;Tombamento;Com Vítimas Feridas;Pleno dia;Crescente;Céu Claro;Dupla;Reta;-23,40166212;-51,97975159
25/12/2023;15:50:00;PORTO VELHO;Acumulo de água sobre o pavimento;Saída de leito carroçável;Com Vítimas Feridas;Pleno dia;Decrescente;Garoa/Chuvisco;Dupla;"Retorno Regulamentado;Curva";-8,80042882;-63,760185
11/05/2023;15:15:00;PORTO REAL;Ausência de reação do condutor;Tombamento;Com Vítimas Fatais;Pleno dia;Crescente;Nublado;Dupla;Reta;-22,45153554;-44,34627905
20/12/2023;10:15:00;BOA VISTA DAS MISSOES;Velocidade Incompatível;Saída de leito carroçável;Com Vítimas Feridas;Pleno dia;Decrescente;Nublado;Simples;"Declive;Curva";-27,635683;-53,334179
08/01/2023;09:40:00;TERESINA;Manobra de mudança de faixa;Colisão frontal;Sem Vítimas;Pleno dia;Crescente;Céu Claro;Simples;Curva;-5,08284;-42,750385
11/11/2023;19:45:00;BALSAS;Manobra de mudança de faixa;Colisão frontal;Com Vítimas Feridas;Plena Noite;Crescente;Céu Claro;Simples;Reta;-7,37797;-45,9768
30/12/2023;22:00:00;COLOMBO;Pista Escorregadia;Tombamento;Com Vítimas Feridas;Plena Noite;Crescente;Ignorado;Simples;Curva;-25,31400279;-49,15738106
11/06/2023;23:42:00;PORTO VELHO;Animais na Pista;Tombamento;Com Vítimas Feridas;Plena Noite;Decrescente;Nublado;Simples;Declive;-8,739714;-63,93214024
16/07/2023;23:30:00;BARRA DO CORDA;Manobra de mudança de faixa;Colisão transversal;Com Vítimas Fatais;Plena Noite;Decrescente;Céu Claro;Simples;Reta;-5,49733929;-45,26542899
05/12/2023;17:00:00;SAO MATEUS;Ausência de reação do condutor;Tombamento;Com Vítimas Feridas;Pleno dia;Decrescente;Nublado;Simples;Reta;-18,85087778;-39,9287233
12/11/2023;19:29:00;CAMPO LARGO;Pista esburacada;Tombamento;Com Vítimas Feridas;Plena Noite;Crescente;Nublado;Dupla;"Declive;Reta";-25,43873094;-49,55170389
25/08/2023;07:00:00;PARANAGUA;Ausência de reação do condutor;Tombamento;Com Vítimas Feridas;Pleno dia;Crescente;Chuva;Dupla;Reta;-25,568198;-48,615292
18/10/2023;17:58:00;MARINGA;Manobra de mudança de faixa;Queda de ocupante de veículo;Com Vítimas Feridas;Pleno dia;Decrescente;Ignorado;Dupla;Reta;-23,40324167;-51,99632075
29/09/2023;14:10:00;IGARAPE-ACU;Ultrapassagem Indevida;Colisão lateral sentido oposto;Com Vítimas Feridas;Pleno dia;Decrescente;Céu Claro;Simples;Reta;-1,33342734;-47,61283806
03/09/2023;18:00:00;IBATIBA;Velocidade Incompatível;Queda de ocupante de veículo;Com Vítimas Fatais;Anoitecer;Decrescente;Nublado;Simples;Curva;-20,29136249;-41,66186213
09/11/2023;09:00:00;IRATI;Ultrapassagem Indevida;Colisão transversal;Com Vítimas Feridas;Pleno dia;Crescente;Céu Claro;Simples;"Interseção de Vias;Reta";-25,46680657;-50,63030909
24/12/2023;18:50:00;DOURADOS;Afundamento ou ondulação no pavimento;Tombamento;Com Vítimas Feridas;Anoitecer;Crescente;Nublado;Simples;Reta;-22,31490301;-54,8198581
23/12/2023;20:20:00;SAO FRANCISCO DO SUL;Acumulo de óleo sobre o pavimento;Queda de ocupante de veículo;Com Vítimas Feridas;Plena Noite;Crescente;Nublado;Simples;Rotatória;-26,25329566;-48,61916042
30/01/2023;13:30:00;CAETANOPOLIS;Velocidade Incompatível;Saída de leito carroçável;Com Vítimas Fatais;Pleno dia;Decrescente;Nublado;Dupla;"Declive;Reta";-19,371466;-44,336132
11/07/2023;18:15:00;CAMPOS DOS GOYTACAZES;Animais na Pista;Tombamento;Com Vítimas Feridas;Plena Noite;Crescente;Ignorado;Simples;Reta;-21,687761;-41,310554
07/08/2023;22:30:00;UBERABA;Animais na Pista;Tombamento;Com Vítimas Feridas;Plena Noite;Crescente;Ignorado;Dupla;Viaduto;-19,77848216;-47,92194709
22/10/2023;06:00:00;JUIZ DE FORA;Velocidade Incompatível;Colisão com objeto;Com Vítimas Feridas;Pleno dia;Crescente;Garoa/Chuvisco;Simples;Curva;-21,58240015;-43,46596328
17/12/2023;13:30:00;IGARAPE;Velocidade Incompatível;Queda de ocupante de veículo;Com Vítimas Feridas;Pleno dia;Decrescente;Céu Claro;Dupla;Reta;-20,08154423;-44,30756092
11/12/2023;07:00:00;BETIM;Manobra de mudança de faixa;Colisão traseira;Com Vítimas Feridas;Pleno dia;Decrescente;Nublado;Dupla;Reta;-19,9598656;-44,15489715
23/12/2023;21:30:00;PORTO VELHO;Ausência de reação do condutor;Tombamento;Com Vítimas Feridas;Plena Noite;Crescente;Céu Claro;Simples;Curva;-9,19583119;-64,31570404
10/12/2023;19:00:00;IPUIUNA;Chuva;Colisão frontal;Com Vítimas Feridas;Plena Noite;Decrescente;Chuva;Simples;Reta;-22,094145;-46,196838
09/12/2023;13:20:00;LEOPOLDINA;Velocidade Incompatível;Colisão frontal;Com Vítimas Fatais;Pleno dia;Crescente;Chuva;Simples;Curva;-21,55054675;-42,67361103
15/12/2023;10:40:00;REDUTO;Carga excessiva e/ou mal acondicionada;Tombamento;Com Vítimas Feridas;Pleno dia;Crescente;Ignorado;Simples;"Declive;Reta";-20,247223;-41,982025
04/12/2023;19:00:00;LAPA;Pista esburacada;Tombamento;Com Vítimas Feridas;Plena Noite;Decrescente;Céu Claro;Simples;Reta;-25,72184489;-49,69800711
05/11/2023;21:00:00;ROSARIO;Manobra de mudança de faixa;Colisão frontal;Com Vítimas Fatais;Plena Noite;Crescente;Ignorado;Simples;Reta;-2,931464;-44,188219
24/09/2023;19:12:00;BRASILIA;Manobra de mudança de faixa;Colisão lateral mesmo sentido;Sem Vítimas;Plena Noite;Decrescente;Céu Claro;Dupla;Reta;-16,020903;-47,980541
29/07/2023;19:00:00;ALEXANIA;Curva acentuada;Saída de leito carroçável;Com Vítimas Feridas;Plena Noite;Crescente;Céu Claro;Dupla;"Declive;Curva";-16,1147;-48,5387
12/09/2023;18:20:00;FORMOSA;Ultrapassagem Indevida;Colisão frontal;Com Vítimas Fatais;Plena Noite;Decrescente;Céu Claro;Simples;Reta;-15,103909;-47,116936
08/01/2023;21:47:00;AURELINO LEAL;Pista esburacada;Colisão lateral sentido oposto;Com Vítimas Feridas;Plena Noite;Crescente;Ignorado;Simples;Reta;-14,36479808;-39,41622823
09/11/2023;07:15:00;CURITIBA;Ultrapassagem Indevida;Queda de ocupante de veículo;Com Vítimas Feridas;Pleno dia;Crescente;Céu Claro;Dupla;Reta;-25,47883011;-49,20484543
16/12/2023;06:45:00;TRES RIOS;Velocidade Incompatível;Capotamento;Com Vítimas Feridas;Amanhecer;Decrescente;Céu Claro;Dupla;Curva;-22,04563712;-43,21513599
25/09/2023;17:35:00;BRASILIA;Manobra de mudança de faixa;Colisão lateral mesmo sentido;Com Vítimas Feridas;Anoitecer;Crescente;Céu Claro;Dupla;Reta;-15,603092;-47,684139
03/02/2023;19:35:00;SAO FRANCISCO DO GLORIA;Afundamento ou ondulação no pavimento;Tombamento;Com Vítimas Feridas;Plena Noite;Decrescente;Nublado;Simples;"Curva;Em Obras";-20,82576354;-42,32242584
01/07/2023;14:30:00;RIO REAL;Ausência de sinalização;Saída de leito carroçável;Com Vítimas Feridas;Pleno dia;Decrescente;Nublado;Simples;"Ponte;Curva";-11,70657288;-37,91374808
23/11/2023;16:35:00;CARIACICA;Manobra de mudança de faixa;Colisão lateral mesmo sentido;Com Vítimas Feridas;Pleno dia;Decrescente;Céu Claro;Dupla;"Declive;Reta";-20,23438373;-40,3693577
22/10/2023;13:10:00;POUSO ALEGRE;Velocidade Incompatível;Colisão com objeto;Com Vítimas Feridas;Pleno dia;Crescente;Ignorado;Dupla;Reta;-22,29097892;-45,89799327
06/10/2023;08:30:00;NOVA ESPERANCA;Ausência de reação do condutor;Tombamento;Com Vítimas Feridas;Pleno dia;Crescente;Ignorado;Dupla;Reta;-23,27306305;-52,15760929
06/12/2023;17:15:00;RIO DE JANEIRO;Afundamento ou ondulação no pavimento;Colisão com objeto;Com Vítimas Fatais;Pleno dia;Não Informado;Céu Claro;Dupla;"Curva;Em Obras";-22,862;-43,2369
22/12/2023;22:30:00;ORTIGUEIRA;Ultrapassagem Indevida;Colisão frontal;Com Vítimas Fatais;Plena Noite;Decrescente;Céu Claro;Simples;Reta;-24,41657128;-50,78151322
23/12/2023;19:07:00;MARINGA;Manobra de mudança de faixa;Colisão lateral mesmo sentido;Com Vítimas Feridas;Anoitecer;Crescente;Céu Claro;Dupla;Reta;-23,41595855;-51,92226484
09/09/2023;05:50:00;TRES RIOS;Velocidade Incompatível;Capotamento;Com Vítimas Feridas;Amanhecer;Crescente;Sol;Simples;"Curva;Aclive";-22,09543416;-43,07388652
26/10/2023;22:00:00;BARROLANDIA;Demais Fenômenos da natureza;Colisão com objeto;Com Vítimas Feridas;Plena Noite;Crescente;Chuva;Simples;Aclive;-9,92448204;-48,73320665
19/02/2023;10:58:00;PRESIDENTE MEDICI;Pista esburacada;Capotamento;Com Vítimas Feridas;Pleno dia;Crescente;Nublado;Simples;"Reta;Declive";-11,20008199;-61,973129
07/06/2023;21:50:00;FRUTAL;Ultrapassagem Indevida;Colisão lateral mesmo sentido;Com Vítimas Feridas;Plena Noite;Crescente;Céu Claro;Simples;Reta;-20,03237481;-48,87622118
22/08/2023;15:00:00;UBERLANDIA;Acumulo de areia ou detritos sobre o pavimento;Tombamento;Com Vítimas Feridas;Pleno dia;Decrescente;Ignorado;Dupla;Viaduto;-18,91385522;-48,17243636
14/08/2023;13:30:00;DUQUE DE CAXIAS;Chuva;Queda de ocupante de veículo;Com Vítimas Feridas;Pleno dia;Decrescente;Chuva;Múltipla;Reta;-22,6723488;-43,28215398